method;run;1%;2%;3%;4%;5%;6%;6%;8%;9%;10%;11%;12%;13%;14%;15%;16%;17%;18%;19%;20%;21%;22%;23%;24%;25%;26%;27%;28%;29%;30%;31%;32%;33%;34%;35%;36%;37%;38%;39%;40%;41%;42%;43%;44%;45%;46%;47%;48%;49%;50%;51%;52%;53%;54%;55%;56%;57%;58%;59%;60%;61%;62%;63%;64%;65%;66%;67%;68%;69%;70%;71%;72%;73%;74%;75%;76%;77%;78%;79%;80%;81%;82%;83%;84%;85%;86%;87%;88%;89%;90%;91%;92%;93%;94%;95%;96%;97%;98%;99%;100%
ALNS_b_reg;1;4561484.623399145;3889847.993017798;3651813.5720625077;3559572.2459303616;3559572.2459303616;3559572.2459303616;3559572.2459303616;3559572.2459303616;3559242.0173678664;3559242.0173678664;3559242.0173678664;3559242.0173678664;3559242.0173678664;3559242.0173678664;3559222.842662193;3559222.842662193;3559222.842662193;3559221.030865325;3559221.030865325;3557825.5909877517;3536406.6255725767;3536406.6255725767;3536406.6255725767;3353453.858172472;3353453.858172472;3353453.858172472;3353453.858172472;3353453.858172472;3353453.858172472;3353453.858172472;3331043.648361043;3330838.964281565;3330837.7745480617;3330837.7745480617;3330837.7745480617;3330410.535167407;3328915.197335115;3328911.9549857955;3326945.184563502;3326945.184563502;3326945.184563502;3326945.184563502;3322618.779100781;3318473.0563017395;3318005.7718826644;3318004.2431748533;3310468.8047057004;3310467.4642094397;3309120.3285864233;3309120.3285864233;3309120.3285864233;3309120.3285864233;3309120.3285864233;3309120.3285864233;3309120.3285864233;3308518.0134722455;3308457.6649974785;3308457.6649974785;3308399.885354294;3307934.6198523073;3307934.2413077434;3307934.2413077434;3307934.2413077434;3307666.784844819;3307666.784844819;3307666.784844819;3307350.253154803;3306923.7894599503;3303512.079901128;3303503.999023048;3303503.999023048;3303503.999023048;3302964.2219510325;3302964.2219510325;3302784.0823856946;3299676.9667693907;3299676.9667693907;3051586.4551087823;3051586.4551087823;3051586.4551087823;3051586.4551087823;3051586.4551087823;3051586.4551087823;3051586.4551087823;3051586.4551087823;3051586.4551087823;3051586.4551087823;3051586.4551087823;3051586.4551087823;3051586.4551087823;3051586.4551087823;3051586.4551087823;3051586.4551087823;3051586.4551087823;3051583.2266056836;3051583.2266056836;3051583.226547525;3051583.226547525;3051583.226547525;3051061.937445545
ALNS_b_reg;2;3474079.9000731637;3473783.307633564;3473783.307633564;3458541.1236903104;3458541.1236903104;3458539.338948082;3458537.5899006985;3458537.5899006985;3458537.5899006985;3458537.5899006985;3458537.5899006985;3458537.5899006985;3458496.9938536454;3457738.5161878318;3457738.5161878318;3445135.3749616467;3432972.6940567186;3432785.247577391;3432785.247577391;3432785.247577391;3432183.676546972;3432183.676546972;3432183.676546972;3432183.676546972;3432183.676546972;3432183.676546972;3432112.6382211996;3432112.6382211996;3432112.6382211996;3432112.6382211996;3431535.8418801497;3431098.130294358;3430771.703648812;3430771.703648812;3430771.703648812;3430771.703648812;3430771.703648812;3428066.9450230394;3428066.9450230394;3428064.6646471107;3428064.6646471107;3428064.6646471107;3428064.6646471107;3428064.6646471107;3428064.6646471107;3428064.6646471107;3428064.6646471107;3428064.6646471107;3428064.6646471107;3428064.6646471107;3428064.6646471107;3403013.4626860446;3403013.4626860446;3403013.4626860446;3400189.6135263955;3397788.9357269458;3397788.9357269458;3397788.9357269458;3396718.6708498006;3396718.3681149934;3396718.3681149934;3396718.3681149934;3396718.3681149934;3396718.3681149934;3396718.3681149934;3396564.5976102888;3396446.523829891;3396446.523829891;3396446.523829891;3396232.5923556485;3396232.5923556485;3396232.5923556485;3396232.5923556485;3396232.5923556485;3396232.5923556485;3396232.5923556485;3396232.5923556485;3396232.5923556485;3396232.5923556485;3396232.5923556485;3396232.5923556485;3396232.5923556485;3396232.5923556485;3371170.722638372;3371170.722638372;3371170.722638372;3371170.722638372;3370122.2332553375;3370122.2332553375;3370122.2332553375;3370109.042691268;3370109.042691268;3367773.8777027177;3367773.8777027177;3367372.7271980643;3366963.389948418;3366936.9424266256;3366936.9424266256;3366936.9424266256;3339305.448260121
ALNS_b_reg;3;5340115.416469712;5333446.538247146;5318108.118335245;5029436.847828648;5003735.138737227;5003731.440270915;5003731.440270915;5003396.010554649;5000964.145111724;4870298.491491998;4870298.491491998;4870294.578419182;4853317.601864345;4317595.7777153915;4296090.206239883;4143518.14348314;4143323.6182010504;4143318.9213132695;4143292.6187416962;4143292.6187416962;4143292.6187416962;4133627.8371716836;4113877.6870724726;4112804.4581910763;4112693.877848533;4112693.877848533;4112693.877848533;4112693.877848533;4112693.877848533;4112262.881471509;4112146.843985387;4112146.5971692144;4112146.217452025;4107843.889477479;4107843.889477479;4107843.889477479;4107843.889477479;4107843.889477479;4107843.889477479;4107843.889477479;3921394.4952752204;3900710.625740563;3897739.147506842;3895589.567711645;3872255.2370133605;3872255.2370133605;3872255.2370133605;3872255.2370133605;3872255.2370133605;3872255.2370133605;3872250.690073545;3872250.690073545;3871709.662974077;3871440.1790542966;3871325.9741471736;3867109.349753572;3867109.349753572;3867109.349753572;3867109.349753572;3865759.554553816;3865551.6812341823;3864616.251295829;3864616.251295829;3864597.9364715843;3864597.9364715843;3864597.9364715843;3863780.62058234;3863780.62058234;3863780.62058234;3863780.62058234;3863780.62058234;3863780.62058234;3863780.62058234;3863780.62058234;3861846.078396192;3861846.078396192;3861744.233730483;3858485.2044277973;3858485.2044277973;3858485.2044277973;3858485.2044277973;3858485.2044277973;3858485.2044277973;3858485.2044277973;3857907.099779164;3857907.099779164;3855652.497223319;3855652.497223319;3855652.497223319;3855652.497223319;3855652.497223319;3855652.497223319;3855642.0452636858;3855642.0452636858;3855642.0452636858;3855642.0452636858;3855642.0452636858;3855642.0452636858;3855632.9710282274;3855632.9710282274
ALNS_b_reg;4;4122476.627696737;3927550.914854052;3568015.342495025;3567598.408004909;3544331.210593223;3544331.210593223;3544331.210593223;3544331.210593223;3544331.210593223;3517086.6775324815;3517086.6775324815;3517086.6775324815;3517086.6775324815;3517086.6775324815;3517086.6775324815;3517086.6775324815;3517086.6775324815;3516817.1882924186;3516811.631813242;3516811.631813242;3516811.631813242;3515977.0521648666;3515977.0521648666;3514433.1771493386;3513883.303856137;3487573.8434302593;3487573.8434302593;3487573.8434302593;3487573.8434302593;3487573.8434302593;3487573.8434302593;3487254.7829983644;3487254.7829983644;3487254.7829983644;3465479.9782831273;3465479.9782831273;3465479.9782831273;3465479.9782831273;3465112.022670642;3465112.022670642;3465112.022670642;3463654.6231023786;3320829.465413208;3320829.465413208;3320508.720927168;3320508.720927168;3317249.469849022;3313643.4899327764;3313566.992384854;3280426.284024725;3280426.284024725;3279464.288694526;3279464.288694526;3279464.288694526;3279464.288694526;3278695.023083033;3278695.023083033;3278695.023083033;3273293.6321409014;3273293.6321409014;3168157.352741254;3168157.352741254;3168157.352741254;3168157.352741254;3168157.352741254;3166631.308337432;3166631.308337432;3166295.6514174747;3166095.3400297584;3166095.3400297584;3164096.8467795183;3162138.323394283;3162137.848644445;3161256.3910527383;3161256.3910527383;3161256.3910527383;3160134.2737031803;3160134.2737031803;3160134.2737031803;3160134.2737031803;3160134.2737031803;3160134.2737031803;3160134.2737031803;3160134.2737031803;3159875.443775039;3159875.443775039;3159834.837056237;3159663.8613981213;3153302.8965127273;3152465.9860869767;3152465.9860869767;3152465.9860869767;3152465.9860869767;3152465.9860869767;3152465.9860869767;3152465.9860869767;3152465.9860869767;3152465.9860869767;3152465.9860869767;3152465.9860869767
ALNS_b_reg;5;4587107.065436229;4586825.683048125;4586825.683048125;4586825.683048125;4582893.63956723;4440930.421895875;4175294.8988673;3786410.5320344395;3786410.5320344395;3785523.5002473798;3592107.809817531;3592107.809817531;3592107.809817531;3592107.809817531;3592107.809817531;3591928.049927214;3538767.5097386134;3476029.3105885955;3476029.3105885955;3476025.955682794;3476025.955682794;3476010.178939549;3475563.35327555;3475562.9388781274;3475562.7067177026;3475561.8444075543;3475434.2489860426;3474617.633047095;3474617.633047095;3474617.633047095;3473952.5154048153;3317901.6309631024;3160831.0506403693;3160034.8743684003;3159566.580271237;3159566.580271237;3159566.580271237;3159566.580271237;3159566.580271237;3130240.7714978615;3130229.7612172873;3127250.1489691986;3125565.3158063004;3125565.3158063004;3125565.3158063004;3125565.3158063004;3125562.3290095287;3125562.3290095287;3125556.547905575;3125556.547905575;3125556.547905575;3125556.547905575;3031847.406360926;3031847.406360926;3031847.406360926;3031847.406360926;3031847.406360926;3031847.406360926;3031847.406360926;3031847.406360926;3031847.406360926;3031836.2438441184;3031836.2438441184;3031836.2438441184;3031026.3517509596;3030538.7873192304;3030235.0586568415;3030234.916267119;3027082.489891499;3026873.379391076;3026873.379391076;3026873.379391076;3026808.8075471167;3026808.8075471167;3026808.8075471167;3026808.8075471167;3026808.8075471167;3026808.8075471167;3026808.8075471167;3026808.8075471167;3020636.76637538;3020636.76637538;3020636.76637538;3020636.76637538;3020636.76637538;3020631.3583619376;3020631.1306561083;3020631.1306561083;3020631.1306561083;3019309.7723475015;3019304.0653574266;3019304.0653574266;3019304.0653574266;3019304.0653574266;3019304.0653574266;3019304.0653574266;3017440.528590759;3017153.9993261714;3017153.9993261714;3013454.058233028
ALNS_b_reg;6;4426998.025868327;4426998.025868327;4426727.977749791;4426727.977749791;4426727.977749791;4426727.977749791;4426727.977749791;4397105.754889017;4397105.754889017;4394638.878665799;4393713.800082092;4393713.800082092;4393713.800082092;3654975.832784008;3195612.627846813;3194943.6559841037;3194943.6559841037;3194943.6559841037;3194929.6780796973;3194912.9045944093;3194912.9045944093;3194089.9069257258;3194089.9069257258;3194089.9069257258;3194089.9069257258;3190569.06099346;3019808.0332786315;3019808.0332786315;3019808.0332786315;3019808.0332786315;3019808.0332786315;3019808.0332786315;3019797.320884791;3019598.370438574;3019507.6444838033;3019507.6444838033;2991691.564467836;2991691.564467836;2990272.7964534387;2990272.7964534387;2990272.7964534387;2960853.71232745;2960548.279926602;2960189.9916609647;2959793.5876223873;2942759.6749164374;2942457.464708887;2942457.464708887;2942183.1295916764;2940593.4271965194;2940412.139816834;2935831.469119759;2935550.571659738;2935550.4493419877;2933759.905274521;2933759.905274521;2931271.8997749384;2904430.0395873506;2904430.0395873506;2903617.587139158;2903617.587139158;2903312.881237235;2903312.8059590515;2903305.428697069;2903250.478713518;2903250.478713518;2903250.478713518;2902771.1322168005;2901430.961654376;2901430.961654376;2900987.795628074;2900987.795628074;2900987.795628074;2900431.2890506564;2900431.2890506564;2899199.0478321835;2899199.0375482687;2899199.0375482687;2899199.0375482687;2899199.0375482687;2899199.0375482687;2899046.069964048;2899046.069964048;2899046.069964048;2899046.069964048;2899046.069964048;2899046.069964048;2899046.069964048;2899046.069964048;2899021.898840043;2899021.898840043;2899021.898840043;2893318.8065325916;2893318.8065325916;2893318.8065325916;2893318.8065325916;2893318.8065325916;2890125.8419477367;2889816.1294096396;2889816.1294096396
ALNS_b_reg;7;5626327.04923061;5626327.04923061;5199850.566889411;5199841.928702072;5199841.928702072;5199841.928702072;4971683.667767998;4674616.157497847;4656279.985444562;4655755.350447452;4654975.412363624;4625247.617564491;4625247.617564491;4625247.617564491;4625247.617564491;4625247.617564491;3881040.6955308937;3880894.303440837;3880614.9289852334;3880466.3295533312;3877832.5190171124;3877832.5190171124;3877832.5190171124;3742348.0688768686;3742348.0688768686;3742348.0688768686;3738108.8619527705;3470748.348283044;3470738.8258031765;3313606.1179884546;3251556.01686855;3251556.01686855;3251556.01686855;3251556.01686855;3251284.1513271662;3228786.882304528;3228786.882304528;3194419.8604808403;3190130.0129500437;3190130.0129500437;3035578.066276245;3035578.066276245;3035578.066276245;3035578.066276245;3035578.066276245;3035578.066276245;3035578.066276245;3035578.066276245;3035578.066276245;3035284.158999276;3010852.2489153836;3010852.2489153836;3010847.1870642314;3010734.4481127993;3002086.3963790345;2987253.40477259;2987253.40477259;2986881.16465604;2986881.16465604;2986881.16465604;2986881.16465604;2986881.16465604;2962621.392507003;2962621.392507003;2962621.392507003;2961614.7351892395;2961614.7351892395;2961555.4639738495;2961553.620815259;2960563.339498033;2959379.9525722926;2959379.9525722926;2959379.9525722926;2959379.9525722926;2959379.9525722926;2959379.9525722926;2958614.011524624;2958280.9936778117;2956213.057557923;2956212.2905719513;2956212.2905719513;2956212.2905719513;2956089.8743543806;2956089.8743543806;2956089.8743543806;2955783.9688264197;2955783.9688264197;2955516.791083338;2945558.19075176;2945558.19075176;2945558.19075176;2945558.19075176;2945159.0256377133;2945159.0256377133;2945159.0256377133;2945159.0256377133;2945159.0256377133;2945159.0256377133;2943511.7275413997;2943510.229783273
ALNS_b_reg;8;6728823.455289472;6728823.455289472;6728823.455289472;6728282.172667413;6727527.548319468;6722945.9004926635;6654833.395652673;6555874.495299266;6549938.1166087175;6253856.457622708;6121139.411625056;6121139.411625056;6121139.411625056;6121131.271100106;6121131.271100106;6118938.166568057;6040663.771826972;6040574.941587415;6039784.352455354;6035295.024116367;5377755.077775514;5103436.519918705;5103436.519918705;5076151.074839751;5016223.446263524;4991064.517385885;4991064.517385885;4991060.190278591;4990716.32132163;4990716.32132163;4990716.32132163;4990004.988006155;4959215.007839028;4959215.007839028;4959215.007839028;4959215.007839028;4956782.443724131;4953738.462949986;4953738.462949986;4953738.462949986;4953738.462949986;4953738.462949986;4952116.2736687865;4661788.6905206265;4661788.6905206265;4641927.9407530455;4641927.9407530455;4641927.9407530455;4641927.9407530455;4641927.9407530455;4439981.552744755;4439981.552744755;4439917.121754579;4439389.307300509;4438506.099765883;4438506.099765883;4438506.099765883;4438106.82319913;4406256.859416501;4405854.2962221205;4405854.2962221205;4405854.2962221205;4405854.2962221205;4405839.394436275;4405839.394436275;3668791.070764452;3482196.55844248;3482196.55844248;3290043.9099293407;3006618.753372491;3006618.753372491;3006618.753372491;3006618.753372491;3006614.6109739416;3006614.6109739416;3006614.6109739416;3005704.363026594;3005289.397050597;3005287.065801149;3005287.065801149;3005287.065801149;3005287.065801149;3005287.065801149;3005024.2448844407;3005022.5663952357;3005022.5663952357;3005022.5663952357;3004925.561419412;3004854.084068805;3004854.084068805;3004300.627114591;3004300.627114591;3003621.9174357112;3001910.8443450816;3001910.8443450816;3001771.6851844694;3001748.7648521336;3001748.7648521336;3001748.7648521336;3001748.7648521336
ALNS_b_reg;9;3513807.191313624;3513807.191313624;3309651.9801277365;3309651.9801277365;3258281.9376815706;3026690.48013286;3025736.5706400326;3025210.909517087;3024935.107428012;3024935.107428012;3024920.8957203007;3024920.8957203007;3024920.8957203007;3024920.8957203007;3024919.226628344;3024474.0644717263;3024473.0896128817;3024473.0896128817;3023648.5531632104;3023642.183370418;3023642.183370418;3022763.9583001886;3020960.3632475547;3020954.368506768;3020954.368506768;3020954.368506768;3020954.368506768;3020954.368506768;3020954.368506768;3020954.368506768;3000436.1259363904;3000436.1259363904;3000436.1259363904;3000436.1259363904;3000436.1259363904;3000436.1259363904;3000436.1259363904;3000436.1259363904;3000436.1259363904;3000436.1259363904;3000436.1259363904;3000436.1259363904;3000436.1259363904;3000436.1259363904;3000436.1259363904;2998023.515413832;2998023.515413832;2997590.3421711517;2997590.3421711517;2997590.3421711517;2997590.3421711517;2997590.3421711517;2997590.3421711517;2997590.3421711517;2997590.3421711517;2997590.3421711517;2997590.3421711517;2996992.819092787;2996969.143241346;2996969.143241346;2996969.143241346;2996969.143241346;2996969.143241346;2996969.143241346;2996969.143241346;2996969.143241346;2996969.143241346;2996699.9456447274;2996656.00103613;2996656.00103613;2996656.00103613;2996656.00103613;2996654.712560647;2996653.638831078;2996653.638831078;2996653.638831078;2996653.638831078;2996653.638831078;2996653.638831078;2996653.638831078;2996653.638831078;2996415.375503686;2996415.375503686;2996415.375503686;2996415.375503686;2996415.375503686;2996415.375503686;2996415.375503686;2996415.375503686;2995880.6482752566;2995880.6482752566;2995880.6482752566;2992978.7334238747;2992978.7334238747;2992978.7334238747;2992978.7334238747;2992978.7334238747;2992978.7334238747;2992969.889794411;2992969.889794411
ALNS_b_reg;10;4224748.057297263;4200299.062314498;4197651.111757561;4197651.111757561;4197473.404323983;4197473.404323983;4197032.109615912;3562054.0674812878;3562054.0674812878;3464986.6598065747;3464773.2419578005;3464344.9691453245;3464344.9691453245;3464344.9691453245;3464344.9691453245;3464344.9691453245;3464164.7162620123;3464164.7162620123;3464164.7162620123;3464164.7162620123;3464153.7042189925;3464139.132965792;3464139.132965792;3464139.132965792;3463890.3631542623;3463728.6627767677;3463728.6627767677;3462941.8266066434;3459401.0638410836;3458556.5129684396;3458556.5129684396;3457861.922776085;3457852.362126336;3456969.938999142;3456403.194816918;3456398.9190708837;3455450.570979333;3455355.736170178;3452161.7062330185;3448198.1242269063;3447916.4013250154;3428175.406558571;3428175.406558571;3426591.5365109653;3426591.5365109653;3426591.5365109653;3425809.0065599177;3425788.588256364;3423453.7943974487;3421982.7126365365;3421982.7126365365;3421982.7126365365;3421976.5875282846;3418022.8931573685;3418022.8931573685;3418022.8931573685;3417468.588260925;3415151.7858475475;3415052.029607957;3415050.2134439857;3414798.5585694127;3414565.2858341113;3414565.2858341113;3414565.2858341113;3414565.2858341113;3386997.361588359;3386997.361588359;3386997.361588359;3386997.361588359;3386997.361588359;3386997.361588359;3386997.361588359;3386997.361588359;3386980.541188451;3386980.541188451;3386980.541188451;3386980.541188451;3386980.541188451;3362221.64580361;3361163.942975529;3361163.942975529;3361152.805971033;3360750.853373223;3360741.4509319393;3360740.7355287983;3360740.7355287983;3360740.7355287983;3360740.7355287983;3360740.7355287983;3360740.7355287983;3360592.3347481363;3360196.599333038;3360196.599333038;3359730.299315488;3144381.704923582;3143058.247406768;3143058.247406768;3143058.247406768;3142880.242870426;3142880.242870426
ALNS_b_reg;11;5352157.997287117;5352157.997287117;5352157.997287117;5352157.997287117;5215147.6852576;4838534.06604992;4829366.010788183;4461733.108241516;4460757.370365963;4460757.370365963;4440908.089923139;4224295.155624099;4223950.718160587;4223678.9605855355;4223678.9605855355;4223678.9605855355;4223678.9605855355;4223678.9605855355;4223678.9605855355;4223678.9605855355;4223678.9605855355;4223678.9605855355;4223678.9605855355;4223515.610384671;4223282.790354015;4173119.476604918;4145838.586706124;4145838.586706124;4145834.346878867;4145834.346878867;4145834.346878867;4056070.568779251;3590420.9698874806;3590420.9698874806;3589619.697144319;3415188.620594156;3415188.620594156;3415188.620594156;3321146.7327627586;3135420.581521008;3135420.581521008;3135414.7817328144;3135133.492005409;3135133.492005409;3135133.492005409;3135133.492005409;3135133.492005409;3135133.492005409;3013865.147832523;3013400.982735337;3013216.614915946;3013216.614915946;3013215.1958930823;3013215.1958930823;3013215.1958930823;3011382.9004219137;3011382.9004219137;3011382.9004219137;3011382.9004219137;3011381.649616354;3011381.649616354;3011357.6786086923;3010272.481689043;3010272.481689043;3010272.481689043;3008451.440913159;3008451.440913159;3008443.1303900275;2951045.83566685;2940936.2619965146;2940936.2619965146;2936162.296457293;2936159.5134337335;2936159.5134337335;2936159.5134337335;2934620.3630117914;2934525.0123262606;2934525.0123262606;2810029.2015057313;2809970.942892063;2809970.942892063;2809970.942892063;2809970.942892063;2809970.942892063;2809970.942892063;2809964.578269592;2809680.4672679445;2809680.4672679445;2808960.844142075;2808816.987148053;2807943.569684347;2803484.7774806833;2803466.4707052847;2803464.4387376616;2803464.4387376616;2803464.4387376616;2803464.4387376616;2803464.4387376616;2803464.4387376616;2802624.328033707
ALNS_b_reg;12;5100576.832632563;5077387.209011097;5077003.635810435;5077003.635810435;5077003.635810435;5077003.635810435;4610705.0648526065;4610705.0648526065;4610705.0648526065;4610705.0648526065;4610705.0648526065;4609473.827297432;4609473.827297432;4609473.827297432;4609473.827297432;4609473.827297432;4609203.951083444;4603584.611403656;4579919.696080909;4579917.351924255;4579917.351924255;4579917.351924255;4579917.305146377;4579917.291781268;4423122.143023363;4423116.094849311;4422940.702145093;4422940.702145093;4422940.702145093;4422940.702145093;4422940.702145093;4422940.702145093;4422940.702145093;4422940.702145093;4422940.702145093;4422251.380991764;4420132.36437822;4419661.471797433;4419369.99434423;4418515.29659484;4418515.29659484;4418515.29659484;4418127.529715538;4418126.402007986;4417855.746011899;4417855.746011899;4417855.746011899;4417855.746006784;4417855.746004665;4417855.746004665;4417855.746004665;4417820.7279866235;4417713.890158046;4417518.236866862;4417513.201851716;4417513.201851716;4417210.760216332;4415455.176699089;4415455.176699089;4415455.176699089;4415455.176699089;4415455.176699089;4415325.487640458;4414031.578562626;4058111.275924298;4058102.3940040017;4058102.3940040017;4058102.3940040017;4058102.3940040017;4057551.4064670797;4055561.457435626;4055561.457435626;4055561.457435626;4054746.72726164;4054746.72726164;4054168.0285505187;3906915.8265093723;3906912.4733188837;3906900.7371521727;3906794.673594539;3906794.673594539;3906794.673594539;3906794.673594539;3906794.673594539;3906794.673594539;3906794.673594539;3906794.673594539;3906794.673594539;3906794.673594539;3906794.673594539;3906794.673594539;3906794.673594539;3906794.673594539;3906794.673594539;3906794.673594539;3405747.6069032755;3405747.6069032755;3405747.6069032755;3405744.9231746234;3405736.0117542064
ALNS_b_reg;13;4298218.017198874;4268161.786539558;4266891.323879423;4206637.1228592275;4206637.1228592275;4205093.1274728775;4204852.735893239;4204852.735893239;4204852.735893239;4204852.735893239;4204839.692729532;4204286.927483649;4204282.609532544;4200039.116384471;4200039.116384471;4200035.131467334;4200035.131467334;4200035.131467334;4200025.204567309;4200025.204567309;4199929.888854839;4199755.597266322;4199755.597266322;4199755.597266322;4199755.597266322;4199755.356979715;4199755.356979715;4199755.356979715;4197727.479357556;4197727.479357556;4197646.384304714;4195051.342613758;4195031.993288219;4192820.7651646496;4188428.0239531607;4185597.277702027;4185167.416127766;4185166.1200462524;4184172.924236768;4179176.0888868836;4179176.0888868836;4125316.7369184853;4125316.7369184853;4125316.7369184853;4125316.7369184853;4125316.7369184853;4125316.7369184853;4125316.7369184853;4125316.7369184853;4125316.7369184853;4123606.0788436346;4123606.0788436346;4123606.0788436346;4123606.0788436346;4123606.0788436346;4123606.0788436346;4123606.0788436346;3913054.705007606;3913051.285128251;3913050.8443765356;3913049.7804930843;3913049.7804930843;3913049.7804930843;3913049.7804930843;3913049.7804930843;3913049.7804930843;3754131.5052810367;3730550.357122007;3714741.0725235036;3714741.0725235036;3714469.53279129;3713380.003306961;3713066.664144193;3713066.664144193;3712936.582282361;3712626.9260657923;3712626.9260657923;3712626.9260657923;3712626.9260657923;3712626.9260657923;3711791.2835579626;3711629.861448696;3711629.861448696;3710790.6184138213;3709230.8040173706;3709230.8040173706;3709230.8040173706;3709230.8040173706;3709230.8040173706;3709218.952404119;3709218.952404119;3709218.952404119;3709218.952404119;3709215.0242748503;3708634.799314292;3708634.799314292;3708158.8094770717;3708054.423958442;3708054.423958442;3708054.423958442
ALNS_b_reg;14;4744741.56094148;4744741.56094148;4744740.561080432;4562002.931395755;4210502.915178472;3998978.703835404;3998978.6430037674;3970472.775410946;3970472.775410946;3970335.009841661;3966454.3163601896;3944248.048887862;3943894.239749924;3943807.9004819687;3943806.778015969;3912666.072258514;3912406.872268239;3912406.872268239;3912406.872268239;3912333.3647119007;3911745.304261196;3911745.304261196;3911745.304261196;3909799.6493729907;3908243.1254624263;3908243.1254624263;3908243.1254624263;3908243.1254624147;3397454.4695680398;3397454.4695680398;3397454.4695680398;3384125.948435454;3370314.1247747047;3370312.312977478;3370311.4070788645;3367090.49756834;3364923.1634548237;3364923.1634548237;3364923.1634548237;3364912.5183764095;3364909.1024610163;3364909.1024610163;3364909.1024610163;3351444.9076441047;3347597.9948392734;3347532.825961589;3347532.617694463;3347530.951557456;3347256.6455133026;3347256.6455133026;3347256.6455133026;3347256.6455133026;3347256.6455133026;3347256.6455133026;3347256.6455133026;3347255.1236096;3347255.1236096;3347255.1236096;3347255.1236096;3347255.1236096;3347255.1236096;3347255.1236096;3346979.4327366007;3346972.4756474323;3346845.2991463835;3296122.628643601;3296122.628643601;3296122.628643601;3296122.628643601;3296116.267869051;3295508.902521267;3295508.902521267;3295508.902521267;3271385.068169549;3271385.068169549;3271104.7650681003;3271104.7650681003;3271104.7650681003;3271104.7650681003;3271104.7650681003;3271104.7650681003;3271093.631742796;3269629.8917852878;3257919.9721252285;3257919.9721252285;3257919.9721252285;3257330.9006034057;3256945.564635686;3256945.564635686;3256945.564635686;3256945.564635686;3256945.564635686;3255166.993345039;3255161.053766253;3255161.053766253;3255017.6190381027;3255017.6190381027;3253943.9166330397;3253943.9166330397;3253943.9166330397
ALNS_b_reg;15;4844070.560934705;4374854.097951079;4170846.9401321113;3647900.9086840665;3647900.9086840665;3647900.9086840665;3640053.3045537556;3639733.4365895977;3639449.0814647414;3639449.0814647414;3639449.0814647414;3638513.811966247;3638513.811966247;3638513.811966247;3638513.811966247;3594407.611334176;3541480.170575691;3538540.9808637733;3538540.9808637733;3524308.9028147496;3383773.5373008386;3383773.5373008386;3383773.5373008386;3353514.611868638;3353514.611868638;3353514.611868638;3353502.5561566222;3353502.5561566222;3352576.087610473;3352576.087610473;3326078.7119185613;3326078.7119185613;3326078.7119185613;3325258.453727079;3310259.21384103;3310259.21384103;3310259.21384103;3310259.21384103;3310259.21384103;3308045.72629109;3307459.8682467914;3307459.8682467914;3306407.6530865543;3306407.6530865543;3306407.6530865543;3306036.947456395;3305085.4569958798;3305085.4569958798;3305085.4569958798;3305010.765959677;3305005.567243812;3298763.353336485;3298751.3219338576;3297620.243541007;3297547.2707414683;3296596.755308577;3296596.755308577;3296596.755308577;3296596.755308577;3296461.135211823;3296461.135211823;3296461.135211823;3296461.135211823;3296461.135211823;3296461.135211823;3296461.135211823;3296461.135211823;3296461.135211823;3295018.4183944436;3295018.4183944436;3295018.4183944436;3199017.4158190703;3121527.110709268;3121284.6742289616;3121251.3852638626;3121251.3852638626;3121251.3852638626;3121251.3852638626;3121251.3852638626;3121251.3852638626;3121173.452311767;3121165.3741118475;3121165.3741118475;3121165.3741118475;3121165.3741118475;3121165.3741118475;3121165.3741118475;3121165.3741118475;3121165.3741118475;3120990.4944491745;3120990.4944491745;3120990.066490922;3120987.293555719;3120987.293555719;3120987.293555719;3120987.293555719;3120987.293555719;3120987.293555719;3120987.293555719;3120987.293555719
ALNS_b_reg;16;3828520.744723766;3828520.744723766;3827906.319464309;3827639.07221133;3827639.07221133;3818867.029682471;3798619.580947801;3798320.477942416;3798320.477942416;3798320.477942416;3797731.9229450636;3796734.2143385108;3796734.2143385108;3796734.2143385108;3647257.1435168143;3646302.900374311;3646302.900374311;3646302.900374311;3646278.240961833;3646031.64683705;3646031.64683705;3646028.538372339;3646028.538372339;3646028.538372339;3646028.538372339;3645767.0565650803;3645766.489206819;3645766.071153363;3645765.567391568;3645751.8691399586;3645750.2742074337;3645750.2742074337;3645750.2742074337;3645750.2742074337;3645118.3261696403;3645118.3261696403;3645118.3261696403;3645118.3261696403;3645118.3261696403;3645118.3261696403;3645118.3261696403;3643639.735103072;3643371.133669016;3643371.1276364536;3422924.2425873056;3283874.794511784;3263334.9940696787;3093388.377162691;3093116.1550613963;3093088.932851267;3093078.463026829;3088352.6200166726;3044444.533735246;3044444.3905592384;3044443.8587626386;3044443.8587626386;3044438.2851361;3044429.7103260406;3044429.1196258133;3044429.1196258133;2863349.2214193568;2863349.2214193568;2863349.2214193568;2863349.2214193568;2863349.2214193568;2863349.2214193568;2863349.2214193568;2863349.2214193568;2863038.614059889;2863038.614059889;2862962.8254692466;2862962.8254692466;2862531.8274487574;2859356.6193288425;2837207.0196671663;2837207.0196671663;2837207.0196671663;2836899.4102934403;2836899.4102934403;2835769.2293765903;2835769.2293765903;2835769.2293765903;2835769.2293765903;2835290.885074547;2835290.885074547;2835290.885074547;2834899.5540226875;2834899.5540226875;2834899.5540226875;2831896.7713682097;2831896.7713682097;2831890.181768291;2831890.181768291;2831009.1984210825;2831009.1984210825;2830699.6149252434;2830600.5482065747;2827675.5840175957;2827267.145946647;2827267.145946647
ALNS_b_reg;17;4992191.801736678;4982355.6451626;4561230.857567738;4452008.136593071;4451564.880786924;4451564.880786924;4451564.880786924;4451564.880786924;4451564.880786924;4451564.880786924;4189646.9392632563;4058723.601123614;4055311.772075923;4035137.264667139;4035137.264667139;4035137.264667139;4034626.425384427;4034626.425384427;4034626.425384427;4034433.052070948;4034433.052070948;4034433.052070948;4033945.424477968;4027395.6214721925;4026867.484625096;4020716.188950601;4000390.168460968;4000390.168460968;4000390.168460968;4000390.168460968;4000115.4103299202;3998249.589414758;3998234.7393794106;3998217.060564626;3976060.73705702;3974921.4509224854;3974921.4509224854;3974921.4509224854;3974921.4509224854;3971117.2988130376;3971117.2988130376;3970833.1074556527;3970805.764839678;3970805.764839678;3072104.9600737705;3072104.9600737705;3071759.861967875;3071759.861967875;3071759.861967875;3069278.068199534;3069278.068199534;3069180.7950562094;3069180.7950562094;3068850.2518482516;3068850.2518482516;3068076.5716226283;3068076.5716226283;3068076.5716226283;3068009.7053628187;3068002.2927744556;3067314.469933573;3067029.0927035436;3067029.0927035436;3067029.0927035436;3067029.0927035436;3067029.0927035436;3067029.0927035436;3067029.0927035436;3067029.0927035436;3067029.0927035436;3066948.747430334;3065438.2562939934;3065438.2562939934;3065438.2562939934;3064796.3233154053;3064047.0258522565;3063954.607412983;3063946.7401557746;3063576.04159005;3044055.883174009;3044055.883174009;3044055.883174009;3044055.883174009;3044055.883174009;3044055.883174009;3044055.883174009;3044025.222488999;3044025.222488999;3042765.4467272162;3042765.4467272162;3042765.4467272162;3042366.3132907073;3042059.835830531;3042059.835830531;3042059.835830531;3042059.835830531;3042059.835830531;3042059.835830531;3042059.835830531;3042059.835830531
ALNS_b_reg;18;3884638.667014817;3721589.8174566953;3716535.2468404924;3716303.459883642;3687653.1180080315;3443713.313614834;3443713.313614834;3443713.313614834;3443297.0748119582;3443297.0748119582;3443296.1424679807;3443296.1424679807;3443296.1424679807;3443289.6891967505;3442765.604214273;3441500.5714979474;3441500.5714979474;3441208.6463826657;3441180.303517634;3440896.874867316;3440887.7603344326;3439427.85554173;3439427.85554173;3439427.85554173;3438200.6817420023;3436842.98026832;3436842.98026832;3436842.98026832;3436842.98026832;3436842.98026832;3436842.895282012;3436842.895282012;3436842.895282012;3436842.895282012;3436837.2168264124;3436832.4554822356;3436832.4554822356;3436026.1990217553;3435826.065395052;3435826.065395052;3435826.065395052;3435826.065395052;3435823.272697657;3435377.7499543177;3435377.7499543177;3434516.1414135164;3434513.396026854;3434513.396026854;3434512.5143109662;3434512.5143109662;3434512.5143109662;3434512.5143109662;3434512.5143109662;3434512.5143109662;3434512.5143109662;3433691.1351521774;3433691.1351521774;3433691.1351521774;3433139.682918374;3432358.0581672788;3429024.1858359915;3421557.637167696;3420998.588301987;3420998.588301987;3420998.588301987;3420998.588301987;3420998.588301987;3420039.3783289064;3392048.101472497;3392048.101472497;3392046.3312232536;3392044.291588256;3391744.4371817005;3391219.691970228;3391219.691970228;3391219.691970228;3391219.691970228;3391219.691970228;3391219.691970228;3391219.691970228;3391219.691970228;3391219.691970228;3391219.691970228;3391219.691970228;3391219.691970228;3391219.691970228;3390823.713633901;3390823.713633901;3390815.139937224;3268185.209784027;3148007.878233901;3148006.1400246425;3148006.1400246425;3148006.1400246425;3148006.1400246425;3148006.1400246425;3148006.1400246425;3147979.64781686;3147743.8671675967;3147743.8671675967
ALNS_b_reg;19;4233125.889111603;4233125.889111603;4228129.968387601;4226069.838645004;4150000.8584236507;4149581.113017211;4149581.113017211;4149581.113017211;4149581.113017211;4149581.113017211;4149581.113017211;4149581.113017211;4149558.1869591316;4149558.1869591316;4134628.7700486016;4121671.1629187083;4121671.1629187083;4121671.1629187083;4121423.0431709224;4121423.0431709224;4121423.0431709224;3973524.8185859504;3972660.102326988;3972660.102326988;3809202.040170798;3809202.040170798;3808908.783883261;3808908.783883261;3808090.610592831;3808090.610592831;3807801.524914185;3805463.6983341817;3805463.6983341817;3805463.6983341817;3711223.097133654;3711223.097133654;3711223.097133654;3711223.097133654;3711223.097133654;3711223.097133654;3711223.097133654;3711223.097133654;3711223.097133654;3711223.097133654;3711221.045699563;3710852.2173185404;3710852.2173185404;3710852.2173185404;3710852.2173185404;3710852.2173185404;3710781.298524695;3710781.298524695;3683582.3711299715;3683582.3711299715;3683582.3711299715;3683582.3711299715;3683582.3711299715;3683564.600155259;3683564.600155259;3683564.600155259;3683564.600155259;3683564.600155259;3683564.600155259;3683564.600155259;3683564.600155259;3683564.600155259;3683564.600155259;3648355.1891973685;3645260.0290128468;3645260.0290128468;3645260.0290128468;3645260.0290128468;3644145.1533473697;3644145.1533473697;3644143.1405287404;3643828.2534524724;3643828.2534524724;3643828.2534524724;3643828.2534524724;3643828.2534524724;3643828.2534524724;3643828.2534524724;3643828.2534524724;3643828.2534524724;3643828.2534524724;3617102.6626766208;3617102.6626766208;3617102.6626766208;3617102.6626766208;3616831.3721236563;3616831.3721236563;3578112.0695705325;3577829.1228616666;3577829.1228616666;3577829.1228616666;3577829.1228616666;3577829.1228616666;3577829.1228616666;3577829.1228616666;3304127.4877692554
ALNS_b_reg;20;4384886.050914521;4384886.050914521;4384462.883941145;4384462.883941145;4384462.883941145;4384462.883941145;4384460.5277053;4384456.902727076;4384456.902727076;4384456.902727076;4264751.2416031705;4201775.560790489;4199116.398410008;4173875.237408813;4173875.237408813;3698031.243441054;3698031.243441054;3646233.3441606592;3646225.527559459;3646225.527559459;3646225.527559459;3646217.666834182;3646217.666834182;3646217.666834182;3646217.666834182;3646217.666834182;3418525.87508354;3324194.994220546;3324194.994220546;3323934.685711763;3323934.685711763;3281442.441454697;3281194.164793922;3281194.164793922;3280053.9725633543;3280053.9725633543;3253235.82639835;3253235.82639835;3253235.82639835;3253235.82639835;3253235.82639835;3253235.82639835;3253235.82639835;3253235.82639835;3140108.5845358986;3134622.3226849367;3134622.3226849367;3134622.3226849367;3134622.3226849367;3134622.3226849367;3134622.3226849367;3134622.3226849367;3134622.3226849367;3134622.0656040213;3134332.4631037517;3134203.8480834914;3134201.4985887376;3134201.4985887376;3134201.4985887376;3134201.4985887376;3133486.122011844;3133485.4090663614;3105499.881219916;3105499.881219916;3105499.881219916;3104721.1586530423;3104323.9925734843;3104323.9925734843;3104322.1614213465;3104045.3996567195;3104045.3996567195;3104045.3996567195;3104045.3996567195;3104045.3996567195;3101651.365763244;3100885.479104925;3100885.479104925;3100068.461491019;3099834.3209887277;3099274.175576895;3099032.50590928;3099032.50590928;3098592.6670585535;3097889.7181780026;3096977.935678213;3096119.787443117;3096119.787443117;3096119.787443117;3096119.787443117;3096119.787443117;3095474.298384595;3095409.749478743;3095409.749478743;3095409.749478743;3094578.859148713;3094578.859148713;3094578.859148713;3094574.797469412;3094574.797469412;3094574.797469412
ALNS_b_reg;21;4032026.105972459;4032024.460068025;4032024.460068025;4030574.999695215;4030430.053657934;4030430.053657934;4029914.22853005;4029799.6007238533;4029799.6007238533;4029799.6007238533;4029799.6007238533;4029799.6007238533;3720601.039778254;3543916.147809341;3543916.147809341;3543916.147809341;3280425.927972642;3280422.7104691765;3280422.7104691765;3278485.412570645;3276149.8336406006;3239948.0769174406;3239948.0769174406;3239948.0769174406;3239948.0769174406;3239865.6616899264;3239865.6616899264;3239826.0307254884;3239641.4291366166;3239641.4291366166;3216331.8467283347;3215481.0330563085;3212157.6210746323;3201202.3210579148;3201202.3210579148;3201202.3210579148;3201202.3210579148;3201202.3210579148;3199708.84412067;3199708.84412067;3199708.84412067;3199708.84412067;3199705.0387586975;3199704.9727504035;3199704.9727504035;3199704.9727504035;3199704.9727504035;3199704.9727504035;3199704.9727504035;3199704.9727504035;3199704.9727504035;3199704.9727504035;3199704.9727504035;3199704.8477928294;3199702.910950429;3197259.5681812232;3196175.187604154;3196175.187604154;3196175.187604154;3196175.187604154;3195908.2343247947;3195908.2343247947;3169954.462963646;3169954.462963646;3168866.9890909246;3168866.9890909246;3168866.9890909246;3168866.9890909246;3168866.9890909246;3168866.9890909246;3168866.9890909246;3168586.519869905;3168586.519869905;3168309.9837196255;3168309.9837196255;3167785.5683441674;3167588.912578371;3167588.912578371;3167588.912578371;3167585.7380599594;3167585.7380599594;3167284.19376014;3167284.19376014;3167111.3619790166;3166143.5040047253;3166143.5040047253;3166142.9052886907;3165864.727123008;3165864.727123008;3165864.727123008;3162955.84129502;3162955.84129502;3162955.84129502;3162522.0747380066;3162522.0747380066;3162516.1991765616;3160870.0454018447;3160870.0454018447;3160070.2473062314;3159722.509003791
ALNS_b_reg;22;3940033.1131396145;3940033.1131396145;3634270.4622928593;3634270.4622928593;3634270.4622928593;3634259.9447358088;3634259.9447358088;3634259.9447358088;3634178.6326837293;3634164.7511407826;3634164.7511407826;3633180.3921590527;3476477.967691857;3448197.1901749936;3447986.392408008;3447986.392408008;3447986.392408008;3447986.392408008;3447806.694123255;3447327.498697247;3446513.087541114;3446512.0682487027;3446512.0682487027;3445857.415146689;3445857.415146689;3368223.969402366;3368223.969402366;3368223.969402366;3367311.4193191;3367311.4193191;3367311.4193191;3367311.4193191;3367311.4193191;3367311.4193191;3122365.942029994;3122365.942029994;3120064.6752531053;3118146.9529390316;3118146.9529390316;3117903.3569142795;3117895.1154430546;3117895.1154430546;3117895.1154430546;3117895.1154430546;3117895.1154430546;3117895.1154430546;3117895.1154430546;3117895.1154430546;3117895.1154430546;3091333.2692430723;3090712.024681988;3088884.658514147;3088491.214442053;3088491.214442053;3088491.214442053;3088474.464038113;3088474.464038113;3088474.464038113;3088474.464038113;3088474.464038113;3088474.464038113;3088474.464038113;3088474.464038113;3088474.464038113;3088474.464038113;3088474.464038113;3082634.076236907;3082582.800282504;3082582.800282504;3082582.800282504;3076232.021017758;3076232.021017758;3076232.021017758;3076232.021017758;3076232.021017758;3076232.021017758;3076232.021017758;3076232.021017758;3076232.021017758;3076231.5306180096;3075527.5960158966;3075520.4278218267;3075455.1449692785;3075455.1449692785;3075455.1449692785;3075455.1449692785;3075041.220161657;3074861.975374917;3074861.975374917;3074861.975374917;3074861.975374917;3074861.8600120973;3074860.833314622;3074860.833314622;3074860.833314622;3074860.833314622;3074860.833314622;3074442.0682082623;3074290.057076156;3074260.830554116
ALNS_b_reg;23;6451877.593383789;6431245.595833024;6431245.595833024;5833132.982896948;4554515.853168402;4554515.853168402;4553956.855648305;4529015.109152471;4529015.109152471;4529015.109152471;4529015.109152471;4519128.134605585;4518934.559574633;4518850.396517697;4514417.273988169;4514067.284790408;4384060.317542701;4384060.317542701;4383638.166729754;4383638.166729754;4383638.166729754;4383638.166729754;4383619.242408969;4383619.242408969;4383596.784857144;4383562.234777412;4383562.234777412;4383562.234777412;4383562.234777412;4383562.234777412;4383562.234777412;4381558.61884631;4381357.743367523;4353458.166496212;4353458.166496212;4353458.166496212;4353453.299746987;4344375.379213209;4337404.833089058;4337404.833089058;4337404.833089058;4337404.833089058;4337404.833089058;4337404.833089058;4337404.833089058;4337305.781628983;4337132.441573852;4337132.441573852;4337132.441573852;4337132.441573852;4337131.352745154;4337131.352745154;4337131.352745154;4333867.127633229;4333867.127633229;4332964.744370526;4332964.744370526;4332964.744370526;4331056.533952176;4331056.533952176;4330781.320634104;4330436.78139162;4330436.78139162;4330436.78139162;4330436.78139162;4330436.323301523;4330436.323301523;4330436.323301523;4330436.323301523;4330436.323301523;4330436.323301523;4330436.323301523;4330244.3685269095;4329380.572041146;4329319.266912761;4328913.7099095965;4328913.7099095965;4328913.7099095965;4328900.2577173915;4328900.2577173915;4328607.519065488;4328607.472676005;4328607.472676005;4328607.472676005;4308273.400312787;4308273.400312787;4308273.400312787;4306879.145026937;4306879.145026937;4306879.145026937;4306067.180660327;4306067.180660327;4306067.180660327;4306067.180660327;4306067.180660327;4306067.180660327;4306067.180660327;4306067.180660327;4305796.577394887;4305796.577394887
ALNS_b_reg;24;4334881.442665718;4334606.564031894;4334481.251713534;3546693.1913470235;3546693.1913470235;3546689.08082502;3546689.08082502;3543764.3070014887;3542286.8256791322;3542286.8256791322;3542286.8256791322;3542286.8256791322;3541608.7528323717;3541608.7528323717;3540653.142945366;3517347.1304167304;3517347.1304167304;3517347.1304167304;3517347.1304167304;3517346.0411308454;3517325.562556204;3509634.140491934;3509634.140491934;3509627.1245635864;3509625.3483791947;3509625.3483791947;3509625.3483791947;3509625.3483791947;3509625.3483791947;3509071.701007887;3180498.45827058;3180498.45827058;3180498.45827058;3180498.45827058;3180498.45827058;3180463.864033565;3166877.347795783;3162090.5091300327;3161664.873759534;3161664.873759534;3161106.9469102314;3160832.668363551;3160832.668363551;3129948.808886702;3129948.808886702;3129948.808886702;3129948.808886702;3129948.808886702;3129948.808886702;3043150.9737373763;3042886.1511891303;3042886.1511891303;3042685.703165431;3008428.6632938012;3008428.6632938012;2822535.4036054416;2822535.4036054416;2822535.4036054416;2822535.4036054416;2820867.3387579224;2820867.3387579224;2819757.0303700357;2819757.0303700357;2819757.0303700357;2819757.0303700357;2819757.0303700357;2819757.0303700357;2819745.388733032;2819745.388733032;2818421.93267109;2818421.93267109;2818421.93267109;2818421.93267109;2818421.93267109;2818421.93267109;2805591.0896213353;2793515.0020450973;2793515.0020450973;2793515.0020450973;2793515.0020450973;2793515.0020450973;2793515.0020450973;2793515.0020450973;2793515.0020450973;2793515.0020450973;2793515.0020450973;2793515.0020450973;2792792.8774830443;2792792.8774830443;2792785.0237085293;2792785.0237085293;2792785.0237085293;2792785.0237085293;2792785.0237085293;2791364.1371677425;2790813.340301698;2767043.710896003;2765510.186418216;2765510.186418216;2765510.186418216
ALNS_b_reg;25;4494967.181777342;4494967.181777342;4446406.086679205;4446406.086679205;4425793.452855334;4417247.023018837;4417247.023018837;4417247.023018837;4417247.023018837;4187084.1837181114;4187084.1837181114;4187081.823015656;3948701.457485377;3948695.569822769;3948691.1733249524;3948690.5669114604;3948689.0018413826;3948689.0018413826;3948689.0018413826;3947804.392180735;3947804.392180735;3947804.392180735;3947804.392180735;3947804.392180735;3947804.392180735;3946215.7520109867;3946215.7520109867;3946215.7520109867;3946215.7520109867;3945910.9755206234;3945910.9755206234;3945910.9755206234;3945910.9755206234;3945910.9755206234;3944345.448933808;3944345.448933808;3944345.448933808;3944345.448933808;3940927.6410359703;3940638.5656261127;3940638.5656261127;3940638.5656261127;3940079.212355759;3940079.212355759;3940079.212355759;3940076.4935296085;3940076.4935296085;3940076.4935296085;3940076.4935296085;3940076.4935296085;3940074.285360205;3940071.2885588715;3940071.2885588715;3940071.2885588715;3940071.2885588715;3940071.2885588715;3939494.7253483026;3939494.7253483026;3429558.182517685;3429558.182517685;3410176.271593396;3410176.271593396;3410176.271593396;3410045.8879654203;3409889.427611849;3409844.616160968;3409844.616160968;3409573.413089609;3409572.547321037;3409572.547321037;3408252.3746151333;3408252.3746151333;3408252.3746151333;3408252.3746151333;3408252.3746151333;3408200.5577907627;3408170.9481768366;3406289.451696162;3406289.451696162;3406019.7057410246;3405996.5301927524;3360649.5988324387;3360649.5988324387;3360635.392328286;3360635.392328286;3360635.392328286;3360623.381374897;3360622.5984038385;3360622.5984038385;3360622.5984038385;3360622.5984038385;3360622.5984038385;3360622.5984038385;3360622.5984038385;2917245.449267385;2773462.242856748;2772225.6057101935;2772225.6057101935;2772225.6057101935;2771951.087965351
ALNS_b_reg;26;3318606.5985890105;3318606.5985890105;3318606.1306664078;3290259.0326667437;3281173.5060868976;3281170.5619359924;3281170.5619359924;3281157.6833712985;3281157.6833712985;3161995.401765375;2845403.69506573;2843059.0968479537;2843059.0968479537;2843043.189716067;2843043.189716067;2843043.189716067;2839919.352492639;2839919.3213775204;2839916.5005578925;2839916.5005578925;2839916.5005578925;2839891.0720785162;2839832.5865759505;2839368.0391022097;2816974.514962005;2816974.514962005;2816974.514962005;2816974.514962005;2816969.5477793003;2816969.5477793003;2812089.9936040347;2805392.743283774;2805392.743283774;2805392.743283774;2805135.5985219204;2805112.9923890103;2805079.8192864778;2804953.689278287;2804953.689278287;2755691.9222562485;2755691.9222562485;2755691.9222562485;2755691.9222562485;2755691.9222562485;2754677.4639510205;2754387.666063877;2754387.666063877;2753230.977991531;2753230.977991531;2753230.977991531;2753230.977991531;2753228.621806435;2753228.621806435;2753228.621806435;2753228.621806435;2753228.621806435;2753227.2152611646;2751853.7846280085;2751852.3683271133;2751852.3683271133;2751852.3683271133;2751852.3683271133;2751817.7007292868;2751817.7007292868;2751817.7007292868;2751817.7007292868;2751817.7007292868;2751817.7007292868;2751817.7007292868;2751817.7007292868;2751816.823109889;2751816.823109889;2751766.413795243;2751539.571879336;2751539.571879336;2751539.571879336;2751539.571879336;2751539.571879336;2751539.571879336;2744936.6962225046;2744936.6962225046;2744501.7210224806;2744501.7210224806;2744501.7210224806;2744501.7210224806;2744501.7210224806;2744501.7210224806;2743319.828299022;2742639.7987421965;2742639.7987421965;2742639.7987421965;2741556.892514455;2741556.892514455;2741555.5468784897;2741107.0689376257;2741107.0689376257;2741107.0689376257;2741107.0689376257;2741107.0689376257;2741107.0689376257
ALNS_b_reg;27;5615991.236569871;5607808.989512042;5607808.989512042;5601670.539966316;5387091.5633934345;5387091.5633934345;5387091.5633934345;5387089.997583559;4960364.988606745;4960040.562566335;4960040.562566335;4960039.7779762065;4960039.553807599;4882171.422945518;4882171.422945518;4876493.917395826;4876493.917395826;4876219.76240795;4876219.76240795;4876219.76240795;4875207.198030779;4872850.322543177;4842774.955143794;4842774.955143794;4825474.913919614;4825474.913919614;4825474.913919614;4825474.913919614;4825474.913919614;4825471.20210854;4800494.266668205;4800494.266668205;4800494.266668205;4799655.210805772;4783737.532959479;4783737.532959479;4783737.532959479;4783737.532959479;4783737.532959479;4782277.057705855;4782277.057705855;4777961.542562019;4777961.542562019;4723511.707955316;4723511.707955316;4723511.707955316;4723511.707955316;4723511.707955316;4723511.707955316;4723511.707955316;4722187.123362679;4721396.645460621;4721396.645294257;4321050.664266054;3660308.347537527;3284248.2435978674;3284248.2435978674;3283425.020968502;3283425.020968502;3283425.020968502;3282294.214789956;3277844.2331304806;3277844.2331304806;3277844.2331304806;3271626.7505388414;3271076.424672974;3271075.1916994723;3270915.2660894566;3270915.2660894566;3270915.2660894566;3270915.2660894566;3270601.5439665257;3270577.6738049984;3270577.6738049984;3270577.6738049984;3266450.947790373;3266450.947790373;3266450.947790373;3234799.6979137245;3234799.6979137245;3234799.6979137245;3233683.7965843994;3233683.7965843994;3233683.7965843994;3233683.7965843994;3233683.7965843994;3233683.7965843994;3233413.6331741516;3233405.1905675814;3233405.1905675814;3233405.1905675814;3233405.1905675814;3233405.1905675814;3233405.1905675814;3233405.1905675814;3233405.1905675814;3233405.1905675814;3233405.1905675814;3233405.1905675814;3233405.1905675814
ALNS_b_reg;28;3972367.249039005;3886288.075807757;3886279.502383888;3884709.504888153;3884709.504888153;3883793.009155185;3883793.009155185;3883793.009155185;3883793.009155185;3883780.102237426;3878975.5029952363;3878975.5029952363;3878975.5029952363;3878975.5029952363;3856515.3368875533;3856515.3368875533;3855839.70729894;3762656.3312237067;3674954.3302117274;3674954.3302117274;3674568.3905829727;3674568.3905829727;3674568.3905829727;3674568.3905829727;3674175.485143148;3672680.2332233544;3672680.2332233544;3672680.2332233544;3672680.2332233544;3671863.4848933886;3671863.4848933886;3671588.3204621696;3670986.5613883543;3669253.795341215;3669253.795341215;3669253.795341215;3669253.795341215;3669253.795341215;3668960.3911608756;3668960.3911608756;3664239.0991431316;3664124.725897255;3663767.3095038906;3663767.3095038906;3663767.3095038906;3663767.3095038906;3663767.3095038906;3662395.6818924206;3662395.6818924206;3662395.6818924206;3662395.6818924206;3662395.6818924206;3662395.6818924206;3656751.5757003142;3656751.5757003142;3656751.5757003142;3656751.5757003142;3656731.51130552;3655522.092851188;3655135.078945802;3655134.8100417033;3655134.8100417033;3655134.8100417033;3654972.433019884;3654970.2647989206;3653482.7116123918;3653436.2294431385;3653436.2294431385;3653436.2294431385;3653436.2294431385;3653436.2294431385;3652476.915977362;3652476.915977362;3652476.915977362;3652208.641852507;3652205.039881999;3652197.780502756;3154459.5690881736;3154459.5690881736;3154459.5690881736;3154447.9690952413;3154107.160789299;3154101.009270694;3154091.9896346983;3154091.9896346983;3154091.9896346983;3154091.9896346983;3153665.292821624;3148325.5671787933;3148282.2576916763;3148263.4274798864;3148263.4274798864;3148263.4274798864;3148242.467834783;3148242.467834783;3147379.42001851;3147260.5795014473;3147260.5795014473;3146959.560182392;3146105.277453874
ALNS_b_reg;29;3831863.0875768224;3715596.602425302;3715592.295283502;3715592.295283502;3714055.110241779;3712665.7314540683;3712665.7314540683;3712665.7314540683;3559304.2855436876;3520243.014966321;3344457.336637962;3334614.4101371476;3334614.4101371476;3334614.4101371476;3333429.113134116;3333419.650000716;3332728.748666282;3332728.748666282;3332728.748666282;3332728.748666282;3332728.748666282;3332728.748666282;3332728.748666282;3332728.748666282;3332448.3874394963;3332032.690262499;3332032.690262499;3332032.690262499;3331765.0860598497;3330404.0730440076;3330080.832452745;3330080.832452745;3307644.605948445;3304970.2219978413;3299621.454096634;3282808.253801288;3271409.473940037;3271409.473940037;3271409.473940037;3271409.473940037;3271409.473940037;3271293.985415922;3271062.447585446;3271062.447585446;3271038.5524430503;3068876.060493743;3068876.060493743;3068876.060493743;3068050.7713160072;3068046.08841274;3068039.9897480197;3068039.9897480197;3067689.4390726173;3067689.4390726173;3067689.4390726173;3067689.4390726173;3067689.4390726173;3067689.4390726173;3067689.4390726173;3067403.6540925168;3067241.344004002;3065685.561089782;3065414.06439579;3065410.9941265425;3065410.9941265425;3065410.9941265425;3065409.755709128;3065409.755709128;3065409.755709128;3065407.797094054;3065407.797094054;3065407.797094054;3064977.2164061465;3064977.2164061465;3064977.2164061465;3064977.2164061465;3064973.459719338;3064973.459719338;3064973.459719338;3064973.459719338;3064973.459719338;3064973.459719338;3064972.8758690045;3064972.699177456;3064972.699177456;3064972.699177456;3064972.699177456;3064816.5540697174;3064604.642852072;3064604.642852072;3059586.7549537974;3059584.071208651;3059584.071208651;3059584.071208651;3059568.534378708;3059568.534378708;3059568.534378708;3059568.534378708;3059568.534378708;3059568.534378708
ALNS_b_reg;30;4086508.4131667838;4033222.2183965915;4033222.2183965915;4005954.3935603057;4005953.840228423;3779286.8371322704;3778023.569579501;3764722.764706351;3756640.405255921;3756492.8338256776;3756492.8338256776;3756458.985959523;3756454.7549762535;3756454.7549762535;3756454.7549762535;3756372.234734795;3755809.425973001;3755809.425973001;3755809.425973001;3755809.425973001;3755809.425973001;3755807.6571687134;3755807.6018935796;3754991.7803963437;3751958.7099204636;3751958.7099204636;3750998.427250136;3723078.984155537;3723078.270269578;3722589.778956773;3722589.778956773;3722589.778956773;3722351.0573121;3721934.700530443;3721934.700530443;3721934.700530443;3721934.700530443;3721934.700530443;3721934.700530443;3721934.700530443;3721934.700530443;3721781.3460720554;3720766.8473473396;3720766.8473473396;3380241.189214963;3380234.845753031;3380223.7446946497;3380223.7446946497;3380223.7446946497;3380223.7446946497;3380223.7446946497;3379129.8656732175;3379129.8656732175;3379001.2222562274;3378788.526135489;3378666.9854950667;3378666.9854950667;3378666.9854950667;3378666.9854950667;3378657.0541026206;3378657.0541026206;3377192.220810864;3373656.4163135216;3373656.4163135216;3373656.4163135216;3373656.4163135216;3373239.717272882;3168200.752517865;3168200.752517865;3168200.752517865;3168200.752517865;3168200.752517865;3139758.102207868;3139758.102207868;3139758.102207868;3139758.102207868;3139758.102207868;3139758.102207868;3139758.102207868;3139758.102207868;3139255.574149416;3139255.574149416;3138628.654411666;3138628.654411666;3138628.654411666;3137811.601840584;3137811.601840584;3137811.601840584;3137811.601840584;3137811.601840584;3137811.601840584;3137811.601840584;3137811.601840584;3137811.601840584;3137811.601840584;3118759.1521789646;3112993.279255055;3112993.279255055;3112748.1467428664;3111716.0098494417
ALNS_b_reg;31;5916989.182696264;4379930.576549261;4379930.576549261;4379930.576549261;4254042.233607169;4254042.233607169;4254042.233607169;4253533.242966746;4253533.242966746;4253533.242966746;4253533.242966746;4251403.774015719;4250339.039540205;4250339.039540205;4250339.039540205;4250339.039540205;4014075.938425105;3950468.1475107735;3950468.1475107735;3950468.1475107735;3833167.7697827;3833167.7697827;3833091.883763501;3833091.883763501;3830976.38160327;3830976.38160327;3830976.38160327;3830976.38160327;3830976.38160327;3830973.689921479;3829958.5525814383;3829738.1297420575;3829738.1297420575;3829136.650683983;3829136.650683983;3829136.650683983;3829136.650683983;3723730.7846331177;3677902.1472197007;3677899.633898684;3677765.062500391;3677477.2216392057;3677477.2216392057;3677477.2216392057;3677477.2216392057;3677477.2216392057;3677068.531954066;3676741.817472286;3590984.540312702;3590984.540312702;3590984.540312702;3590383.073596324;3590284.0042006797;3590284.0042006797;3590284.0042006797;3590005.5714221513;3589993.3703905456;3500041.1356531335;3095256.0793348765;3094975.9769423963;3094975.9769423963;3091714.4877341012;3091714.4877341012;3088629.0011233455;3087471.943644312;3087471.943644312;3087471.943644312;3083474.974056807;3083474.974056807;3083474.974056807;3083047.001737033;3082945.565291616;3082207.339698763;3082204.996895778;2981447.7155456343;2981447.7155456343;2981447.6428274903;2981447.415583291;2981447.415583291;2980540.695081475;2980092.633383052;2980092.633383052;2980092.633383052;2980092.633383052;2980092.633383052;2980092.633383052;2980092.633383052;2980092.633383052;2980092.633383052;2980092.633383052;2980092.633383052;2980092.633383052;2980092.633383052;2980092.633383052;2980092.633383052;2979662.9076409326;2978674.538434058;2978215.035617679;2974051.409465868;2972879.5281331707
ALNS_b_reg;32;5493649.060323822;5159689.660680733;5118700.891020768;5118683.46699071;4614997.723620369;4614997.723620369;4614997.723620369;4614246.8444025265;4554017.308347073;4554017.308347073;4554017.308347073;4554017.308347073;4554017.308347073;4415533.834338733;4366426.869946079;4366277.112048892;4366277.112048892;4366200.854210164;4366200.854210164;4366200.854210164;4362130.6256458815;4349452.984826358;4349452.984826358;4349452.984826358;4349452.984826358;4349452.984826358;4349452.984826358;4347968.81718784;4344209.292347815;4340473.967456101;4319556.148062511;4319556.148062511;4319556.148062511;4319556.148062511;4251728.3619855195;3999508.9144076393;3999508.9144076393;3999508.9144076393;3999467.585922174;3998826.6812210097;3998826.6812210097;3497572.235309252;3497136.8157962994;3497136.8157962994;3497136.8157962994;3497136.8157962994;3497135.0225230185;3495540.1047394117;3493485.565885482;3493478.0143923764;3493478.0143923764;3493478.0143923764;3493478.0143923764;3492261.002834746;3492261.002834746;3492261.002834746;3492261.002834746;3492261.002834746;3492261.002834746;3492261.002834746;3492261.002834746;3489352.151875543;3489352.151875543;3489352.151875543;3485068.740608942;3485068.740608942;3485064.662772178;3485064.662772178;3485064.662772178;3484842.748036782;3484715.9396165553;3484715.9396165553;2983079.0728813955;2983078.1622287487;2983078.1622287487;2983078.1622287487;2983078.1622287487;2983078.1622287487;2983078.1622287487;2983078.1622287487;2983078.1622287487;2983078.1622287487;2983078.1622287487;2983078.1622287487;2983078.1622287487;2983078.1622287487;2983078.1622287487;2983078.1622287487;2983078.1622287487;2983078.1622287487;2983078.1622287487;2982724.3636935283;2982326.372952082;2982326.372952082;2982038.5697851763;2982020.0018389244;2982020.0018389244;2982020.0018389244;2980775.4648267278;2980440.397169598
ALNS_b_reg;33;4852188.947994231;4852188.947994231;4852188.947994231;4852188.947994231;4852188.947994231;4852188.947994231;4851072.679451949;4294692.772879744;3948428.962940472;3946790.936632473;3946784.2628462287;3946784.2628462287;3946686.3190038153;3946375.209858941;3945747.698128803;3944048.0593608837;3944048.0593608837;3944048.0593608837;3934842.220980361;3913268.6928905942;3911345.050558137;3911345.050558137;3660588.0187411015;3443226.572763489;3443226.572763489;3443226.572763489;3443226.572763489;3441717.6980526117;3441712.012904653;3441712.012904653;3441712.012904653;3441712.012904653;3432571.0658250023;3398062.3920877664;3398056.0348467887;3398047.676553677;3398046.2919439618;3398019.774434523;3398013.935606561;3398013.935606561;3397177.8133147415;3397177.8133147415;3396642.1526717073;3396642.1526717073;3070425.995044399;3070425.995044399;3065190.8072167695;3064984.553565857;3064876.6670407644;3036938.183591475;3036938.183591475;3036938.183591475;3036938.04392294;3036885.559605189;3036288.5504907756;3036286.9327767952;3035687.368990911;3035687.368990911;3035687.368990911;3035687.368990911;3035687.3688956187;3035205.253560658;3035205.253560658;3035205.253560658;3035205.253560658;3032269.772701319;3032269.772701319;3031789.320984016;3031789.320984016;3031789.320984016;3031789.320984016;3029751.069459775;3029751.069459775;3029751.069459775;3029751.069459775;3029674.235789289;2884494.053279699;2882247.5579023985;2864952.218162597;2848412.6834519017;2848412.6834519017;2848412.6834519017;2848145.2848831895;2848145.2848831895;2848145.2848831895;2847392.091951078;2846511.666678642;2845562.3823095486;2845558.9909125394;2845558.9909125394;2845558.9909125394;2845558.9909125394;2845558.9909125394;2845558.9909125394;2845558.9909125394;2843796.032494917;2843517.7079163184;2843517.7079163184;2843517.7079163184;2843517.7079163184
ALNS_b_reg;34;4225899.756900173;4225899.756900173;4225899.756900173;4225899.756900173;4171853.852143118;4012560.277962875;4012560.277962875;4011829.2463152073;4011555.1094473316;4011555.1094473316;4011555.1094473316;4011353.0633911733;4011353.0633911733;4011353.0633911733;4011353.0633911733;4009464.980861468;4009464.980861468;4009464.980861468;4009464.980861468;4009464.980861468;4009464.980861468;4009464.980861468;4009464.9808614664;3819366.3842246477;3819366.3842246477;3819366.3842246477;3819360.257166664;3818929.030998827;3818929.030998827;3818929.030998827;3818929.030998827;3818929.030998827;3818929.030998827;3818929.030998827;3818929.030998827;3818651.159661753;3818651.159661753;3818651.159661753;3818651.159661753;3818651.159661753;3818651.1201998168;3818651.1201998168;3818651.1201998168;3818651.1201998168;3796629.5810321285;3796629.5810321285;3796629.5810321285;3794805.7268535066;3794666.3420191663;3794382.066606829;3794382.066606829;3794382.066606829;3794228.4921405544;3740635.3457153803;3738812.707061116;3738812.707061116;3334674.341821642;3244865.8162128837;3244865.8162128837;3244865.8162128837;3243246.0032152305;3243246.0032152305;3243246.0032152305;3243246.0032152305;3243246.0032152305;3243246.0032152305;3243244.0384999136;3242100.704140291;3242100.704140291;3242100.704140291;3240231.0359356785;3240231.0359356785;3240231.0359356785;3240231.0359356785;3240231.0359356785;3240231.0359356785;3240231.0359356785;3240231.0359356785;3240231.0359356785;3240231.0359356785;3240231.0359356785;3240231.0359356785;3240231.0359356785;3240231.0359356785;3240231.0359356785;3228793.327357157;3214238.246339008;3213769.432017386;3212453.951258433;3212453.951258433;3212453.951258433;3211965.789441716;3211379.995261655;3211379.995261655;3211379.995261655;3211379.995261655;3211379.995261655;3211379.995261655;3211377.075495034;3211377.075495034
ALNS_b_reg;35;6131628.305782325;6130982.687734555;6130962.5121705625;6130962.5121705625;5735770.917752843;5735770.917752843;5732273.841889959;4579753.436115898;4579753.436115898;4557992.900215627;4057028.1901836903;3812616.0003251997;3812616.0003251997;3812616.0003251997;3812334.9506001156;3812334.9506001156;3812334.9506001156;3812334.9506001156;3812334.9506001156;3812334.9506001156;3812151.292782796;3577228.2340370966;3517885.3584293416;3517334.671154904;3517334.671154904;3517334.671154904;3517334.671154904;3517334.671154904;3517334.671154904;3517334.671154904;3517334.671154904;3517334.671154904;3517334.671154904;3517334.671154904;3517334.059520357;3517334.040406777;3513934.377735285;3513934.377735285;3513934.377735285;3513934.377735285;3512417.266286182;3512008.8132037316;3511736.015265713;3510492.3461964326;3510492.3461964326;3510492.3461964326;3510453.88743492;3510428.8892399366;3510428.8892399366;3267509.531466133;3267063.151162191;3266753.015431981;3266753.015431981;3147653.9664028543;3080004.4841341665;3080004.4841341665;3073444.9560251096;3073444.9560251096;3073444.9560251096;3072036.0373018486;3072036.0373018486;3069847.3251388134;3069847.3251388134;3069803.6088301493;3069398.7567310594;3069398.7567310594;3069391.1494334093;3069381.1117853564;3069381.1117853564;3069381.1117853564;3069381.1117853564;3069381.1117853564;3069381.1117853564;3069381.1117853564;3069381.1117853564;3069381.1117853564;3068564.476043177;3068564.476043177;3068564.476043177;3068561.376863835;3068559.3623972624;3068559.3623972624;3068559.3623972624;3068559.3623972624;3068559.3623972624;3067851.178510668;3067459.26282147;3067287.4007208096;3067287.4007208096;3067287.4007208096;3067287.4007208096;3067287.4007208096;3067287.4007208096;3067287.4007208096;3067287.4007208096;3067287.4007208096;3067287.4007208096;2988361.2524503386;2988135.327881612;2988135.327881612
ALNS_b_reg;36;5887093.205290266;5563449.8696351675;5563449.8696351675;5563449.8696351675;5434096.892208205;5433624.2864987515;5356665.203937933;5224050.034692261;5215735.189930649;5215735.189930649;5201254.075178156;5195028.944513477;5195028.944513477;4793169.223058129;4792909.662880555;4792909.662880555;4792909.662880555;4792909.662880555;4792908.282144317;4792908.144070693;4617505.1959209405;4535906.230617549;4535523.932214323;4535523.932214323;4508466.39463588;4507313.804856097;4507313.804856097;4507313.804856097;4507300.847102131;4507299.915222416;4507299.915222416;4507299.915222416;4507299.915222416;4506999.190631128;4506999.190631128;4506999.190631128;4506999.190631128;4506999.149506651;4506998.738261878;4506998.738261878;4506998.738261878;4506998.738261878;4504727.868043545;4504727.868043545;4504727.868043545;4504653.06612523;4504224.077285266;4504032.81307044;4504032.81307044;4471886.960829874;4471886.960829874;4471872.361198084;4471435.199867213;4471435.199867213;4471435.199867213;4471435.199867213;4471435.199867213;4471165.976268238;4471157.731154572;4470906.152560218;4468499.416050758;4468494.913515072;4468494.913515072;4468494.913515072;4468494.913515072;4234169.09423719;4146296.912007992;4146296.912007992;4146295.1715179286;4146295.1715179286;4146295.1715179286;4145970.6776678264;4145970.6776678264;4145970.6776678264;4145970.6776678264;4145970.6776678264;4144325.448571759;4144325.448571759;4140894.0958135854;4140875.7418468725;4140874.0058328453;4140874.0058328453;4140874.0058328453;4140874.0058328453;4140874.0058328453;4140874.0058328453;4140874.0058328453;4140874.0058328453;4140874.0058328453;4140874.0058328453;4140874.0058328453;4140874.0058328453;4139820.018660612;4139354.2155894926;4139354.2155894926;4138548.348150613;4138317.2933039963;4137277.546494222;4137277.546494222;4010580.513766067
ALNS_b_reg;37;4789405.787281102;4789405.448438052;4785924.447343097;4767747.961737322;4767747.961737322;4767739.293905692;4767727.530419909;4767727.530419909;4767399.180228688;4767399.180228688;4767399.180228688;4767034.4698766265;4763956.777052601;4726150.689653829;4725835.521542985;4724990.499973414;4720578.667223803;4719887.156880795;4719887.156880795;4719593.0115057975;4719571.782441201;4719297.765466756;4719297.765466756;4667930.676447036;4667930.676447036;4667930.676447036;4667930.676447036;4660724.526054406;4660724.526054406;4660724.526054406;4660724.526054406;4660724.526054406;4660724.526054406;4660724.526054406;4660724.526054406;4659518.196865013;4659480.499077844;4658985.728880165;4658981.173438552;4658974.991053505;4658308.653154721;4657706.453055228;4657706.453055228;4657706.453055228;4657706.453055228;4657706.453055228;4657706.453055228;4657706.453055228;4657706.453055228;4657377.562893271;4657061.279494015;4656401.784033294;4656401.784033294;4656401.784033294;4656401.784033294;4656401.784033294;4656401.784033294;4639109.790570492;4629228.6514488915;4629228.6514488915;4629228.6514488915;4629228.6514488915;4629228.6514488915;4629228.6514488915;4629228.6514488915;4629228.6514488915;4629227.516818778;4629227.516818778;4625809.731295268;4625702.925497659;3722910.212227993;3722910.212227993;3722910.212227993;3722910.212227993;3722910.212227993;3722910.212227993;3722910.212227993;3722910.212227993;3722910.212227993;3722910.212227993;3722910.212227993;3722717.1673085545;3722202.3808567175;3721114.7488242676;3721114.7488242676;3721114.7488242676;3721114.7488242676;3720920.1016458105;3720044.1893427535;3720044.1893427535;3720043.289355341;3718556.70495242;3718556.70495242;3718556.70495242;3718556.70495242;3718556.70495242;3718556.70495242;3718556.70495242;3718556.70495242;3718556.70495242
ALNS_b_reg;38;4091174.745655917;4089386.995279754;4089386.995279754;4089386.995279754;4088185.7618006705;4087632.557623157;4087632.557623157;4087632.557623157;4087624.784820286;4087623.911471649;4087623.911471649;4087623.911471649;4087623.911471649;4085436.2302783993;4085436.2302783993;4085434.7300562016;4085434.7300562016;4085434.7300562016;4085374.2600597106;4085213.0067357346;4085213.0067357346;4012785.4141555824;3937316.054422591;3937316.054422591;3937315.929789278;3937315.929789278;3937315.929789278;3937315.929789278;3937315.929789278;3937315.929789278;3937187.3259325544;3935254.8032371514;3930805.1388465776;3905686.2686087075;3905465.7245174507;3904559.490315815;3904195.702752547;3903692.974826039;3717145.1288601477;3717145.1288601477;3717145.1288601477;3502779.8199602785;3502779.017574419;3502405.8638272737;3502405.8638272737;3502405.8638272737;3502132.5203534774;3502079.7775940346;3479821.619048042;3479028.2275263937;3479028.2275263937;3477684.4618624444;3476636.9474078096;3476636.9474078096;3476036.8154821834;3476036.8154821834;3476036.8154821834;3476036.8154821834;3476036.8154821834;3476034.1101353476;3474164.998929868;3474164.998929868;3474164.998929868;3474164.998929868;3474164.998929868;3474164.998929868;3436324.6936460873;3436324.6936460873;3436324.6936460873;3436324.6936460873;3436324.6936460873;3268553.002050444;2961770.4802755835;2961770.4802755835;2961770.4802755835;2961770.4802755835;2961770.4802755835;2961770.4802755835;2961770.4802755835;2960891.3224296332;2960891.166240014;2960891.1646462423;2960891.1646462423;2960891.1646462423;2960891.1646462423;2960891.1646462423;2960891.1646462423;2958585.2762123453;2941059.3831601334;2940482.7684323345;2940482.7684323345;2940479.759723185;2940479.759723185;2940479.759723185;2939753.360326159;2939753.360326159;2939753.360326159;2939753.360326159;2937800.2257308275;2935520.351243025
ALNS_b_reg;39;5778225.961887231;5778225.682918123;5777622.878784421;5777622.878784421;5777622.878784421;5777334.965942469;5777334.965942469;5777334.965942469;5268737.189965456;5268737.189965456;4297582.061316782;4297582.061316782;4212334.734818842;4212334.734818842;4212334.734818842;4212334.734818842;4212334.734818842;4212334.734818842;4212334.734818842;4212334.734818842;4212334.734818842;4212102.641580562;4211551.506331057;4211396.251347798;4211396.251347798;4211396.251347798;4211396.251347798;4211396.251347798;4208277.9628709825;3875544.8201253195;3875544.8201253195;3875544.8201253195;3875265.7127046655;3875265.7127046655;3875265.7127046655;3875265.7127046655;3875265.7127046655;3875265.7127046655;3875265.7127046655;3875265.7127046655;3875265.7127046655;3875265.7127046655;3875265.7127046655;3874474.0105936597;3874431.8987792446;3874431.8987792446;3873091.6522845887;3872274.374148063;3872274.374148063;3872274.374148063;3872274.374148063;3872272.9432323603;3869472.588029956;3869472.588029956;3869472.588029956;3752616.328451305;3752550.431760427;3752550.431760427;3752550.431760427;3749635.0568715422;3749635.0568715422;3722638.1635667016;3722638.1635667016;3722638.1635667016;3722638.1635667016;3722297.247831346;3721963.1504106973;3721963.1504106973;3721963.1504106973;3721963.1504106973;3690414.090960086;3690414.090960086;3690414.090960086;3690414.090960086;3690414.090960086;3690414.090960086;3690414.090960086;3690414.090960086;3690414.090960086;3690011.8804823277;3690011.8804823277;3690011.8804823277;3687715.0938091166;3687715.0938091166;3687715.0938091166;3687715.0938091166;3687715.0938091166;3687715.0938091166;3687715.0938091166;3687715.0938091166;3687715.0938091166;3687496.6082188464;3687406.0927600204;3687406.0927600204;3687406.0927600204;3687406.0927600204;3687406.0927600204;3687404.5698001957;3687403.8424163987;3687403.8424163987
ALNS_b_reg;40;4018466.8612656984;4018027.852788704;4018027.852788704;4018027.852788704;4018027.852788704;4018026.04820879;4018026.04820879;3243692.4234077833;3243679.3642797796;3243679.3642797796;3243679.3642797796;3243679.3642797796;3243679.3642797796;3203034.055439075;3197953.391833987;3195810.5439714277;3195810.5439714277;3194333.7804836077;3194194.0702796844;3194194.0702796844;3194194.0702796844;3194194.0702796844;3194194.0702796844;3194194.0702796844;3194194.0702796844;3194194.0702796844;3194194.0702796844;3193565.9119552933;3193460.2318740776;3192803.3228704357;3192372.9705886585;3192372.9705886585;3192372.9705886585;3192372.9705886585;3192372.9705886585;3183825.983274787;3180763.4892708263;3180763.4892708263;3178954.3569330527;3176397.8095640615;3176397.8095640615;3176397.8095640615;3176397.8095640615;3176397.8095640615;3176385.0507586454;3174969.547424467;3174969.547424467;3174848.5336998054;3174697.2665439784;3174697.2665439784;3173412.7997213053;3173412.7997213053;3172684.7303464995;3172684.7303464995;3172684.7303464995;3172684.7303464995;3172684.7303464995;3172679.9216409833;3172670.2279031416;3172670.2279031416;3172670.2279031416;3172051.0873448313;3172051.0873448313;3172051.0873448313;3171779.358156546;3171740.1490354706;3171152.2343030698;3171056.654624483;3171056.654624483;3170549.3027450345;3170549.3027450345;3170291.458731797;3170291.458731797;3170291.458731797;3170291.458731797;3170291.458731797;3169290.8740166854;3169165.8009272967;3169165.8009272967;3169165.8009272967;3168891.826919275;3168876.8496992206;3167226.9630027264;3167226.9630027264;3140478.909816927;3140478.909816927;3140478.909816927;3140478.909816927;3140478.909816927;3140478.909816927;3140478.909816927;3140478.909816927;3140222.0448406665;3139680.7646061457;3139400.89968595;3139400.89968595;3139400.89968595;3139400.252190329;3139399.734193832;3139399.734193832
ALNS_b_reg;41;5373468.496754392;4111381.999947543;4111381.999947543;4111381.999947543;4111381.999947543;3579591.5762838405;3570278.5642113476;3551270.52523404;3551237.7902215347;3551230.515774311;3551230.515774311;3551230.515774311;3549378.553072396;3549377.278883294;3549375.749856372;3548289.421157025;3548289.421157025;3548289.421157025;3548289.421157025;3548035.0141214738;2817878.488207648;2817878.488207648;2817878.488207648;2815458.8797373236;2815458.8797373236;2815458.1841140077;2815455.053809087;2815317.55385583;2815295.907403515;2815285.936918825;2805831.1021534516;2803741.684569362;2802000.5032492876;2799961.4459408647;2774394.737760713;2774394.737760713;2774394.737760713;2774394.737760713;2774394.737760713;2773556.392212275;2771663.121640696;2771663.121640696;2771663.121640696;2771641.892576099;2771641.892576099;2771641.892576099;2771641.892576099;2771638.6066900166;2771623.820202647;2771623.820202647;2748378.365667422;2748349.5004969724;2748060.848792478;2748037.5074166264;2746320.5100908703;2745864.5359129705;2743145.322821999;2743145.322821999;2743145.322821999;2743144.594456909;2743144.594456909;2743144.594456909;2743144.594456909;2743144.594456909;2743144.594456909;2742836.3809904433;2741935.1527814744;2741935.1527814744;2741572.9091205;2741572.9091205;2741572.9091205;2741572.9091205;2740688.784065447;2740688.784065447;2740688.784065447;2738138.0330059957;2736012.40712312;2736012.40712312;2736012.40712312;2736012.40712312;2736012.40712312;2735769.6411213726;2735350.1598369894;2735124.32858887;2735124.32858887;2735124.32858887;2735124.32858887;2735124.32858887;2735122.5249015344;2735122.5249015344;2735122.5249015344;2735122.5249015344;2735122.5249015344;2735122.5249015344;2735122.5249015344;2733974.3595203566;2733974.3595203566;2733533.584688334;2733533.584688334;2716148.214912055
ALNS_b_reg;42;5904260.684839415;5770108.473227564;5770108.473227564;5770108.473227564;5687765.591035712;5576014.536632483;5576014.536632483;5383974.563624415;5383974.563624415;5383974.563624415;5329707.875663214;5111316.904883413;5002121.419493512;5002121.419493512;4997515.279793381;4933634.114756754;4933634.114756754;4933634.114756754;4933634.114756754;4836346.987418857;4744978.179140518;4744978.179140518;4744978.179140518;4744978.179140518;4744978.179140518;4744978.179140518;4744978.179140518;4744436.481708303;4744436.481708303;4648274.874045156;4648274.874045156;4648274.874045156;4648274.874045156;4648274.874045156;4648034.549295114;4621765.958921212;4615845.570358333;4553843.271060943;4553110.438498917;4553110.438498917;4553110.438498917;4553110.438498917;4553106.164358237;4553106.164358237;4552690.371492943;4552482.475060296;4552482.475060296;4552482.475060296;4552482.475060296;4552482.475060296;4552482.475060296;4552482.475060296;4552482.475060296;4552482.475060296;4552482.475060296;4552482.475060296;4552482.475060296;4552482.475060296;4552482.475060296;4552366.48822525;4550551.607166698;4550551.607166698;4550551.607166698;4550551.607166698;4550551.607166698;4550551.607166698;4389805.467219776;4389805.467219776;4389805.467219776;4389805.467219776;4388669.477183759;4388669.477183759;4388175.274774015;4245866.193116233;3801150.312935699;3801150.312935699;3801150.312935699;3771447.4042595513;3770440.637833472;3770440.637833472;3770440.637833472;3770256.977219631;3770238.195378936;3770238.195378936;3770238.195378936;3638610.0752593083;3638306.610559915;3635739.934849242;3635739.934849242;3634213.0701790843;3628307.406303916;3623383.206111488;3623383.206111488;3623383.206111488;3623383.206111488;3623383.206111488;3622496.4714574106;3622496.4714574106;3622472.5316927023;3622472.5316927023
ALNS_b_reg;43;4957870.159982249;4338836.533038461;4338836.533038461;4338836.533038461;4338836.533038461;4338543.397240115;4338482.101678455;4338209.704100529;4338205.439008837;4306634.250581374;4304486.090871194;4304486.090871194;4303882.627438203;4301167.041989743;4301152.661984262;4300832.941426611;4300432.334992186;4300432.334992186;4300432.334992186;4300432.334992186;4300432.334992186;4300432.334992186;4300121.660144878;4299978.957322396;4299844.64878359;4299844.64878359;4299844.64878359;4299664.478774966;4299664.478774966;4299664.478774966;4299664.478774966;4299664.478774966;4299658.118024987;4299121.337766933;4297976.020944171;4297976.020944171;4297141.415749391;3937138.8007731144;3937138.8007731144;3937138.8007731144;3936622.278552096;3936588.954537837;3642528.795186925;3492926.210446397;3492926.210446397;3492926.210446397;3468254.3514557765;3468254.3514557765;3468254.3514557765;3468254.3514557765;3456927.422968691;3439061.463216231;3439061.463216231;3439061.463216231;3439061.463216231;3439039.0720495586;3330420.0026599583;3330299.27730244;3330299.27730244;3329196.438844372;3329196.438844372;3328968.0761313145;3328895.000063136;3328895.000063136;3326546.0061724302;2930081.9694596315;2930081.9694596315;2928850.439628658;2928850.439628658;2928850.439628658;2928740.6173601947;2928731.1416698624;2928731.1416698624;2928731.1416698624;2920051.436416273;2920051.436416273;2913522.317826152;2913522.317826152;2913522.317826152;2913522.317826152;2913522.317826152;2913522.317826152;2912706.543752838;2912706.543752838;2912706.543752838;2912683.047879449;2912512.702797381;2912512.702797381;2912512.702797381;2912512.702797381;2912500.424971939;2911480.881055504;2911480.881055504;2911314.562962299;2911297.931152979;2911133.5250454154;2908066.9164327136;2908066.9164327136;2907455.960137346;2907455.960137346
ALNS_b_reg;44;7092679.962584873;5492985.717347251;5492985.717347251;5492985.717347251;5284935.220261338;5260822.355849325;5260198.888382546;5253296.478850462;5230403.321718829;5230403.321718829;5230403.321718829;5230403.321718829;5230403.038886122;5230403.038886122;5230403.038886122;5229177.040858462;5229177.040858462;5229177.040858462;5229177.040858462;4848831.53152263;4848831.53152263;4848831.53152263;4848831.53152263;4848831.53152263;4848831.53152263;4848694.604688958;4848338.410634471;4847191.131396544;4847191.131396544;4846967.011178288;4846967.011178288;3910372.238483653;3910359.5780033697;3910359.5780033697;3910359.5780033697;3910358.320993485;3910358.320993485;3910358.320993485;3824357.596445116;3824357.596445116;3824357.596445116;3824357.596445116;3824357.596445116;3824357.596445116;3824357.596445116;3824357.596445116;3818008.451104268;3745778.2529587033;3715930.9707880933;3715930.9707880933;3715930.9707880933;3715930.9707880933;3715930.9707880933;3715930.9707880933;3715930.9707880933;3715930.9707880933;3715930.9707880933;3715930.9707880933;3715930.9707880933;3715930.9707880933;3715930.9707880933;3715930.9707880933;3715360.3995225145;3714950.1181828664;3714950.1181828664;3714950.1181828664;3714950.1181828664;3714950.1181828664;3714944.6700193887;3714943.7726748157;3714943.7726748157;3714943.7726748157;3714943.7726748157;3714943.7726748157;3714943.7726748157;3714943.7726748157;3714943.7726748157;3714943.7726748157;3713170.106943579;3710684.494065292;3698748.715265237;3698748.715265237;3698748.715265237;3698748.715265237;3698748.715265237;3698748.715265237;3698748.715265237;3695411.601436852;3695325.171397954;3695027.220306582;3695027.220306582;3695027.220306582;3695027.220306582;3695027.220306582;3693943.381646782;3693943.381646782;3693943.381646782;3693943.381646782;3692010.4765747986;3692010.4765747986
ALNS_b_reg;45;5217491.004241929;5217491.004241929;3854691.516737964;3854139.2241851157;3854139.2241851157;3854139.2241851157;3347138.384034927;3346839.155863867;3346252.067733133;3345958.5236677662;3345958.5236677662;3345958.5236677662;3344323.187795252;3344316.8493526266;3344316.8493526266;3344316.8493526266;3344316.8493526266;3342702.8604671205;3342702.8604671205;3342702.8604671205;3342702.8604671205;3342702.8604671205;3342702.8604671205;3342702.8604671205;3320154.914171247;3313722.115010739;3313722.115010739;3313722.115010739;3313545.895962649;3292179.7111381316;3292168.0417890437;3292168.0417890437;3292168.0417890437;3292168.0417890428;3260476.760903503;3260472.548392139;3260472.548392139;3259639.54203322;3259639.54203322;3258372.764915313;3258372.764915313;3258309.1216673376;3258309.1216673376;3250039.856334346;3233501.3256683634;3233233.720476481;3232450.1038248143;3231687.5683227577;3231687.5683227577;3231339.506270101;3231339.506270101;3231187.93608741;3231187.93608741;3231187.93608741;3231187.93608741;3231187.93608741;3231187.93608741;3231022.6905943234;3231022.6905943234;3231022.6905943234;3231022.6905943234;3231022.6905943234;3231022.6905943234;3228548.7436620416;3228548.7436620416;3227592.096536122;3227592.096536122;3227590.1424625;3227590.1424625;3227590.1424625;3227590.1424625;3227578.2389991754;3226889.453265665;3226124.364276397;3226124.364276397;3225828.7900177343;3225828.7900177343;3225828.7900177343;3225613.1765438863;3225613.1765438863;3225299.8218870093;3225299.8218870093;3225299.8218870093;3225299.8218870093;3225289.891603199;3225289.891603199;3225289.891603199;3224894.6703873095;3224771.805521088;3224771.805521088;3224771.805521088;3224771.805521088;3224771.805521088;3224771.805521088;3224484.657649427;3222382.279367181;3201456.9804957053;3201456.9804957053;3201456.9804957053;3201456.9804957053
ALNS_b_reg;46;3817219.4262680593;3796027.8078353647;3796027.8078353647;3793676.7879608553;3793545.0824004305;3792990.532672327;3791611.7262376724;3785151.9840448415;3785151.9840448415;3695133.3373884447;3695133.3373884447;3691507.7518375986;3690471.8702516425;3690430.2011390342;3690430.2011390342;3667890.0705245957;3667185.6914428947;3558949.989282018;3558949.989282018;3558949.989282018;3558810.86875608;3558810.86875608;3558810.86875608;3310752.7398905642;3310470.75359605;3310470.75359605;3310470.75359605;3310470.75359605;3310470.75359605;3310470.233144425;3310467.073259557;3310466.7944088024;3310466.6950920955;3310466.6950920955;3310192.677325159;3310192.677325159;3309876.8272389956;3309758.3834566846;3309758.3834566846;3309591.725140067;3308378.693807535;3308378.275474607;3308378.275474607;3308378.275474607;3307785.7702996437;3303045.728899937;3295154.668096619;3194365.205754902;3194365.205754902;3194353.198073271;3165952.096909755;2916963.9261286138;2915336.601512831;2915336.601512831;2915336.601512831;2915336.601512831;2915336.601512831;2915335.9641340394;2915335.2869190727;2915335.2869190727;2915335.2869190727;2915335.2869190727;2915335.2869190727;2915335.2869190727;2913599.1866836385;2910686.010113709;2910426.94482248;2910426.94482248;2910426.94482248;2910426.94482248;2910426.94482248;2910426.94482248;2910426.94482248;2910426.94482248;2910426.94482248;2910426.94482248;2910426.94482248;2910025.2673574956;2909523.1705262647;2909523.1705262647;2909523.1705262647;2909523.1705262647;2909523.1705262647;2909523.1705262647;2909523.1705262647;2909523.1705262647;2909523.1705262647;2909523.1705262647;2909523.1705262647;2909495.9848909536;2908177.481578377;2908177.481578377;2908177.481578377;2908177.481578377;2908177.481578377;2907748.87311206;2907748.87311206;2907748.87311206;2907748.87311206;2906915.538896882
ALNS_b_reg;47;7703300.903680936;7703300.903680936;7703300.903680936;7703300.903680936;7703299.769797096;7703022.551013436;7364374.228843353;7363558.230514622;7101317.031883159;6973849.279443903;6973849.279443903;6973849.279443903;6973849.279443903;6973849.279443903;6973849.279443903;6973849.279443903;6973849.279443903;6973849.279443903;6973465.994593416;6973465.994593416;6973050.67245711;6973050.67245711;6972628.611658005;6972628.611658005;6964322.116593467;6830152.1581228385;6830152.1581228385;6830152.1581228385;6830034.860586569;6828485.412719075;6828485.412719075;6828334.0450727325;6826612.238095589;6826612.238095589;6826612.238095589;6819334.516334525;6817212.10904378;6817212.10904378;6322260.847835216;5980903.399006056;5980903.399006056;5980903.399006056;5956918.103401039;5901751.923509499;5717225.03047089;5694159.168841067;5693869.249267425;5693869.249267425;5693869.249267425;5693869.249267425;5445232.0827863645;5445232.0827863645;5445232.0827863645;5412418.501264104;5412418.501264104;5397579.200936039;5278554.347416779;4601836.903137186;4304715.607676564;4304715.607676564;4272066.787714591;4271804.409517149;4203152.249350958;4203152.249350958;4202869.312909899;4202869.312909899;4202860.679708838;4202674.509924448;4202563.408601505;4175464.4722271045;4175462.2610857077;4175462.2610857077;4148966.234931194;4122927.0077666435;4081127.195739343;4081127.195739343;4081111.1753605204;4080809.176549162;4080567.5775000746;4080567.5775000746;4080567.5775000746;4080300.0444606678;4080300.0444606678;4080171.7448530677;4079890.313455752;4079230.8056884995;4079156.7036921787;4079156.7036921787;4079156.7036921787;4079006.4892388326;4077307.4266480813;4077306.713818528;4077306.713818528;4074153.35339234;4074153.35339234;4074153.35339234;4074145.546195157;4074145.546195157;4074145.546195157;4073546.169742873
ALNS_b_reg;48;6145806.375658696;4829441.483317894;4829441.483317894;4829441.483317894;4820070.863708195;4797916.547734057;4797916.547734057;4797916.547734057;4797916.547734057;4797916.547734057;4774065.048102286;4774065.048102286;4774065.048102286;4774065.048102286;4774065.048102286;4774065.048102286;4774065.048102286;4774065.048102286;4774065.048102286;4774065.048102286;4774065.048102286;4774065.048102286;4765326.399630508;4704539.703567938;4704539.703567938;4704539.703567938;4704539.703567938;4704539.703567938;4704539.703567938;4704539.703567938;4704539.703567938;4704539.703567938;4704539.703567938;4704265.402551395;4704265.402551395;4704265.402551395;4700907.103781254;4700907.103781254;4700150.445799654;4698817.344621028;4698817.344621028;4698817.344621028;4698817.344621028;4698637.0808660025;4697905.126438706;4697905.126438706;4697905.126438706;4697905.126438706;4697905.126438706;4697138.381367855;4697138.381367855;4697138.381367855;4697138.381367855;4696866.625468821;4696866.625468821;4696866.625468821;4696866.625468821;4696866.625468821;4696866.625468821;4396799.881847172;4248791.771501045;4248791.771501045;3768119.0647174064;3768119.0647174064;3768119.0647174064;3768119.0647174064;3768119.0647174064;3768119.0647174064;3278103.821705497;3033096.200199582;3033096.200199582;3033096.200199582;3033096.200199582;3033096.200199582;2930473.416863947;2879363.376521762;2879363.376521762;2879363.376521762;2879363.376521762;2879363.376521762;2879363.376521762;2879363.376521762;2879363.376521762;2879363.376521762;2879363.376521762;2879363.376521762;2879363.376521762;2879363.376521762;2879363.376521762;2878326.9280504943;2877814.934528189;2877814.934528189;2876869.2593406686;2855182.7844183207;2855076.4691577298;2854863.8386365483;2854863.8386365483;2854863.8386365483;2854863.8386365483;2854863.8386365483
ALNS_b_reg;49;3584341.5155332587;3584341.5155332587;3584341.5155332587;3584057.3208298986;3551681.851699527;3551681.851699527;3551681.851699527;3551681.851699527;3551681.8514167396;3550429.6138749057;3550429.6138749057;3550429.6138749057;3550429.6138749057;3549621.1266686018;3549621.1266686018;3549621.1266686018;3549621.1266686018;3549621.1266686018;3549621.1266686018;3549621.1266686018;3549621.1266686018;3549621.1266686018;3549347.159250904;3156751.1178645473;3155795.8326119226;3155782.559940435;3155782.559940435;3155782.559940435;3155782.559940435;3155782.559940435;3153337.773381819;3153337.773381819;3153337.773381819;3153337.773381819;3153337.773381819;3153337.773381819;3153337.773381819;3153333.4453800158;3152844.0890610684;3152836.7164555136;3152836.7164555136;3152826.7643906423;3152822.450070299;3152822.450070299;3152822.450070299;3152822.450070299;3152808.82304909;3152792.3602467747;3152720.8925085813;3152720.8925085813;3152720.8925085813;3152720.8925085813;3152720.8925085813;3152720.8925085813;3152720.8925085813;3152720.8925085813;3152720.8925085813;3152434.1181561556;3152434.1181561556;3151781.476222536;3151573.5058708335;3151573.5058708335;3151573.5058708335;3151573.5058708335;3151561.687624151;3151215.436406502;3151215.436406502;3149693.740051228;3146827.271480916;3146827.271480916;3146819.6435221154;3146809.2912923144;3146796.833357766;3146796.833357766;3146796.833357766;3145963.1559454687;3144854.391318513;3144854.391318513;3144823.9876644965;2980502.2038562763;2957837.130227555;2957837.130227555;2957837.130227555;2957837.130227555;2957837.130227555;2957837.130227555;2957837.130227555;2957837.130227555;2957837.130227555;2957837.130227555;2957837.130227555;2957837.130227555;2957407.5400931896;2957270.0712501924;2956897.0951429056;2956885.439639553;2955834.5977955256;2955828.230308875;2955826.5159855457;2955826.5159855457
ALNS_b_reg;50;5155130.474133281;4841275.149458935;4841275.149458935;4841275.149458935;4841275.149458935;4841275.149458935;4841208.030025363;4840281.666839124;4840281.666839124;4840281.666839124;4837767.261479155;4638680.078121528;4638680.078121528;4531952.671439539;4531915.502332074;4531915.502332074;4531915.502332074;4450125.747892192;4446187.898605701;4446187.898605701;4446187.898605701;4445092.683495746;4420941.953767223;4397714.248970132;4397714.248970132;4397714.248970132;4397714.248970132;4397311.135906934;4397311.135906934;4397311.135906934;4393696.224995398;4393696.224995398;4376403.340254647;4375529.344375322;4347632.913260518;4347632.913260518;4347632.913260518;4347632.913260518;4342787.8478418;4342255.973641383;4342255.973641383;4342120.888753699;4341838.054770109;4341516.717333861;4341516.717333861;4341516.717333861;4341516.717333861;4341516.717333861;4341516.717333861;4341516.717333861;4341516.717333861;4341512.306792871;4341512.306792871;4337274.220732715;4337274.220732715;4337274.220732715;4313098.625743293;4310165.027645394;4310165.027645394;4310165.027645394;4310165.027645394;4310165.027645394;4310165.027645394;4310165.027645394;4310165.027645394;4293392.05184028;4292301.981389847;4292301.981389847;4152899.1360504604;4151930.038275693;4151930.038275693;4151930.038275693;4151915.5751734893;4151915.5751734893;4151915.5751734893;4151915.5751734893;4151915.5751734893;4151915.5751734893;4151889.353140183;4151742.509753666;4151272.675771733;4151272.675771733;4150716.6469405307;4149840.0646330453;3857809.68869169;3409396.7452714522;3409396.7452714522;3400327.7922158996;3391806.3749695946;3391806.3749695946;3391806.3749695946;3391806.3749695946;3388584.7152559604;3388584.7152559604;3387579.711221742;3387299.1725759106;3387298.311315967;3387298.311315967;3387298.311315967;3387298.311315967
ALNS_b_reg;1;340775.07276199723;337115.31167054165;337115.31167054165;337115.31167054165;334621.8699757221;333174.3419570705;332711.132991102;332711.132991102;332483.7798079053;332483.7798079053;332483.7798079053;332483.7798079053;332483.7798079053;332483.7798079053;332483.7798079053;332483.7798079053;328966.58273227065;328966.58273227065;326934.88543796656;326934.88543796656;323762.9649541887;323688.79302928114;320742.97349668486;320742.97349668486;320350.70278111595;313995.7859322058;313978.8607301636;313978.8607301636;313978.8607301636;313978.8607301636;313978.8607301636;313772.70885335363;313231.2909202247;313231.2909202247;313231.2909202247;313231.2909202247;313231.2909202247;313231.2909202247;313231.2909202247;313231.2909202247;313231.2909202247;313229.30199780944;313221.91457169555;313221.91457169555;313221.91457169555;313221.5901714171;311275.88979384204;308875.013929695;308875.013929695;308872.01301251247;308872.01301251247;308872.01301251247;306110.7601109447;306110.7601109447;306110.7601109447;306110.7601109447;306110.7601109447;306110.7601109447;306110.7601109447;306110.7601109447;306110.7601109447;306110.7601109447;306110.7601109447;305154.8040080121;304592.6469441682;304592.6469441682;301679.91618131415;300329.87869977887;300329.87869977887;300328.51871176565;299236.38455859607;298526.4973590362;298526.4973590362;298526.4973590362;298526.4973590362;298526.4973590362;298526.4973590362;298526.4973590362;298526.4973590362;298526.4973590362;298526.4973590362;298526.4973590362;298526.4973590362;298079.89529722044;298079.89529722044;298079.89529722044;298079.89529722044;297642.03370765457;297642.03370765457;297642.03370765457;297642.03370765457;297642.03370765457;297642.03370765457;297642.03370765457;297642.03370765457;297642.03370765457;297642.03370765457;297642.03370765457;297642.03370765457;297642.03370765457
ALNS_b_reg;2;360594.60233333264;360594.60233333264;360594.60233333264;360594.60233333264;360594.60233333264;360594.1870297364;357893.13954544073;353904.1879830321;351333.2463422309;351333.2463422309;351333.2463422309;345424.59630184737;345424.59630184737;345413.6387742852;345413.6387742852;345413.6387742852;342498.7947188843;342498.7947188843;342498.7947188843;342498.7947188843;342498.7947188843;331569.5193525852;331569.5193525852;331569.5193525852;330006.0003319465;330001.146167325;330001.146167325;329999.70892499754;329999.70892499754;329999.70892499754;329999.70892499754;328256.64192088944;328256.64192088944;328254.2694509794;328254.2694509794;328006.50104891055;328006.50104891055;328006.50104891055;327875.97806492134;327875.97806492134;327875.97806492134;327875.97806492134;327875.3264847394;327875.3264847394;327875.3264847394;327875.3264847394;327845.2151628528;327489.37636851374;327489.37636851374;327489.37636851374;324745.99112943676;324745.99112943676;324745.99112943676;324741.5091318344;324302.2733668009;323865.84991313086;323865.84991313086;323804.24831370165;323804.24831370165;323804.24831370165;323804.24831370165;323804.24831370165;323406.34656448;322947.8945490725;322947.8945490725;322947.8945490725;322947.8945490725;322947.8945490725;322947.8945490725;322947.8945490725;322947.8945490725;322947.8945490725;322947.8945490725;322947.8945490725;322516.1030799371;322516.1030799371;322513.73996021313;322513.73996021313;320009.73411547026;320009.73411547026;320009.73411547026;320009.73411547026;320009.73411547026;320009.73411547026;319089.0590148752;319089.0590148752;319089.0590148752;319089.0590148752;319089.0590148752;319089.0590148752;318869.7235996387;318869.7235996387;318869.7235996387;318869.7235996387;318869.3712245829;318869.3712245829;318869.3712245829;318424.15177267144;318424.15177267144;318424.15177267144
ALNS_b_reg;3;348147.1431846899;348147.1431846899;348147.1431846899;347259.6693342864;347259.6693342864;347247.8235478833;347247.19345286186;347245.95931940316;347245.95931940316;347245.95931940316;347245.95931940316;347245.95931940316;347245.95931940316;345486.9203652194;345486.9203652194;345486.9203652194;344479.92542781343;340608.44779088144;340608.44779088144;340608.44779088144;340608.44779088144;339830.10561486933;339830.10561486933;339546.4365642287;338974.6748432076;337748.23242242984;335413.32754555414;335413.32754555414;329588.7127997146;329588.7127997146;329588.7127997146;329588.7127997146;329588.7127997146;329588.7127997146;329588.7127997146;329588.7127997146;329588.7127997146;329588.7127997146;329588.7127997146;329588.7127997146;328753.24263644154;328729.79556108586;327664.44292943756;326534.4330994921;326534.4330994921;326534.4330994921;326534.4330994921;326534.4330994921;326534.4330994921;326534.4330994921;326534.4330994921;326534.4330994921;326534.4330994921;326534.4330994921;326534.4330994921;326534.4330994921;326534.4330994921;326534.4330994921;326534.4330994921;326080.8091597185;322086.08883840486;322086.08883840486;322086.08883840486;322086.08883840486;321907.09299749584;321622.52370000724;321621.8148197309;321621.8148197309;321621.8148197309;321621.8148197309;321621.8148197309;321621.8148197309;321621.8148197309;321621.8148197309;321621.8148197309;321540.90510644944;320148.1283854193;320148.1283854193;320148.1283854193;320148.1283854193;320148.1283854193;320148.1283854193;320148.1283854193;320148.1283854193;320148.1283854193;319326.264618018;319268.150284884;318883.32063238113;318880.55847551103;318880.55847551103;316003.6384263849;311389.2116658242;311389.2116658242;311389.2116658242;311389.2116658242;304454.37396392017;304437.77127067;304437.77127067;304437.77127067;304437.77127067
ALNS_b_reg;4;369122.29443297605;367199.3351785081;367199.3351785081;367199.3351785081;367079.137459708;367079.137459708;367079.137459708;361995.15778243303;361781.39376019104;360674.25605728704;360674.25605728704;360674.25605728704;354038.3853334404;350720.4499715171;347515.7118062733;338967.17964083;338967.17964083;338967.17964083;338958.290205374;338958.290205374;337228.04238871083;335500.6124725057;335500.6124725057;335500.6124725057;334147.62766602304;333776.0691376126;333328.2727189749;328377.87793275336;328377.87793275336;328377.87793275336;328377.87793275336;327276.3340862741;327276.3340862741;327276.3340862741;327276.3340862741;323769.34938724164;323396.9853484283;323396.9853484283;323396.9853484283;323050.4658800716;323050.4658800716;323050.4658800716;323050.4658800716;323050.4658800716;323050.4658800716;323050.4658800716;323050.4658800716;314564.0297921521;314564.0297921521;314564.0297921521;313668.374311739;313236.8979008469;313236.8979008469;312786.356442068;312783.1350864186;312783.1350864186;312783.1350864186;312783.1350864186;312783.1350864186;312336.6253880834;312336.6253880834;311826.0434027887;309343.5884094455;309343.5884094455;309343.5884094455;308118.56563841697;308118.56563841697;308118.56563841697;308118.56563841697;308002.0556379486;308002.0556379486;306834.39214082307;306834.39214082307;306834.39214082307;306834.39214082307;306834.39214082307;306834.39214082307;306834.39214082307;306834.39214082307;306834.39214082307;306808.1586745239;306808.1586745239;306808.1586745239;306808.1586745239;306801.7795857593;306801.53436318855;306801.53436318855;306801.53436318855;306801.53436318855;306801.53436318855;306801.53436318855;306361.3677020488;306361.3677020488;306361.3677020488;306361.3677020488;306361.3677020488;306097.4356148377;306097.4356148377;306097.4356148377;306097.4356148377
ALNS_b_reg;5;351640.13805861387;351640.13805861387;349505.9428472541;349505.9428472541;349092.1466873893;348823.1791834771;346901.0621484046;346901.0621484046;346901.0621484046;346901.0621484046;346901.0621484046;344896.1660452904;344744.4004119853;341791.4458602247;341351.33401118143;341351.33401118143;341351.33401118143;341351.33401118143;340917.14282049536;340917.14282049536;340917.14282049536;340917.14282049536;340917.14282049536;340917.14282049536;340917.14282049536;335441.6021449752;335441.6021449752;335441.6021449752;333796.1051427744;327479.77032035845;325981.7580699924;325981.7580699924;325981.7580699924;321621.9953720897;321621.9953720897;321194.9712943706;321194.9712943706;321194.9712943706;321194.9712943706;321194.9712943706;321194.9712943706;321194.9712943706;321045.35107895656;321045.35107895656;317433.30996127473;317129.7194055676;317120.6049767881;317120.32015088876;317120.32015088876;317120.32015088876;316517.41843875335;316512.24838605494;312106.41825087386;312051.7724962266;309579.820033227;309579.70242591057;309579.70242591057;309579.70242591057;309579.70242591057;309579.70242591057;309579.70242591057;309579.70242591057;309579.70242591057;309576.90689545235;309576.90689545235;309576.90689545235;309140.28799693956;309140.28799693956;309140.28799693956;309140.28799693956;309140.28799693956;309140.28799693956;309140.28799693956;309113.5747444627;308699.51933107164;308699.51933107164;308699.51933107164;308699.51933107164;308699.51933107164;308699.51933107164;308699.51933107164;308699.51933107164;308699.51933107164;308699.51933107164;308699.51933107164;308699.51933107164;308699.51933107164;308699.51933107164;308699.51933107164;308699.51933107164;303797.20660925173;302954.34060253936;302954.34060253936;299384.86087133613;299384.86087133613;299384.86087133613;299384.86087133613;299384.86087133613;298999.5795944841;298930.7793664749
ALNS_b_reg;6;354670.98748009;354670.98748009;354655.19121558574;354472.33229880256;346061.7992111886;344119.5818715537;344119.5818715537;344119.5818715537;344119.5818715537;343963.1227495125;343963.1227495125;331836.2363445824;331836.2363445824;331835.8359428931;331835.8359428931;331835.8359428931;331832.1230428824;330421.15956057876;330421.15956057876;330421.15956057876;330421.15956057876;329837.1431782618;329837.1431782618;329837.1431782618;327577.11195772456;327577.11195772456;327444.84577755275;327444.84577755275;327444.84577755275;327444.2756573402;326397.50217614387;326397.50217614387;326397.48974470067;326397.48974470067;326155.40259244695;326095.09152261633;325558.3230011241;325558.3230011241;324292.68027657416;324292.68027657416;324292.68027657416;324292.68027657416;323609.98640535574;322977.53036770556;322947.2382529285;322947.2382529285;322947.2382529285;322947.2382529285;322947.2382529285;322947.2382529285;322947.2382529285;322902.7211331379;322869.9190448712;322869.9190448712;322869.9190448712;322869.9190448712;322421.2855485503;322421.2855485503;322417.175102676;322416.7086141604;322416.7086141604;322416.7086141604;322416.7086141604;322416.7086141604;322416.7086141604;322416.7086141604;322413.4109627774;322413.4109627774;322413.4109627774;322413.4109627774;322413.4109627774;322413.4109627774;322413.4109627774;322413.4109627774;322413.4109627774;320912.1050866715;320912.1050866715;320912.1050866715;318543.0594660049;318542.36429385265;318542.36429385265;318542.36429385265;315436.9467327578;315435.6463041761;315435.6463041761;315435.6463041761;315435.6463041761;315435.6463041761;315435.6463041761;315435.6463041761;315435.6463041761;306765.21701093763;306765.21701093763;306751.44649683306;306751.44649683306;305611.9679009253;305611.9679009253;305611.9679009253;305611.9679009253;305611.9679009253
ALNS_b_reg;7;332522.27438121673;332522.27438121673;332522.27438121673;332522.27438121673;332522.27438121673;330366.03592386487;330366.03592386487;330366.03592386487;328110.50686619704;328110.50686619704;328110.50686619704;328110.50686619704;319960.56201627996;319960.56201627996;319663.46896418056;314708.9156724347;313512.9733204228;307876.19332376827;307870.74893631553;307814.0216086296;307814.0216086296;307814.0216086296;307814.0216086296;307814.0216086296;307814.0216086296;307814.0216086296;307814.0216086296;307814.0216086296;307814.0216086296;307814.0216086296;305632.13258700934;305632.13258700934;305632.13258700934;305632.13258700934;305632.13258700934;301262.33005749725;297918.0112251808;297914.6443143263;297896.20497779205;297896.20497779205;297896.20497779205;297896.1972459022;297896.1972459022;297896.1972459022;297896.1972459022;297896.1972459022;297896.1972459022;297896.1972459022;297896.1972459022;297896.1972459022;297647.08098174224;297478.14913732465;297478.14913732465;297478.14913732465;297478.14913732465;297478.14913732465;297478.14913732465;297478.14913732465;297478.14913732465;297477.3756695544;297477.3756695544;297477.3756695544;297476.1119110283;294717.2806442798;294398.8392860414;294398.8392860414;294398.8392860414;294398.8392860414;294398.8392860414;293913.01726088853;293913.01726088853;293913.01726088853;293619.04618276155;293619.04618276155;293619.04618276155;293619.04618276155;293170.8348890268;293170.8348890268;293170.8348890268;291275.19712087954;291275.19712087954;291275.19712087954;291275.19712087954;291275.19712087954;291275.19712087954;291275.19712087954;288492.2661359046;288492.2661359046;288492.2661359046;288492.2661359046;288492.2661359046;288492.2661359046;288492.2661359046;288492.2661359046;288457.56123309437;288454.4654407469;288454.4654407469;288454.4654407469;288454.4654407469;288454.4654407469
ALNS_b_reg;8;340102.9826534582;340102.9826534582;337846.98263039306;333422.94192977087;333422.94192977087;333422.94192977087;333422.94192977087;333422.94192977087;333422.94192977087;333422.94192977087;333422.94192977087;333422.94192977087;333422.94192977087;333422.6825658023;333422.6825658023;333422.6825658023;333403.12786558794;333403.12786558794;329801.3715838434;329801.3715838434;329786.8366561517;328885.19913909276;328885.19913909276;328699.41486564593;328524.5590788725;328524.3549197362;326969.7620180287;325244.41959544056;325244.41959544056;323154.27035854926;323141.26029396243;323140.00127615844;323140.00127615844;323140.00127615844;322723.3612352573;322723.3612352573;319602.3600520111;319602.3600520111;319602.3600520111;319602.3600520111;319602.3600520111;317745.79558648943;317745.79558648943;317745.79558648943;317745.79558648943;317745.79558648943;317745.79558648943;317745.79558648943;317671.5361249679;317413.60387728707;317223.5485368907;317207.9313204106;317207.9313204106;317207.9313204106;317207.9313204106;317207.9313204106;317207.9313204106;316780.9717618521;316343.2982682498;316343.2982682498;316343.2982682498;316343.2982682498;315819.83759798727;315819.83759798727;315819.83759798727;313176.55832420103;313176.55832420103;313176.55832420103;312917.5931445149;312917.5931445149;312565.60180410673;312565.60180410673;312565.60180410673;312555.4175811601;312121.3824114592;312121.3824114592;312121.3824114592;311671.22687380685;311671.22687380685;311671.22687380685;311671.22687380685;311671.22687380685;311671.22687380685;311671.22687380685;311671.22687380685;311671.22687380685;311671.22687380685;311671.22687380685;311671.22687380685;311655.4801788339;311655.4801788339;311655.4801788339;311655.4801788339;311655.4801788339;311655.4801788339;303732.12549000734;303732.12549000734;303267.38391009026;303267.38391009026;303267.38391009026
ALNS_b_reg;9;347776.29738189187;347776.29738189187;347776.29738189187;347776.29738189187;347776.29738189187;346381.84958558984;346381.84958558984;342113.9518233059;340405.68205382716;340405.68205382716;339971.2345599839;339971.2345599839;339939.0691879523;339546.7693088689;339310.3862752552;339310.3862752552;338627.7825150878;338627.7825150878;338627.7825150878;338627.7825150878;338609.6242056549;338609.6242056549;338609.6242056549;338609.6242056549;338609.6242056549;338609.6242056549;338609.6242056549;337938.1780702442;337938.1780702442;337938.1780702442;337938.1780702442;337938.1780702442;337938.1780702442;337938.1780702442;337938.1780702442;337921.1606605821;337449.61895641877;335148.02879441547;334881.15894450387;334881.15894450387;334881.15894450387;334881.15894450387;334437.7523405375;332039.0201727473;332039.0201727473;332039.0201727473;332039.0201727473;332039.0201727473;329819.30837904074;329819.30837904074;329149.9498806961;329149.9498806961;329149.9498806961;327363.8815536003;327361.8652769465;327361.8652769465;327361.8652769465;327361.8652769465;327361.8652769465;327361.8652769465;327361.8652769465;326925.165814606;326925.165814606;326417.04824995634;326417.04824995634;326417.04824995634;326417.04824995634;326124.2292374956;326124.2292374956;326124.2292374956;326124.2292374956;326124.2292374956;326124.2292374956;326124.2292374956;326124.2292374956;326124.2292374956;313203.4477618084;313203.4477618084;313203.4477618084;313203.4477618084;313200.02901855885;313200.02901855885;313200.02901855885;313200.02901855885;313187.22167834814;313187.22167834814;313187.22167834814;312647.80940958275;311411.9691117729;311411.9691117729;309960.7731880336;309957.4755366506;309957.4755366506;309864.71391394327;309864.71391394327;309861.57567844045;309861.57567844045;309861.57567844045;309861.57567844045;309861.57567844045
ALNS_b_reg;10;353946.3422813567;353060.756357231;352180.4533656139;350972.90089100326;349404.9456519607;349404.9456519607;349404.9456519607;349403.2996086191;349017.48373801727;349017.48373801727;349017.48373801727;349017.48373801727;349017.48373801727;347639.8713435501;347639.8713435501;343972.49097864307;343972.49097864307;343972.49097864307;343972.49097864307;343972.49097864307;343972.49097864307;343972.49097864307;342197.76262405847;342197.76262405847;341758.3280769334;338213.0871485546;334953.5872606268;334953.5872606268;334953.5872606268;334953.5872606268;327116.99010509625;327116.99010509625;326223.2305907502;326223.2305907502;325626.2292048169;325112.4332661599;325112.4332661599;325103.42690749106;325103.42690749106;325103.42690749106;325103.42690749106;325103.42690749106;325103.42690749106;325090.5624595218;325088.01335547084;325088.01335547084;320760.04289907566;319582.603229665;319582.603229665;317491.2523701878;317491.2523701878;316684.6574247889;316684.6574247889;316236.37644090445;316226.6790618383;316226.6790618383;316226.6790618383;314829.7475420761;314684.0010861244;314684.0010861244;306132.5453510505;306132.5453510505;306132.5453510505;306132.5453510505;302072.5431574068;302072.5431574068;302072.5431574068;302072.5431574068;302072.5431574068;302072.5431574068;301465.67971880006;301296.1636102704;300831.81802341214;300831.81802341214;300831.81802341214;300831.81802341214;300831.81802341214;300831.81802341214;300390.7458926396;299997.04237510177;299997.04237510177;299997.04237510177;299997.04237510177;299997.04237510177;299997.04237510177;299997.04237510177;299997.04237510177;299997.04237510177;299997.04237510177;299997.04237510177;299997.04237510177;299997.04237510177;299997.04237510177;299997.04237510177;299997.04237510177;299997.04237510177;299997.04237510177;299997.04237510177;299997.04237510177;299997.04237510177
ALNS_b_reg;11;368387.40290279523;368263.67267340067;368263.67267340067;368263.67267340067;365432.61705821054;365432.61705821054;365352.4343418534;365350.64078714466;365339.75134784135;357976.110873125;357976.110873125;353352.8380825019;353352.8380825019;353352.8380825019;353085.7730903815;351656.9808730587;351343.4030986043;343447.3038041116;342616.18990766816;342616.18990766816;342616.18990766816;342170.7056286177;341723.099179387;341723.099179387;339071.9083706414;339071.9083706414;337569.5381779642;337569.5381779642;332241.9825237959;332241.9825237959;332241.9825237959;332241.9825237959;332241.9825237959;332241.9825237959;332241.9825237959;331686.1606591805;331686.1606591805;331686.1606591805;331686.1606591805;331686.1606591805;331686.1606591805;331313.94697478804;331236.7807231457;331236.7807231457;331234.80117526447;330193.5595395409;330193.5595395409;330193.5595395409;330193.5595395409;330193.5595395409;329765.6698297982;329765.6698297982;329765.6698297982;329765.6698297982;329765.6698297982;329765.6698297982;329765.6698297982;329765.6698297982;329765.6698297982;329765.6698297982;329765.6698297982;329765.6698297982;329765.6698297982;329765.6698297982;327159.825125258;327159.825125258;327159.825125258;327159.825125258;327159.825125258;327159.825125258;327159.825125258;327159.825125258;325929.99077829847;325929.5708695041;316264.44505841425;316264.44505841425;316264.44505841425;316264.44505841425;316264.44505841425;316264.44505841425;316264.44505841425;315846.73539655685;315846.73539655685;315846.73539655685;315846.73539655685;315846.73539655685;315846.73539655685;315262.95928516844;315262.95928516844;312559.5027594451;312559.5027594451;312559.5027594451;312559.5027594451;312559.5027594451;312559.5027594451;312559.5027594451;312559.5027594451;312559.5027594451;312559.5027594451;312559.5027594451
ALNS_b_reg;12;355825.5892799047;355825.5892799047;347287.45973872003;343395.0771537682;340549.30097011995;340028.2096315858;340028.2096315858;340028.2096315858;340028.2096315858;340028.2096315858;340028.2096315858;340028.2096315858;339204.68262862106;339204.68262862106;339204.68262862106;335464.1648265764;335464.1648265764;335464.1648265764;328596.8888049834;328516.1653825148;328516.1653825148;326729.1925645562;326704.5018496812;326704.5018496812;326704.5018496812;325472.2228238305;325467.9058258226;325467.9058258226;325400.7039670364;325400.7039670364;324754.4080970344;321467.70204835426;318875.72625301767;318875.72625301767;318875.72625301767;318875.72625301767;318875.72625301767;316797.71967225237;316797.71967225237;316797.71967225237;316797.71967225237;316056.7093246451;316056.7093246451;316056.7093246451;316056.7093246451;316056.7093246451;316056.7093246451;316055.85052222386;316055.85052222386;316055.85052222386;315609.5565558059;310067.5578321908;309355.00696758146;307949.76427444007;307949.76427444007;307949.76427444007;307949.76427444007;307501.54055927834;307501.54055927834;307501.54055927834;307501.54055927834;307501.54055927834;307501.54055927834;307075.55043627566;307075.55043627566;307075.55043627566;306632.8480105617;306632.18390517606;306632.18390517606;305982.5377684091;305982.5377684091;305982.5377684091;305658.65354275354;305537.1969581327;305537.1969581327;305536.037927638;305532.3555922068;305532.3555922068;305532.3555922068;305532.3555922068;305532.3555922068;301157.48045454064;301157.48045454064;301157.48045454064;301157.48045454064;300687.4672845489;300687.4672845489;300687.4672845489;300687.4672845489;300687.4672845489;300687.4672845489;300687.4672845489;300687.4672845489;300687.4672845489;300239.8829999154;299772.18956543296;299772.18956543296;299772.18956543296;299671.6177687105;299619.0109827326
ALNS_b_reg;13;356221.5246878814;352615.30488293915;346680.11040973774;346680.11040973774;346680.11040973774;346680.11040973774;345715.4367370558;345710.25979549054;345710.25979549054;340127.4435490101;340127.4435490101;339681.9122960582;337270.6501878097;337270.6501878097;325160.42619442806;325160.42619442806;325160.42619442806;325160.42619442806;325160.42619442806;325160.42619442806;325160.42619442806;323829.00645730284;323829.00645730284;322558.20197481965;321217.9624021371;321217.9624021371;321217.9624021371;321217.9624021371;321217.9624021371;321217.9624021371;319740.0476772185;319740.0476772185;319740.0476772185;319740.0476772185;319740.0476772185;319739.3550055993;319739.3550055993;319739.3550055993;319739.3550055993;319739.3550055993;319739.3550055993;319739.3550055993;319739.3550055993;319739.3550055993;319739.3550055993;319739.3550055993;319739.3550055993;319739.3550055993;319739.3550055993;319739.3550055993;319739.3550055993;319739.3550055993;319739.3550055993;319739.3550055993;319739.3550055993;319739.3550055993;319739.3550055993;319739.3550055993;319738.0609965309;319738.0609965309;319738.0609965309;319738.0609965309;319738.0609965309;319738.0604523084;319738.0604523084;319738.0604523084;319738.0604523084;316354.8438946344;316354.8438946344;316354.8438946344;314923.9579431405;314923.9579431405;314718.68611358973;314472.35991812876;314472.35991812876;314472.35991812876;314472.35991812876;313979.48259375815;313979.48259375815;313979.48259375815;313979.48259375815;313979.48259375815;313969.5931243621;313969.5931243621;313969.5931243621;313969.5931243621;313969.5931243621;313969.5931243621;313969.5931243621;313969.5931243621;313969.5931243621;313969.5931243621;313969.5931243621;313969.5931243621;313969.5931243621;313969.5931243621;313969.5931243621;313969.5931243621;313969.5931243621;313969.5931243621
ALNS_b_reg;14;333811.81333720137;332338.50414073694;331817.43103850365;331816.6508891182;331816.6508891182;331816.6508891182;328005.6894968077;328001.2300018499;328001.2300018499;328001.2300018499;326605.7080475015;326605.7080475015;326604.23015153466;326604.23015153466;326604.23015153466;321063.8698738564;321063.8698738564;320621.0163544593;320621.0163544593;320621.0163544593;320621.0163544593;320621.0163544593;320621.0163544593;320621.0163544593;320621.0163544593;319706.2288619955;318974.3988680245;318974.3988680245;318974.3988680245;316632.18471674307;316632.18471674307;316632.18471674307;316632.18471674307;315837.63584595174;315837.63584595174;315708.64732520445;315271.04769114166;315260.9815121514;314787.1673472471;314787.1673472471;312387.5672465145;310727.8800852666;310727.8800852666;310727.8800852666;310727.8800852666;310727.8800852666;310727.8800852666;309711.98883695;307700.7677218526;306727.72201164265;306727.72201164265;306725.69359589694;304115.79922222777;304115.43057230895;304115.43057230883;302705.41343607154;302705.41343607154;302705.41343607154;302705.41343607154;302705.41343607154;302705.41343607154;302371.38850473386;302104.1685596638;298053.4968974302;298053.4968974302;298053.4968974302;298053.10507268837;298053.10507268837;298053.10507268837;298053.10507268837;297585.53173309314;297559.0103128377;297559.0103128377;297559.0103128377;297559.0103128377;297559.0103128377;297111.60393549106;297111.60393549106;297109.1486824291;297109.1486824291;297109.1486824291;297109.1486824291;297109.1486824291;297109.1486824291;297109.1486824291;297109.1486824291;289958.8318216952;289958.8318216952;289958.8318216952;289958.8318216952;289958.8318216952;289676.0228447841;288686.19142559567;288686.19142559567;288686.19142559567;288686.19142559567;288686.19142559567;288686.19142559567;288686.19142559567;288686.19142559567
ALNS_b_reg;15;367691.13409338833;363363.87801909563;363363.87801909563;363363.87801909563;363363.87801909563;362372.81395606353;358586.06428522174;358586.06428522174;358518.921213359;355101.3381634901;350614.91768445965;350614.91768445965;350614.91768445965;350614.91768445965;350178.2854699674;350178.2854699674;350178.2854699674;349419.80936206;349419.80936206;349419.80936206;344689.97313558863;344689.97313558863;342914.774025427;341792.9985594146;339319.4602574458;338979.24873953266;336704.6260913989;333822.8854606476;333822.8854606476;333822.8854606476;333822.8854606476;333609.1880399699;330756.1830563978;330756.1830563978;330756.1830563978;330440.90839770896;330440.90839770896;328977.3303114218;328504.3674753201;328393.39241160074;328386.2327300705;328386.2327300705;321575.3027744999;321573.4598056896;320791.67339175916;320791.67339175916;320512.017874046;320359.08126279665;320359.08126279665;319497.8535530507;318137.64793840545;318137.64793840545;318137.64793840545;318137.64793840545;318137.64793840545;313475.36990243936;312032.40829851665;312032.40829851665;312032.40829851665;310732.1108230619;307878.23333322123;307878.23333322123;307878.23333322123;307813.96993573155;307813.96993573155;307813.96993573155;307796.56197089475;307796.56197089475;307415.8406152092;307358.2897126056;307358.2897126056;307358.2897126056;307358.2897126056;306922.27742414025;306922.27742414025;306922.27742414025;306922.27742414025;306922.27742414025;306922.27742414025;306922.27742414025;306922.27742414025;305152.71927371493;304701.3913145617;304701.3913145617;304701.3913145617;301985.69599892513;301275.8034500811;298897.85174535005;298897.85174535005;298897.85174535005;298897.85174535005;298897.85174535005;298897.85174535005;298897.85174535005;298897.85174535005;298897.85174535005;298897.85174535005;298897.85174535005;298897.85174535005;298897.85174535005
ALNS_b_reg;16;362301.913768215;362301.913768215;361921.8564385656;352477.77241983806;351467.3062264966;351467.3062264966;351467.3062264966;349811.0193252101;347482.73539207026;345955.0179093846;345955.0179093846;345955.0179093846;345955.0179093846;345955.0179093846;345878.3587767117;344870.83874729666;344870.83874729666;344425.8046021678;344425.8046021678;344425.8046021678;342838.9563886607;342838.9563886607;342838.9563886607;342838.9563886607;342838.9563886607;342838.9563886607;342838.9563886607;342838.9563886607;342751.89414618514;342751.89414618514;342751.89414618514;342751.89414618514;342418.79854008835;342414.841289504;342411.69594711263;342411.69594711263;342411.69594711263;341482.33982446266;339646.37637313054;339646.37637313054;339643.5048815547;339643.5048815547;332446.19839460193;332433.4837831224;332433.4837831224;332433.4837831224;332331.7689250735;331995.66765499907;331995.66765499907;331995.66765499907;331995.66765499907;330938.12058855826;330938.12058855826;330938.12058855826;330938.12058855826;330931.20920738915;330931.20920738915;330931.20920738915;330503.3476257956;330503.3476257956;330485.95836631476;330485.95836631476;330485.95836631476;330131.30100033793;330052.4882523432;330052.4882523432;330052.4882523432;330052.4882523432;330052.4882523432;330052.4882523432;330052.4882523432;330052.4882523432;330052.4882523432;330052.4882523432;330034.949202595;330013.16996928456;330013.16996928456;327502.7537722696;327502.7537722696;327502.7537722696;327502.7537722696;327502.7537722696;327502.7537722696;326636.30584236694;326636.30584236694;322954.47002208704;322954.47002208704;322932.1784260415;322932.1784260415;322932.1784260415;322932.1784260415;322932.1784260415;322932.1784260415;322932.1784260415;322932.1784260415;322932.1784260415;322932.1784260415;322930.2119843743;322486.51085951383;322486.51085951383
ALNS_b_reg;17;346467.32381181046;346461.56580386567;343814.10944482876;343812.2676846934;342240.48275412054;342238.1102842105;342238.1102842105;342238.1102842105;342238.1102842105;342238.1102842105;342238.1102842105;342238.1102842105;342238.1102842105;342238.1102842105;339896.0542217747;339896.0542217747;339896.0542217747;339077.4014419589;339077.4014419589;339077.4014419589;339077.4014419589;337643.5924244527;337643.5924244527;337643.5924244527;335184.37792143703;335183.63648403046;335183.63648403046;330307.5001012384;330301.60509412154;330301.60509412154;330301.60509412154;330301.60509412154;329028.37732113415;327149.03970694216;327149.03970694216;327149.03970694216;327077.3283972703;327077.3283972703;327077.3283972703;327077.3283972703;327077.3283972703;327077.3283972703;327076.74549902347;327076.74549902347;327076.74549902347;326537.61923167703;326537.61923167703;326528.4996439869;324632.51865593484;321795.6902731063;321795.6902731063;321795.6902731063;321795.6902731063;321793.7303893442;321793.7303893442;321793.7303893442;321793.7303893442;321793.7303893442;321793.7303893442;321026.673220645;321026.673220645;321026.673220645;321026.673220645;320592.4208626695;320592.4208626695;320592.4208626695;320592.4208626695;317498.0074044235;317034.28065626347;317034.28065626347;316846.1292663892;316196.84155915095;316196.84155915095;316194.696215687;316194.696215687;316194.696215687;314604.9715816617;314604.9715816617;314604.9715816617;314588.11612503964;314588.11612503964;314588.11612503964;314588.11612503964;314588.11612503964;314588.11612503964;314588.11612503964;312911.387793793;312911.387793793;312911.387793793;312911.387793793;310608.84640370467;310608.84640370467;310608.84640370467;310608.84640370467;310608.84640370467;310548.71960222063;308518.00471665;308518.00471665;308518.00471665;305584.73278289847
ALNS_b_reg;18;352020.30482067546;350483.0352692736;348042.2916148733;345547.1067333334;343892.3426273798;342825.1655841065;342387.9832133057;342387.9832133057;342387.9832133057;342387.9832133057;342387.9832133057;337610.51321314205;336411.3830824217;336338.1884580071;335341.2763034543;335341.2763034543;335341.2763034543;335338.73482945707;335338.73482945707;334882.77687301184;334882.77687301184;334882.77687301184;334882.77687301184;334868.2999049496;333667.6586631135;333667.6586631135;333667.6586631135;332968.50982905703;332968.50982905703;331048.92185844394;331048.92185844394;331048.65086914616;331048.65086914616;331048.65086914616;331048.65086914616;329199.55447847233;328783.2633518464;328783.2633518464;328783.2633518464;328783.2633518464;327143.70217455406;327143.70217455406;327143.70217455406;327143.70217455406;327143.70217455406;326215.19339219603;326215.19339219603;325767.2654900494;325767.2654900494;325767.2654900494;325767.2654900494;325767.2654900494;324400.65143637435;324397.0543987599;324397.0543987599;324397.0543987599;323663.030084705;323663.030084705;321347.36436935014;321347.36436935014;321347.36436935014;321347.36436935014;321347.36436935014;321347.36436935014;321347.36436935014;321347.36436935014;321347.36436935014;321347.36436935014;321347.36436935014;321347.36436935014;321347.36436935014;321347.36436935014;321347.36436935014;317301.5452969128;317301.5452969128;317301.5452969128;317301.5452969128;317301.5452969128;317301.5452969128;317301.5452969128;317301.5452969128;317301.5452969128;317295.1662081482;317295.1662081482;317295.1662081482;316841.7940273106;316841.7940273106;316559.97685619903;315513.22736349906;315506.66474906297;315506.66474906297;315506.66474906297;315505.09158359026;315504.4398436087;315504.4398436087;315504.4398436087;314722.61400609114;312919.82896748645;312919.82896748645;312919.82896748645
ALNS_b_reg;19;350279.1774956989;349453.6812102411;346852.7238153483;346852.7238153483;346852.7238153483;346852.7238153483;345684.49990042945;345684.49990042945;345684.49990042945;341690.45887519186;341690.45887519186;341244.34767177363;341244.34767177363;341244.34767177363;341244.34767177363;340769.72493401886;340769.72493401886;340754.3156675097;340754.3156675097;340754.3156675097;340628.3819688441;340628.3819688441;340628.3819688441;340628.3819688441;340628.3819688441;340628.29060059635;340625.36681666895;340499.31710565364;340499.31710565364;339072.05633832264;339072.05633832264;339053.0680566131;339033.28667566524;338318.56524367596;338318.56524367596;338318.56524367596;338318.56524367596;337917.1656638972;337917.1656638972;337917.1656638972;337917.1656638972;337917.1656638972;337917.1656638972;337917.1656638972;337917.1656638972;337465.04882632924;331804.18836490315;331804.18836490315;331804.18836490315;331804.0324774371;331804.0324774371;331804.0324774371;331804.0324774371;331804.0324774371;331804.0324774371;331804.0324774371;331804.0324774371;331472.0047854338;331472.0047854338;331472.0047854338;327322.6911542109;327322.6911542109;327322.6911542109;326959.83338775916;320897.01665115776;320897.01665115776;320897.01665115776;320461.313697418;320461.313697418;320461.313697418;320441.42594674864;320441.42594674864;320441.42594674864;320441.42594674864;320441.42594674864;319819.87374501827;319391.5182336277;319391.5182336277;319391.5182336277;319391.5182336277;319391.5182336277;319391.5182336277;319391.5182336277;319385.13914486306;319385.13914486306;319385.13914486306;319385.0959877896;319385.0959877896;319385.0959877896;319385.0959877896;319385.0959877896;319385.0959877896;319385.0959877896;318947.7411207732;318947.7411207732;318947.7411207732;318947.7411207732;317537.0008990843;317537.0008990843;317532.5618097591
ALNS_b_reg;20;341945.54207909346;341754.28682829835;338802.26026281965;338801.910870685;336936.4052940415;336936.4052940415;336936.4052940415;336936.4052940415;336650.4397954051;333935.15738641936;333390.5889275273;333092.0292882903;332333.69765739003;332333.69765739003;332333.69765739003;330315.6037027415;330315.6037027415;329457.36387478054;329457.36387478054;329456.7400686335;329456.7400686335;328498.4543044638;328498.4543044638;327558.0948738133;327558.0948738133;327558.0948738133;327109.7149925032;327109.7149925032;327109.7149925032;327109.7149925032;327109.7149925032;327109.7149925032;327109.7149925032;327109.7149925032;327109.7149925032;327109.7149925032;327109.7149925032;327109.7149925032;327109.7149925032;327109.7149925032;327109.7149925032;327109.7149925032;327109.7149925032;327109.7149925032;327109.7149925032;327109.7149925032;327109.7149925032;327109.7149925032;327109.7149925032;327109.7149925032;327109.7149925032;327109.7149925032;327109.7149925032;327109.7149925032;327109.7149925032;327109.7149925032;327109.7149925032;327108.9348363069;324551.01221997547;324544.2707866351;324531.38275230804;324531.38275230804;324531.38275230804;324531.38275230804;324531.38275230804;324531.38275230804;324531.38275230804;324531.38275230804;324531.38275230804;324531.38275230804;324531.38275230804;318702.2931569563;318702.2931569563;318702.2931569563;318702.2931569563;318702.2931569563;318702.2931569563;318702.2931569563;318702.2931569563;318702.2931569563;318702.2931569563;318702.2931569563;318699.86223616457;318699.86223616457;318699.86223616457;318699.86223616457;318699.86223616457;318699.86223616457;318699.86223616457;318698.4638562907;318698.4638562907;318698.4638562907;318698.4638562907;318698.4638562907;318698.4638562907;318698.4638562907;318250.65253684984;318250.65253684984;318250.65253684984;318250.65253684984
ALNS_b_reg;21;351047.213561044;351047.213561044;345961.2487773138;345961.2487773138;345958.8311523188;345721.9039028096;345721.9039028096;344499.3649174865;344499.3649174865;344499.3649174865;344499.3649174865;340703.2188084628;340703.2188084628;340703.2188084628;339115.5151878;334681.9687612267;334681.9687612267;333458.6788017028;333458.6788017028;333458.6788017028;333458.6788017028;333458.6788017028;332910.74380635435;332910.74380635435;332910.74380635435;332910.74380635435;332910.74380635435;332901.7522829873;332834.5472195036;332834.5472195036;332834.5472195036;332834.5472195036;332834.5472195036;332809.4333835294;332809.4333835294;332361.92205285706;332361.92205285706;332361.92205285706;332361.92205285706;332361.92205285706;332361.92205285706;332361.92205285706;331944.98676016787;331673.97881991987;331673.97881991987;331673.97881991987;329453.52223713626;329453.52223713626;329001.95190850436;329001.95190850436;329001.95190850436;329001.95190850436;329001.95190850436;329001.95190850436;329001.95190850436;329001.95190850436;328999.19157076185;328993.13826678623;328993.13826678623;328980.8209794076;328980.8209794076;328561.3662450932;328560.052314746;328560.052314746;328560.052314746;328560.052314746;328110.66158503183;328110.66158503183;328107.4421880538;328107.4421880538;328107.4421880538;328107.4421880538;328107.4421880538;328107.4421880538;328107.4421880538;322093.01458641706;321705.35634434555;321705.35634434555;321705.35634434555;321705.35634434555;321705.35634434555;321705.35634434555;321705.35634434555;321705.35634434555;321705.35634434555;321705.35634434555;321207.71926423704;318502.71499307116;318502.71499307116;315252.72902346746;315252.72902346746;315252.72902346746;315252.72902346746;315252.72902346746;315252.72902346746;315250.7702427201;315249.2172445465;315249.2172445465;315225.93899514276;315225.63170327496
ALNS_b_reg;22;360470.0197136685;360470.0197136685;360470.0197136685;360079.21754447964;360079.21754447964;360079.21754447964;358940.1528032048;358940.1528032048;358940.1528032048;358940.1528032048;358940.1528032048;358940.1528032048;357659.38556945766;356172.716926231;356172.716926231;355369.6796660626;355337.6462370768;355027.4922001425;354283.19584547146;354283.19584547146;354283.19584547146;352511.5457244994;352511.5457244994;352511.5457244994;352511.5457244994;352511.5457244994;350654.98305873625;349594.0901068716;349594.0901068716;349594.0901068716;349594.0901068716;349594.0901068716;349526.7087483314;348852.8951629295;348852.8951629295;336972.23654606804;336972.23654606804;336972.23654606804;336972.23654606804;336972.23654606804;336972.23654606804;336972.23654606804;334852.19121927954;334852.19121927954;333070.19864996657;333070.19864996657;333070.19864996657;333070.19864996657;328897.74552783556;328897.74552783556;328686.97779731336;323239.6471024332;323114.7851044712;322781.8197765727;322781.8197765727;321948.9316298808;320654.0033260892;319406.8128922469;319406.8128922469;316656.6392656735;316656.6392656735;316649.13244727044;316649.13244727044;316649.13244727044;316649.13244727044;316649.13244727044;316649.13244727044;316264.1185350677;316264.1185350677;316264.1185350677;316264.1185350677;315615.1614897908;315433.68063207046;315433.68063207046;315433.68063207046;315433.68063207046;315433.68063207046;315433.68063207046;315433.68063207046;315421.8061226557;315419.16734278575;313645.2221192056;313192.44062160427;313192.44062160427;313190.92072984576;313190.92072984576;313190.92072984576;313190.92072984576;313190.92072984576;313190.92072984576;313190.92072984576;313188.1361925081;313188.1361925081;313188.1361925081;313188.1361925081;313188.1361925081;313188.1361925081;313188.1361925081;313188.1361925081;313188.1361925081
ALNS_b_reg;23;353613.58284786483;353613.58284786483;353613.58284786483;353613.58284786483;353613.58284786483;353613.58284786483;353112.8755119011;349821.7506892808;349820.17485574546;349737.94118196244;349259.84951282747;347586.52867085533;347586.52867085533;347573.5743051803;347573.5743051803;347573.5743051803;347571.02233022905;347571.02233022905;347571.02233022905;347571.02233022905;338707.10510503006;337125.337100416;336345.24186750606;334602.9276173088;333224.4350814918;333224.4350814918;333224.4350814918;333224.4350814918;331450.9365825967;331450.9365825967;331450.9365825967;331450.9365825967;331450.9365825967;329798.0781057048;329798.0781057048;329746.2925768595;329746.2925768595;329298.64076046285;329298.64076046285;329298.64076046285;329298.64076046285;327081.7213480935;327081.7213480935;327081.7213480935;327081.7213480935;325683.5405546572;325683.5405546572;325683.5405546572;325683.5405546572;325683.5405546572;325683.5405546572;325683.5405546572;325683.5405546572;325271.92127686617;325271.92127686617;325271.92127686617;325271.92127686617;325271.92127686617;325192.8381127878;324270.9166798368;324270.9166798368;324270.9166798368;324270.9166798368;324270.9166798368;324268.1860743581;323835.2132788296;323826.53700722835;323826.53700722835;323826.53700722835;323397.992769087;322541.90039039496;322541.90039039496;321319.48189188796;319998.55994441273;319998.55994441273;319998.55994441273;319996.9193334385;319996.9193334385;317985.55182825256;317985.55182825256;317985.55182825256;317985.55182825256;317983.09972914815;317471.3098242858;316831.57244320825;315537.56365446915;315537.56365446915;315537.56365446915;315537.56365446915;315537.56365446915;312532.55304561125;312530.85861233505;312530.85861233505;312500.33219820936;312489.8358001957;312488.523750444;312488.523750444;312488.523750444;312488.523750444;312488.523750444
ALNS_b_reg;24;369562.2104007055;364838.01957130054;360075.63383907307;360075.63383907307;360074.123843546;354487.4691706326;354487.4691706326;353592.64158784767;353168.72536111705;353166.14519894583;351425.4114807115;351425.4114807115;351386.79124492325;351386.79124492325;349247.14528668363;349247.14528668363;349247.14528668363;349247.14528668363;349247.14528668363;349247.14528668363;349247.14528668363;345685.64827602054;345681.6203165268;345681.6203165268;345681.6203165268;345681.283896444;344648.57307957165;344126.109871246;344126.109871246;344126.109871246;342352.4742620967;342352.4742620967;342352.4742620967;342352.4742620967;342352.4742620967;342352.4742620967;341911.2760452955;338941.22901213984;338941.22901213984;338941.22901213984;338941.22901213984;338938.83673355344;338938.83673355344;338147.307270038;338147.307270038;338147.307270038;337503.18916235;337073.12236208824;337073.12236208824;337073.12236208824;337073.12236208824;337073.12236208824;337073.12236208824;335079.87387637224;335079.87387637224;335079.87387637224;335079.87387637224;335079.87387637224;333734.5212499741;333734.5212499741;333734.5212499741;333734.5212499741;333734.5212499741;333734.5212499741;325183.68362634804;325183.68362634804;325183.68362634804;322285.65967236087;322272.85271048953;322272.85271048953;322272.85271048953;319925.27202766074;319925.27202766074;319925.27202766074;319925.27202766074;319501.1632561951;319501.1632561951;319501.1632561951;318888.35585309594;318888.35585309594;318888.35585309594;318888.35585309594;318888.35585309594;318888.35585309594;318888.35585309594;318111.989787726;318111.989787726;318111.989787726;318111.989787726;318111.989787726;318111.989787726;318111.989787726;318111.989787726;318111.989787726;318111.989787726;318111.989787726;318111.989787726;317668.20330650645;317668.20330650645;317668.20330650645
ALNS_b_reg;25;346344.0213609043;346340.67941352783;346340.67941352783;346340.67941352783;345016.10854027665;339135.04621278995;337334.03093880846;337334.03093880846;337334.03093880846;329835.5766397644;327501.60839693126;327501.60839693126;327501.60839693126;327492.8749582221;324413.8877738885;324413.8877738885;322810.9755049745;322810.9755049745;322221.60512236523;322000.59122888674;320044.9694567022;320044.9694567022;320044.9694567022;320044.9694567022;320044.9694567022;318765.499212278;318761.55392144795;318307.6404249055;318307.6404249055;316984.61242749135;316984.61242749135;316984.61242749135;314662.95110381744;314662.95110381744;314662.95110381744;314662.95110381744;314662.95110381744;310972.8689120302;310972.8689120302;310972.8689120302;310972.8689120302;310972.8689120302;310972.8689120302;310972.8689120302;310972.8689120302;310972.8689120302;310972.8689120302;310972.8689120302;310889.41851085896;310889.41851085896;310889.41851085896;310889.41851085896;310889.41851085896;310889.41851085896;310889.41851085896;310889.41851085896;310889.41851085896;310889.41851085896;310889.41851085896;310889.41851085896;310889.41851085896;310889.41851085896;310889.41851085896;309137.694671513;309137.694671513;309137.694671513;309137.694671513;309137.694671513;309137.694671513;307578.3848502756;307578.3848502756;307355.2263192807;307355.2263192807;307355.2263192807;306846.2106263228;306555.1773526958;305437.3291622016;304304.356483872;300575.01787325816;299094.67857518524;299094.67857518524;298475.8427911658;298230.5906301357;297067.8876109353;297067.8876109353;297003.21502215747;297003.21502215747;297003.21502215747;296585.58975196216;295328.98822505807;289307.5873028039;289307.5873028039;289307.5873028039;289307.5873028039;289063.1802404725;289063.1802404725;289063.1802404725;289063.1802404725;289063.1802404725;289041.06664764904
ALNS_b_reg;26;358952.98835771094;356676.011243149;356676.011243149;356676.011243149;356676.011243149;356675.82048414455;353135.34901720134;352699.8615181843;352699.8615181843;352699.8615181843;351556.9848666075;351556.9848666075;351556.9848666075;351556.9848666075;351556.9848666075;351556.9848666075;351556.9848666075;351556.9848666075;351107.3274898707;346556.897612651;343340.21442358196;343340.21442358196;340775.5884759269;340775.5884759269;340614.72519963793;339498.3375092697;337869.47932228574;337867.76104757754;337867.76104757754;337867.76104757754;337867.76104757754;337867.76104757754;337867.76104757754;337718.42993887287;324463.3014685475;322843.6967498299;322843.6967498299;321044.1716235297;321044.1716235297;321043.81735628005;321043.81735628005;317920.5792043787;317920.5792043787;317920.5792043787;317920.5792043787;317920.5792043787;317920.5792043787;315600.6800147826;315600.6800147826;315600.19781386334;315527.03509971796;315527.03509971796;315527.03509971796;312826.6322578273;312007.32430114795;312007.32430114795;312007.32430114795;312000.3445571704;311998.1110390976;311998.1110390976;311998.1110390976;311998.1110390976;311998.1110390976;311998.1110390976;310798.3379743613;310798.3379743613;310798.3379743613;310798.3379743613;309459.68337876163;309459.68337876163;307911.212566457;306171.43445895263;306171.43445895263;306171.43445895263;306171.43445895263;305725.64359117893;305571.0234592463;305275.01455688354;305275.01455688354;305275.01455688354;305274.88671753486;305274.88671753486;305274.88671753486;305274.88671753486;305274.88671753486;305274.88671753486;305274.88671753486;305274.88671753486;305274.88671753486;305274.88671753486;305274.88671753486;305274.88671753486;305274.88671753486;305274.88671753486;305157.99348746904;305157.99348746904;305157.99348746904;305157.99348746904;305157.99348746904;305157.99348746904
ALNS_b_reg;27;337672.5709452575;337672.5709452575;337672.5709452575;337672.5709452575;337672.5709452575;337667.2372978578;337667.2372978578;337667.2372978578;337276.9937501902;337276.9937501902;333435.032950578;333435.032950578;333435.032950578;333435.032950578;333435.032950578;333435.032950578;331749.9205159765;327236.5772417575;322060.2121376025;322060.2121376025;322060.2121376025;320816.35024936724;320816.35024936724;320816.35024936724;320816.35024936724;319248.2070922905;319248.2070922905;318831.30028626113;318831.30028626113;318831.30028626113;318380.76242200343;318380.76242200343;318380.76242200343;317093.6161214413;317093.6161214413;317093.6161214413;314602.65485236916;314601.96519201715;314601.96519201715;314601.96519201715;314601.96519201715;314601.96519201715;314601.96519201715;314601.96519201715;314599.1522728724;314599.1522728724;314599.1522728724;314581.7702670224;314581.7702670224;314581.7702670224;314560.2388747116;314546.7743064732;314546.7743064732;314546.7743064732;314546.7743064732;314546.7743064732;314546.7743064732;313170.78067016957;313170.78067016957;313170.78067016957;313170.78067016957;313170.78067016957;313170.78067016957;304627.5532996537;304627.5532996537;304627.5532996537;303547.58692590886;303101.80949302437;303101.80949302437;302485.7991237471;302485.7991237471;302485.7991237471;301719.1021099055;301719.1021099055;301719.1021099055;301719.1021099055;301719.1021099055;301719.1021099055;301718.42152873165;301718.42152873165;301718.42152873165;301703.6659238365;301695.23414961074;301695.1408631759;300671.8391697952;300671.8391697952;299507.27319915517;299489.0029679025;299489.0029679025;299489.0029679025;299489.0029679025;294718.70209899015;294718.70209899015;294718.70209899015;294718.70209899015;294718.70209899015;294718.70209899015;294718.70209899015;294718.70209899015;294718.70209899015
ALNS_b_reg;28;363220.5023313806;362480.4010875116;353926.93386034266;352311.10279409285;352311.10279409285;344847.2475328483;344847.2475328483;344847.2475328483;344713.20378374984;344713.20378374984;344317.5752840588;344317.5752840588;339353.55055175367;339346.3552593006;339346.3552593006;339346.3552593006;339346.3552593006;339346.3552593006;339346.3552593006;338799.05486064707;338677.4325498352;332665.89332273323;332665.58333703247;331361.71736546524;331361.71736546524;331361.71736546524;331361.71736546524;330461.78045791417;329947.53079645656;329947.53079645656;329947.53079645656;329947.53079645656;329947.53079645656;329947.53079645656;329947.53079645656;329947.53079645656;329947.53079645656;329947.53079645656;329720.87480628653;326909.2732516737;326909.2732516737;325148.52518556715;324981.6330191318;323477.8521396694;322115.5896653278;322115.5896653278;322115.5896653278;322113.19004804024;322113.19004804024;321669.5800242345;321669.5800242345;321669.5800242345;321669.5800242345;321660.8378144241;321653.55263958214;321653.55263958214;321653.55263958214;320783.8863345933;319740.2867686071;319740.2867686071;319740.2867686071;319730.9498959562;319730.9498959562;319730.9498959562;319730.9498959562;319730.9498959562;319730.9498959562;319730.9498959562;319663.149105523;319541.4889423821;319541.4889423821;319476.60152223444;315623.16448447667;315623.16448447667;314527.8660017323;313644.8915472244;313644.8915472244;313644.8915472244;313644.8915472244;313644.8915472244;313644.8915472244;313644.8915472244;313644.8915472244;313644.8915472244;313644.8915472244;313644.8915472244;313644.8915472244;313644.8915472244;313644.8915472244;313644.8915472244;313644.8915472244;313644.8915472244;313644.8915472244;313644.8915472244;313639.9769462603;313631.3763945731;313631.3763945731;313631.3763945731;313631.3763945731;313631.3763945731
ALNS_b_reg;29;347454.34696284943;347454.3469456524;345108.644519758;344286.7357260373;343543.9776577481;342655.14023182436;342077.39590497396;342077.39590497396;342077.39590497396;342077.39590497396;342077.39590497396;333553.86673974834;333553.86673974834;333553.86673974834;333553.86673974834;333553.86673974834;333553.86673974834;322572.6175064243;322572.6175064243;322035.99822485517;322035.99822485517;322035.99822485517;322035.99822485517;322032.510334834;319485.7905580588;319485.7905580588;319485.7905580588;319485.7905580588;319485.7905580588;319485.7905580588;319485.7905580588;316489.218355156;316044.79589314637;316044.79589314637;316015.3163504324;315801.5896657563;315374.80439253745;315374.80439253745;315374.80439253745;313362.96301522304;313362.96301522304;313362.96301522304;313359.07404001534;313356.8546940288;313356.8546940288;313356.8546940288;313356.8546940288;313356.8546940288;313356.8546940288;313356.8546940288;313356.8546940288;313356.8546940288;313356.8546940288;313356.8546940288;313356.8546940288;313356.8546940288;313356.8546940288;313356.8546940288;313356.8546940288;313356.8546940288;306765.5198045666;306762.2984489172;306762.2984489172;306762.2984489172;306762.2984489172;306762.2984489172;306682.8994519231;306682.8994519231;306682.8994519231;306682.8994519231;306239.90981702216;306239.90981702216;306239.90981702216;306239.90981702216;306238.1011045537;303997.96866837;303997.96866837;303997.86748341116;303997.6651134935;303997.6651134935;303997.6651134935;303997.6651134935;303997.6651134935;303994.09647281264;300419.37282863003;300419.37282863003;300419.37282863003;300419.37282863003;300405.3250079532;300405.3250079532;300405.3250079532;300405.3250079532;300405.3250079532;300405.3250079532;300405.3250079532;300405.3250079532;300405.3250079532;300405.3250079532;300405.3250079532;300405.3250079532
ALNS_b_reg;30;354958.42628667614;352915.252451957;349979.99971088354;349979.99971088354;349979.99971088354;338944.539906885;338944.5382216678;336116.73770261876;335757.13355223957;335757.13355223957;335757.13355223957;334828.9945952425;334824.7410005627;334824.7410005627;334824.74086054903;328298.15382709936;328298.15382709936;328298.15382709936;328298.15382709936;328298.15382709936;327475.3295963047;327475.3295963047;324774.0769547293;324457.0133473235;324457.0133473235;324457.0133473235;324457.0133473235;324457.0133473235;324457.0133473235;324457.0133473235;324457.0133473235;324362.7319639824;324362.7319639824;324105.7338352613;324105.7338352613;324104.4781728277;324104.4781728277;324104.4781728277;324104.4781728277;324104.4781728277;322047.61437155126;322039.78634562757;322039.78634562757;322039.78634562757;322031.96127177606;322031.96127177606;322031.96127177606;322031.96127177606;322031.96127177606;322031.7889082606;322031.7889082606;322031.7889082606;322031.7889082606;320135.08218115947;319471.7161946009;319471.7161946009;319471.7161946009;319471.7161946009;311935.96786620887;311935.96786620887;311935.96786620887;308784.4214339268;308780.2195470572;308780.2195470572;308780.2195470572;308780.2195470572;308780.2195470572;308780.2195470572;308780.2195470572;308780.2195470572;308780.2195470572;308780.2195470572;308780.2195470572;308780.2195470572;308780.2195470572;308780.2195470572;308780.2195470572;308780.2195470572;308780.2195470572;308780.2195470572;308780.2195470572;308780.2195470572;305416.3519302719;305416.3519302719;305416.3519302719;305400.69687012135;304246.0754907329;304246.0754907329;304246.0754907329;299623.4447523888;299623.4447523888;299172.27790942165;299172.27790942165;299172.27790942165;299172.27790942165;298352.27250218566;298352.27250218566;298352.27250218566;298352.27250218566;297776.65958771476
ALNS_b_reg;31;357965.6779842429;356394.8634031017;355540.17991916585;355539.6804565817;355539.6804565817;354948.37102217943;354622.93802738347;354122.27188154345;354122.27188154345;347363.2953200767;347363.2953200767;346020.5528786553;345118.785022843;345118.785022843;345114.91065968515;344251.17131746287;344251.17131746287;343427.0576572736;339705.0264396377;339444.19988768327;339444.19988768327;339444.19988768327;339444.19988768327;339444.19988768327;330894.87922724854;330894.87922724854;330894.87922724854;329568.85944848874;329568.85944848874;326702.1331944949;326618.20486475783;326618.20486475783;326618.20486475783;325857.3894633734;325857.3894633734;325854.3439689617;325854.3439689617;325854.3439689617;325854.3439689617;325854.3439689617;325854.3439689617;325854.3439689617;325854.3439689617;325854.3439689617;325854.3439689617;325854.3439689617;325854.3439689617;325854.3439689617;323003.1956537837;323003.1956537837;323003.1956537837;323003.1956537837;323003.1956537837;323003.1956537837;323003.1956537837;323003.1956537837;322972.6759798253;322972.6759798253;320541.4211060699;320092.09582984046;320092.09582984046;320092.09582984046;320092.09582984046;320092.09582984046;320092.09582984046;320092.09582984046;317432.377712963;317432.377712963;311485.70148097293;309918.4995271733;309918.4995271733;309918.4995271733;309918.4995271733;309918.4995271733;309918.4995271733;309918.4995271733;309588.89060001244;308298.8263137152;308298.8263137152;308298.8263137152;308298.8263137152;308298.8263137152;308298.8263137152;308298.8263137152;308298.8263137152;306945.6967972925;306945.6967972925;306945.6967972925;306945.6967972925;306945.6967972925;306945.6967972925;306945.6967972925;306945.6967972925;306945.6967972925;306945.6967972925;306945.6967972925;306945.6967972925;306945.6967972925;306945.6967972925;306945.6967972925
ALNS_b_reg;32;343649.099079637;338934.3653686128;338489.3181015324;338489.3181015324;338046.4574980735;338044.24603736575;338044.24603736575;338044.24603736575;338044.24603736575;338044.24603736575;338044.24603736575;338044.24603736575;338044.24603736575;336273.3842398617;336270.61656649597;336264.0699327978;336264.0699327978;335432.21399860166;335200.10706058645;333694.61545289395;332300.56403708673;332252.69907979935;332252.69907979935;332252.69907979935;332252.69907979935;330961.76980015554;330961.76980015554;330961.76980015554;330961.76980015554;330961.76980015554;330961.76980015554;330957.8955578027;330687.1746823889;330687.1746823889;330687.1746823889;330687.1746823889;330687.1746823889;330687.1746823889;330687.1746823889;330687.1746823889;330687.1746823889;330687.1746823889;330687.1746823889;330684.72388807294;327277.18101086863;327277.18101086863;327277.18101086863;326894.41214401467;326885.6423219732;326008.7140831462;326008.7140831462;322206.18532954314;322206.18532954314;322206.18532954314;322206.18532954314;322195.8803475546;322190.7278565603;322190.7278565603;322190.7278565603;322184.7397737843;322184.7397737843;322184.7397737843;322184.7397737843;320816.74028899166;320810.1372673797;320810.1372673797;320810.1372673797;320755.9223840292;320018.48330364056;320014.8734960854;314267.3252426702;314267.3252426702;314267.3252426702;314267.3252426702;314267.3252426702;314267.3252426702;314267.3252426702;314267.3252426702;313795.6737219676;313795.6737219676;313795.6737219676;313795.6737219676;312942.0066669807;311920.8422858577;311920.8422858577;311797.16242044256;311797.16242044256;311797.16242044256;311797.16242044256;311797.16242044256;311770.3170287877;311329.4843307147;311325.8165943559;311325.8165943559;311325.8165943559;310901.2470686108;310501.6522208509;310501.6522208509;310501.6522208509;310501.6522208509
ALNS_b_reg;33;364599.2729218694;364599.2729218694;363885.65834132873;363885.65834132873;363885.65834132873;363434.8737871632;363434.8737871632;363404.2809740005;363404.2809740005;363404.2809740005;355208.99746512796;355208.99746512796;355208.99746512796;354798.38392480044;353636.76595655753;353636.76595655753;350579.9980962493;350579.9980962493;350579.9980962493;350579.9980962493;349054.45220656355;349054.45220656355;349054.45220329415;346473.6418162104;346469.1985853259;345594.27230148116;343754.6102908386;339098.3597842172;338680.7941270981;338680.7941270981;334668.9972766043;334181.09992552904;328433.7678869202;327828.11526572384;326086.8725232527;326086.8725232527;326086.8725232527;326086.8725232527;326086.8725232527;326086.3167536545;326086.3167536545;326086.3167536545;325635.01687626657;325513.5130631237;322676.2290987463;322676.2290987463;322676.2290987463;322676.2290987463;322676.2290987463;322676.2290987463;322670.0177245627;322661.2309025469;322661.2309025469;322212.8321911271;322210.87219061237;322210.87219061237;321291.71542341413;321291.71542341413;321291.71542341413;321291.71542341413;321291.71542341413;321291.71542341413;321291.71542341413;321291.71542341413;321291.71542341413;321291.71542341413;321291.71542341413;320514.06443721836;320514.06443721836;320514.06443721836;320514.06443721836;320514.06443721836;320514.06443721836;320514.06443721836;320514.06443721836;320514.06443721836;320514.06443721836;319647.76754521043;319647.76754521043;318234.8712542396;316378.3532927079;316378.3532927079;315936.8084480008;315936.8084480008;307396.6383723597;307396.6383723597;307396.6383723597;303147.15620643285;303147.15620643285;303147.15620643285;303147.15620643285;303147.15620643285;303147.15620643285;303144.83480041625;303144.83480041625;303144.83480041625;303144.83480041625;303144.83480041625;303144.83480041625;303144.83480041625
ALNS_b_reg;34;362710.643640134;359958.1788515766;346878.49481080245;345467.22076110955;344804.6689027642;339463.2900360899;339463.2900360899;339463.2900360899;338038.9143224316;338038.9143224316;336702.8408597108;336613.94589278375;335562.52018734644;335562.52018734644;335046.6803861912;335046.6803861912;335046.6803861912;335046.6803861912;335035.48910434765;335035.48910434765;333984.9561971887;333984.9561971887;333545.23991465836;333545.23991465836;331776.9416728791;331776.9416728791;330837.2350547123;330837.2350547123;330837.2350547123;330837.2350547123;330837.2350547123;330837.2350547123;330407.5674216235;328940.59372721065;328940.59372721065;328940.59372721065;327797.6012021553;327797.6012021553;327797.6012021553;327795.06369194627;327795.06369194627;327346.8485212921;326502.07139220845;326502.07139220845;326502.07139220845;325897.0999558121;325604.3916015906;325370.2249182135;325370.2249182135;324607.417612198;320246.09560226667;319877.9330161776;319877.9330161776;319877.9330161776;319877.9330161776;317665.7670942637;317665.7670942637;317665.7670942637;317665.7670942637;317229.14821268705;316776.3363215758;316776.3363215758;316776.3363215758;316776.3363215758;314260.72174465697;314260.72174465697;314260.72174465697;314260.72174465697;314260.72174465697;314260.72174465697;314260.72174465697;314260.72174465697;314260.72174465697;314260.72174465697;314244.06705580855;314244.06705580855;314243.9529108949;314243.9529108949;314243.9529108949;314243.9529108949;314243.9529108949;314243.9529108949;314243.9529108949;314243.9529108949;314243.9529108949;313795.59542905696;313795.59542905696;313473.8001253799;313473.8001253799;313473.8001253799;313473.8001253799;313473.8001253799;313473.8001253799;313473.8001253799;313472.4955206693;313472.4955206693;312266.9077744729;312206.9833611567;312206.9833611567;312206.9833611567
ALNS_b_reg;35;338221.517981008;338218.68441483984;335986.7061733769;334706.49678633123;334703.90313080914;333422.1155805057;333422.1155805057;330200.6535377954;324510.1942379084;324510.1942379084;324510.1942379084;324510.1942379084;317641.9225979718;317641.9225979718;317641.9225979718;317638.40992696694;316996.483468782;316996.483468782;316996.483468782;316996.483468782;316996.483468782;316105.83397444803;315261.522322864;315254.54661106085;315254.54661106085;315254.54661106085;315252.5189539996;315252.5189539996;315252.5189539996;315252.5189539996;315252.5189539996;315252.5189539996;314923.74180265825;314923.74180265825;314923.74180265825;314923.74180265825;314922.16992160236;314922.16992160236;313548.4620868234;313103.04047021235;313103.04047021235;313103.04047021235;309147.4108059847;309147.4108059847;308624.9756015265;308624.9756015265;308624.9756015265;308170.8335833916;308157.1964021587;307239.0278088634;307239.0278088634;307239.0278088634;307239.0278088634;307239.0278088634;301879.92376265326;301879.92376265326;301877.2383486768;301877.2383486768;301874.31102755025;301874.31102755025;301874.31102755025;301871.5258816766;301871.5258816766;301871.5258816766;301871.5258816766;301871.5258816766;300063.63159490225;300063.63159490225;300063.63159490225;300063.63159490225;300063.63159490225;300063.63159490225;300063.63159490225;300063.63159490225;300063.63159490225;300063.63159490225;299622.6018297952;299622.6018297952;299622.6018297952;299622.6018297952;299622.6018297952;299622.6018297952;299622.6018297952;299622.6018297952;299622.6018297952;299622.6018297952;299622.6018297952;299622.6018297952;299622.6018297952;298294.02526379423;298294.02526379423;298294.02526379423;298294.02526379423;298294.02526379423;298294.02526379423;298294.02526379423;298294.02526379423;298294.02526379423;298266.4904863935;298266.4904863935
ALNS_b_reg;36;345088.59241711005;345088.59241711005;344816.6169847131;340300.4596639141;339850.2868947716;339850.2868947716;335477.9127259125;335477.9127259125;335477.9127259125;335477.9127259125;335477.9127259125;332426.6093190558;331956.26981651527;331956.26981651527;331956.26981651527;331956.26981651527;331429.28303369303;331072.00385889836;331069.0831529362;331069.0831529362;331069.0831529362;331069.0831529362;331069.0831529362;331069.0831529362;331069.0831529362;331069.0831529362;331069.0831529362;331069.0831529362;331049.7025305702;331049.7025305702;331049.7025305702;331049.7025305702;328688.94710066676;326921.2113961578;326921.2113961578;326921.2113961578;326881.8404771121;326488.13128665526;326040.49187309877;326040.49187309877;326040.49187309877;326040.49187309877;326040.49187309877;326040.49187309877;326040.49187309877;326040.49187309877;326040.36576507316;326040.36576507316;321572.25693975255;320349.3127424224;320344.9152233508;317281.86693276855;317281.86693276855;317278.9736158108;317266.5933566993;317266.5933566993;317266.5933566993;317266.5933566993;317266.5933566993;315547.13167565473;315547.13167565473;315533.3249079388;315533.3249079388;315533.3249079388;315186.3699026496;313865.4116843143;313865.4116843143;313863.5219703056;313420.7601932569;313420.7601932569;313420.7601932569;313420.7601932569;313420.7601932569;313420.7601932569;313420.7601932569;312193.465844815;311395.7245183282;311395.7245183282;311395.7245183282;311395.7245183282;310562.3882298891;310562.3882298891;310562.3882298891;310562.3882298891;310562.3882298891;310562.3882298891;305576.35285457695;305576.35285457695;305576.35285457695;305576.35285457695;305576.35285457695;305576.35285457695;305576.35285457695;305576.35285457695;305576.35285457695;305575.8096515826;305565.8101897336;305565.8101897336;305565.8101897336;305565.8101897336
ALNS_b_reg;37;351890.91163092223;351890.91163092223;351890.91163092223;351890.91163092223;351890.7702567482;342413.31776825205;342407.87338079937;342392.4374229356;342392.4374229356;342392.4374229356;342392.4374229356;341960.38344096264;341960.38344096264;341960.38344096264;341122.19223940716;341122.19223940716;341122.19223940716;341122.19223940716;341122.19223940716;341122.19223940716;341122.19223940716;341122.19223940716;340601.90235052846;340601.90235052846;340600.2038740467;340598.78847697855;332050.3954332185;331924.49786382273;331704.1771173801;324186.27120187366;323865.9423416859;323865.9423416859;323865.9423416859;323794.2084719776;323794.2084719776;322068.4007174932;321575.22064054926;321139.19149360084;321139.19149360084;321139.19149360084;321139.19149360084;318900.93620410096;318900.93620410096;318900.93620410096;318898.88793413114;318898.88793413114;318898.88793413114;318898.88793413114;318898.88793413114;318137.91592621093;317479.18210227136;317479.18210227136;315706.65452143434;315706.65452143434;315706.65452143434;315703.0156575086;313960.2003906186;313960.2003906186;313960.2003906186;313960.2003906186;313960.2003906186;313960.2003906186;313960.2003906186;312847.7879314356;312843.97563975316;312843.97563975316;312843.9756397531;312394.21908883896;312377.9704394886;312377.9704394886;312377.9704394886;312377.9704394886;312377.9704394886;312377.9704394886;312377.9704394886;312377.9704394886;312377.9704394886;312377.9704394886;312377.9704394886;312377.9704394886;312377.9704394886;312377.9704394886;312377.9704394886;312377.9704394886;312377.9704394886;312377.9704394886;312377.9704394886;312377.9704394886;312374.07864345534;307449.1032228216;307449.1032228216;307449.1032228216;307449.1032228216;307449.1032228216;305529.6859050696;305529.6859050696;305529.6859050696;301097.32090751606;300831.26770611433;300831.26770611433
ALNS_b_reg;38;352130.5283159902;351399.1388532519;349272.70594567165;347391.02606977324;347391.02606977324;347391.02606977324;347391.02606977324;347391.02606977324;347391.02606977324;347391.02606977324;346729.0922092771;346729.0922092771;346729.0922092771;346675.1703703427;346675.1703703427;346243.0706447986;346243.0706447986;346243.0706447986;346243.0706447986;346243.0706447986;346243.0706447986;346181.0931771051;346181.0931771051;342118.92799907166;342117.72404882417;342101.3670354381;342095.3774305855;342095.3774305855;342095.3774305855;342095.3774305855;342095.3774305855;342095.3774305855;342095.3774305855;339863.5235895655;339863.5235895655;339863.5235895655;339863.5235895655;339863.5235895655;339863.5235895655;339863.5235895655;339863.5235895655;339010.4489170859;339010.4489170859;339010.4489170859;339010.4489170859;339010.4489170859;339010.4489170859;339010.4489170859;339010.4489170859;339010.4489170859;339010.4489170859;339010.4489170859;338669.26888112555;338669.26888112555;338669.26888112555;338669.26888112555;338669.26888112555;338669.26888112555;338669.26888112555;338669.26888112555;337347.96756143693;337347.96756143693;337347.96756143693;337347.96756143693;334385.64628035086;334385.64628035086;334385.64628035086;334385.3920213615;334383.7100003548;334383.7100003548;334383.7100003548;334383.7100003548;334383.7100003548;333710.5055092719;333710.5055092719;333710.5055092719;333710.5055092719;333710.5055092719;333692.32268072927;328582.9230244118;328582.9230244118;328126.84111915913;328126.84111915913;328126.84111915913;328126.84111915913;328126.84111915913;328126.84111915913;328126.84111915913;328126.84111915913;328126.84111915913;328126.84111915913;328126.84111915913;328126.84111915913;326974.7830466002;326974.7830466002;325742.3770545098;325742.3770545098;325742.27614798857;325742.27614798857;325742.27614798857
ALNS_b_reg;39;347135.6237571687;347135.6237571687;341156.32434839004;339844.60220774903;339844.60220774903;338520.4155300385;337413.4993906035;337402.0517132513;336026.90304000623;336026.90304000623;336026.90304000623;336026.90304000623;336026.90304000623;336026.90304000623;335671.50353022496;335671.50353022496;335671.50353022496;335671.50353022496;335671.50353022496;333802.0530196092;333081.50079574046;333081.50079574046;333081.50079574046;333081.50079574046;333081.50079574046;333081.50079574046;333081.50079574046;333079.9922883041;331308.57810563204;331308.57810563204;331308.57810563204;331308.57810563204;331308.57810563204;330869.404891393;330869.404891393;330869.404891393;330869.404891393;330869.404891393;330869.404891393;330869.404891393;330869.404891393;330869.404891393;330865.4535092728;330865.3665378654;330856.84333994257;327253.34672328294;327253.34672328294;327253.34672328294;327253.34672328294;327253.34672328294;327249.4941816864;326801.2669822459;326793.3343254533;326500.5676197318;326500.5676197318;326500.5676197318;326500.5676197318;326500.5676197318;326500.5676197318;326500.5676197318;326500.5676197318;326500.5676197318;326500.5676197318;326500.5676197318;326160.70426677994;326160.70426677994;322660.87970561197;322660.87970561197;322660.87970561197;322624.9184946149;322624.9184946149;322621.92772765073;322621.92772765073;322621.92772765073;321031.55713302095;321031.55713302095;321031.55713302095;321031.55713302095;321031.55713302095;321031.55713302095;321031.55713302095;320950.71957559057;320586.9505671539;320586.9505671539;320586.9505671539;320564.08428705006;320564.08428705006;320564.08428705006;320564.08428705006;320564.08428705006;320564.08428705006;320564.08428705006;320564.08428705006;320564.08428705006;320564.08428705006;320564.08428705006;320563.1745293791;320563.1745293791;305095.62475215766;305095.62475215766
ALNS_b_reg;40;345431.44347976113;342042.9995541359;342042.9995541359;342042.9995541359;342041.8709924445;342041.8709924445;338988.2246897466;338988.2246897466;338904.3005826199;338902.8567573902;338471.79420419584;338471.79420419584;335769.71079435037;335769.71079435037;330629.94223379664;330629.94223379664;330629.94223379664;330629.94223379664;330628.08933631785;330628.08933631785;330628.08933631785;330628.08933631785;330628.08933631785;330628.08933631785;330628.08933631785;330628.08933631785;330628.08933631785;330625.2753490916;330625.2753490916;330587.4054361737;330587.4054361737;330573.5601181044;330572.00446438877;330572.00446438877;330571.57730659685;330571.57730659685;330571.57730659685;329769.1737884766;329769.1737884766;329769.1737884766;329769.1737884766;329766.06116258446;329766.06116258446;329766.06116258446;329766.06116258446;329766.06116258446;329766.06116258446;329766.06116258446;329761.1786795712;329761.1786795712;329761.1786795712;329761.1786795712;329761.1786795712;329620.5010323764;329620.5010323764;329620.5010323764;329596.90946270264;329596.90946270264;329586.9409087738;329586.9409087738;329586.9409087738;329586.9409087738;329586.9409087738;329586.9409087738;329586.9409087738;329586.9409087738;329586.9409087738;329585.49459898483;329584.9242232934;329584.9242232934;329526.6491801393;329526.6491801393;329526.6491801393;329526.0219561907;329495.60159468354;329486.4820704494;329486.4820704494;329483.45198021916;329483.45198021916;329483.45198021916;329483.45198021916;329482.6445944082;329040.4821892909;329040.4821892909;329040.4821892909;329040.4821892909;329040.4821892909;327686.480308633;327686.480308633;327678.1075380825;327678.1075380825;327678.1075380825;327678.1075380825;327678.1075380825;327678.1075380825;327678.1075380825;327265.8591552382;327265.8591552382;327265.8591552382;327265.8591552382
ALNS_b_reg;41;341145.5586922249;341145.5586922249;341145.5586922249;340839.79786903976;340820.07136431814;340696.5749941704;340315.74082918966;337225.76238514204;335876.92506046774;335876.92506046774;335435.38530407596;335435.38530407596;335435.34624877;334019.632586254;334019.632586254;334019.632586254;334017.4806281551;334017.4806281551;332097.24564348283;332097.24564348283;332097.24564348283;332097.24564348283;332094.5810387923;332094.5810387923;332092.3760815372;332092.3760815372;332092.3760815372;331594.5283801549;331594.5283801549;330248.800871764;329346.90290921874;329346.90290921874;329346.90290921874;323288.53426458815;321175.35664246784;321175.35664246784;321175.35664246784;321175.35664246784;321175.35664246784;321175.35664246784;321175.35664246784;321165.8356360432;321165.8356360432;321165.8356360432;321165.8356360432;321165.8356360432;321165.8356360432;321165.8356360432;321165.8356360432;321165.8356360432;321155.4559169301;321155.4559169301;321155.4559169301;321155.4559169301;321155.4559169301;321142.02344010206;319531.1469880534;319531.1469880534;319492.9118904141;319492.9118904141;319441.6075612641;319441.6075612641;319441.6075612641;319441.6075612641;319441.6075612641;319431.93494244874;319431.93494244874;319431.93494244874;319431.93494244874;315697.3685351427;315287.8458451192;315287.8458451192;315287.8458451192;315287.8458451192;315287.8458451192;315287.8458451192;315284.28698508395;315284.28698508395;315284.28698508395;312564.0025613145;312564.0025613145;312564.0025613145;312564.0025613145;312564.0025613145;312564.0025613145;312564.0025613145;312170.37697894446;312170.37697894446;311222.8531486485;311222.8531486485;311222.8531486485;311222.8531486485;311222.8531486485;311222.8531486485;311222.8531486485;311222.8531486485;308573.02938457986;308573.02938457986;308573.02938457986;308570.11814173777
ALNS_b_reg;42;346033.69273819297;344632.05187298567;344632.05187298567;342462.00364247744;342067.19263489236;341677.8845568671;341677.8845568671;341677.8845568671;341677.8845568671;341677.8845568671;341677.8845568671;335722.64551426715;335720.4365022299;335121.30462695454;335121.30462695454;335121.30462695454;335121.30462695454;332535.96981421823;332535.96981421823;332535.96981421823;332535.96981421823;332535.96981421823;332530.52542676555;332530.52542676555;332530.52542676555;332530.52542676555;331990.63354880054;331086.90925790847;325687.5991502062;325687.5991502062;325687.5991502062;325687.5991502062;325674.51936791703;325674.51936791703;323094.4876735693;323094.4876735693;323094.4876735693;323084.3282743375;323084.3282743375;323080.5670609498;322649.7228422166;322649.7228422166;322648.0773631064;322647.5508097912;322634.8898979342;322634.8898979342;322634.8898979342;322634.8898979342;322631.5479505577;322631.5479505577;322631.5479505577;322631.5479505577;322631.5479505577;322631.5479505577;322631.5479505577;320328.72291746334;320328.72291746334;320328.72291746334;320325.56551917415;320325.56551917415;320325.56551917415;320324.72088830115;320324.55806789186;320324.55806789186;320324.55806789186;320324.55806789186;320324.55806789186;320324.55806789186;320324.55806789186;320324.55806789186;320324.55806789186;320316.5461071247;320316.5461071247;320316.5461071247;320316.5461071247;320316.5461071247;320316.5461071247;318727.47669020476;318727.47669020476;318727.47669020476;318727.47669020476;318724.7904358716;318724.7904358716;318724.7904358716;317556.5322470432;317556.5322470432;317556.5322470432;317134.08977938513;317134.08977938513;317134.08977938513;316181.589433485;316086.33939889504;316086.33939889504;307556.0556477098;307556.0556477098;305984.3618789165;305984.3618789165;305984.3618789165;305984.3618789165;305984.3618789165
ALNS_b_reg;43;344165.30252836714;342512.9916502966;342512.9916502966;342091.53169405507;341655.59066465666;341655.59066465666;340316.1564380111;339269.7789920385;336476.44703194994;334614.6590394439;334614.6590394439;334614.6590394439;334614.6590394439;332465.2809955721;332465.2809955721;326784.71510182926;323297.74291504227;321703.58302644046;321703.58302644046;321703.58302644046;321290.158123807;321290.158123807;321290.158123807;321290.158123807;313851.15962166974;313851.15962166974;313851.15962166974;313851.15962166974;312777.5783409703;311833.4799895347;311158.958229058;311158.958229058;310733.76171238645;310733.53647553944;310733.53647553944;310733.53647553944;310733.53647553944;310733.53647553944;310733.53647553944;310733.53647553944;303212.5148811756;303210.6773322177;303210.6773322177;303210.6773322177;303210.6773322177;300628.4451001739;300628.4451001739;300628.4451001739;300628.4451001739;300628.4451001739;300628.4451001739;300180.4157309211;300180.4157309211;300180.4157309211;300180.4157309211;300180.4157309211;300180.4157309211;299842.6623686619;298588.149880271;298588.149880271;296786.02835945546;296786.02835945546;296786.02835945546;296786.02835945546;296786.02835945546;296786.02835945546;296786.02835945546;296786.02835945546;296786.02835945546;296786.02835945546;296786.02835945546;295354.23643079103;295354.23643079103;295354.23643079103;294902.3671429255;294902.3671429255;294902.3671429255;294902.3671429255;294902.3671429255;294902.3671429255;294902.3671429255;294902.3671429255;294902.3671429255;294902.3671429255;294902.3671429255;294902.3671429255;294902.3671429255;294902.3671429255;294902.3671429255;294902.3671429255;294902.3671429255;294457.2667013851;294457.2667013851;294099.06512518175;294099.06512518175;294099.06512518175;294099.06512518175;294099.06512518175;294099.06512518175;294099.06512518175
ALNS_b_reg;44;342917.1324262;342917.1324262;342917.1324262;342917.1324262;342917.1324262;342412.11043062655;340667.8067003596;340667.8067003596;340667.8067003596;338482.64202867815;338477.9287798554;338477.9287798554;332482.3040942198;332482.3040942198;332482.3040942198;332482.3040942198;331210.0930511481;331210.0930511481;331210.0930511481;331095.5315097187;331080.04995730356;331077.0174895759;331077.0174895759;331077.0174895759;330676.7000324539;329361.96718393255;329361.96718393255;329361.96718393255;328915.2520167395;328585.1084353259;328153.0830349505;328152.7952309183;328151.3644218107;328149.2000664734;328149.2000664734;328149.03065396176;328110.597280872;327680.36353116913;324868.83807108307;324868.83807108307;324868.83807108307;324868.83807108307;324868.83807108307;324868.83807108307;324868.83807108307;324868.83807108307;324868.83807108307;324868.83807108307;324868.83807108307;324868.83807108307;324868.83807108307;324868.83807108307;324282.57665323437;323341.472798267;323341.472798267;323324.26694872096;323324.26694872096;323324.26694872096;323324.26694872096;322894.2615092866;321608.826940571;321608.826940571;321608.826940571;321608.826940571;321608.826940571;321608.826940571;321608.826940571;321608.826940571;321161.9938986289;321161.9938986289;321161.9938986289;321161.9938986289;321161.9938986289;321161.9938986289;321085.9822733302;321085.9822733302;321085.9822733302;321085.9822733302;321085.9822733302;321085.9822733302;321085.9822733302;321085.9822733302;321085.9822733302;321085.9822733302;321085.9822733302;321085.9822733302;321085.9822733302;321085.9822733302;321085.9822733302;321085.9822733302;321085.9822733302;321085.9822733302;321085.9822733302;321085.9822733302;321085.9822733302;321085.9822733302;321085.9822733302;320837.463515094;320837.463515094;320837.463515094
ALNS_b_reg;45;350743.55803248374;343452.0505683215;341851.7557463956;341841.9478787565;341701.4253915788;341701.4253915788;341701.4253915788;339021.86421429325;339012.61135756806;339012.61135756806;338250.48943649966;338250.48943649966;338250.48943649966;338250.48943649966;338250.48943649966;338250.48943649966;337421.02897436265;337421.02897436265;334037.2915545423;332453.2332891325;332453.2332891325;332453.2332891325;332453.2332891325;328887.44581421197;327809.8713023324;327809.8713023324;325976.23374604137;325976.23374604137;321338.43012114934;321338.43012114934;321338.43012114934;321338.43012114934;320517.2519491879;320517.2519491879;320517.2519491879;320508.0514980669;320508.0514980669;320508.0514980669;320508.0514980669;320508.0514980669;320508.0514980669;320503.3897360012;320112.17183148384;320112.17183148384;307811.9825010917;307807.2898741335;306712.2784687208;306712.2784687208;306712.2784687208;306712.2784687208;306712.2784687208;306712.2784687208;306710.46673746465;306708.3793079739;306704.42515269294;306704.42515269294;306704.42515269294;306704.42515269294;306704.42515269294;306704.42515269294;306704.42515269294;306700.51186714246;306700.51186714246;306700.51186714246;306700.51186714246;306695.8789243994;306643.17920069693;306643.17920069693;306187.55200479634;306182.1076173436;306182.01884301746;306182.01884301746;306182.01884301746;305750.29529785493;305750.29529785493;305750.29529785493;305683.15238847525;305683.15238847525;305683.15238847525;305683.15238847525;305683.15238847525;305683.15238847525;305683.15238847525;305683.15238847525;305683.15238847525;305682.39268551336;305682.39268551336;305682.39268551336;305682.39268551336;305241.18467938196;305239.8698557298;305239.8698557298;305239.8698557298;305239.8698557298;305239.8698557298;305239.8698557298;305239.8698557298;305239.8698557298;305223.01439910766;305223.01439910766
ALNS_b_reg;46;353298.35745263187;353298.35745263187;353157.69219225517;353157.57533768326;353155.66567760066;350890.20374056866;348827.8720982042;348827.8720982042;348827.8720982042;348827.8720982042;345456.41511528403;345456.41511528403;345456.41511528403;345456.41511528403;345456.41511528403;345456.41511528403;345456.41511528403;345456.41511528403;344003.54818493285;344003.54818493285;344001.8648933052;343999.2444458021;343999.2444458021;343959.10430121195;339109.2995649664;339109.2995649664;339109.2995649664;336148.54426839907;336148.54426839907;336147.3220904519;336147.3220904519;335453.8999134404;335453.8999134404;335453.8999134404;335401.6425924441;334770.8756248833;334770.8756248833;332900.90997888986;332900.90997888986;332900.90997888986;331243.79654734547;330479.0840174463;330344.0448696744;330033.454829799;330033.454829799;328562.94117608515;328562.94117608515;328562.94117608515;328562.94117608515;328562.94117608515;328562.94117608515;328558.2608153517;327961.18167552026;327961.18167552026;327511.14650053997;327511.14650053997;327511.14650053997;327511.14650053997;327511.14650053997;318870.8061348298;318870.8061348298;318870.8061348298;318870.8061348298;318870.8061348298;318870.8061348298;318870.8061348298;318870.8061348298;318870.8061348298;318517.70112147473;318517.70112147473;318517.70112147473;318517.70112147473;316656.488355784;316656.488355784;314433.84299444564;314433.84299444564;313560.0046673298;313560.0046673298;313560.0046673298;313560.0046673298;313560.0046673298;313560.0046673298;313560.0046673298;313560.0046673298;312059.74068071274;312059.74068071274;312059.74068071274;312059.74068071274;312059.74068071274;312059.74068071274;312046.8937809468;312046.8937809468;311612.5632733596;311612.5632733596;311612.5632733596;311612.5632733596;311612.5632733596;311612.5632733596;311612.5632733596;311610.0328044521
ALNS_b_reg;47;330045.72186980146;329946.66487762035;329946.66487762035;329946.66487762035;329946.66487762035;329946.66487762035;329946.66487762035;329946.66487762035;329333.6640901079;326308.41538623755;326308.41538623755;326308.41538623755;326308.41538623755;326308.41538623755;326308.41538623755;326308.41538623755;326308.41538623755;326307.1053116099;326307.1053116099;326307.1053116099;326307.1053116099;325483.9737628358;321779.8817933523;321779.8817933523;321779.8817933523;321779.8817933523;321779.8817933523;321334.9569413516;321334.9569413516;321334.9569413516;321054.89052893315;320821.50185191777;320821.50185191777;319913.6362009511;319913.6362009511;319913.6362009511;319913.6362009511;319913.6362009511;319913.6362009511;319913.6362009511;319913.6362009511;319913.6362009511;319913.6362009511;319913.6362009511;319913.6362009511;319913.6362009511;319913.6362009511;319484.25416629936;319128.8967961977;319128.8967961977;314792.7090311397;314792.7090311397;314792.7090311397;314792.7090311397;314792.7090311397;314355.8888737308;312780.91752723354;312780.91752723354;311401.9078279548;311401.9078279548;311401.9078279548;311401.9078279548;310386.23359305237;310386.23359305237;307690.54307840724;307690.54307840724;303283.4529447033;303283.3181069856;303283.3181069856;303283.3181069856;303283.3181069856;302918.4769121469;302918.4769121469;302915.6062687938;302915.4076528822;302915.4076528822;302445.2087241679;302445.2087241679;302445.2087241679;302445.2087241679;301993.7342588776;300673.0234208068;300673.0234208068;300673.0234208068;300673.0234208068;300200.36183295463;300180.185138225;300180.185138225;299739.5965752538;299739.5965752538;299739.5965752538;299739.5965752538;299739.5965752538;299739.5965752538;299293.5006124738;299293.5006124738;299293.5006124738;299293.5006124738;299293.5006124738;292048.7678887718
ALNS_b_reg;48;346324.7624230197;345375.17352076556;345372.85793470824;332500.2527423771;331677.62301804696;331661.0961188254;329313.3563413866;329313.3563413866;329313.3563413866;328022.5600691564;323557.5759640059;323480.30173127184;321020.7724738802;321020.7724738802;321020.7724738802;319655.9926845469;319655.9926845469;319655.9926845469;319654.8612506875;319592.2216205614;317539.6154319551;315911.8481108133;315911.8481108133;315911.8481108133;315911.8481108133;314299.07200693083;314299.07200693083;314299.07200693083;313861.564874237;313861.564874237;313414.42583091574;313414.42583091574;313414.42583091574;313414.42583091574;313414.42583091574;311615.9691344376;311612.47457940865;311609.94894621504;311609.22733673116;305190.0832331314;305190.0832331314;304715.8474376109;304715.8474376109;304715.8474376109;304715.8474376109;304715.8474376109;304695.3443855214;304695.3443855214;304695.3443855214;304695.3443855214;304022.48173388815;304022.48173388815;304022.48173388815;304022.48173388815;304022.48173388815;304022.48173388815;304022.48173388815;304022.48173388815;304022.48173388815;304022.48173388815;304022.48173388815;304018.89961423;304018.89961423;304018.89961423;304018.89961423;304018.89961423;304018.89961423;304018.89961423;304018.89961423;304018.89961423;303818.39889019215;303567.77298514504;303567.77298514504;303567.77298514504;303567.77298514504;303567.77298514504;302580.44112047245;302580.44112047245;302580.44112047245;302580.44112047245;302580.44112047245;302580.44112047245;302580.44112047245;302580.44112047245;302580.44112047245;302580.44112047245;302580.44112047245;302580.44112047245;302580.44112047245;302580.44112047245;302580.44112047245;302580.44112047245;302580.44112047245;302580.44112047245;302580.44112047245;302580.44112047245;302579.6646645193;302579.6646645193;302578.6219553415;302574.9724732191
ALNS_b_reg;49;343073.8372456623;343073.8372456623;343073.8372456623;343073.8372456623;343073.8372456623;343054.51525718265;341460.60926936864;341460.60926936864;341460.60926936864;341006.3286674121;341006.3286674121;341006.3286674121;341006.3286674121;341006.3286674121;341006.3286674121;341006.3286674121;340558.32813150773;337845.9803384594;337845.9803384594;337844.6279215337;337828.9120384261;337828.9120384261;337828.9120384261;334933.8414893402;334933.8414893402;334108.4032903954;334108.4032903954;333664.78506679117;332944.1301940867;332941.43586311943;331057.4078210603;331057.4078210603;331057.4078210603;331057.4078210603;331057.4078210603;331057.4078210603;331057.4078210603;331057.4078210603;331057.4078210603;331057.4078210603;331057.4078210603;330299.2868486054;330130.32809523423;330130.32809523423;330130.32809523423;330130.32809523423;329666.70825603756;329666.70825603756;329654.8962189308;329654.8962189308;329654.8962189308;329654.8962189308;329654.8962189308;321559.06384664844;321559.06384664844;321559.06384664844;321559.06384664844;321559.06384664844;321555.5856456054;321555.5856456054;321555.5856456054;321555.5856456054;319009.89675381273;318637.61361285753;318637.61361285753;318637.61361285753;318188.66020629957;318188.66020629957;318188.66020629957;318188.66020629957;316620.2362012705;316245.0076107422;316242.4503449226;316242.4503449226;316242.4503449226;316242.4503449226;316186.0651008099;316186.0651008099;316186.0651008099;316186.0651008099;316186.0651008099;316186.0651008099;316186.0651008099;314429.9383182894;314429.9383182894;314429.9383182894;314429.9383182894;314429.9383182894;314429.40299611515;314429.40299611515;314429.40299611515;314429.40299611515;314429.40299611515;314429.40299611515;314429.40299611515;314429.40299611515;314429.40299611515;314429.40299611515;314429.40299611515;314429.40299611515
ALNS_b_reg;50;341795.9059610381;341795.9059610381;341000.6184436754;341000.6184436754;340964.56178147584;340964.56178147584;339678.1957826113;335276.79555127455;335276.79555127455;335276.79555127455;332480.07383362076;327711.7555190897;327711.7555190897;327700.45209175546;327700.45209175546;327700.45209175546;326548.53159411455;326548.53159411455;326548.53159411455;326546.97863697325;326546.97863697325;326546.97863697325;326546.97863697325;326516.95835701854;326516.95835701854;326516.95835701854;326516.95835701854;320310.9444852766;320303.7100892431;320301.39508251235;320301.39508251235;320301.39508251235;320301.39508251235;320301.39508251235;318012.67498743633;318012.67498743633;318012.67498743633;316743.0226701752;314668.011922585;314668.011922585;313915.9768477832;313915.1225562643;313915.1225562643;313915.1225562643;313915.1225562643;313915.1225562643;313915.1225562643;313915.1225562643;313915.1225562643;313915.1225562643;305369.70502000395;305369.70502000395;304477.78449865564;304477.78449865564;304477.78449865564;304474.7792902536;304474.7792902536;304474.7792902536;304474.7792902536;304474.7792902536;304474.7792902536;304474.7792902536;304474.7792902536;304474.7792902536;304474.7792902536;304474.7792902536;304474.7792902536;304474.7792902536;303246.11239494797;293141.1853804595;293141.1853804595;293124.3299238374;293110.28210316057;293110.28210316057;293110.28210316057;293110.28210316057;293110.28210316057;293110.28210316057;293110.28210316057;293110.28210316057;293110.28210316057;293110.28210316057;293110.28210316057;293110.28210316057;293110.28210316057;293110.28210316057;293110.28210316057;292748.455267976;292748.455267976;292748.455267976;290047.38040615624;290047.38040615624;290047.38040615624;290047.38040615624;290047.38040615624;290047.38040615624;290047.38040615624;290047.38040615624;290047.38040615624;290047.38040615624
