method;run;1%;2%;3%;4%;5%;6%;6%;8%;9%;10%;11%;12%;13%;14%;15%;16%;17%;18%;19%;20%;21%;22%;23%;24%;25%;26%;27%;28%;29%;30%;31%;32%;33%;34%;35%;36%;37%;38%;39%;40%;41%;42%;43%;44%;45%;46%;47%;48%;49%;50%;51%;52%;53%;54%;55%;56%;57%;58%;59%;60%;61%;62%;63%;64%;65%;66%;67%;68%;69%;70%;71%;72%;73%;74%;75%;76%;77%;78%;79%;80%;81%;82%;83%;84%;85%;86%;87%;88%;89%;90%;91%;92%;93%;94%;95%;96%;97%;98%;99%;100%
GRASP;1;4268288.207891627;4255960.500362876;4243632.792834125;4231305.085305374;4218977.377776623;4206649.670247872;4194321.962719121;4181994.25519037;4169666.5476616193;4157338.840132868;4145011.132604117;4132683.425075366;4120355.717546615;4108028.010017864;4095700.302489113;4083372.594960362;4071044.887431611;4058717.17990286;4046389.472374109;4034061.7648453577;4022866.9105849247;4016203.4693977623;4009540.0282106;4002876.5870234375;3996213.145836275;3989549.704649113;3982886.2634619507;3976222.8222747883;3969559.381087626;3962895.9399004634;3956232.498713301;3949569.0575261386;3942905.6163389767;3936242.1751518142;3929578.733964652;3922915.2927774894;3916251.851590327;3909588.4104031646;3902924.969216002;3896261.5280288397;3880129.0910892636;3849793.160521066;3819457.2299528685;3789121.2993846713;3758785.3688164735;3728449.4382482762;3698113.5076800785;3667777.577111881;3637441.6465436835;3607105.715975486;3576769.7854072885;3546433.854839091;3516097.9242708934;3485761.993702696;3455426.0631344984;3425090.132566301;3394754.2019981034;3364418.271429906;3334082.340861709;3303746.410293511;3291612.038066232;3291612.038066232;3291612.038066232;3291612.038066232;3291612.038066232;3291612.038066232;3291612.038066232;3291612.038066232;3291612.038066232;3291612.038066232;3291612.038066232;3291612.038066232;3291612.038066232;3291612.038066232;3291612.038066232;3291612.038066232;3291612.038066232;3291612.038066232;3291612.038066232;3291612.038066232;3291612.038066232;3291612.038066232;3291612.038066232;3291612.038066232;3291612.038066232;3291612.038066232;3291612.038066232;3291612.038066232;3291612.038066232;3291612.038066232;3291612.038066232;3291612.038066232;3291612.038066232;3291612.038066232;3291612.038066232;3291612.038066232;3291612.038066232;3291612.038066232;3291612.038066232;3291612.038066232
GRASP;1;352127.45103984553;327589.3194179806;308945.27160575974;308945.27160575974;308945.27160575974;308945.27160575974;308945.27160575974;308945.27160575974;308945.27160575974;308945.27160575974;308945.27160575974;308945.27160575974;308945.27160575974;308945.27160575974;308945.27160575974;308945.27160575974;308945.27160575974;308945.27160575974;308945.27160575974;308945.27160575974;308945.27160575974;308945.27160575974;308945.27160575974;308945.27160575974;308945.27160575974;308945.27160575974;308945.27160575974;308945.27160575974;308945.27160575974;308945.27160575974;308945.27160575974;308945.27160575974;308945.27160575974;308945.27160575974;308945.27160575974;308945.27160575974;308945.27160575974;308945.27160575974;308945.27160575974;308945.27160575974;308945.27160575974;308945.27160575974;308945.27160575974;308945.27160575974;308945.27160575974;308945.27160575974;308945.27160575974;308945.27160575974;308945.27160575974;308945.27160575974;308945.27160575974;308945.27160575974;308945.27160575974;308945.27160575974;308945.27160575974;308945.27160575974;308945.27160575974;308945.27160575974;308945.27160575974;308945.27160575974;308945.27160575974;308945.27160575974;308945.27160575974;308945.27160575974;308945.27160575974;308945.27160575974;308945.27160575974;308945.27160575974;308945.27160575974;308945.27160575974;308945.27160575974;308945.27160575974;308945.27160575974;308945.27160575974;308945.27160575974;308945.27160575974;308945.27160575974;308945.27160575974;308945.27160575974;308945.27160575974;308945.27160575974;308945.27160575974;308945.27160575974;308945.27160575974;308945.27160575974;308945.27160575974;308945.27160575974;308945.27160575974;308945.27160575974;308945.27160575974;308945.27160575974;308945.27160575974;308945.27160575974;308945.27160575974;308945.27160575974;308945.27160575974;308945.27160575974;308945.27160575974;308945.27160575974;308945.27160575974
GRASP;2;354918.58105443616;332102.33260864054;332102.33260864054;332102.33260864054;329756.23826548207;328876.45288679766;328876.45288679766;328876.45288679766;328876.45288679766;328876.45288679766;328876.45288679766;328876.45288679766;327405.23290526733;320784.7429883808;320784.7429883808;320784.7429883808;320784.7429883808;320784.7429883808;320784.7429883808;320784.7429883808;320784.7429883808;320784.7429883808;320784.7429883808;320784.7429883808;320784.7429883808;320784.7429883808;320784.7429883808;320784.7429883808;320784.7429883808;320784.7429883808;320784.7429883808;320784.7429883808;320784.7429883808;320784.7429883808;320784.7429883808;320784.7429883808;320784.7429883808;320784.7429883808;320784.7429883808;320784.7429883808;320784.7429883808;320784.7429883808;320784.7429883808;320784.7429883808;320784.7429883808;320784.7429883808;320784.7429883808;320784.7429883808;320784.7429883808;320784.7429883808;320784.7429883808;320784.7429883808;320784.7429883808;320784.7429883808;320784.7429883808;320784.7429883808;320784.7429883808;320784.7429883808;320784.7429883808;320784.7429883808;320784.7429883808;320784.7429883808;320784.7429883808;320784.7429883808;320784.7429883808;320784.7429883808;320784.7429883808;320784.7429883808;320784.7429883808;320784.7429883808;320784.7429883808;320784.7429883808;320784.7429883808;320784.7429883808;320784.7429883808;320784.7429883808;320784.7429883808;320784.7429883808;320784.7429883808;320784.7429883808;320784.7429883808;320784.7429883808;320784.7429883808;320527.0729465405;317950.37252813764;317950.37252813764;317950.37252813764;317950.37252813764;317950.37252813764;317950.37252813764;317950.37252813764;317950.37252813764;317950.37252813764;317950.37252813764;317950.37252813764;317950.37252813764;317950.37252813764;317950.37252813764;317950.37252813764;317950.37252813764
GRASP;3;352805.93138387636;342999.03976496763;341970.03375062894;338754.3899558206;338754.3899558206;338754.3899558206;338754.3899558206;338754.3899558206;338754.3899558206;338049.02682274906;330995.3954920339;330995.3954920339;330995.3954920339;330995.3954920339;330995.3954920339;330995.3954920339;330995.3954920339;330995.3954920339;330995.3954920339;330995.3954920339;330995.3954920339;330995.3954920339;330995.3954920339;330995.3954920339;330995.3954920339;330995.3954920339;330995.3954920339;330995.3954920339;330995.3954920339;330995.3954920339;330797.22709677625;330683.9880137718;330683.9880137718;330683.9880137718;330683.9880137718;330683.9880137718;330683.9880137718;330683.9880137718;330683.9880137718;330683.9880137718;330683.9880137718;330683.9880137718;330683.9880137718;330683.9880137718;330683.9880137718;330683.9880137718;330683.9880137718;330683.9880137718;330683.9880137718;330683.9880137718;330683.9880137718;330683.9880137718;330683.9880137718;330683.9880137718;330683.9880137718;330683.9880137718;330683.9880137718;330683.9880137718;330683.9880137718;330683.9880137718;330683.9880137718;330683.9880137718;330683.9880137718;330683.9880137718;329820.60537162266;329544.3229261349;329544.3229261349;329544.3229261349;329544.3229261349;329544.3229261349;329544.3229261349;329145.1146704533;328885.62930426025;328885.62930426025;328885.62930426025;328885.62930426025;328885.62930426025;328885.62930426025;328885.62930426025;328885.62930426025;328885.62930426025;328885.62930426025;311302.79144580505;310168.414809776;310168.414809776;310168.414809776;310168.414809776;310168.414809776;310168.414809776;310168.414809776;310168.414809776;310168.414809776;310168.414809776;310168.414809776;310168.414809776;310168.414809776;310168.414809776;310168.414809776;310168.414809776;310168.414809776
GRASP;4;341328.9947030049;341328.9947030049;340982.13800988946;338712.6260438787;336719.3258948341;336719.3258948341;336719.3258948341;317749.8825453014;316082.23917391396;316082.23917391396;316082.23917391396;316082.23917391396;316082.23917391396;316082.23917391396;316082.23917391396;316082.23917391396;316082.23917391396;316082.23917391396;316082.23917391396;316082.23917391396;316082.23917391396;316082.23917391396;316082.23917391396;316082.23917391396;316082.23917391396;316082.23917391396;316082.23917391396;316082.23917391396;316082.23917391396;316082.23917391396;316082.23917391396;316082.23917391396;316082.23917391396;316082.23917391396;316082.23917391396;316082.23917391396;316082.23917391396;316082.23917391396;316082.23917391396;316082.23917391396;316082.23917391396;316082.23917391396;316082.23917391396;316082.23917391396;316082.23917391396;316082.23917391396;316082.23917391396;316082.23917391396;316082.23917391396;316082.23917391396;316082.23917391396;316082.23917391396;316082.23917391396;316082.23917391396;316082.23917391396;316082.23917391396;316082.23917391396;316082.23917391396;316082.23917391396;316082.23917391396;316082.23917391396;316082.23917391396;316082.23917391396;316082.23917391396;316082.23917391396;316082.23917391396;316082.23917391396;316082.23917391396;316082.23917391396;316082.23917391396;316082.23917391396;316082.23917391396;316082.23917391396;316082.23917391396;316082.23917391396;316082.23917391396;316082.23917391396;316082.23917391396;316082.23917391396;316082.23917391396;316082.23917391396;316082.23917391396;316082.23917391396;316082.23917391396;316082.23917391396;316082.23917391396;316082.23917391396;316082.23917391396;316082.23917391396;316082.23917391396;316082.23917391396;316082.23917391396;316082.23917391396;316082.23917391396;316082.23917391396;316082.23917391396;316082.23917391396;316082.23917391396;316082.23917391396;316082.23917391396
GRASP;5;343067.4043251684;340279.66917235404;340279.66917235404;340279.66917235404;340279.66917235404;337106.2809801366;336090.796758627;336090.796758627;336090.796758627;336090.796758627;336090.796758627;336090.796758627;336090.796758627;328326.40871320444;328083.771586785;328083.771586785;328083.771586785;328083.771586785;328083.771586785;328083.771586785;328083.771586785;328083.771586785;328083.771586785;328083.771586785;328083.771586785;328083.771586785;328083.771586785;328083.771586785;328083.771586785;328083.771586785;328083.771586785;328083.771586785;328083.771586785;328083.771586785;328083.771586785;328083.771586785;328083.771586785;328083.771586785;328083.771586785;328083.771586785;328083.771586785;328083.771586785;328083.771586785;328083.771586785;328083.771586785;328083.771586785;328083.771586785;328083.771586785;328083.771586785;328083.771586785;328083.771586785;328083.771586785;328083.771586785;328083.771586785;328083.771586785;328083.771586785;328083.771586785;328083.771586785;328083.771586785;328083.771586785;328083.771586785;328083.771586785;328083.771586785;328083.771586785;328083.771586785;328083.771586785;328083.771586785;328083.771586785;328083.771586785;328083.771586785;328083.771586785;328083.771586785;328083.771586785;328083.771586785;328083.771586785;328083.771586785;328083.771586785;328083.771586785;328083.771586785;328083.771586785;328083.771586785;328083.771586785;328083.771586785;328083.771586785;328083.771586785;328083.771586785;328083.771586785;328083.771586785;328083.771586785;328083.771586785;326813.0409961792;326086.90923011885;326086.90923011885;326086.90923011885;326086.90923011885;326086.90923011885;326086.90923011885;326086.90923011885;326086.90923011885;326086.90923011885
GRASP;6;337845.7983082387;337845.7983082387;337845.7983082387;337845.7983082387;337845.7983082387;337845.7983082387;337845.7983082387;337845.7983082387;336365.01232937607;334588.06915474095;334588.06915474095;334588.06915474095;334588.06915474095;334588.06915474095;334588.06915474095;334588.06915474095;334588.06915474095;332626.9836656602;332626.9836656602;332626.9836656602;332626.9836656602;332626.9836656602;332626.9836656602;332626.9836656602;332626.9836656602;332626.9836656602;332626.9836656602;332626.9836656602;332626.9836656602;331099.86883784004;326566.971186589;326014.2614541122;326014.2614541122;326014.2614541122;326014.2614541122;326014.2614541122;326014.2614541122;326014.2614541122;326014.2614541122;326014.2614541122;326014.2614541122;326014.2614541122;326014.2614541122;326014.2614541122;326014.2614541122;326014.2614541122;326014.2614541122;326014.2614541122;326014.2614541122;326014.2614541122;323422.53613751096;323422.53613751096;323422.53613751096;323422.53613751096;323422.53613751096;323422.53613751096;323422.53613751096;323422.53613751096;323422.53613751096;323422.53613751096;323422.53613751096;323422.53613751096;323422.53613751096;323422.53613751096;323422.53613751096;323422.53613751096;323422.53613751096;323422.53613751096;323422.53613751096;323422.53613751096;323422.53613751096;323422.53613751096;323422.53613751096;323422.53613751096;323422.53613751096;323422.53613751096;323422.53613751096;323422.53613751096;323422.53613751096;323422.53613751096;323422.53613751096;323422.53613751096;323422.53613751096;323422.53613751096;323422.53613751096;323422.53613751096;323422.53613751096;323422.53613751096;323422.53613751096;323422.53613751096;323422.53613751096;323422.53613751096;323422.53613751096;323422.53613751096;323422.53613751096;323422.53613751096;323422.53613751096;323422.53613751096;323422.53613751096;323422.53613751096
GRASP;7;330504.5133924746;330504.5133924746;330504.5133924746;330504.5133924746;330504.5133924746;330504.5133924746;330504.5133924746;330504.5133924746;330504.5133924746;330504.5133924746;330504.5133924746;330504.5133924746;330504.5133924746;330504.5133924746;330504.5133924746;330504.5133924746;330504.5133924746;330504.5133924746;330504.5133924746;330504.5133924746;330504.5133924746;330504.5133924746;330504.5133924746;330504.5133924746;330504.5133924746;330504.5133924746;330504.5133924746;330504.5133924746;330504.5133924746;330504.5133924746;330504.5133924746;330504.5133924746;330504.5133924746;328656.2700551765;327732.1483865275;327732.1483865275;327732.1483865275;327732.1483865275;327732.1483865275;327732.1483865275;327732.1483865275;327732.1483865275;327732.1483865275;327732.1483865275;327732.1483865275;327640.0937333654;326719.54720174446;326719.54720174446;326719.54720174446;326719.54720174446;326719.54720174446;326719.54720174446;326719.54720174446;326719.54720174446;326719.54720174446;326719.54720174446;326719.54720174446;325240.39360138937;323848.2490363493;323848.2490363493;323848.2490363493;323848.2490363493;323848.2490363493;323848.2490363493;323848.2490363493;323848.2490363493;323848.2490363493;323848.2490363493;323848.2490363493;323848.2490363493;323848.2490363493;323848.2490363493;323848.2490363493;323848.2490363493;323848.2490363493;323848.2490363493;323848.2490363493;323848.2490363493;323848.2490363493;323848.2490363493;323848.2490363493;323848.2490363493;323848.2490363493;323848.2490363493;323848.2490363493;323848.2490363493;323848.2490363493;323848.2490363493;323848.2490363493;323848.2490363493;323848.2490363493;323848.2490363493;323848.2490363493;323848.2490363493;323848.2490363493;323848.2490363493;323848.2490363493;323848.2490363493;323848.2490363493;323848.2490363493
GRASP;8;351411.3103571891;346560.43568111095;345691.7726110383;330826.1934360942;321996.39769081265;321996.39769081265;321996.39769081265;321996.39769081265;321996.39769081265;321996.39769081265;321996.39769081265;321996.39769081265;321996.39769081265;321996.39769081265;321996.39769081265;321996.39769081265;321996.39769081265;321996.39769081265;321996.39769081265;321996.39769081265;321996.39769081265;321996.39769081265;321996.39769081265;321996.39769081265;321996.39769081265;321996.39769081265;321996.39769081265;321996.39769081265;321996.39769081265;321996.39769081265;321996.39769081265;321996.39769081265;321996.39769081265;321996.39769081265;321996.39769081265;321996.39769081265;321996.39769081265;321996.39769081265;321996.39769081265;321996.39769081265;321996.39769081265;321996.39769081265;321996.39769081265;321996.39769081265;321996.39769081265;321996.39769081265;321996.39769081265;321996.39769081265;321996.39769081265;321996.39769081265;321996.39769081265;321996.39769081265;321996.39769081265;321996.39769081265;321996.39769081265;321996.39769081265;321996.39769081265;321996.39769081265;321996.39769081265;321996.39769081265;321996.39769081265;321996.39769081265;321996.39769081265;321996.39769081265;321996.39769081265;321996.39769081265;321996.39769081265;321996.39769081265;321996.39769081265;321996.39769081265;321996.39769081265;321996.39769081265;321996.39769081265;321996.39769081265;321996.39769081265;321996.39769081265;321996.39769081265;321996.39769081265;321996.39769081265;321996.39769081265;321996.39769081265;321996.39769081265;321996.39769081265;321996.39769081265;321996.39769081265;321996.39769081265;321996.39769081265;321996.39769081265;321996.39769081265;321996.39769081265;321996.39769081265;321996.39769081265;321996.39769081265;321996.39769081265;321996.39769081265;321996.39769081265;321996.39769081265;321996.39769081265;321996.39769081265;321996.39769081265
GRASP;9;344975.84654142556;342212.4906467914;338353.1387396513;338353.1387396513;337585.55149327544;337403.24952226115;337403.24952226115;337403.24952226115;337403.24952226115;337403.24952226115;337403.24952226115;337403.24952226115;337403.24952226115;337403.24952226115;337403.24952226115;331101.457797709;331101.457797709;331101.457797709;331101.457797709;331101.457797709;331101.457797709;331101.457797709;331101.457797709;331101.457797709;331101.457797709;331101.457797709;331101.457797709;331101.457797709;331101.457797709;331101.457797709;331101.457797709;331101.457797709;331101.457797709;329663.75838560396;328944.90867955144;328944.90867955144;328944.90867955144;328944.90867955144;328944.90867955144;328944.90867955144;328944.90867955144;328944.90867955144;328944.90867955144;328944.90867955144;328944.90867955144;328944.90867955144;328944.90867955144;328944.90867955144;328944.90867955144;328944.90867955144;328944.90867955144;328944.90867955144;328944.90867955144;328944.90867955144;327054.1260664089;326865.0478050947;326865.0478050947;326865.0478050947;326865.0478050947;326865.0478050947;326865.0478050947;326865.0478050947;326865.0478050947;326865.0478050947;326865.0478050947;326865.0478050947;326865.0478050947;326865.0478050947;326865.0478050947;326865.0478050947;326865.0478050947;326865.0478050947;326865.0478050947;326865.0478050947;326865.0478050947;326865.0478050947;326865.0478050947;326865.0478050947;326865.0478050947;326865.0478050947;326865.0478050947;326865.0478050947;326865.0478050947;326865.0478050947;326865.0478050947;326865.0478050947;326865.0478050947;326865.0478050947;326865.0478050947;326865.0478050947;326865.0478050947;326865.0478050947;326865.0478050947;326865.0478050947;326865.0478050947;326865.0478050947;326865.0478050947;326865.0478050947;326865.0478050947;326865.0478050947
GRASP;10;354300.57239506;351439.56073473603;342246.73947213043;334552.7265566584;329721.0178641709;329721.0178641709;329721.0178641709;329721.0178641709;329721.0178641709;329721.0178641709;329721.0178641709;329721.0178641709;329721.0178641709;329721.0178641709;329721.0178641709;329721.0178641709;329721.0178641709;329721.0178641709;328728.82511631964;324263.9577509892;324263.9577509892;324263.9577509892;324263.9577509892;324263.9577509892;324263.9577509892;324263.9577509892;324263.9577509892;324263.9577509892;324263.9577509892;324263.9577509892;324263.9577509892;324263.9577509892;324263.9577509892;324263.9577509892;324263.9577509892;324263.9577509892;324263.9577509892;324263.9577509892;324263.9577509892;324263.9577509892;324263.9577509892;324263.9577509892;324263.9577509892;324263.9577509892;324263.9577509892;324263.9577509892;324263.9577509892;324263.9577509892;324263.9577509892;324263.9577509892;324263.9577509892;324263.9577509892;324263.9577509892;324263.9577509892;324263.9577509892;324263.9577509892;324263.9577509892;324263.9577509892;324263.9577509892;324263.9577509892;324263.9577509892;324263.9577509892;324263.9577509892;324263.9577509892;324263.9577509892;324263.9577509892;324263.9577509892;324263.9577509892;324263.9577509892;324263.9577509892;324263.9577509892;321620.302445751;319901.9264973462;319901.9264973462;319901.9264973462;319901.9264973462;319901.9264973462;319901.9264973462;319901.9264973462;319901.9264973462;319901.9264973462;319901.9264973462;319901.9264973462;319901.9264973462;319901.9264973462;319901.9264973462;319901.9264973462;319901.9264973462;319901.9264973462;319901.9264973462;319901.9264973462;319901.9264973462;319901.9264973462;319901.9264973462;319901.9264973462;319901.9264973462;319901.9264973462;319901.9264973462;319901.9264973462;319901.9264973462
GRASP;11;332487.172389002;322929.63781162153;322929.63781162153;322929.63781162153;322929.63781162153;322929.63781162153;322929.63781162153;322929.63781162153;322929.63781162153;322929.63781162153;322929.63781162153;322929.63781162153;322929.63781162153;322929.63781162153;322929.63781162153;322929.63781162153;322929.63781162153;322929.63781162153;322929.63781162153;322929.63781162153;322929.63781162153;322929.63781162153;322929.63781162153;322929.63781162153;322929.63781162153;322929.63781162153;322929.63781162153;322929.63781162153;322929.63781162153;322929.63781162153;322929.63781162153;322929.63781162153;322929.63781162153;322929.63781162153;322929.63781162153;322929.63781162153;322929.63781162153;322929.63781162153;322929.63781162153;322929.63781162153;322929.63781162153;322929.63781162153;322929.63781162153;322929.63781162153;322929.63781162153;322929.63781162153;322929.63781162153;322929.63781162153;322929.63781162153;322929.63781162153;322929.63781162153;322929.63781162153;322929.63781162153;322929.63781162153;322929.63781162153;322929.63781162153;322929.63781162153;322929.63781162153;322929.63781162153;322929.63781162153;322929.63781162153;322929.63781162153;322929.63781162153;322929.63781162153;322929.63781162153;322929.63781162153;322929.63781162153;322929.63781162153;322929.63781162153;322929.63781162153;322929.63781162153;322929.63781162153;322929.63781162153;322929.63781162153;322929.63781162153;322929.63781162153;322929.63781162153;322929.63781162153;322929.63781162153;322929.63781162153;322929.63781162153;322929.63781162153;322929.63781162153;322929.63781162153;322929.63781162153;322929.63781162153;322929.63781162153;322929.63781162153;322929.63781162153;322929.63781162153;322929.63781162153;322929.63781162153;322929.63781162153;322929.63781162153;322929.63781162153;322929.63781162153;322929.63781162153;322929.63781162153;322929.63781162153;322929.63781162153
GRASP;12;363836.6630493905;345092.4961364005;344968.71021952847;344800.71504663065;344679.512300056;344657.86895245337;343360.7679139818;339901.83181139105;338547.7221808763;337958.97886326123;337958.97886326123;337958.97886326123;337958.97886326123;337958.97886326123;337958.97886326123;337958.97886326123;337958.97886326123;337958.97886326123;337664.97324569034;337599.63866400794;337599.63866400794;337599.63866400794;337599.63866400794;337599.63866400794;337599.63866400794;337599.63866400794;336491.8001440242;335449.1285958042;335449.1285958042;335449.1285958042;335449.1285958042;335449.1285958042;335449.1285958042;335449.1285958042;335449.1285958042;335449.1285958042;335449.1285958042;335449.1285958042;335449.1285958042;335449.1285958042;335449.1285958042;335449.1285958042;335449.1285958042;334864.3923308963;330625.0544103136;330625.0544103136;330625.0544103136;330625.0544103136;328253.1798199336;317579.7441632236;317579.7441632236;317579.7441632236;317579.7441632236;317579.7441632236;317579.7441632236;317579.7441632236;317579.7441632236;317579.7441632236;317579.7441632236;317579.7441632236;317579.7441632236;317579.7441632236;317579.7441632236;317579.7441632236;317579.7441632236;317579.7441632236;317579.7441632236;317579.7441632236;317579.7441632236;317579.7441632236;317579.7441632236;317579.7441632236;317579.7441632236;317579.7441632236;317579.7441632236;317579.7441632236;317579.7441632236;317579.7441632236;317579.7441632236;317579.7441632236;317579.7441632236;317579.7441632236;317579.7441632236;317579.7441632236;317579.7441632236;317579.7441632236;317579.7441632236;317579.7441632236;317579.7441632236;317579.7441632236;317579.7441632236;317579.7441632236;317579.7441632236;317579.7441632236;317579.7441632236;317579.7441632236;317579.7441632236;317579.7441632236;317579.7441632236;317579.7441632236
GRASP;13;342098.1940650692;342098.1940650692;342098.1940650692;342098.1940650692;342098.1940650692;342098.1940650692;342098.1940650692;326058.5411977525;326058.5411977525;326058.5411977525;326058.5411977525;326058.5411977525;326058.5411977525;325853.5388791499;324029.0182435862;324029.0182435862;324029.0182435862;324029.0182435862;324029.0182435862;324029.0182435862;324029.0182435862;324029.0182435862;324029.0182435862;324029.0182435862;324029.0182435862;324029.0182435862;324029.0182435862;323210.00784634915;321776.73965118435;321776.73965118435;321776.73965118435;321776.73965118435;321776.73965118435;321776.73965118435;321776.73965118435;321776.73965118435;321776.73965118435;321776.73965118435;321776.73965118435;321776.73965118435;321776.73965118435;321776.73965118435;321776.73965118435;321776.73965118435;321776.73965118435;321776.73965118435;321776.73965118435;321776.73965118435;321776.73965118435;321776.73965118435;321776.73965118435;321776.73965118435;321776.73965118435;321776.73965118435;321776.73965118435;321776.73965118435;321776.73965118435;321776.73965118435;321776.73965118435;321776.73965118435;321776.73965118435;321776.73965118435;321776.73965118435;321776.73965118435;321776.73965118435;321776.73965118435;321776.73965118435;321776.73965118435;321776.73965118435;321776.73965118435;321776.73965118435;321776.73965118435;321776.73965118435;321776.73965118435;321776.73965118435;321776.73965118435;321776.73965118435;321776.73965118435;321776.73965118435;321776.73965118435;321776.73965118435;321776.73965118435;321776.73965118435;321776.73965118435;321776.73965118435;321776.73965118435;321776.73965118435;321776.73965118435;321776.73965118435;321776.73965118435;321776.73965118435;321776.73965118435;321776.73965118435;321776.73965118435;321776.73965118435;321776.73965118435;321776.73965118435;321776.73965118435;321776.73965118435;321776.73965118435
GRASP;14;347600.60228498693;346323.41472365113;341538.96357275645;341483.84777919395;341483.84777919395;341483.84777919395;339049.6602583142;332558.49353596824;332558.49353596824;324277.4006255394;323449.2913344966;323449.2913344966;323449.2913344966;323449.2913344966;323449.2913344966;323449.2913344966;323449.2913344966;323449.2913344966;323449.2913344966;323449.2913344966;323449.2913344966;323449.2913344966;323449.2913344966;323449.2913344966;323449.2913344966;323449.2913344966;323449.2913344966;323449.2913344966;323449.2913344966;323449.2913344966;323449.2913344966;323449.2913344966;323449.2913344966;323449.2913344966;323449.2913344966;323449.2913344966;323449.2913344966;323449.2913344966;323449.2913344966;323449.2913344966;323449.2913344966;323449.2913344966;323449.2913344966;323449.2913344966;323449.2913344966;323449.2913344966;323449.2913344966;323449.2913344966;323449.2913344966;323449.2913344966;323449.2913344966;323449.2913344966;323449.2913344966;323449.2913344966;323449.2913344966;323449.2913344966;323449.2913344966;323449.2913344966;323449.2913344966;323449.2913344966;323449.2913344966;323449.2913344966;323449.2913344966;323449.2913344966;323449.2913344966;323449.2913344966;323449.2913344965;320431.86194370565;320431.86194370565;320431.86194370565;320431.86194370565;320431.86194370565;320431.86194370565;320431.86194370565;320431.86194370565;320431.86194370565;320431.86194370565;320431.86194370565;320431.86194370565;320431.86194370565;320431.86194370565;320431.86194370565;320431.86194370565;320431.86194370565;320431.86194370565;320431.86194370565;320431.86194370565;320431.86194370565;320431.86194370565;320431.86194370565;320431.86194370565;320431.86194370565;320431.86194370565;320431.86194370565;320431.86194370565;320431.86194370565;320431.86194370565;320431.86194370565;320431.86194370565;320431.86194370565
GRASP;15;352172.43191261584;331032.9945220856;331032.9945220856;331032.9945220856;331032.9945220856;331032.9945220856;331032.9945220856;331032.9945220856;331032.9945220856;331032.9945220856;331032.9945220856;331032.9945220856;331032.9945220856;331032.9945220856;331032.9945220856;331032.9945220856;331032.9945220856;331032.9945220856;325530.87453164236;315902.1645483666;315902.1645483666;315902.1645483666;315902.1645483666;315902.1645483666;315902.1645483666;315902.1645483666;315902.1645483666;315902.1645483666;315902.1645483666;315902.1645483666;315902.1645483666;315902.1645483666;315902.1645483666;315902.1645483666;315902.1645483666;315902.1645483666;315902.1645483666;315902.1645483666;315902.1645483666;315902.1645483666;315902.1645483666;315902.1645483666;315902.1645483666;315902.1645483666;315902.1645483666;315902.1645483666;315902.1645483666;315902.1645483666;315902.1645483666;315902.1645483666;315902.1645483666;315902.1645483666;315902.1645483666;315902.1645483666;315902.1645483666;315902.1645483666;315902.1645483666;315902.1645483666;315902.1645483666;315902.1645483666;315902.1645483666;315902.1645483666;315902.1645483666;315902.1645483666;315902.1645483666;315902.1645483666;315902.1645483666;315902.1645483666;315902.1645483666;315902.1645483666;315902.1645483666;315902.1645483666;315902.1645483666;315902.1645483666;315902.1645483666;315902.1645483666;315902.1645483666;315902.1645483666;315902.1645483666;315902.1645483666;315902.1645483666;315902.1645483666;315902.1645483666;315902.1645483666;315902.1645483666;315902.1645483666;315902.1645483666;315902.1645483666;315902.1645483666;315902.1645483666;315902.1645483666;315902.1645483666;315902.1645483666;315902.1645483666;315902.1645483666;315902.1645483666;315902.1645483666;315902.1645483666;315902.1645483666;315902.1645483666
GRASP;16;356074.7759343573;338755.080683098;335902.4249946553;335902.4249946553;335902.4249946553;335902.4249946553;335902.4249946553;335902.4249946553;335902.4249946553;335902.4249946553;335902.4249946553;332772.96635854564;328861.1430634086;328861.1430634086;328861.1430634086;328861.1430634086;328861.1430634086;328861.1430634086;328861.1430634086;328861.1430634086;328861.1430634086;328861.1430634086;328861.1430634086;328861.1430634086;328861.1430634086;328861.1430634086;328861.1430634086;328861.1430634086;328861.1430634086;328861.1430634086;328861.1430634086;328861.1430634086;328861.1430634086;328861.1430634086;327780.87795350456;323232.39328022435;323232.39328022435;323232.39328022435;323232.39328022435;323232.39328022435;323232.39328022435;323232.39328022435;323232.39328022435;323232.39328022435;323232.39328022435;323232.39328022435;323232.39328022435;323232.39328022435;323232.39328022435;323232.39328022435;323232.39328022435;323232.39328022435;323232.39328022435;323232.39328022435;323232.39328022435;323232.39328022435;323232.39328022435;323232.39328022435;323232.39328022435;323232.39328022435;323232.39328022435;323232.39328022435;323232.39328022435;323232.39328022435;323232.39328022435;323232.39328022435;323232.39328022435;323232.39328022435;323232.39328022435;323232.39328022435;323232.39328022435;323232.39328022435;323232.39328022435;323232.39328022435;323232.39328022435;323232.39328022435;323232.39328022435;323232.39328022435;323232.39328022435;323232.39328022435;323232.39328022435;323232.39328022435;323232.39328022435;323232.39328022435;323232.39328022435;323232.39328022435;323232.39328022435;323232.39328022435;323232.39328022435;323232.39328022435;323232.39328022435;323232.39328022435;323232.39328022435;323232.39328022435;323232.39328022435;323232.39328022435;323232.39328022435;323232.39328022435;323232.39328022435;323232.39328022435
GRASP;17;356557.64876995544;339706.72740543605;339534.77922824706;339534.77922824706;339534.77922824706;339534.77922824706;338714.8833600308;337657.47823931166;337581.0482361416;337581.0482361416;337581.0482361416;337581.0482361416;337581.0482361416;337581.0482361416;337581.0482361416;337581.0482361416;335769.7636518088;335420.60035844345;328062.6496354407;326427.54947477346;326427.54947477346;326427.54947477346;326427.54947477346;326427.54947477346;326427.54947477346;326427.54947477346;326427.54947477346;326427.54947477346;326427.54947477346;326427.54947477346;326427.54947477346;326427.54947477346;326427.54947477346;326427.54947477346;326427.54947477346;326427.54947477346;326427.54947477346;326427.54947477346;326427.54947477346;326427.54947477346;326427.54947477346;326427.54947477346;326427.54947477346;326427.54947477346;324809.2958294816;323514.69291324815;323514.69291324815;323514.69291324815;323514.69291324815;322866.50791794294;322231.2866225438;322231.2866225438;322231.2866225438;322231.2866225438;322231.2866225438;322231.2866225438;322231.2866225438;322231.2866225438;322231.2866225438;322231.2866225438;322231.2866225438;322231.2866225438;322231.2866225438;322231.2866225438;322231.2866225438;322231.2866225438;322231.2866225438;322231.2866225438;322231.2866225438;322231.2866225438;322231.2866225438;322231.2866225438;322231.2866225438;322231.2866225438;322231.2866225438;322231.2866225438;322231.2866225438;322231.2866225438;321632.69724140724;319409.36525432864;319409.36525432864;319409.36525432864;319409.36525432864;319409.36525432864;319409.36525432864;319409.36525432864;319409.36525432864;319409.36525432864;319409.36525432864;319409.36525432864;319409.36525432864;319409.36525432864;319409.36525432864;319409.36525432864;319409.36525432864;319409.36525432864;319409.36525432864;319409.36525432864;319409.36525432864;319409.36525432864
GRASP;18;343516.20364611014;337141.1196470702;337141.1196470702;337141.1196470702;337141.1196470702;333592.1830675457;330114.2252196117;330114.2252196117;330114.2252196117;330114.2252196117;330114.2252196117;330114.2252196117;329799.25885532;328629.3837879507;328629.3837879507;328629.3837879507;328629.3837879507;328629.3837879507;328629.3837879507;328629.3837879507;328629.3837879507;328629.3837879507;328629.3837879507;328629.3837879507;328629.3837879507;328629.3837879507;328629.3837879507;328629.3837879507;328629.3837879507;328629.3837879507;327405.5440190023;327405.5440190023;327405.5440190023;326639.3427777213;325106.94029515923;325106.94029515923;325106.94029515923;325106.94029515923;325106.94029515923;325106.94029515923;325106.94029515923;325106.94029515923;325106.94029515923;325106.94029515923;325106.94029515923;325106.94029515923;325106.94029515923;325106.94029515923;325106.94029515923;325106.94029515923;325106.94029515923;325106.94029515923;325106.94029515923;325106.94029515923;325106.94029515923;325106.94029515923;325106.94029515923;325106.94029515923;323433.1520725188;323157.46930643683;323157.46930643683;323157.46930643683;323157.46930643683;323157.46930643683;322108.13627175207;320899.1221230935;320899.1221230935;320899.1221230935;320899.1221230935;320899.1221230935;320899.1221230935;320899.1221230935;320899.1221230935;320899.1221230935;320899.1221230935;320899.1221230935;320899.1221230935;320899.1221230935;320899.1221230935;320899.1221230935;320899.1221230935;320899.1221230935;320899.1221230935;320899.1221230935;320899.1221230935;320899.1221230935;320899.1221230935;320899.1221230935;320899.1221230935;320899.1221230935;320899.1221230935;320899.1221230935;320899.1221230935;320899.1221230935;320899.1221230935;320899.1221230935;320899.1221230935;320899.1221230935;320899.1221230935;320899.1221230935
GRASP;19;337808.592603714;337808.592603714;337808.592603714;337808.592603714;334308.73135091894;329146.4360030462;329146.4360030462;329146.4360030462;329146.4360030462;329146.4360030462;329125.79226555437;327102.70599135314;327102.70599135314;327102.70599135314;327102.70599135314;327102.70599135314;327102.70599135314;327102.70599135314;327102.70599135314;327102.70599135314;327102.70599135314;327102.70599135314;327102.70599135314;327102.70599135314;327102.70599135314;327102.70599135314;327102.70599135314;327102.70599135314;327102.70599135314;327102.70599135314;327102.70599135314;327102.70599135314;327102.70599135314;327102.70599135314;327102.70599135314;327102.70599135314;327102.70599135314;327102.70599135314;327102.70599135314;327102.70599135314;327102.70599135314;327102.70599135314;327102.70599135314;327102.70599135314;327102.70599135314;327102.70599135314;327102.70599135314;327102.70599135314;327102.70599135314;327102.70599135314;327102.70599135314;327102.70599135314;327102.70599135314;327102.70599135314;327102.70599135314;327102.70599135314;327102.70599135314;327102.70599135314;327102.70599135314;327102.70599135314;327102.70599135314;327102.70599135314;326119.0301483808;323357.17105080467;323357.17105080467;323357.17105080467;323357.17105080467;323357.17105080467;323357.17105080467;323357.17105080467;323357.17105080467;323357.17105080467;323357.17105080467;323357.17105080467;323357.17105080467;323357.17105080467;323357.17105080467;323357.17105080467;323357.17105080467;323357.17105080467;323357.17105080467;323357.17105080467;323357.17105080467;323357.17105080467;323357.17105080467;323357.17105080467;323357.17105080467;323357.17105080467;323357.17105080467;323357.17105080467;323357.17105080467;323357.17105080467;323357.17105080467;323357.17105080467;323357.17105080467;323357.17105080467;323357.17105080467;323357.17105080467;323357.17105080467;323357.17105080467
GRASP;20;343757.20602401515;342479.8108212209;342019.15068676363;341054.6435302438;341054.6435302438;341054.6435302438;341054.6435302438;340160.0386393007;334241.8832069081;334241.8832069081;334241.8832069081;334241.8832069081;334241.8832069081;334241.8832069081;334241.8832069081;334241.8832069081;334241.8832069081;334241.8832069081;325387.8311515454;324502.4259460091;324502.4259460091;324502.4259460091;324502.4259460091;324502.4259460091;324502.4259460091;324502.4259460091;324502.4259460091;324502.4259460091;324502.4259460091;324502.4259460091;324502.4259460091;324502.4259460091;324502.4259460091;324502.4259460091;324502.4259460091;324502.4259460091;324502.4259460091;324502.4259460091;324502.4259460091;324502.4259460091;324502.4259460091;324502.4259460091;324502.4259460091;324502.4259460091;324502.4259460091;324502.4259460091;324502.4259460091;324502.4259460091;324502.4259460091;324502.4259460091;324502.4259460091;324502.4259460091;324502.4259460091;324502.4259460091;324502.4259460091;324502.4259460091;324502.4259460091;324502.4259460091;324502.4259460091;324502.4259460091;324502.4259460091;324502.4259460091;324502.4259460091;324502.4259460091;324502.4259460091;324502.4259460091;324502.4259460091;324502.4259460091;324502.4259460091;324502.4259460091;324502.4259460091;324502.4259460091;324502.4259460091;324502.4259460091;324502.4259460091;324502.4259460091;324502.4259460091;324502.4259460091;324502.4259460091;324502.4259460091;324502.4259460091;324502.4259460091;324502.4259460091;324502.4259460091;324502.4259460091;324502.4259460091;324502.4259460091;324502.4259460091;324502.4259460091;324502.4259460091;324502.4259460091;324502.4259460091;324502.4259460091;324502.4259460091;324502.4259460091;324497.6066365789;324488.7941850494;324488.7941850494;324488.7941850494;324488.7941850494
GRASP;21;355088.54807590094;350310.6142917174;348892.92269905045;348892.92269905045;348892.92269905045;345225.64408364013;342841.9129836234;342841.9129836234;342841.9129836234;342841.9129836234;341092.55077095615;334594.9196953349;331819.09009244293;328488.09456897253;328488.09456897253;328488.09456897253;328488.09456897253;328488.09456897253;328488.09456897253;328488.09456897253;328488.09456897253;328488.09456897253;328488.09456897253;328488.09456897253;328488.09456897253;328488.09456897253;328488.09456897253;328488.09456897253;328488.09456897253;328488.09456897253;328488.09456897253;328488.09456897253;328488.09456897253;328488.09456897253;328488.09456897253;328488.09456897253;328488.09456897253;328488.09456897253;328488.09456897253;328488.09456897253;328488.09456897253;328488.09456897253;328488.09456897253;328488.09456897253;328488.09456897253;328488.09456897253;328488.09456897253;328488.09456897253;324462.1971822406;323567.5533185224;323567.5533185224;323567.5533185224;323567.5533185224;323567.5533185224;323567.5533185224;323567.5533185224;323567.5533185224;323567.5533185224;323567.5533185224;323567.5533185224;323567.5533185224;323567.5533185224;323567.5533185224;323567.5533185224;323567.5533185224;323567.5533185224;323567.5533185224;323567.5533185224;323567.5533185224;323567.5533185224;323567.5533185224;323567.5533185224;323567.5533185224;323567.5533185224;323567.5533185224;318380.74935539946;318380.74935539946;318380.74935539946;318380.74935539946;318380.74935539946;318380.74935539946;318380.74935539946;318380.74935539946;318380.74935539946;318380.74935539946;318380.74935539946;318380.74935539946;318380.74935539946;318380.74935539946;318380.74935539946;318380.74935539946;318380.74935539946;318380.74935539946;318380.74935539946;318380.74935539946;318380.74935539946;318380.74935539946;318380.74935539946;318380.74935539946;318380.74935539946
GRASP;22;347390.7200189445;343845.26898143283;341528.20549805166;335094.64332017367;333112.3924185395;333112.3924185395;333112.3924185395;333112.3924185395;333112.3924185395;332285.53081089054;331813.0384636626;331813.0384636626;331813.0384636626;331813.0384636626;331813.0384636626;331813.0384636626;331813.0384636626;331813.0384636626;331813.0384636626;331813.0384636626;331813.0384636626;331813.0384636626;331813.0384636626;331813.0384636626;331813.0384636626;331813.0384636626;331813.0384636626;331813.0384636626;331813.0384636626;331813.0384636626;329079.8758927691;325800.0808076968;325800.0808076968;325800.0808076968;325800.0808076968;325800.0808076968;325800.0808076968;325800.0808076968;325800.0808076968;325800.0808076968;325800.0808076968;325800.0808076968;325800.0808076968;325800.0808076968;325800.0808076968;325800.0808076968;325800.0808076968;325800.0808076968;325800.0808076968;325800.0808076968;325800.0808076968;325800.0808076968;325800.0808076968;325800.0808076968;325800.0808076968;325800.0808076968;325800.0808076968;325800.0808076968;325800.0808076968;325800.0808076968;325800.0808076968;325800.0808076968;325800.0808076968;325800.0808076968;325800.0808076968;325800.0808076968;325800.0808076968;325800.0808076968;325800.0808076968;325800.0808076968;325800.0808076968;325800.0808076968;325800.0808076968;325800.0808076968;325800.0808076968;325800.0808076968;322337.43843613483;321567.9623535655;321567.9623535655;321567.9623535655;321567.9623535655;321567.9623535655;321567.9623535655;321567.9623535655;321567.9623535655;321567.9623535655;321567.9623535655;321567.9623535655;321567.9623535655;321567.9623535655;321567.9623535655;321567.9623535655;321567.9623535655;321567.9623535655;321567.9623535655;321567.9623535655;321567.9623535655;321567.9623535655;321567.9623535655;321567.9623535655
GRASP;23;341242.5697394379;332431.11252011085;331867.338148239;329894.1278466875;329894.1278466875;329894.1278466875;329894.1278466875;329894.1278466875;329894.1278466875;329894.1278466875;328576.8310354658;328576.8310354658;328576.8310354658;328576.8310354658;328576.8310354658;328576.8310354658;328576.8310354658;328576.8310354658;328576.8310354658;328576.8310354658;328576.8310354658;328576.8310354658;328576.8310354658;328576.8310354658;328576.8310354658;328576.8310354658;328576.8310354658;328576.8310354658;328576.8310354658;328576.8310354658;328576.8310354658;328576.8310354658;328576.8310354658;328576.8310354658;328576.8310354658;328576.8310354658;328576.8310354658;328576.8310354658;328576.8310354658;328576.8310354658;328576.8310354658;328576.8310354658;326654.0489984598;325692.6579799569;325692.6579799569;325692.6579799569;325692.6579799569;325692.6579799569;325692.6579799569;325692.6579799569;325692.6579799569;325692.6579799569;325692.6579799569;325692.6579799569;325692.6579799569;325692.6579799569;325692.6579799569;325692.6579799569;325692.6579799569;325692.6579799569;325692.6579799569;325692.6579799569;325692.6579799569;325692.65797995677;317345.62009170704;317345.62009170704;317345.62009170704;317345.62009170704;317345.62009170704;317345.62009170704;317345.62009170704;317345.62009170704;317345.62009170704;317345.62009170704;317345.62009170704;317345.62009170704;317345.62009170704;317345.62009170704;317345.62009170704;317345.62009170704;317345.62009170704;317345.62009170704;317345.62009170704;317345.62009170704;317345.62009170704;317345.62009170704;317345.62009170704;317345.62009170704;317345.62009170704;317345.62009170704;317345.62009170704;317345.62009170704;317345.62009170704;317345.62009170704;317345.62009170704;317345.62009170704;317345.62009170704;317345.62009170704;317345.62009170704;317345.62009170704
GRASP;24;350744.7577973329;340622.15572372417;340582.30312482326;340481.2483204673;339376.46376854;334150.7879137555;332337.3105535727;332337.3105535727;332337.3105535727;332337.3105535727;332337.3105535727;332337.3105535727;332337.3105535727;328909.7269929549;328248.9879933178;328248.9879933178;328248.9879933178;328248.9879933178;328248.9879933178;328248.9879933178;319198.0056331139;317321.58246087655;317321.58246087655;317321.58246087655;317321.58246087655;317321.58246087655;317321.58246087655;317321.58246087655;317321.58246087655;317321.58246087655;317321.58246087655;317321.58246087655;317321.58246087655;317321.58246087655;317321.58246087655;317321.58246087655;317321.58246087655;317321.58246087655;317321.58246087655;317321.58246087655;317321.58246087655;317321.58246087655;317321.58246087655;317321.58246087655;317321.58246087655;317321.58246087655;317321.58246087655;317321.58246087655;317321.58246087655;317321.58246087655;317321.58246087655;317321.58246087655;317321.58246087655;317321.58246087655;317321.58246087655;317321.58246087655;317321.58246087655;317321.58246087655;317321.58246087655;317321.58246087655;317321.58246087655;317321.58246087655;317321.58246087655;317321.58246087655;317321.58246087655;317321.58246087655;317321.58246087655;317321.58246087655;317321.58246087655;317321.58246087655;317321.58246087655;317321.58246087655;317321.58246087655;317321.58246087655;317321.58246087655;317321.58246087655;317321.58246087655;317321.58246087655;317321.58246087655;317321.58246087655;317321.58246087655;317321.58246087655;317321.58246087655;317321.58246087655;317321.58246087655;317321.58246087655;317321.58246087655;317321.58246087655;317321.58246087655;317321.58246087655;317321.58246087655;317321.58246087655;317321.58246087655;317321.58246087655;317321.58246087655;317321.58246087655;317321.58246087655;317321.58246087655;317321.58246087655;317321.58246087655
GRASP;25;353356.4674595856;346355.7364527609;341720.7396995697;340050.93626209575;340050.93626209575;340050.93626209575;340050.93626209575;340050.93626209575;338828.292893005;338790.08528772095;338790.08528772095;338790.08528772095;338790.08528772095;338790.08528772095;338790.08528772095;325269.51172592846;322264.9398233079;322264.9398233079;322264.9398233079;322264.9398233079;322264.9398233079;322264.9398233079;322264.9398233079;322264.9398233079;322264.9398233079;322264.9398233079;322264.9398233079;322264.9398233079;322264.9398233079;322264.9398233079;322264.9398233079;322264.9398233079;322264.9398233079;322264.9398233079;322264.9398233079;322264.9398233079;322264.9398233079;322264.9398233079;322264.9398233079;322264.9398233079;322264.9398233079;322264.9398233079;322264.9398233079;322264.9398233079;322264.9398233079;322264.9398233079;322264.9398233079;322264.9398233079;322264.9398233079;322264.9398233079;322264.9398233079;322264.9398233079;322264.9398233079;322264.9398233079;322264.9398233079;322264.9398233079;322264.9398233079;322264.9398233079;322264.9398233079;322264.9398233079;322264.9398233079;322264.9398233079;322264.9398233079;322264.9398233079;322264.9398233079;322264.9398233079;322264.9398233079;322264.9398233079;322264.9398233079;322264.9398233079;322264.9398233079;322264.9398233079;322264.9398233079;322264.9398233079;322264.9398233079;322264.9398233079;322264.9398233079;322264.9398233079;322264.9398233079;322264.9398233079;322264.9398233079;322264.9398233079;322264.9398233079;322264.9398233079;322264.9398233079;322264.9398233079;322264.9398233079;322264.9398233079;322264.9398233079;322264.9398233079;322264.9398233079;322264.9398233079;322264.9398233079;322264.9398233079;322264.9398233079;322264.9398233079;322264.9398233079;322264.9398233079;322264.9398233079;322264.9398233079
GRASP;26;336410.34287723014;336410.34287723014;336410.34287723014;336410.34287723014;336410.34287723014;336410.34287723014;336410.34287723014;335178.97936590924;334959.0930246019;334959.0930246019;334959.0930246019;334959.0930246019;334959.0930246019;334959.0930246019;321949.23447856965;316292.7742411644;316292.7742411644;316292.7742411644;316292.7742411644;316292.7742411644;316292.7742411644;316292.7742411644;316292.7742411644;316292.7742411644;316292.7742411644;316292.7742411644;316292.7742411644;316292.7742411644;316292.7742411644;316292.7742411644;316292.7742411644;316292.7742411644;316292.7742411644;316292.7742411644;316292.7742411644;316292.7742411644;316292.7742411644;316292.7742411644;316292.7742411644;316292.7742411644;316292.7742411644;316292.7742411644;316292.7742411644;316292.7742411644;316292.7742411644;316292.7742411644;316292.7742411644;316292.7742411644;316292.7742411644;316292.7742411644;316292.7742411644;316292.7742411644;316292.7742411644;316292.7742411644;316292.7742411644;316292.7742411644;316292.7742411644;316292.7742411644;316292.7742411644;316292.7742411644;316292.7742411644;316292.7742411644;316292.7742411644;316292.7742411644;316292.7742411644;316292.7742411644;316292.7742411644;316292.7742411644;316292.7742411644;316292.7742411644;316292.7742411644;316292.7742411644;316292.7742411644;316292.7742411644;316292.7742411644;316292.7742411644;316292.7742411644;316292.7742411644;316292.7742411644;316292.7742411644;316292.7742411644;316292.7742411644;316292.7742411644;316292.7742411644;316292.7742411644;316292.7742411644;316292.7742411644;316292.7742411644;316292.7742411644;316292.7742411644;316292.7742411644;316292.7742411644;316292.7742411644;316292.7742411644;316292.7742411644;316292.7742411644;316292.7742411644;316292.7742411644;316292.7742411644;316292.7742411644
GRASP;27;360460.68012657086;349389.558272193;346990.4349664639;338593.503396412;338593.503396412;338593.503396412;338593.503396412;338593.503396412;338593.503396412;332685.7997614713;332685.7997614713;332685.7997614713;332685.7997614713;332685.7997614713;332685.7997614713;332685.7997614713;332685.7997614713;332685.7997614713;332685.7997614713;332685.7997614713;332685.7997614713;332685.7997614713;332685.7997614713;332685.7997614713;332685.7997614713;332685.7997614713;332685.7997614713;331619.3329384489;328277.80963883316;328277.80963883316;328277.80963883316;328277.80963883316;328277.80963883316;326490.8304211558;325597.3408123171;325597.3408123171;325597.3408123171;325597.3408123171;325597.3408123171;325597.3408123171;325597.3408123171;325597.3408123171;325597.3408123171;325597.3408123171;325597.3408123171;325597.3408123171;325597.3408123171;325597.3408123171;325597.3408123171;325597.3408123171;325597.3408123171;325597.3408123171;325597.3408123171;325597.3408123171;325597.3408123171;325597.3408123171;325597.3408123171;325597.3408123171;325597.3408123171;325597.3408123171;325597.3408123171;325597.3408123171;325597.3408123171;325597.3408123171;325597.3408123171;325597.3408123171;325597.3408123171;325597.3408123171;325597.3408123171;324259.6087474392;323590.7427150003;323590.7427150003;323590.7427150003;323590.7427150003;323590.7427150003;323590.7427150003;323590.7427150003;323590.7427150003;323590.7427150003;323590.7427150003;323590.7427150003;323590.7427150003;323590.7427150003;323590.7427150003;323590.7427150003;323590.7427150003;323590.7427150003;323590.7427150003;323590.7427150003;323590.7427150003;323590.7427150003;323590.7427150003;323435.99310854624;322894.3694859571;322894.3694859571;322894.3694859571;322894.3694859571;322894.3694859571;322894.3694859571;322894.3694859571
GRASP;28;335576.1224875736;335576.1224875736;335576.1224875736;335087.2034079629;333559.3312841797;333167.8487348282;331144.8482515889;329608.9367959589;329608.9367959589;329608.9367959589;329608.9367959589;329608.9367959589;329608.9367959589;329608.9367959589;329608.9367959589;329608.9367959589;329608.9367959589;329608.9367959589;329608.9367959589;329608.9367959589;329608.9367959589;328459.3357047533;327959.50914335955;327959.50914335955;327959.50914335955;327959.50914335955;327959.50914335955;327959.50914335955;327959.50914335955;327959.50914335955;327959.50914335955;327959.50914335955;327959.50914335955;327959.50914335955;327959.50914335955;327959.50914335955;327959.50914335955;327959.50914335955;327959.50914335955;327959.50914335955;327959.50914335955;327959.50914335955;327959.50914335955;327959.50914335955;327959.50914335955;327959.50914335955;327959.50914335955;327959.50914335955;327959.50914335955;327959.50914335955;327959.50914335955;327959.50914335955;327959.50914335955;327959.50914335955;327959.50914335955;327959.50914335955;327959.50914335955;327959.50914335955;327959.50914335955;327959.50914335955;327959.50914335955;327959.50914335955;327959.50914335955;327959.50914335955;327959.50914335955;327959.50914335955;327959.50914335955;327959.50914335955;327959.50914335955;327959.50914335955;327959.50914335955;327959.50914335955;327959.50914335955;327959.50914335955;327959.50914335955;327959.50914335955;327959.50914335955;327959.50914335955;327959.50914335955;327959.50914335955;327959.50914335955;327959.50914335955;327959.50914335955;327959.50914335955;327959.50914335955;327959.50914335955;327959.50914335955;327959.50914335955;327959.50914335955;327959.50914335955;327959.50914335955;327959.50914335955;327959.50914335955;327959.50914335955;327959.50914335955;327959.50914335955;327959.50914335955;327959.50914335955;327959.50914335955;327959.50914335955
GRASP;29;370826.7066876424;336600.21518750524;336600.21518750524;336600.21518750524;336600.21518750524;336600.21518750524;336600.21518750524;336600.21518750524;336600.21518750524;336600.21518750524;336600.21518750524;334285.31322719407;333623.91266710515;333623.91266710515;333623.91266710515;333623.91266710515;333623.91266710515;333623.91266710515;332152.8297482808;328229.94196474925;328229.94196474925;328229.94196474925;328229.94196474925;328229.94196474925;328229.94196474925;328229.94196474925;328229.94196474925;328229.94196474925;328229.94196474925;328208.277433344;327800.9842429253;327800.9842429253;327800.9842429253;327800.9842429253;327800.9842429253;327800.9842429253;327800.9842429253;327800.9842429253;327800.9842429253;327800.9842429253;327800.9842429253;327800.9842429253;327800.9842429253;327800.9842429253;326785.68587879575;318663.29896575963;318663.29896575963;318663.29896575963;318663.29896575963;318663.29896575963;318663.29896575963;318663.29896575963;318663.29896575963;318663.29896575963;318663.29896575963;318663.29896575963;318663.29896575963;318663.29896575963;318663.29896575963;318663.29896575963;318663.29896575963;318663.29896575963;318663.29896575963;318663.29896575963;318663.29896575963;318663.29896575963;318663.29896575963;318663.29896575963;318663.29896575963;318663.29896575963;318663.29896575963;318663.29896575963;318663.29896575963;318663.29896575963;318663.29896575963;318663.29896575963;318663.29896575963;318663.29896575963;318663.29896575963;318663.29896575963;318663.29896575963;318663.29896575963;318663.29896575963;318663.29896575963;318663.29896575963;318663.29896575963;318663.29896575963;318663.29896575963;318663.29896575963;318663.29896575963;318663.29896575963;318663.29896575963;318663.29896575963;318663.29896575963;318663.29896575963;318663.29896575963;318663.29896575963;318663.29896575963;318663.29896575963;318663.29896575963
GRASP;30;343633.559584856;336665.2749263312;336430.7724527694;334603.55587569857;332590.64003648923;332590.64003648923;332590.64003648923;332590.64003648923;332590.64003648923;332590.64003648923;332590.64003648923;332590.64003648923;332590.64003648923;332590.64003648923;332590.64003648923;327985.43263698026;325682.8289372258;325682.8289372258;325682.8289372258;325682.8289372258;325682.8289372258;325682.8289372258;325682.8289372258;325682.8289372258;325682.8289372258;325682.8289372258;325682.8289372258;325682.8289372258;325682.8289372258;325682.8289372258;325682.8289372258;325682.8289372258;325682.8289372258;325682.8289372258;325682.8289372258;325682.8289372258;325682.8289372258;325682.8289372258;325682.8289372258;325682.8289372258;325682.8289372258;325682.8289372258;325682.8289372258;325682.8289372258;325682.8289372258;325682.8289372258;325682.8289372258;325682.8289372258;325682.8289372258;325682.8289372258;325682.8289372258;325682.8289372258;325682.8289372258;325682.8289372258;325682.8289372258;325682.8289372258;325682.8289372258;325682.8289372258;325682.8289372258;325682.8289372258;325682.8289372258;325682.8289372258;325682.8289372258;325682.8289372258;325682.8289372258;325682.8289372258;325682.8289372258;325682.8289372258;325682.8289372258;325682.8289372258;325682.8289372258;325682.8289372258;325682.8289372258;325682.8289372258;325682.8289372258;325682.8289372258;325682.8289372258;325682.8289372258;325682.8289372258;325682.8289372258;325682.8289372258;325682.8289372258;325682.8289372258;325682.8289372258;325682.8289372258;325682.8289372258;325682.8289372258;325682.8289372258;325682.8289372258;325682.8289372258;325682.8289372258;325682.8289372258;325682.8289372258;325682.8289372258;325682.8289372258;325682.8289372258;325682.8289372258;325682.8289372258;325682.8289372258;325682.8289372258
GRASP;31;352296.74100216315;351057.8173268338;342075.62068069575;342075.62068069575;342075.62068069575;342075.62068069575;342075.62068069575;342075.62068069575;342075.62068069575;341970.5256355662;340824.71812527877;340472.3919061664;340472.3919061664;338167.9351205234;336469.9143311023;336469.9143311023;325235.9487943053;324511.1768241894;324511.1768241894;324511.1768241894;324511.1768241894;324511.1768241894;324511.1768241894;324511.1768241894;324511.1768241894;324511.1768241894;324511.1768241894;324511.1768241894;324511.1768241894;324511.1768241894;324511.1768241894;324511.1768241894;324511.1768241894;324511.1768241894;324511.1768241894;324511.1768241894;324511.1768241894;324511.1768241894;324511.1768241894;324511.1768241894;324511.1768241894;324511.1768241894;324511.1768241894;324511.1768241894;324511.1768241894;324511.1768241894;324511.1768241894;324511.1768241894;324511.1768241894;324511.1768241894;324511.1768241894;324511.1768241894;324511.1768241894;324511.1768241894;324511.1768241894;324511.1768241894;324511.1768241894;324511.1768241894;324511.1768241894;324511.1768241894;324511.1768241894;324511.1768241894;324511.1768241894;324511.1768241894;324511.1768241894;324511.1768241894;324511.1768241894;324511.1768241894;324511.1768241894;324511.1768241894;324511.1768241894;324511.1768241894;324511.1768241894;324511.1768241894;324511.1768241894;324511.1768241894;324511.1768241894;324511.1768241894;324511.1768241894;324511.1768241894;324511.1768241894;324511.1768241894;324511.1768241894;324511.1768241894;324511.1768241894;324511.1768241894;324511.1768241894;324511.1768241894;324511.1768241894;324511.1768241894;324511.1768241894;324511.1768241894;324511.1768241894;324511.1768241894;324511.1768241894;324511.1768241894;324511.1768241894;324511.1768241894;324511.1768241894;324511.1768241894
GRASP;32;354141.1570619327;343525.58443714125;327336.8474614997;327336.8474614997;327336.8474614997;327336.8474614997;327336.8474614997;327336.8474614997;327336.8474614997;327336.8474614997;327336.8474614997;327336.8474614997;327336.8474614997;327336.8474614997;327336.8474614997;327336.8474614997;327336.8474614997;327109.6411465572;326774.5118320169;326774.5118320169;326774.5118320169;326774.5118320169;325542.73601779336;325542.73601779336;325542.73601779336;325542.73601779336;325542.73601779336;325542.73601779336;319365.52442899277;319105.43130946433;319105.43130946433;319105.43130946433;319105.43130946433;319105.43130946433;319105.43130946433;319105.43130946433;319105.43130946433;319105.43130946433;319105.43130946433;319105.43130946433;319105.43130946433;319105.43130946433;319105.43130946433;319105.43130946433;319105.43130946433;319105.43130946433;319105.43130946433;319105.43130946433;319105.43130946433;319105.43130946433;319105.43130946433;319105.43130946433;319105.43130946433;319105.43130946433;319105.43130946433;319105.43130946433;319105.43130946433;319105.43130946433;319105.43130946433;319105.43130946433;319105.43130946433;319105.43130946433;319105.43130946433;319105.43130946433;319105.43130946433;319105.43130946433;319105.43130946433;319105.43130946433;319105.43130946433;319105.43130946433;319105.43130946433;319105.43130946433;319105.43130946433;319105.43130946433;319105.43130946433;315575.9170651071;313281.7328062751;313281.7328062751;313281.7328062751;313281.7328062751;313281.7328062751;313281.7328062751;313281.7328062751;313281.7328062751;313281.7328062751;313281.7328062751;313281.7328062751;313281.7328062751;313281.7328062751;313281.7328062751;313281.7328062751;313281.7328062751;313281.7328062751;313281.7328062751;313281.7328062751;313281.7328062751;313281.7328062751;313281.7328062751;313281.7328062751;313281.7328062751
GRASP;33;348883.0123390719;346450.8467785418;344768.2767658661;340933.419023766;326689.6616959657;326689.6616959657;326689.6616959657;326689.6616959657;326689.6616959657;326689.6616959657;326689.6616959657;326689.6616959657;326689.6616959657;326689.6616959657;326689.6616959657;326689.6616959657;326689.6616959657;326689.6616959657;326689.6616959657;326689.6616959657;326689.6616959657;326689.6616959657;326689.6616959657;326689.6616959657;326689.6616959657;326689.6616959657;326689.6616959657;326689.6616959657;326689.6616959657;326689.6616959657;326689.6616959657;326689.6616959657;326689.6616959657;326689.6616959657;326689.6616959657;326689.6616959657;326689.6616959657;326689.6616959657;326689.6616959657;326689.6616959657;326689.6616959657;326689.6616959657;326689.6616959657;326689.6616959657;326689.6616959657;326689.6616959657;326689.6616959657;326689.6616959657;326689.6616959657;326689.6616959657;326689.6616959657;326689.6616959657;326689.6616959657;326689.6616959657;326689.6616959657;326689.6616959657;326689.6616959657;322657.45185565663;322657.45185565663;322657.45185565663;322657.45185565663;322657.45185565663;322657.45185565663;322657.45185565663;322657.45185565663;322657.45185565663;322657.45185565663;322657.45185565663;322657.45185565663;322657.45185565663;322657.45185565663;322657.45185565663;322657.45185565663;322657.45185565663;322657.45185565663;322657.45185565663;322657.45185565663;322657.45185565663;322657.45185565663;322657.45185565663;322657.45185565663;322657.45185565663;322657.45185565663;322657.45185565663;322657.45185565663;322657.45185565663;322657.45185565663;322657.45185565663;322657.45185565663;322657.45185565663;322657.45185565663;322657.45185565663;322657.45185565663;322657.45185565663;322657.45185565663;322657.45185565663;322657.45185565663;322657.45185565663;322657.45185565663;322657.45185565663
GRASP;34;340785.07161687873;339549.1364115083;330588.606172573;330588.606172573;330588.606172573;330588.606172573;327246.17273542495;325992.7601964944;325992.7601964944;325992.7601964944;325992.7601964944;325992.7601964944;325992.7601964944;325992.7601964944;325992.7601964944;325992.7601964944;325992.7601964944;325992.7601964944;325992.7601964944;325992.7601964944;325992.7601964944;325992.7601964944;325992.7601964944;325992.7601964944;325992.7601964944;325992.7601964944;325992.7601964944;325992.7601964944;325992.7601964944;325992.7601964944;325992.7601964944;325992.7601964944;325992.7601964944;325992.7601964944;325992.7601964944;325992.7601964944;325992.7601964944;325992.7601964944;325992.7601964944;325992.7601964944;325992.7601964944;325992.7601964944;325992.7601964944;325992.7601964944;325992.7601964944;325992.7601964944;325992.7601964944;325221.26376783283;324885.83053797996;324885.83053797996;324885.83053797996;324885.83053797996;324885.83053797996;324885.83053797996;324885.83053797996;324885.83053797996;324885.83053797996;324885.83053797996;324885.83053797996;324885.83053797996;324885.83053797996;324885.83053797996;324885.83053797996;319923.5455778718;317087.9541720958;317087.9541720958;317087.9541720958;317087.9541720958;317087.9541720958;317087.9541720958;317087.9541720958;317087.9541720958;317087.9541720958;317087.9541720958;317087.9541720958;317087.9541720958;317087.9541720958;317087.9541720958;317087.9541720958;317087.9541720958;317087.9541720958;317087.9541720958;317087.9541720958;317087.9541720958;317087.9541720958;317087.9541720958;317087.9541720958;317087.9541720958;317087.9541720958;317087.9541720958;317087.9541720958;317087.9541720958;317087.9541720958;317087.9541720958;317087.9541720958;317087.9541720958;317087.9541720958;317087.9541720958;317087.9541720958;317087.9541720958
GRASP;35;345430.60743749846;337170.2174847993;337170.2174847993;337170.2174847993;337170.2174847993;337170.2174847993;337170.2174847993;337170.2174847993;337170.2174847993;337170.2174847993;336932.1234728469;335027.3713772284;335027.3713772284;335027.3713772284;335027.3713772284;335027.3713772284;335027.3713772284;335027.3713772284;335027.3713772284;335027.3713772284;335027.3713772284;334953.63345690595;334806.157616261;334806.157616261;334806.157616261;334806.157616261;334806.157616261;334806.157616261;334806.157616261;334806.157616261;334806.157616261;334806.157616261;334806.157616261;334806.157616261;321079.0583592065;317157.03000004817;317157.03000004817;317157.03000004817;317157.03000004817;317157.03000004817;317157.03000004817;317157.03000004817;317157.03000004817;317157.03000004817;317157.03000004817;317157.03000004817;317157.03000004817;317157.03000004817;317157.03000004817;317157.03000004817;317157.03000004817;317157.03000004817;317157.03000004817;317157.03000004817;317157.03000004817;317157.03000004817;317157.03000004817;317157.03000004817;317157.03000004817;317157.03000004817;317157.03000004817;317157.03000004817;317157.03000004817;317157.03000004817;317157.03000004817;317157.03000004817;317157.03000004817;317157.03000004817;317157.03000004817;317157.03000004817;317157.03000004817;317157.03000004817;317157.03000004817;317157.03000004817;317157.03000004817;317157.03000004817;317157.03000004817;317157.03000004817;317157.03000004817;317157.03000004817;317157.03000004817;317157.03000004817;317157.03000004817;317157.03000004817;317157.03000004817;317157.03000004817;317157.03000004817;317157.03000004817;317157.03000004817;317157.03000004817;317157.03000004817;317157.03000004817;317157.03000004817;317157.03000004817;317157.03000004817;317157.03000004817;317157.03000004817;317157.03000004817;317157.03000004817;317157.03000004817
GRASP;36;335584.2386348319;335584.2386348319;335584.2386348319;331137.86626452213;323356.71461648;323356.71461648;323356.71461648;323356.71461648;323356.71461648;323356.71461648;323356.71461648;323356.71461648;323356.71461648;323356.71461648;323356.71461648;323356.71461648;323356.71461648;323356.71461648;323356.71461648;323356.71461648;323356.71461648;323356.71461648;323356.71461648;323356.71461648;323356.71461648;323356.71461648;323356.71461648;323356.71461648;323356.71461648;323356.71461648;323356.71461648;323356.71461648;323356.71461648;323356.71461648;323356.71461648;323356.71461648;323356.71461648;323356.71461648;323356.71461648;323356.71461648;323356.71461648;323356.71461648;323356.71461648;323356.71461648;323356.71461648;323356.71461648;323356.71461648;323356.71461648;323356.71461648;323356.71461648;323356.71461648;323356.71461648;323356.71461648;323356.71461648;323356.71461648;323356.71461648;323356.71461648;323356.71461648;323356.71461648;323356.71461648;323356.71461648;323356.71461648;323356.71461648;323356.71461648;323356.71461648;323356.71461648;323356.71461648;323356.71461648;323356.71461648;323356.71461648;323356.71461648;323356.71461648;323356.71461648;323356.71461648;323356.71461648;323356.71461648;323356.71461648;323356.71461648;323356.71461648;323356.71461648;323356.71461648;323356.71461648;323356.71461648;323356.71461648;323356.71461648;323356.71461648;323356.71461648;323356.71461648;323356.71461648;317361.98919711803;315748.0246611361;315748.0246611361;315748.0246611361;315748.0246611361;315748.0246611361;315748.0246611361;315748.0246611361;315748.0246611361;315748.0246611361;315748.0246611361
GRASP;37;362105.74418012594;360477.39946972684;345985.13154717477;340407.3570672649;327578.4757634723;327578.4757634723;327578.4757634723;327578.4757634723;327578.4757634723;327578.4757634723;327578.4757634723;327578.4757634723;327578.4757634723;327578.4757634723;327578.4757634723;327578.4757634723;327578.4757634723;327578.4757634723;327578.4757634723;327578.4757634723;327578.4757634723;327578.4757634723;327578.4757634723;327578.4757634723;327578.4757634723;327578.4757634723;327578.4757634723;327578.4757634723;322765.3095634897;321767.45803422504;321767.45803422504;321767.45803422504;321767.45803422504;321767.45803422504;321767.45803422504;321767.45803422504;321767.45803422504;321767.45803422504;321767.45803422504;321767.45803422504;321767.45803422504;321767.45803422504;321767.45803422504;321767.45803422504;321767.45803422504;321767.45803422504;321767.45803422504;321767.45803422504;321767.45803422504;321767.45803422504;321767.45803422504;321767.45803422504;321767.45803422504;321767.45803422504;321767.45803422504;321767.45803422504;321767.45803422504;321767.45803422504;321767.45803422504;321767.45803422504;321767.45803422504;321767.45803422504;321767.45803422504;321767.45803422504;321767.45803422504;320503.44170232135;319532.85773318104;319532.85773318104;319532.85773318104;319532.85773318104;319532.85773318104;319532.85773318104;319532.85773318104;319532.85773318104;319532.85773318104;319532.85773318104;319532.85773318104;319532.85773318104;319532.85773318104;319532.85773318104;319532.85773318104;319532.85773318104;319532.85773318104;319532.85773318104;319532.85773318104;319532.85773318104;319532.85773318104;319532.85773318104;319532.85773318104;319532.85773318104;319532.85773318104;319532.85773318104;319532.85773318104;319532.85773318104;319532.85773318104;319532.85773318104;319532.85773318104;319532.85773318104;319532.85773318104;319532.85773318104
GRASP;38;345503.3654150621;345215.93464555265;331275.542324343;331275.542324343;331275.542324343;331275.542324343;331275.542324343;331275.542324343;331275.542324343;330831.8961103403;328835.4881473281;328835.4881473281;328835.4881473281;328835.4881473281;328835.4881473281;328835.4881473281;328835.4881473281;328835.4881473281;328835.4881473281;328835.4881473281;328835.4881473281;328835.4881473281;328835.4881473281;328835.4881473281;328835.4881473281;328835.4881473281;328835.4881473281;328835.4881473281;328835.4881473281;328835.4881473281;328835.4881473281;328835.4881473281;328835.4881473281;328835.4881473281;328835.4881473281;328835.4881473281;328835.4881473281;328835.4881473281;328835.4881473281;328835.4881473281;328835.4881473281;328835.4881473281;328835.4881473281;328835.4881473281;328835.4881473281;328835.4881473281;328835.4881473281;328835.4881473281;328835.4881473281;328835.4881473281;328835.4881473281;328835.4881473281;328835.4881473281;328835.4881473281;328835.4881473281;328835.4881473281;328835.4881473281;328835.4881473281;328835.4881473281;328835.4881473281;328835.4881473281;328835.4881473281;328835.4881473281;328835.4881473281;328835.4881473281;328835.4881473281;328835.4881473281;328403.98995035177;327614.96467588074;327614.96467588074;327614.96467588074;327614.96467588074;324611.1713489721;321006.61935668177;321006.61935668177;321006.61935668177;321006.61935668177;321006.61935668177;321006.61935668177;321006.61935668177;321006.61935668177;321006.61935668177;321006.61935668177;321006.61935668177;321006.61935668177;321006.61935668177;321006.61935668177;321006.61935668177;321006.61935668177;321006.61935668177;321006.61935668177;321006.61935668177;321006.61935668177;321006.61935668177;321006.61935668177;321006.61935668177;321006.61935668177;321006.61935668177;321006.61935668177;321006.61935668177
GRASP;39;345019.5300018743;343266.3230293004;332621.852124387;332621.852124387;332621.852124387;332621.852124387;332621.852124387;332621.852124387;331948.0485757873;327490.57894658926;327490.57894658926;327490.57894658926;327490.57894658926;327490.57894658926;327490.57894658926;327132.38254414155;324535.4586263956;324535.4586263956;324535.4586263956;324535.4586263956;324535.4586263956;324535.4586263956;324535.4586263956;324535.4586263956;324535.4586263956;324535.4586263956;322793.511903995;321961.53735001263;321961.53735001263;321961.53735001263;321961.53735001263;321961.53735001263;321961.53735001263;321961.53735001263;321961.53735001263;321961.53735001263;321961.53735001263;321961.53735001263;321961.53735001263;321961.53735001263;321961.53735001263;321961.53735001263;321961.53735001263;321961.53735001263;321961.53735001263;321961.53735001263;321961.53735001263;321961.53735001263;321961.53735001263;321961.53735001263;321961.53735001263;321961.53735001263;321961.53735001263;321961.53735001263;321961.53735001263;321961.53735001263;321206.35313657054;321139.9633156086;321139.9633156086;321139.9633156086;321139.9633156086;321139.9633156086;321139.9633156086;321139.9633156086;321139.9633156086;321139.9633156086;321139.9633156086;321139.9633156086;321139.9633156086;321139.9633156086;321139.9633156086;321139.9633156086;321139.9633156086;321139.9633156086;321139.9633156086;321139.9633156086;321139.9633156086;321139.9633156086;321139.9633156086;321139.9633156086;321139.9633156086;321139.9633156086;321139.9633156086;321139.9633156086;321139.9633156086;321139.9633156086;321139.9633156086;321139.9633156086;321139.9633156086;321139.9633156086;321139.9633156086;321139.9633156086;321139.9633156086;321139.9633156086;321139.9633156086;321139.9633156086;321139.9633156086;321139.9633156086;321139.9633156086;321139.9633156086
GRASP;40;350619.65617324394;320416.83898583066;320416.83898583066;320416.83898583066;320416.83898583066;320416.83898583066;320416.83898583066;320416.83898583066;320416.83898583066;320416.83898583066;320416.83898583066;320416.83898583066;320416.83898583066;320416.83898583066;320416.83898583066;320416.83898583066;320416.83898583066;320416.83898583066;320416.83898583066;320416.83898583066;320416.83898583066;320416.83898583066;320416.83898583066;320416.83898583066;320416.83898583066;320416.83898583066;320416.83898583066;320416.83898583066;320416.83898583066;320416.83898583066;320416.83898583066;320416.83898583066;320416.83898583066;320416.83898583066;320416.83898583066;320416.83898583066;320416.83898583066;320416.83898583066;320416.83898583066;320416.83898583066;320416.83898583066;320416.83898583066;320416.83898583066;320416.83898583066;320416.83898583066;320416.83898583066;320416.83898583066;320416.83898583066;320416.83898583066;320416.83898583066;320416.83898583066;320416.83898583066;320416.83898583066;320416.83898583066;320416.83898583066;320416.83898583066;320416.83898583066;320416.83898583066;320416.83898583066;320416.83898583066;320416.83898583066;320416.83898583066;320416.83898583066;320416.83898583066;320416.83898583066;320416.83898583066;320416.83898583066;320416.83898583066;320416.83898583066;320416.83898583066;320416.83898583066;320416.83898583066;320416.83898583066;320416.83898583066;320416.83898583066;320416.83898583066;320416.83898583066;320416.83898583066;320416.83898583066;320416.83898583066;320416.83898583066;320416.83898583066;320416.83898583066;320416.83898583066;320416.83898583066;320416.83898583066;320416.83898583066;320416.83898583066;320416.83898583066;320416.83898583066;320416.83898583066;320416.83898583066;320416.83898583066;320416.83898583066;320416.83898583066;320416.83898583066;320416.83898583066;320416.83898583066;320416.83898583066;320416.83898583066
GRASP;41;345610.7275906366;345610.7275906366;343553.7789377534;337778.5000277352;337778.5000277352;337778.5000277352;337778.5000277352;337778.5000277352;337778.5000277352;337778.5000277352;335278.34619497514;329794.13778763055;329794.13778763055;329794.13778763055;329794.13778763055;329794.13778763055;329794.13778763055;329794.13778763055;329794.13778763055;329794.13778763055;329794.13778763055;329794.13778763055;329794.13778763055;329794.13778763055;329794.13778763055;329794.13778763055;329794.13778763055;329794.13778763055;329794.13778763055;329794.13778763055;329794.13778763055;329794.13778763055;329794.13778763055;329794.13778763055;329794.13778763055;329794.13778763055;329794.13778763055;329794.13778763055;329794.13778763055;329794.13778763055;329794.13778763055;329794.13778763055;329794.13778763055;329794.13778763055;329794.13778763055;329794.13778763055;329794.13778763055;329794.13778763055;329794.13778763055;329794.13778763055;329794.13778763055;329794.13778763055;329794.13778763055;329794.13778763055;327773.6983502482;327773.6983502482;327773.6983502482;327773.6983502482;327773.6983502482;327773.6983502482;327773.6983502482;327773.6983502482;327773.6983502482;327773.6983502482;327773.6983502482;327773.6983502482;327773.6983502482;327773.6983502482;327773.6983502482;327773.6983502482;327773.6983502482;327773.6983502482;327773.6983502482;327773.6983502482;327773.6983502482;327773.6983502482;327773.6983502482;327773.6983502482;327773.6983502482;327773.6983502482;327773.6983502482;327773.6983502482;327773.6983502482;327773.6983502482;327773.6983502482;327773.6983502482;327773.6983502482;327773.6983502482;327773.6983502482;327773.6983502482;327773.6983502482;327773.6983502482;327773.6983502482;327773.6983502482;327773.6983502482;327773.6983502482;327773.6983502482;327773.6983502482;327773.6983502482;327773.6983502482
GRASP;42;333091.98326932814;333091.98326932814;333091.98326932814;333091.98326932814;332501.87835242745;331005.54088457214;331005.54088457214;331005.54088457214;331005.54088457214;331005.54088457214;331005.54088457214;331005.54088457214;331005.54088457214;331005.54088457214;331005.54088457214;331005.54088457214;331005.54088457214;331005.54088457214;331005.54088457214;331005.54088457214;331005.54088457214;331005.54088457214;331005.54088457214;331005.54088457214;331005.54088457214;331005.54088457214;331005.54088457214;331005.54088457214;331005.54088457214;329754.3262093069;329754.3262093069;329754.3262093069;329754.3262093069;329754.3262093069;329754.3262093069;329754.3262093069;329754.3262093069;329754.3262093069;326513.2894886801;325035.758042512;325035.758042512;325035.758042512;325035.758042512;325035.758042512;325035.758042512;325035.758042512;325035.758042512;325035.758042512;325035.758042512;325035.758042512;325035.758042512;325035.758042512;325035.758042512;325035.758042512;325035.758042512;325035.758042512;325035.758042512;325035.758042512;325035.758042512;325035.758042512;325035.758042512;325035.758042512;325035.758042512;325035.758042512;325035.758042512;325035.758042512;325035.758042512;325035.758042512;325035.758042512;325035.758042512;325035.758042512;325035.758042512;325035.758042512;325035.758042512;325035.758042512;325035.758042512;325035.758042512;325035.758042512;325035.758042512;325035.758042512;325035.758042512;325035.758042512;325035.758042512;325035.758042512;325035.758042512;325035.758042512;324983.5001414212;324389.06651651347;324389.06651651347;324389.06651651347;324389.06651651347;324389.06651651347;324389.06651651347;324389.06651651347;324389.06651651347;324389.06651651347;324389.06651651347;324389.06651651347;324389.06651651347;324389.06651651347
GRASP;43;338967.3144855147;338967.3144855147;337590.45693237643;333287.7770788193;333287.7770788193;333287.7770788193;333287.7770788193;333287.7770788193;333287.7770788193;333287.7770788193;333287.7770788193;333287.7770788193;333287.7770788193;333287.7770788193;333287.7770788193;333287.7770788193;333287.7770788193;333287.7770788193;333287.7770788193;333287.7770788193;331505.1606820444;329085.8955721357;329085.8955721357;329085.8955721357;324729.10258887976;324156.8709587336;319787.1963404749;319787.1963404749;319787.1963404749;319787.1963404749;319787.1963404749;319787.1963404749;319787.1963404749;319787.1963404749;319787.1963404749;319787.1963404749;319787.1963404749;319787.1963404749;319787.1963404749;319787.1963404749;319787.1963404749;319787.1963404749;319787.1963404749;319787.1963404749;319787.1963404749;319787.1963404749;319787.1963404749;319787.1963404749;319787.1963404749;319787.1963404749;319787.1963404749;319787.1963404749;319787.1963404749;319787.1963404749;319787.1963404749;319787.1963404749;319787.1963404749;319787.1963404749;319787.1963404749;319787.1963404749;319787.1963404749;319787.1963404749;319787.1963404749;319787.1963404749;319787.1963404749;319787.1963404749;319787.1963404749;319787.1963404749;319787.1963404749;319787.1963404749;319787.1963404749;319787.1963404749;319787.1963404749;319787.1963404749;319787.1963404749;319787.1963404749;319787.1963404749;319787.1963404749;319787.1963404749;319787.1963404749;319787.1963404749;319787.1963404749;319787.1963404749;319787.1963404749;319787.1963404749;319787.1963404749;319787.1963404749;319787.1963404749;319787.1963404749;319787.1963404749;319787.1963404749;319787.1963404749;319787.1963404749;319787.1963404749;319787.1963404749;319787.1963404749;319787.1963404749;319787.1963404749;319787.1963404749;319787.1963404749
GRASP;44;355168.3094258743;328760.2099915075;326915.0662167243;321148.9919205268;321148.9919205268;321148.9919205268;321148.9919205268;321148.9919205268;321148.9919205268;321148.9919205268;321148.9919205268;321148.9919205268;321148.9919205268;321148.9919205268;321148.9919205268;321148.9919205268;321148.9919205268;321148.9919205268;321148.9919205268;321148.9919205268;321148.9919205268;321148.9919205268;321148.9919205268;321148.9919205268;321148.9919205268;321148.9919205268;321148.9919205268;321148.9919205268;321148.9919205268;321148.9919205268;321148.9919205268;321148.9919205268;321148.9919205268;321148.9919205268;321148.9919205268;321148.9919205268;321148.9919205268;321148.9919205268;321148.9919205268;321148.9919205268;321148.9919205268;321148.9919205268;321148.9919205268;321148.9919205268;321148.9919205268;321148.9919205268;321148.9919205268;321148.9919205268;321148.9919205268;321148.9919205268;321148.9919205268;321148.9919205268;321148.9919205268;321148.9919205268;321148.9919205268;321148.9919205268;321148.9919205268;321148.9919205268;321148.9919205268;321148.9919205268;321148.9919205268;321148.9919205268;321148.9919205268;321148.9919205268;321148.9919205268;321148.9919205268;321148.9919205268;321148.9919205268;321148.9919205268;321148.9919205268;321148.9919205268;321148.9919205268;321148.9919205268;321148.9919205268;321148.9919205268;321148.9919205268;321148.9919205268;321148.9919205268;321148.9919205268;321148.9919205268;321148.9919205268;321148.9919205268;321148.9919205268;321148.9919205268;321148.9919205268;321148.9919205268;321148.9919205268;321148.9919205268;321148.9919205268;321148.9919205268;321148.9919205268;321148.9919205268;321148.9919205268;321148.9919205268;321148.9919205268;321148.9919205268;321148.9919205268;321148.9919205268;321148.9919205268;321148.9919205268
GRASP;45;343303.5906991178;343303.5906991178;343303.5906991178;343303.5906991178;343303.5906991178;343303.5906991178;343303.5906991178;343303.5906991178;343303.5906991178;340933.9925186253;340933.9925186253;338367.5163774211;333234.56409501267;333234.56409501267;331549.89806502336;330817.43457372364;330817.43457372364;330817.43457372364;330817.43457372364;330817.43457372364;330817.43457372364;330817.43457372364;330817.43457372364;330817.43457372364;330817.43457372364;330624.1824251911;330624.1824251911;330624.1824251911;330624.1824251911;330624.1824251911;330624.1824251911;330624.1824251911;330624.1824251911;330624.1824251911;330624.1824251911;330624.1824251911;330624.1824251911;329894.19533329864;328034.7367911763;327330.236074135;327330.236074135;327330.236074135;327088.64773940196;324672.76439207175;324672.76439207175;324672.76439207175;324672.76439207175;324672.76439207175;324672.76439207175;324672.76439207175;324672.76439207175;324672.76439207175;324672.76439207175;324672.76439207175;324672.76439207175;324672.76439207175;324672.76439207175;324672.76439207175;324672.76439207175;324672.76439207175;324672.76439207175;324672.76439207175;324672.76439207175;324672.76439207175;324672.76439207175;324672.76439207175;324672.76439207175;324672.76439207175;324672.76439207175;324672.76439207175;324672.76439207175;324672.76439207175;324672.76439207175;324672.76439207175;324672.76439207175;324672.76439207175;324672.76439207175;324672.76439207175;324672.76439207175;324672.76439207175;324672.76439207175;324672.76439207175;324672.76439207175;324672.76439207175;324672.76439207175;324672.76439207175;322328.8099031681;319147.7288110847;319147.7288110847;319147.7288110847;319147.7288110847;319147.7288110847;319147.7288110847;319147.7288110847;319147.7288110847;319147.7288110847;319147.7288110847;319147.7288110847;319147.7288110847;319147.7288110847
GRASP;46;349464.29498280835;344144.29700190044;331434.67704622407;329811.1116824448;326969.8722958311;326969.8722958311;326969.8722958311;326969.8722958311;326969.8722958311;326969.8722958311;326969.8722958311;326969.8722958311;326969.8722958311;326969.8722958311;326969.8722958311;326969.8722958311;326969.8722958311;326969.8722958311;326969.8722958311;326969.8722958311;326969.8722958311;326969.8722958311;326969.8722958311;326969.8722958311;326969.8722958311;326969.8722958311;326969.8722958311;326969.8722958311;326969.8722958311;326969.8722958311;326969.8722958311;326969.8722958311;326969.8722958311;326969.8722958311;326969.8722958311;326969.8722958311;326969.8722958311;326969.8722958311;326969.8722958311;326969.8722958311;326969.8722958311;326969.8722958311;326969.8722958311;326969.8722958311;326969.8722958311;326969.8722958311;326969.8722958311;326969.8722958311;326969.8722958311;326969.8722958311;326969.8722958311;326969.8722958311;326969.8722958311;326969.8722958311;326969.8722958311;326969.8722958311;326969.8722958311;326969.8722958311;326969.8722958311;326969.8722958311;326969.8722958311;326969.8722958311;326969.8722958311;323762.9063970164;321930.3544548367;321930.3544548367;321930.3544548367;321930.3544548367;321930.3544548367;321930.3544548367;318647.7840180109;315160.05292888364;315160.05292888364;315160.05292888364;315160.05292888364;315160.05292888364;315160.05292888364;315160.05292888364;315160.05292888364;315160.05292888364;315160.05292888364;315160.05292888364;315160.05292888364;315160.05292888364;315160.05292888364;315160.05292888364;315160.05292888364;315160.05292888364;315160.05292888364;315160.05292888364;315160.05292888364;315160.05292888364;315160.05292888364;315160.05292888364;315160.05292888364;315160.05292888364;315160.05292888364;315160.05292888364;315160.05292888364;315160.05292888364
GRASP;47;337175.18902454956;337175.18902454956;337175.18902454956;337175.18902454956;337175.18902454956;337175.18902454956;337175.18902454956;335646.42614167905;329968.1640053028;329968.1640053028;329968.1640053028;329968.1640053028;329968.1640053028;329968.1640053028;329968.1640053028;329968.1640053028;329968.1640053028;329968.1640053028;329968.1640053028;329968.1640053028;329968.1640053028;323555.4750698792;319891.08139249426;319891.08139249426;319891.08139249426;319891.08139249426;319891.08139249426;319891.08139249426;319891.08139249426;319891.08139249426;319891.08139249426;319891.08139249426;319891.08139249426;319891.08139249426;319891.08139249426;319891.08139249426;319891.08139249426;319891.08139249426;319891.08139249426;319891.08139249426;319891.08139249426;319891.08139249426;319891.08139249426;319891.08139249426;319891.08139249426;319891.08139249426;319891.08139249426;319891.08139249426;319891.08139249426;319891.08139249426;319891.08139249426;319891.08139249426;319891.08139249426;319891.08139249426;319891.08139249426;319891.08139249426;319891.08139249426;319891.08139249426;319891.08139249426;319891.08139249426;319891.08139249426;319891.08139249426;319891.08139249426;319891.08139249426;319891.08139249426;319891.08139249426;319891.08139249426;319891.08139249426;319891.08139249426;319891.08139249426;319891.08139249426;319891.08139249426;319891.08139249426;319891.08139249426;319891.08139249426;319891.08139249426;319891.08139249426;319891.08139249426;319891.08139249426;319891.08139249426;319891.08139249426;319891.08139249426;319891.08139249426;319891.08139249426;319891.08139249426;319891.08139249426;319891.08139249426;319891.08139249426;319891.08139249426;319891.08139249426;319891.08139249426;319891.08139249426;319891.08139249426;319891.08139249426;319891.08139249426;319891.08139249426;319891.08139249426;319891.08139249426;319891.08139249426;319891.08139249426
GRASP;48;343541.9946054963;338382.6663918286;338382.6663918286;338382.6663918286;338382.6663918286;338382.6663918286;338382.6663918286;338297.53915649763;337178.7240635758;337178.7240635758;337178.7240635758;337178.7240635758;337178.7240635758;337178.7240635758;337178.7240635758;337178.7240635758;337178.7240635758;337178.7240635758;337178.7240635758;335111.681021363;326408.3418962566;326408.3418962566;326408.3418962566;326408.3418962566;326408.3418962566;326408.3418962566;326408.3418962566;326408.3418962566;326408.3418962566;326408.3418962566;326408.3418962566;326408.3418962566;326408.3418962566;326305.61858542234;326100.1719637539;326100.1719637539;326100.1719637539;326100.1719637539;326100.1719637539;326100.1719637539;326100.1719637539;326100.1719637539;326100.1719637539;326100.1719637539;326100.1719637539;326100.1719637539;326100.1719637539;326100.1719637539;326100.1719637539;326100.1719637539;326100.1719637539;326100.1719637539;326100.1719637539;326100.1719637539;326100.1719637539;326100.1719637539;326100.1719637539;326100.1719637539;326100.1719637539;326100.1719637539;326100.1719637539;326100.1719637539;326100.1719637539;326100.1719637539;326100.1719637539;326100.1719637539;326100.1719637539;326100.1719637539;326100.1719637539;326100.1719637539;326100.1719637539;326100.1719637539;326100.1719637539;326100.1719637539;326100.1719637539;326100.1719637539;326100.1719637539;326100.1719637539;326100.1719637539;326100.1719637539;326100.1719637539;326100.1719637539;326100.1719637539;326100.1719637539;326100.1719637539;326100.1719637539;326100.1719637539;326100.1719637539;326100.1719637539;326100.1719637539;326100.1719637539;326100.1719637539;326100.1719637539;326100.1719637539;326100.1719637539;326100.1719637539;326100.1719637539;326100.1719637539;326100.1719637539;326100.1719637539
GRASP;49;348861.41927674436;347637.10329670575;343676.0640642615;343072.2806974105;337393.36171657906;329453.6608015389;329453.6608015389;329453.6608015389;329453.6608015389;325492.9513154779;324007.68525820505;324007.68525820505;324007.68525820505;324007.68525820505;324007.68525820505;324007.68525820505;324007.68525820505;324007.68525820505;324007.68525820505;323053.514296551;322225.36591473804;322225.36591473804;322225.36591473804;322225.36591473804;322225.36591473804;322225.36591473804;322225.36591473804;322225.36591473804;322225.36591473804;322225.36591473804;322225.36591473804;322225.36591473804;322225.36591473804;322225.36591473804;322225.36591473804;322225.36591473804;322225.36591473804;322225.36591473804;322225.36591473804;322225.36591473804;322225.36591473804;322225.36591473804;322225.36591473804;322225.36591473804;322225.36591473804;322225.36591473804;322225.36591473804;322225.36591473804;322225.36591473804;322225.36591473804;322225.36591473804;322225.36591473804;322225.36591473804;322225.36591473804;322225.36591473804;322225.36591473804;322225.36591473804;322225.36591473804;322225.36591473804;322225.36591473804;322225.36591473804;322225.36591473804;322225.36591473804;322225.36591473804;322225.36591473804;322225.36591473804;322225.36591473804;322225.36591473804;322225.36591473804;322225.36591473804;322225.36591473804;322225.36591473804;322225.36591473804;322225.36591473804;322225.36591473804;322225.36591473804;322225.36591473804;322225.36591473804;322225.36591473804;322225.36591473804;322225.36591473804;322225.36591473804;322225.36591473804;321223.7277468121;320808.7633629571;320808.7633629571;320808.7633629571;320808.7633629571;320808.7633629571;320808.7633629571;320808.7633629571;320808.7633629571;320808.7633629571;320808.7633629571;320808.7633629571;320808.7633629571;320808.7633629571;320808.7633629571;320808.7633629571;320808.7633629571
GRASP;50;349615.474475571;348680.91682932473;336398.15919294494;334901.80747017794;329343.9296427577;329343.9296427577;329343.9296427577;329343.9296427577;329343.9296427577;329343.9296427577;329343.9296427577;329343.9296427577;329343.9296427577;329343.9296427577;329343.9296427577;329343.9296427577;329343.9296427577;329343.9296427577;329343.9296427577;329343.9296427577;329343.9296427577;329343.9296427577;329343.9296427577;329343.9296427577;329343.9296427577;329343.9296427577;328134.2383120549;327901.0448025218;327901.0448025218;327901.0448025218;327901.0448025218;327901.0448025218;327901.0448025218;327901.0448025218;327901.0448025218;327901.0448025218;327901.0448025218;327901.0448025218;327901.0448025218;327901.0448025218;327901.0448025218;327901.0448025218;327901.0448025218;327901.0448025218;327901.0448025218;327901.0448025218;327901.0448025218;327901.0448025218;327901.0448025218;327221.3388730589;326438.19943259074;326438.19943259074;326438.19943259074;326438.19943259074;326438.19943259074;326438.19943259074;326438.19943259074;326438.19943259074;326438.19943259074;326438.19943259074;326438.19943259074;326438.19943259074;326438.19943259074;326438.19943259074;326135.64820973534;325862.1884506161;325862.1884506161;325862.1884506161;325862.1884506161;325862.1884506161;325862.1884506161;325862.1884506161;325862.1884506161;325862.1884506161;325862.1884506161;325862.1884506161;325862.1884506161;325862.1884506161;325862.1884506161;325862.1884506161;325862.1884506161;325862.1884506161;325862.1884506161;325862.1884506161;325862.1884506161;325862.1884506161;325862.1884506161;325862.1884506161;325862.1884506161;325862.1884506161;325862.1884506161;325862.1884506161;325862.1884506161;325862.1884506161;325862.1884506161;325862.1884506161;325862.1884506161;323931.3667786026;323613.3490914475;323613.3490914475
GRASP;1;5391411.2701944355;5391411.2701944355;5391411.2701944355;5391411.2701944355;5391411.2701944355;5391411.2701944355;5391411.2701944355;5391411.2701944355;5391411.2701944355;5328181.12080259;5243874.254946796;5159567.389091003;5075260.523235208;4990953.657379415;4906646.7915236205;4822339.925667827;4738033.059812034;4695879.626884136;4695879.626884136;4695879.626884136;4695879.626884136;4695879.626884136;4695879.626884136;4695879.626884136;4695879.626884136;4695879.626884136;4695879.626884136;4695879.626884136;4695879.626884136;4695879.626884136;4695879.626884136;4695879.626884136;4695879.626884136;4695879.626884136;4655088.072319589;4614296.517755041;4573504.963190494;4532713.408625946;4491921.8540614;4451130.299496852;4410338.744932304;4369547.190367757;4337281.778635687;4307858.414514442;4278435.050393197;4249011.686271952;4219588.322150707;4190164.9580294625;4160741.5939082177;4131318.2297869725;4096046.3037805995;4054925.8158890973;4013805.3279975955;3972684.840106094;3931564.3522145916;3890443.86432309;3849323.376431588;3808202.8885400863;3777362.5226214603;3777362.5226214603;3777362.5226214603;3777362.5226214603;3777362.5226214603;3777362.5226214603;3777362.5226214603;3777362.5226214603;3777362.5226214603;3777362.5226214603;3777362.5226214603;3777362.5226214603;3777362.5226214603;3777362.5226214603;3777362.5226214603;3777362.5226214603;3777362.5226214603;3757606.4179549497;3731264.945066269;3704923.4721775884;3678581.9992889073;3652240.5264002266;3625899.053511546;3599557.5806228654;3573216.1077341847;3560045.3712898446;3560045.3712898446;3560045.3712898446;3560045.3712898446;3560045.3712898446;3560045.3712898446;3560045.3712898446;3560045.3712898446;3560045.3712898446;3560045.3712898446;3560045.3712898446;3560045.3712898446;3560045.3712898446;3560045.3712898446;3560045.3712898446;3560045.3712898446;3560045.3712898446
GRASP;2;3770457.428976728;3770457.428976728;3770457.428976728;3770457.428976728;3770457.428976728;3770457.428976728;3770457.428976728;3770457.428976728;3770457.428976728;3770457.428976728;3770457.428976728;3770457.428976728;3770457.428976728;3770457.428976728;3770457.428976728;3770457.428976728;3770457.428976728;3770457.428976728;3770457.428976728;3770457.428976728;3770457.428976728;3770457.428976728;3770457.428976728;3770457.428976728;3770457.428976728;3770457.428976728;3770457.428976728;3770457.428976728;3770457.428976728;3770457.428976728;3770457.428976728;3770457.428976728;3770457.428976728;3770457.428976728;3770457.428976728;3770457.428976728;3770457.428976728;3770457.428976728;3770457.428976728;3770457.428976728;3770457.428976728;3770457.428976728;3770457.428976728;3770457.428976728;3770457.428976728;3770457.428976728;3770457.428976728;3770457.428976728;3770457.428976728;3770457.428976728;3770457.428976728;3770457.428976728;3770457.428976728;3770457.428976728;3770457.428976728;3770457.428976728;3770457.428976728;3757542.069845185;3727406.2318715854;3697270.3938979856;3667134.555924386;3636998.7179507855;3606862.8799771857;3576727.042003586;3546591.204029986;3516455.3660563864;3486319.5280827866;3456183.690109187;3426047.8521355866;3395912.014161987;3365776.176188387;3344250.5776358163;3344250.5776358163;3344250.5776358163;3344250.5776358163;3344250.5776358163;3344250.5776358163;3344250.5776358163;3344250.5776358163;3344250.5776358163;3344250.5776358163;3344250.5776358163;3344250.5776358163;3344250.5776358163;3344250.5776358163;3344250.5776358163;3344250.5776358163;3344250.5776358163;3344250.5776358163;3344250.5776358163;3344250.5776358163;3344250.5776358163;3344250.5776358163;3344250.5776358163;3344250.5776358163;3344250.5776358163;3344250.5776358163;3344250.5776358163;3344250.5776358163;3344250.5776358163
GRASP;3;4946886.242538568;4919970.806312441;4893055.370086314;4866139.9338601865;4839224.49763406;4812309.061407933;4785393.625181806;4758478.18895568;4731562.752729553;4704647.316503425;4677731.880277298;4650816.444051172;4623901.007825045;4602860.584249432;4585345.168264129;4567829.752278825;4550314.336293522;4532798.920308218;4515283.504322914;4497768.088337611;4480252.6723523075;4462737.2563670045;4445221.840381701;4427706.424396397;4410191.008411094;4397054.446422116;4397054.446422116;4397054.446422116;4397054.446422116;4397054.446422116;4397054.446422116;4397054.446422116;4397054.446422116;4397054.446422116;4397054.446422116;4397054.446422116;4397054.446422116;4397054.446422116;4381091.8837399045;4362848.954960234;4344606.026180564;4326363.097400894;4308120.168621224;4289877.239841554;4271634.311061884;4253391.382282214;4235148.453502544;4216905.524722874;4198662.595943204;4180419.667163534;4171298.202773699;4171298.202773699;4171298.202773699;4171298.202773699;4171298.202773699;4171298.202773699;4171298.202773699;4171298.202773699;4171298.202773699;4171298.202773699;4171298.202773699;4171298.202773699;4164877.442523522;4113511.3605221035;4062145.2785206856;4010779.1965192677;3959413.1145178494;3908047.0325164315;3856680.950515013;3805314.8685135953;3753948.786512177;3702582.704510759;3651216.6225093417;3599850.540507923;3548484.4585065055;3535642.938006151;3535642.938006151;3535642.938006151;3535642.938006151;3535642.938006151;3535642.938006151;3535642.938006151;3535642.938006151;3535642.938006151;3535642.938006151;3535642.938006151;3535642.938006151;3535642.938006151;3535642.938006151;3535642.938006151;3535642.938006151;3535642.938006151;3535642.938006151;3535642.938006151;3535642.938006151;3535642.938006151;3535642.938006151;3535642.938006151;3535642.938006151;3535642.938006151
GRASP;4;4121910.2348858393;4087389.524851418;4052868.814816997;4018348.1047825753;3983827.394748154;3949306.684713733;3914785.9746793117;3880265.26464489;3845744.554610469;3811223.8445760477;3776703.1345416266;3742182.4245072054;3707661.7144727837;3673141.0044383625;3638620.2944039414;3604099.58436952;3569578.874335099;3535058.1643006774;3500537.454266256;3466016.744231835;3431496.0341974134;3396975.3241629926;3362454.614128571;3327933.90409415;3293413.1940597286;3267118.073154818;3265499.7196384394;3263881.3661220605;3262263.012605682;3260644.6590893036;3259026.3055729247;3257407.952056546;3255789.5985401673;3254171.245023789;3252552.89150741;3250934.5379910315;3249316.1844746526;3247697.830958274;3246079.4774418953;3244461.123925517;3242842.770409138;3241224.4168927595;3239606.0633763806;3237987.709860002;3236369.3563436237;3234751.002827245;3233132.6493108664;3231514.2957944875;3229895.942278109;3228277.58876173;3227468.412003541;3227468.412003541;3227468.412003541;3227468.412003541;3227468.412003541;3227468.412003541;3227468.412003541;3227468.412003541;3227468.412003541;3227468.412003541;3227468.412003541;3227468.412003541;3227468.412003541;3227468.412003541;3227468.412003541;3227468.412003541;3227468.412003541;3227468.412003541;3227468.412003541;3227468.412003541;3227468.412003541;3227468.412003541;3227468.412003541;3227468.412003541;3227468.412003541;3227468.412003541;3227468.412003541;3227468.412003541;3227468.412003541;3227468.412003541;3227468.412003541;3227468.412003541;3227468.412003541;3227468.412003541;3227468.412003541;3227468.412003541;3227468.412003541;3227468.412003541;3227468.412003541;3227468.412003541;3227468.412003541;3227468.412003541;3227468.412003541;3227468.412003541;3227468.412003541;3227468.412003541;3227468.412003541;3227468.412003541;3227468.412003541;3227468.412003541
GRASP;5;5412544.278382477;5369925.716837344;5327307.155292209;5284688.593747076;5242070.032201941;5199451.470656808;5156832.909111673;5114214.347566539;5071595.786021405;5028977.224476271;4986358.662931137;4943740.101386003;4901121.539840869;4858502.978295735;4815884.416750601;4773265.855205467;4730647.293660332;4669027.161041077;4588405.457347702;4507783.753654326;4427162.04996095;4346540.346267575;4265918.6425741995;4185296.9388808236;4104675.235187448;4024053.531494072;3943431.8278006967;3862810.124107321;3782188.420413945;3701566.71672057;3620945.013027194;3540323.309333818;3459701.6056404426;3379079.901947067;3379079.901947067;3379079.901947067;3379079.901947067;3379079.901947067;3379079.901947067;3379079.901947067;3379079.901947067;3379079.901947067;3379079.901947067;3379079.901947067;3379079.901947067;3379079.901947067;3379079.901947067;3379079.901947067;3379079.901947067;3379079.901947067;3379079.901947067;3379079.901947067;3379079.901947067;3379079.901947067;3379079.901947067;3379079.901947067;3379079.901947067;3379079.901947067;3379079.901947067;3379079.901947067;3379079.901947067;3379079.901947067;3379079.901947067;3379079.901947067;3379079.901947067;3379079.901947067;3379079.901947067;3379079.901947067;3379079.901947067;3379079.901947067;3379079.901947067;3379079.901947067;3379079.901947067;3379079.901947067;3379079.901947067;3379079.901947067;3379079.901947067;3379079.901947067;3379079.901947067;3379079.901947067;3379079.901947067;3379079.901947067;3379079.901947067;3379079.901947067;3379079.901947067;3379079.901947067;3379079.901947067;3379079.901947067;3379079.901947067;3379079.901947067;3379079.901947067;3379079.901947067;3379079.901947067;3379079.901947067;3379079.901947067;3379079.901947067;3379079.901947067;3379079.901947067;3379079.901947067;3379079.901947067
GRASP;6;5176173.899303385;5152037.275749105;5127900.652194825;5103764.028640544;5079627.405086264;5055490.781531984;5031354.157977704;5007217.534423423;4983080.910869143;4958944.287314863;4937221.326116011;4937221.326116011;4937221.326116011;4937221.326116011;4937221.326116011;4937221.326116011;4937221.326116011;4937221.326116011;4937221.326116011;4937221.326116011;4937221.326116011;4937221.326116011;4937221.326116011;4937221.326116011;4937221.326116011;4937221.326116011;4937221.326116011;4937221.326116011;4937221.326116011;4937221.326116011;4924885.967605091;4883768.1059020255;4842650.24419896;4801532.382495895;4760414.520792829;4719296.659089764;4678178.797386698;4637060.935683633;4595943.073980568;4554825.212277502;4491215.099540629;4393866.610253046;4296518.120965464;4199169.631677881;4101821.1423902973;4004472.653102714;3907124.163815131;3809775.674527548;3712427.185239965;3615078.695952382;3566404.451308591;3566404.451308591;3566404.451308591;3566404.451308591;3566404.451308591;3566404.451308591;3566404.451308591;3566404.451308591;3566404.451308591;3566404.451308591;3566404.451308591;3566404.451308591;3566404.451308591;3566404.451308591;3566404.451308591;3566404.451308591;3566404.451308591;3566404.451308591;3566404.451308591;3566404.451308591;3566404.451308591;3566404.451308591;3566404.451308591;3566404.451308591;3566404.451308591;3566404.451308591;3566404.451308591;3566404.451308591;3566404.451308591;3566404.451308591;3566404.451308591;3566404.451308591;3566404.451308591;3566404.451308591;3566404.451308591;3566404.451308591;3566404.451308591;3566404.451308591;3566404.451308591;3566404.451308591;3566404.451308591;3566404.451308591;3566404.451308591;3566404.451308591;3566404.451308591;3566404.451308591;3566404.451308591;3566404.451308591;3566404.451308591;3566404.451308591
GRASP;7;4112093.844720877;4082146.864635843;4052199.884550809;4022252.9044657755;3992305.9243807415;3962358.9442957076;3932411.9642106737;3902464.9841256402;3872518.0040406063;3842571.0239555724;3812624.0438705385;3782677.0637855045;3752730.083700471;3722783.103615437;3692836.1235304032;3662889.14344537;3632942.163360336;3602995.183275302;3573048.203190268;3543101.223105234;3519143.6390372072;3519143.6390372072;3519143.6390372072;3519143.6390372072;3519143.6390372072;3519143.6390372072;3519143.6390372072;3519143.6390372072;3519143.6390372072;3519143.6390372072;3519143.6390372072;3519143.6390372072;3519143.6390372072;3519143.6390372072;3519143.6390372072;3519143.6390372072;3519143.6390372072;3519143.6390372072;3519143.6390372072;3519143.6390372072;3519143.6390372072;3519143.6390372072;3519143.6390372072;3519143.6390372072;3519143.6390372072;3519143.6390372072;3519143.6390372072;3519143.6390372072;3519143.6390372072;3519143.6390372072;3519143.6390372072;3519143.6390372072;3519143.6390372072;3519143.6390372072;3519143.6390372072;3519143.6390372072;3519143.6390372072;3519143.6390372072;3519143.6390372072;3519143.6390372072;3519143.6390372072;3519143.6390372072;3519143.6390372072;3519143.6390372072;3519143.6390372072;3519143.6390372072;3519143.6390372072;3519143.6390372072;3519143.6390372072;3519143.6390372072;3519143.6390372072;3519143.6390372072;3519143.6390372072;3519143.6390372072;3519143.6390372072;3519143.6390372072;3519143.6390372072;3519143.6390372072;3519143.6390372072;3519143.6390372072;3519143.6390372072;3519143.6390372072;3519143.6390372072;3519143.6390372072;3519143.6390372072;3519143.6390372072;3519143.6390372072;3519143.6390372072;3519143.6390372072;3519143.6390372072;3519143.6390372072;3519143.6390372072;3519143.6390372072;3519143.6390372072;3519143.6390372072;3519143.6390372072;3519143.6390372072;3519143.6390372072;3519143.6390372072;3519143.6390372072
GRASP;8;3359099.246252455;3359099.246252455;3359099.246252455;3359099.246252455;3359099.246252455;3359099.246252455;3359099.246252455;3359099.246252455;3359099.246252455;3359099.246252455;3359099.246252455;3359099.246252455;3359099.246252455;3359099.246252455;3359099.246252455;3359099.246252455;3359099.246252455;3359099.246252455;3359099.246252455;3359099.246252455;3359099.246252455;3359099.246252455;3359099.246252455;3359099.246252455;3359099.246252455;3359099.246252455;3359099.246252455;3359099.246252455;3359099.246252455;3359099.246252455;3359099.246252455;3359099.246252455;3359099.246252455;3359099.246252455;3359099.246252455;3359099.246252455;3359099.246252455;3359099.246252455;3359099.246252455;3359099.246252455;3359099.246252455;3359099.246252455;3359099.246252455;3359099.246252455;3359099.246252455;3359099.246252455;3359099.246252455;3359099.246252455;3359099.246252455;3359099.246252455;3359099.246252455;3359099.246252455;3359099.246252455;3359099.246252455;3359099.246252455;3359099.246252455;3359099.246252455;3359099.246252455;3359099.246252455;3359099.246252455;3359099.246252455;3359099.246252455;3359099.246252455;3359099.246252455;3359099.246252455;3359099.246252455;3359099.246252455;3359099.246252455;3359099.246252455;3359099.246252455;3359099.246252455;3359099.246252455;3359099.246252455;3359099.246252455;3359099.246252455;3359099.246252455;3359099.246252455;3359099.246252455;3359099.246252455;3359099.246252455;3359099.246252455;3359099.246252455;3359099.246252455;3359099.246252455;3359099.246252455;3359099.246252455;3359099.246252455;3359099.246252455;3359099.246252455;3359099.246252455;3359099.246252455;3359099.246252455;3359099.246252455;3359099.246252455;3359099.246252455;3359099.246252455;3359099.246252455;3359099.246252455;3359099.246252455;3359099.246252455
GRASP;9;7419704.8751400625;7130816.057900248;6841927.240660434;6553038.423420619;6264149.606180805;5975260.78894099;5686371.971701177;5397483.1544613615;5108594.337221548;4819705.5199817335;4530816.702741919;4241927.885502105;3953039.06826229;3826706.2310555535;3797906.9818686624;3769107.7326817717;3740308.483494881;3711509.2343079904;3682709.9851210993;3653910.7359342086;3625111.486747318;3596312.2375604273;3567512.988373536;3538713.7391866455;3509914.489999755;3488315.0531095867;3488315.0531095867;3488315.0531095867;3488315.0531095867;3488315.0531095867;3488315.0531095867;3488315.0531095867;3488315.0531095867;3488315.0531095867;3488315.0531095867;3488315.0531095867;3488315.0531095867;3488315.0531095867;3488315.0531095867;3488315.0531095867;3488315.0531095867;3488315.0531095867;3488315.0531095867;3488315.0531095867;3488315.0531095867;3488315.0531095867;3488315.0531095867;3488315.0531095867;3488315.0531095867;3488315.0531095867;3488315.0531095867;3488315.0531095867;3488315.0531095867;3488315.0531095867;3488315.0531095867;3488315.0531095867;3488315.0531095867;3488315.0531095867;3488315.0531095867;3488315.0531095867;3488315.0531095867;3488315.0531095867;3488315.0531095867;3488315.0531095867;3488315.0531095867;3488315.0531095867;3488315.0531095867;3488315.0531095867;3488315.0531095867;3488315.0531095867;3488315.0531095867;3488315.0531095867;3488315.0531095867;3488315.0531095867;3488315.0531095867;3488315.0531095867;3488315.0531095867;3488315.0531095867;3488315.0531095867;3488315.0531095867;3488315.0531095867;3488315.0531095867;3488315.0531095867;3488315.0531095867;3488315.0531095867;3488315.0531095867;3488315.0531095867;3488315.0531095867;3488315.0531095867;3488315.0531095867;3488315.0531095867;3488315.0531095867;3488315.0531095867;3488315.0531095867;3488315.0531095867;3488315.0531095867;3488315.0531095867;3488315.0531095867;3488315.0531095867;3488315.0531095867
GRASP;10;4842252.914826328;4838444.819545199;4834636.72426407;4830828.628982941;4827020.533701812;4823212.438420683;4819404.343139554;4815596.247858426;4815324.24105263;4815324.24105263;4815324.24105263;4815324.24105263;4815324.24105263;4815324.24105263;4815324.24105263;4788733.002287471;4757709.8903947845;4726686.778502098;4695663.666609412;4664640.554716726;4633617.442824039;4602594.330931352;4595946.521240063;4595946.521240063;4595946.521240063;4595946.521240063;4595946.521240063;4595946.521240063;4595946.521240063;4595946.521240063;4595946.521240063;4595946.521240063;4595946.521240063;4595946.521240063;4595946.521240063;4595946.521240063;4595946.521240063;4595946.521240063;4595946.521240063;4595946.521240063;4595946.521240063;4595946.521240063;4595946.521240063;4595946.521240063;4595946.521240063;4595946.521240063;4595946.521240063;4595946.521240063;4595946.521240063;4595946.521240063;4567693.045697369;4511186.09461198;4454679.143526592;4398172.192441205;4341665.241355817;4285158.290270429;4228651.33918504;4196361.652850534;4196361.652850534;4196361.652850534;4196361.652850534;4196361.652850534;4196361.652850534;4196361.652850534;4196361.652850534;4196361.652850534;4196361.652850534;4196361.652850534;4196361.652850534;4196361.652850534;4196361.652850534;4196361.652850534;4196361.652850534;4196361.652850534;4196361.652850534;4196361.652850534;4196361.652850534;4196361.652850534;4196361.652850534;4196361.652850534;4196361.652850534;4196361.652850534;4196361.652850534;4196361.652850534;4196361.652850534;4193813.409473053;4175975.7058306895;4158138.002188326;4140300.2985459627;4122462.594903599;4104624.8912612353;4086787.187618872;4070223.605665249;4070223.605665249;4070223.605665249;4070223.605665249;4070223.605665249;4070223.605665249;4070223.605665249;4070223.605665249
GRASP;11;4718963.805323849;4718963.805323849;4718963.805323849;4718963.805323849;4718963.805323849;4718963.805323849;4718963.805323849;4718963.805323849;4678721.343328303;4574090.942139881;4469460.54095146;4364830.139763038;4260199.738574617;4155569.337386195;4050938.9361977736;3946308.535009352;3922163.057812024;3922163.057812024;3922163.057812024;3922163.057812024;3922163.057812024;3922163.057812024;3922163.057812024;3922163.057812024;3922163.057812024;3922163.057812024;3922163.057812024;3922163.057812024;3922163.057812024;3922163.057812024;3922163.057812024;3915518.3120799395;3903178.0700060683;3890837.827932197;3878497.585858326;3866157.343784455;3853817.101710584;3841476.859636713;3829136.6175628416;3828187.368172544;3828187.368172544;3828187.368172544;3828187.368172544;3828187.368172544;3828187.368172544;3828187.368172544;3828187.368172544;3828187.368172544;3828187.368172544;3828187.368172544;3828187.368172544;3828187.368172544;3828187.368172544;3828187.368172544;3828187.368172544;3828187.368172544;3828187.368172544;3828187.368172544;3828187.368172544;3828187.368172544;3828187.368172544;3827966.7870764676;3825099.2328274716;3822231.6785784755;3819364.12432948;3816496.570080484;3813629.0158314877;3810761.461582492;3807893.907333496;3806349.83966096;3806349.83966096;3806349.83966096;3806349.83966096;3806349.83966096;3806349.83966096;3806349.83966096;3806349.83966096;3806349.83966096;3806349.83966096;3806349.83966096;3806349.83966096;3806349.83966096;3806349.83966096;3806349.83966096;3806349.83966096;3806349.83966096;3806349.83966096;3806349.83966096;3806349.83966096;3806349.83966096;3806349.83966096;3806349.83966096;3806349.83966096;3806349.83966096;3806349.83966096;3806349.83966096;3806349.83966096;3806349.83966096;3806349.83966096;3806349.83966096
GRASP;12;4838902.070422926;4742190.312056014;4645478.553689102;4548766.79532219;4452055.036955278;4355343.278588367;4258631.520221455;4161919.7618545424;4065208.0034876307;3968496.245120719;3871784.486753807;3775072.728386895;3678360.970019983;3581649.211653071;3484937.453286159;3471121.487805172;3471121.487805172;3471121.487805172;3471121.487805172;3471121.487805172;3471121.487805172;3471121.487805172;3471121.487805172;3471121.487805172;3471121.487805172;3471121.487805172;3471121.487805172;3471121.487805172;3471121.487805172;3471121.487805172;3471121.487805172;3471121.487805172;3471121.487805172;3471121.487805172;3471121.487805172;3471121.487805172;3471121.487805172;3471121.487805172;3471121.487805172;3471121.487805172;3471121.487805172;3471121.487805172;3471121.487805172;3470874.8284746283;3470443.1746461764;3470011.5208177245;3469579.866989273;3469148.2131608212;3468716.5593323694;3468284.905503918;3467853.251675466;3467421.5978470147;3466989.944018563;3466558.290190111;3466126.6363616595;3465694.9825332076;3465263.3287047558;3460438.125159686;3449754.855325792;3439071.5854918975;3428388.3156580036;3417705.045824109;3407021.775990215;3396338.5061563207;3385655.2363224267;3374971.9664885327;3364288.6966546383;3353605.4268207443;3342922.15698685;3332238.887152956;3321555.6173190614;3313924.7102948516;3313924.7102948516;3313924.7102948516;3313924.7102948516;3313924.7102948516;3313924.7102948516;3313924.7102948516;3313924.7102948516;3313924.7102948516;3313924.7102948516;3313924.7102948516;3313924.7102948516;3313924.7102948516;3313924.7102948516;3313924.7102948516;3313924.7102948516;3313924.7102948516;3313924.7102948516;3313924.7102948516;3313924.7102948516;3313924.7102948516;3313924.7102948516;3313924.7102948516;3313924.7102948516;3313924.7102948516;3313924.7102948516;3313924.7102948516;3313924.7102948516;3313924.7102948516
GRASP;13;5649312.253890674;5649312.253890674;5649312.253890674;5649312.253890674;5649312.253890674;5649312.253890674;5649312.253890674;5649312.253890674;5649312.253890674;5649312.253890674;5649312.253890674;5649312.253890674;5649312.253890674;5551961.7947878605;5396201.060223359;5240440.325658858;5084679.591094356;4928918.856529854;4773158.121965353;4617397.387400852;4461636.65283635;4305875.918271849;4150115.183707347;3994354.449142846;3838593.7145783445;3721773.1636549686;3721773.1636549686;3721773.1636549686;3721773.1636549686;3721773.1636549686;3721773.1636549686;3721773.1636549686;3721773.1636549686;3721773.1636549686;3721773.1636549686;3721773.1636549686;3721773.1636549686;3721773.1636549686;3715812.1452997704;3708999.5528938295;3702186.9604878887;3695374.368081948;3688561.775676007;3681749.183270066;3674936.590864125;3668123.9984581843;3661311.4060522434;3654498.8136463026;3647686.2212403617;3640873.628834421;3637467.3326314506;3637467.3326314506;3637467.3326314506;3637467.3326314506;3637467.3326314506;3637467.3326314506;3637467.3326314506;3637467.3326314506;3637467.3326314506;3637467.3326314506;3637467.3326314506;3637467.3326314506;3637467.3326314506;3637467.3326314506;3637467.3326314506;3637467.3326314506;3637467.3326314506;3637467.3326314506;3637467.3326314506;3637467.3326314506;3637467.3326314506;3637467.3326314506;3637467.3326314506;3637467.3326314506;3637467.3326314506;3637467.3326314506;3637467.3326314506;3637467.3326314506;3637467.3326314506;3637467.3326314506;3637467.3326314506;3637467.3326314506;3637467.3326314506;3637467.3326314506;3637467.3326314506;3637467.3326314506;3637467.3326314506;3637467.3326314506;3637467.3326314506;3637467.3326314506;3637467.3326314506;3637467.3326314506;3637467.3326314506;3637467.3326314506;3637467.3326314506;3637467.3326314506;3637467.3326314506;3637467.3326314506;3637467.3326314506;3637467.3326314506
GRASP;14;5493250.051294857;5342184.734285732;5191119.417276606;5040054.100267481;4888988.783258356;4737923.46624923;4586858.149240105;4435792.83223098;4284727.515221855;4133662.1982127298;3982596.8812036044;3831531.564194479;3680466.247185354;3623816.7533069323;3623816.7533069323;3623816.7533069323;3623816.7533069323;3623816.7533069323;3623816.7533069323;3623816.7533069323;3623816.7533069323;3623816.7533069323;3623816.7533069323;3623816.7533069323;3623816.7533069323;3623816.7533069323;3623816.7533069323;3623816.7533069323;3623816.7533069323;3623816.7533069323;3623816.7533069323;3623816.7533069323;3623816.7533069323;3623816.7533069323;3623816.7533069323;3623816.7533069323;3623816.7533069323;3623816.7533069323;3613370.606630402;3601432.1532857963;3589493.6999411904;3577555.2465965846;3565616.7932519787;3553678.339907373;3541739.886562767;3529801.4332181616;3517862.9798735557;3505924.52652895;3493986.073184344;3482047.619839738;3476078.393167435;3476078.393167435;3476078.393167435;3476078.393167435;3476078.393167435;3476078.393167435;3476078.393167435;3476078.393167435;3476078.393167435;3476078.393167435;3476078.393167435;3476078.393167435;3476078.393167435;3476078.393167435;3476078.393167435;3476078.393167435;3476078.393167435;3476078.393167435;3476078.393167435;3476078.393167435;3476078.393167435;3476078.393167435;3476078.393167435;3476078.393167435;3476078.393167435;3468848.077209914;3459207.6559332195;3449567.2346565253;3439926.8133798307;3430286.392103136;3420645.9708264414;3411005.549549747;3401365.128273052;3391724.7069963575;3382084.2857196634;3372443.8644429687;3362803.443166274;3356778.17986834;3356778.17986834;3356778.17986834;3356778.17986834;3356778.17986834;3356778.17986834;3356778.17986834;3356778.17986834;3356778.17986834;3356778.17986834;3356778.17986834;3356778.17986834;3356778.17986834
GRASP;15;4456587.334890659;4456587.334890659;4456587.334890659;4456587.334890659;4456587.334890659;4456587.334890659;4456587.334890659;4456587.334890659;4456587.334890659;4456587.334890659;4456587.334890659;4456587.334890659;4456587.334890659;4456587.334890659;4456587.334890659;4400723.636350547;4335549.321387083;4270375.00642362;4205200.691460156;4140026.3764966917;4074852.0615332276;4009677.746569764;3944503.4316063;3879329.116642836;3814154.8016793723;3748980.4867159086;3683806.1717524445;3618631.856788981;3553457.5418255166;3534836.3089788132;3534836.3089788132;3534836.3089788132;3534836.3089788132;3534836.3089788132;3534836.3089788132;3534836.3089788132;3534836.3089788132;3534836.3089788132;3534836.3089788132;3534836.3089788132;3534836.3089788132;3534836.3089788132;3534836.3089788132;3534836.3089788132;3534836.3089788132;3534836.3089788132;3534836.3089788132;3534836.3089788132;3534836.3089788132;3534836.3089788132;3534836.3089788132;3534836.3089788132;3534836.3089788132;3534836.3089788132;3534836.3089788132;3534836.3089788132;3534836.3089788132;3534836.3089788132;3534836.3089788132;3534836.3089788132;3534836.3089788132;3534836.3089788132;3534836.3089788132;3534836.3089788132;3534836.3089788132;3534836.3089788132;3534836.3089788132;3534836.3089788132;3534836.3089788132;3534836.3089788132;3534836.3089788132;3534836.3089788132;3534836.3089788132;3534836.3089788132;3534836.3089788132;3534836.3089788132;3534836.3089788132;3534836.3089788132;3534836.3089788132;3534836.3089788132;3534836.3089788132;3534836.3089788132;3534836.3089788132;3534836.3089788132;3534836.3089788132;3534836.3089788132;3534836.3089788132;3534836.3089788132;3534836.3089788132;3534836.3089788132;3534836.3089788132;3534836.3089788132;3534836.3089788132;3534836.3089788132;3534836.3089788132;3534836.3089788132;3534836.3089788132;3534836.3089788132;3534836.3089788132;3534836.3089788132
GRASP;16;5349706.122054511;5289514.826262813;5229323.530471114;5169132.234679417;5108940.938887719;5048749.643096021;4988558.347304323;4928367.051512625;4868175.755720927;4807984.45992923;4747793.164137531;4687601.868345833;4669691.231832874;4651780.595319914;4633869.958806954;4615959.322293995;4598048.685781036;4580138.049268075;4562227.412755116;4544316.7762421565;4526406.139729196;4508495.503216237;4490584.866703277;4490584.866703277;4490584.866703277;4490584.866703277;4490584.866703277;4490584.866703277;4490584.866703277;4490584.866703277;4490584.866703277;4490584.866703277;4490584.866703277;4490584.866703277;4415933.588112729;4341282.30952218;4266631.030931631;4191979.7523410823;4117328.4737505335;4042677.1951599848;3968025.916569436;3893374.637978887;3818723.3593883384;3744072.0807977896;3669420.8022072413;3656196.845481528;3642972.8887558146;3629748.9320301013;3616524.975304388;3603301.0185786746;3590077.0618529613;3576853.105127248;3563629.148401535;3550405.191675822;3537181.2349501085;3523957.278224395;3523957.278224395;3523957.278224395;3523957.278224395;3523957.278224395;3523957.278224395;3523957.278224395;3523957.278224395;3523957.278224395;3523957.278224395;3523957.278224395;3523957.278224395;3523957.278224395;3523957.278224395;3523957.278224395;3523957.278224395;3523957.278224395;3523957.278224395;3523957.278224395;3523957.278224395;3523957.278224395;3523957.278224395;3523957.278224395;3523957.278224395;3523957.278224395;3523957.278224395;3523957.278224395;3523957.278224395;3523957.278224395;3523957.278224395;3523957.278224395;3523957.278224395;3523957.278224395;3523957.278224395;3523957.278224395;3523957.278224395;3523957.278224395;3523957.278224395;3523957.278224395;3523957.278224395;3523957.278224395;3523957.278224395;3523957.278224395;3523957.278224395;3523957.278224395
GRASP;17;4551238.272058132;4506461.003099628;4461683.734141124;4416906.46518262;4372129.196224116;4327351.927265612;4282574.658307108;4237797.389348604;4193020.1203901;4148242.851431596;4103465.582473092;4058688.313514588;4034408.2180051547;4010128.1224957216;3985848.0269862884;3961567.931476855;3937287.8359674215;3913007.7404579883;3888727.644948555;3864447.549439122;3840167.453929689;3815887.3584202556;3791607.2629108224;3791607.2629108224;3791607.2629108224;3791607.2629108224;3791607.2629108224;3791607.2629108224;3791607.2629108224;3791607.2629108224;3791607.2629108224;3791607.2629108224;3791607.2629108224;3791607.2629108224;3771297.489461003;3750987.716011184;3730677.9425613647;3710368.1691115457;3690058.395661726;3669748.622211907;3649438.848762088;3629129.075312269;3608819.3018624494;3588509.5284126303;3568199.7549628112;3568199.7549628112;3568199.7549628112;3568199.7549628112;3568199.7549628112;3568199.7549628112;3568199.7549628112;3568199.7549628112;3568199.7549628112;3568199.7549628112;3568199.7549628112;3568199.7549628112;3568199.7549628112;3568199.7549628112;3568199.7549628112;3568199.7549628112;3568199.7549628112;3568199.7549628112;3568199.7549628112;3568199.7549628112;3568199.7549628112;3568199.7549628112;3568199.7549628112;3568199.7549628112;3568199.7549628112;3568199.7549628112;3568199.7549628112;3568199.7549628112;3568199.7549628112;3568199.7549628112;3568199.7549628112;3568199.7549628112;3568199.7549628112;3568199.7549628112;3568199.7549628112;3568199.7549628112;3568199.7549628112;3568199.7549628112;3568199.7549628112;3568199.7549628112;3568199.7549628112;3568199.7549628112;3568199.7549628112;3568199.7549628112;3568199.7549628112;3568199.7549628112;3568199.7549628112;3568199.7549628112;3568199.7549628112;3568199.7549628112;3568199.7549628112;3568199.7549628112;3568199.7549628112;3568199.7549628112;3568199.7549628112;3568199.7549628112
GRASP;18;4130410.068216668;4125334.6667798758;4120259.265343083;4115183.863906291;4110108.4624694986;4105033.061032706;4099957.6595959137;4094882.2581591215;4089806.856722329;4084731.4552855366;4079656.0538487444;4074580.6524119517;4069505.2509751595;4064429.8495383672;4059354.4481015746;4054279.0466647823;4049203.64522799;4029313.5339347105;3994608.712784944;3959903.8916351777;3925199.070485411;3890494.2493356448;3855789.4281858783;3821084.607036112;3786379.7858863454;3751674.964736579;3716970.1435868125;3682265.322437046;3647560.5012872797;3612855.680137513;3578150.8589877468;3543446.0378379803;3508741.216688214;3474036.3955384474;3474036.3955384474;3474036.3955384474;3474036.3955384474;3474036.3955384474;3474036.3955384474;3474036.3955384474;3474036.3955384474;3474036.3955384474;3474036.3955384474;3474036.3955384474;3474036.3955384474;3474036.3955384474;3474036.3955384474;3474036.3955384474;3474036.3955384474;3474036.3955384474;3472931.5416617566;3470721.8339083754;3468512.126154994;3466302.418401613;3464092.7106482317;3461883.00289485;3459673.2951414688;3457463.5873880875;3455253.8796347063;3453044.1718813246;3450834.4641279434;3448624.756374562;3446415.048621181;3444205.3408677997;3441995.633114418;3439785.925361037;3437576.2176076556;3437576.2176076556;3437576.2176076556;3437576.2176076556;3437576.2176076556;3437576.2176076556;3437576.2176076556;3437576.2176076556;3437576.2176076556;3437576.2176076556;3437576.2176076556;3437576.2176076556;3437576.2176076556;3437576.2176076556;3437576.2176076556;3437576.2176076556;3437576.2176076556;3437576.2176076556;3437576.2176076556;3437576.2176076556;3437576.2176076556;3437576.2176076556;3437576.2176076556;3437576.2176076556;3437576.2176076556;3437576.2176076556;3437576.2176076556;3437576.2176076556;3437576.2176076556;3437576.2176076556;3437576.2176076556;3437576.2176076556;3437576.2176076556;3437576.2176076556
GRASP;19;4494218.655713782;4494218.655713782;4494218.655713782;4494218.655713782;4494218.655713782;4494218.655713782;4494218.655713782;4494218.655713782;4494218.655713782;4494218.655713782;4494218.655713782;4494218.655713782;4494218.655713782;4494218.655713782;4494218.655713782;4494218.655713782;4494218.655713782;4494218.655713782;4494218.655713782;4404088.401445806;4313958.14717783;4223827.892909855;4133697.6386418785;4043567.3843739023;3953437.1301059267;3863306.875837951;3773176.621569975;3683046.3673019996;3683046.3673019996;3683046.3673019996;3683046.3673019996;3683046.3673019996;3683046.3673019996;3683046.3673019996;3683046.3673019996;3683046.3673019996;3683046.3673019996;3683046.3673019996;3683046.3673019996;3683046.3673019996;3683046.3673019996;3683046.3673019996;3683046.3673019996;3683046.3673019996;3683046.3673019996;3683046.3673019996;3683046.3673019996;3683046.3673019996;3683046.3673019996;3683046.3673019996;3683046.3673019996;3683046.3673019996;3683046.3673019996;3683046.3673019996;3683046.3673019996;3683046.3673019996;3683046.3673019996;3683046.3673019996;3683046.3673019996;3683046.3673019996;3683046.3673019996;3683046.3673019996;3683046.3673019996;3683046.3673019996;3683046.3673019996;3683046.3673019996;3683046.3673019996;3683046.3673019996;3683046.3673019996;3683046.3673019996;3683046.3673019996;3683046.3673019996;3683046.3673019996;3683046.3673019996;3683046.3673019996;3683046.3673019996;3683046.3673019996;3683046.3673019996;3683046.3673019996;3683046.3673019996;3683046.3673019996;3683046.3673019996;3661628.614078202;3640210.860854404;3618793.1076306063;3597375.354406808;3575957.6011830107;3554539.8479592125;3533122.0947354147;3511704.341511617;3490286.588287819;3490286.588287819;3490286.588287819;3490286.588287819;3490286.588287819;3490286.588287819;3490286.588287819;3490286.588287819;3490286.588287819;3490286.588287819
GRASP;20;3737356.6884325324;3737356.6884325324;3737356.6884325324;3737356.6884325324;3737356.6884325324;3737356.6884325324;3737356.6884325324;3737356.6884325324;3737356.6884325324;3737356.6884325324;3737356.6884325324;3737356.6884325324;3737356.6884325324;3737356.6884325324;3737356.6884325324;3737356.6884325324;3737356.6884325324;3737356.6884325324;3737356.6884325324;3737356.6884325324;3737356.6884325324;3737356.6884325324;3737356.6884325324;3737356.6884325324;3737356.6884325324;3737356.6884325324;3737356.6884325324;3737356.6884325324;3737356.6884325324;3737356.6884325324;3737356.6884325324;3737356.6884325324;3737356.6884325324;3737356.6884325324;3737356.6884325324;3737356.6884325324;3737356.6884325324;3737356.6884325324;3737356.6884325324;3737356.6884325324;3737356.6884325324;3737356.6884325324;3737356.6884325324;3737356.6884325324;3737356.6884325324;3737356.6884325324;3737356.6884325324;3737356.6884325324;3737356.6884325324;3737356.6884325324;3737356.6884325324;3737356.6884325324;3737356.6884325324;3737356.6884325324;3737356.6884325324;3737356.6884325324;3737356.6884325324;3729573.966419938;3711414.281723885;3693254.5970278317;3675094.9123317786;3656935.2276357254;3638775.5429396722;3620615.8582436186;3602456.173547566;3584296.488851513;3566136.804155459;3547977.1194594065;3529817.434763353;3511657.7500672997;3493498.0653712465;3480526.8620169233;3480526.8620169233;3480526.8620169233;3480526.8620169233;3480526.8620169233;3480526.8620169233;3480526.8620169233;3480526.8620169233;3480526.8620169233;3480526.8620169233;3480526.8620169233;3480526.8620169233;3480526.8620169233;3480526.8620169233;3480526.8620169233;3480526.8620169233;3480526.8620169233;3480526.8620169233;3480526.8620169233;3480526.8620169233;3480526.8620169233;3480526.8620169233;3480526.8620169233;3480526.8620169233;3480526.8620169233;3480526.8620169233;3480526.8620169233;3480526.8620169233;3480526.8620169233
GRASP;21;4439552.484632346;4439552.484632346;4439552.484632346;4439552.484632346;4439552.484632346;4439552.484632346;4439552.484632346;4439552.484632346;4439552.484632346;4439552.484632346;4436559.767326131;4406632.594263984;4376705.421201836;4346778.248139689;4316851.075077541;4286923.902015394;4256996.728953247;4227069.555891099;4197142.382828952;4167215.2097668042;4141235.625066435;4131046.3938131793;4120857.1625599233;4110667.931306667;4100478.700053411;4090289.4688001554;4080100.2375468994;4069911.0062936433;4059721.775040387;4049532.5437871316;4042400.081909852;4042400.081909852;4042400.081909852;4042400.081909852;4042400.081909852;4042400.081909852;4042400.081909852;4042400.081909852;4042400.081909852;4042400.081909852;4038860.6583918147;4030012.0995967207;4021163.5408016266;4012314.9820065326;4003466.4232114386;3994617.8644163446;3985769.3056212505;3976920.7468261565;3968072.1880310625;3959223.6292359685;3954799.3498384217;3954799.3498384217;3954799.3498384217;3954799.3498384217;3954799.3498384217;3954799.3498384217;3954799.3498384217;3954799.3498384217;3954799.3498384217;3954799.3498384217;3949269.783001923;3940053.8382744254;3930837.8935469277;3921621.94881943;3912406.004091933;3903190.0593644353;3893974.1146369376;3884758.16990944;3875542.2251819423;3866326.2804544447;3863561.4970361954;3863561.4970361954;3863561.4970361954;3863561.4970361954;3863561.4970361954;3863561.4970361954;3863561.4970361954;3863561.4970361954;3863561.4970361954;3863561.4970361954;3863561.4970361954;3863561.4970361954;3863561.4970361954;3863561.4970361954;3863561.4970361954;3863561.4970361954;3863561.4970361954;3863561.4970361954;3863561.4970361954;3863561.4970361954;3827882.478932761;3788239.125484501;3748595.7720362404;3708952.418587981;3669309.06513972;3629665.7116914606;3590022.3582432005;3550379.00479494;3510735.6513466802;3471092.29789842
GRASP;22;5020204.134533835;4987475.246582986;4954746.358632137;4922017.470681287;4889288.582730439;4856559.69477959;4823830.806828741;4791101.918877892;4758373.0309270425;4725644.142976194;4692915.255025345;4660186.367074496;4627457.479123647;4543105.145155394;4427778.743576699;4312452.341998004;4197125.94041931;4081799.5388406143;3966473.1372619197;3851146.7356832246;3735820.3341045296;3620493.932525835;3505167.5309471404;3389841.129368445;3274514.7277897503;3188019.9266057294;3188019.9266057294;3188019.9266057294;3188019.9266057294;3188019.9266057294;3188019.9266057294;3188019.9266057294;3188019.9266057294;3188019.9266057294;3188019.9266057294;3188019.9266057294;3188019.9266057294;3188019.9266057294;3188019.9266057294;3188019.9266057294;3188019.9266057294;3188019.9266057294;3188019.9266057294;3188019.9266057294;3188019.9266057294;3188019.9266057294;3188019.9266057294;3188019.9266057294;3188019.9266057294;3188019.9266057294;3188019.9266057294;3188019.9266057294;3188019.9266057294;3188019.9266057294;3188019.9266057294;3188019.9266057294;3188019.9266057294;3188019.9266057294;3188019.9266057294;3188019.9266057294;3188019.9266057294;3188019.9266057294;3188019.9266057294;3188019.9266057294;3188019.9266057294;3188019.9266057294;3188019.9266057294;3188019.9266057294;3188019.9266057294;3188019.9266057294;3188019.9266057294;3188019.9266057294;3188019.9266057294;3188019.9266057294;3188019.9266057294;3188019.9266057294;3188019.9266057294;3188019.9266057294;3188019.9266057294;3188019.9266057294;3188019.9266057294;3188019.9266057294;3188019.9266057294;3188019.9266057294;3188019.9266057294;3188019.9266057294;3188019.9266057294;3188019.9266057294;3188019.9266057294;3188019.9266057294;3188019.9266057294;3188019.9266057294;3188019.9266057294;3188019.9266057294;3188019.9266057294;3188019.9266057294;3188019.9266057294;3188019.9266057294;3188019.9266057294;3188019.9266057294
GRASP;23;4509007.395689372;4500434.925651128;4491862.455612886;4483289.985574642;4474717.5155364;4466145.045498156;4457572.575459913;4449000.10542167;4440427.635383426;4431855.165345184;4423282.69530694;4414710.225268697;4406137.755230454;4398261.240226965;4390802.298244328;4383343.356261692;4375884.414279055;4368425.472296419;4360966.530313782;4353507.588331145;4346048.646348509;4338589.704365873;4331130.762383236;4323671.820400599;4316212.878417963;4297946.935009204;4247259.987322079;4196573.039634954;4145886.0919478294;4095199.1442607045;4044512.1965735797;3993825.248886455;3943138.3011993296;3892451.3535122047;3841764.40582508;3791077.4581379546;3740390.5104508298;3689703.562763705;3683367.6943028145;3683367.6943028145;3683367.6943028145;3683367.6943028145;3683367.6943028145;3683367.6943028145;3683367.6943028145;3683367.6943028145;3683367.6943028145;3683367.6943028145;3683367.6943028145;3683367.6943028145;3683367.6943028145;3683367.6943028145;3683367.6943028145;3683367.6943028145;3683367.6943028145;3683367.6943028145;3683367.6943028145;3683367.6943028145;3683367.6943028145;3683367.6943028145;3683367.6943028145;3683367.6943028145;3683367.6943028145;3683367.6943028145;3683367.6943028145;3683367.6943028145;3683367.6943028145;3683367.6943028145;3683367.6943028145;3683367.6943028145;3683367.6943028145;3683367.6943028145;3683367.6943028145;3683367.6943028145;3683367.6943028145;3660889.401270192;3630918.343893362;3600947.286516533;3570976.229139703;3541005.1717628734;3511034.1143860435;3481063.057009214;3451091.999632384;3421120.9422555547;3391149.884878725;3361178.827501895;3331207.7701250655;3312475.859264547;3312475.859264547;3312475.859264547;3312475.859264547;3312475.859264547;3312475.859264547;3312475.859264547;3312475.859264547;3312475.859264547;3312475.859264547;3312475.859264547;3312475.859264547;3312475.859264547
GRASP;24;4407880.438875216;4407880.438875216;4407880.438875216;4407880.438875216;4407880.438875216;4407880.438875216;4407880.438875216;4407880.438875216;4407880.438875216;4407880.438875216;4407880.438875216;4407880.438875216;4407880.438875216;4363533.242775105;4292577.729014926;4221622.215254748;4150666.7014945694;4079711.187734391;4008755.6739742127;3937800.1602140344;3866844.646453856;3795889.1326936777;3724933.6189334993;3653978.105173321;3583022.591413143;3529805.956093009;3529805.956093009;3529805.956093009;3529805.956093009;3529805.956093009;3529805.956093009;3529805.956093009;3529805.956093009;3529805.956093009;3529805.956093009;3529805.956093009;3529805.956093009;3529805.956093009;3513149.522554285;3494113.598510029;3475077.6744657727;3456041.7504215166;3437005.8263772605;3417969.9023330044;3398933.9782887483;3379898.054244492;3360862.130200236;3341826.20615598;3322790.282111724;3303754.358067468;3294236.3960453398;3294236.3960453398;3294236.3960453398;3294236.3960453398;3294236.3960453398;3294236.3960453398;3294236.3960453398;3294236.3960453398;3294236.3960453398;3294236.3960453398;3294236.3960453398;3294236.3960453398;3294236.3960453398;3294236.3960453398;3294236.3960453398;3294236.3960453398;3294236.3960453398;3294236.3960453398;3294236.3960453398;3294236.3960453398;3294236.3960453398;3294236.3960453398;3294236.3960453398;3294236.3960453398;3294236.3960453398;3294236.3960453398;3294236.3960453398;3294236.3960453398;3294236.3960453398;3294236.3960453398;3294236.3960453398;3294236.3960453398;3294236.3960453398;3294236.3960453398;3294236.3960453398;3294236.3960453398;3294236.3960453398;3294236.3960453398;3294236.3960453398;3294236.3960453398;3294236.3960453398;3294236.3960453398;3294236.3960453398;3294236.3960453398;3294236.3960453398;3294236.3960453398;3294236.3960453398;3294236.3960453398;3294236.3960453398;3294236.3960453398
GRASP;25;4531477.639903383;4531477.639903383;4531477.639903383;4531477.639903383;4531477.639903383;4531477.639903383;4531477.639903383;4531477.639903383;4531477.639903383;4531477.639903383;4531477.639903383;4531477.639903383;4531477.639903383;4531477.639903383;4531477.639903383;4531477.639903383;4531477.639903383;4531477.639903383;4531477.639903383;4531477.639903383;4531477.639903383;4531477.639903383;4531477.639903383;4531477.639903383;4531477.639903383;4531477.639903383;4531477.639903383;4531477.639903383;4531477.639903383;4486753.656949038;4424140.080812954;4361526.50467687;4298912.928540787;4236299.352404703;4173685.7762686196;4111072.200132536;4048458.6239964524;3985845.0478603686;3923231.471724285;3860617.8955882015;3798004.3194521177;3735390.743316034;3672777.1671799505;3645942.7774073435;3645942.7774073435;3645942.7774073435;3645942.7774073435;3645942.7774073435;3645942.7774073435;3645942.7774073435;3645942.7774073435;3645942.7774073435;3645942.7774073435;3645942.7774073435;3645942.7774073435;3645942.7774073435;3645942.7774073435;3635422.6299887546;3610875.619345382;3586328.608702008;3561781.5980586354;3537234.5874152617;3512687.576771889;3488140.5661285156;3463593.5554851424;3439046.544841769;3414499.534198396;3389952.5235550227;3365405.5129116494;3340858.502268276;3316311.491624903;3298777.9125939226;3298777.9125939226;3298777.9125939226;3298777.9125939226;3298777.9125939226;3298777.9125939226;3298777.9125939226;3298777.9125939226;3298777.9125939226;3298777.9125939226;3298777.9125939226;3298777.9125939226;3298777.9125939226;3298777.9125939226;3298777.9125939226;3298777.9125939226;3298777.9125939226;3298777.9125939226;3298777.9125939226;3298777.9125939226;3298777.9125939226;3298777.9125939226;3298777.9125939226;3298777.9125939226;3298777.9125939226;3298777.9125939226;3298777.9125939226;3298777.9125939226;3298777.9125939226
GRASP;26;4705333.621228996;4705333.621228996;4705333.621228996;4705333.621228996;4705333.621228996;4705333.621228996;4705333.621228996;4705333.621228996;4705333.621228996;4697724.373816607;4687578.710600088;4677433.047383569;4667287.384167051;4657141.720950532;4646996.057734014;4636850.394517495;4626704.731300976;4621631.899692717;4621631.899692717;4621631.899692717;4621631.899692717;4621631.899692717;4621631.899692717;4621631.899692717;4621631.899692717;4621631.899692717;4621631.899692717;4621631.899692717;4621631.899692717;4621631.899692717;4621631.899692717;4621631.899692717;4621631.899692717;4621631.899692717;4621631.899692717;4621631.899692717;4621631.899692717;4621631.899692717;4621631.899692717;4621631.899692717;4621631.899692717;4621631.899692717;4621631.899692717;4621631.899692717;4621631.899692717;4621631.899692717;4621631.899692717;4621631.899692717;4621631.899692717;4621631.899692717;4620412.890525613;4617974.872191406;4615536.853857198;4613098.835522991;4610660.817188783;4608222.7988545755;4605784.780520368;4603346.76218616;4598142.317714408;4584638.594830021;4571134.8719456345;4557631.149061248;4544127.426176861;4530623.703292474;4517119.980408087;4503616.257523701;4490112.534639314;4490112.534639314;4490112.534639314;4490112.534639314;4490112.534639314;4490112.534639314;4490112.534639314;4490112.534639314;4490112.534639314;4445971.796139287;4387117.4781392515;4328263.160139217;4269408.842139181;4210554.524139146;4151700.20613911;4092845.888139075;4033991.5701390393;3972854.2341892854;3909433.8802898126;3846013.526390339;3782593.172490866;3719172.818591392;3655752.4646919193;3592332.1107924455;3528911.756892972;3481346.491468368;3481346.491468368;3481346.491468368;3481346.491468368;3481346.491468368;3481346.491468368;3481346.491468368;3481346.491468368;3481346.491468368
GRASP;27;6566750.388131328;6460204.561109245;6353658.734087163;6247112.90706508;6140567.080042997;6034021.253020914;5927475.425998831;5820929.598976749;5714383.771954666;5607837.944932584;5501292.117910501;5394746.2908884175;5288200.463866335;5181654.636844252;5075108.80982217;4967278.974876755;4859235.138610784;4751191.302344813;4643147.466078842;4535103.629812871;4427059.7935469;4319015.95728093;4210972.121014959;4102928.284748988;3994884.4484830173;3886840.6122170463;3778796.7759510754;3670752.9396851044;3562709.1034191335;3531839.4359145714;3531839.4359145714;3531839.4359145714;3531839.4359145714;3531839.4359145714;3531839.4359145714;3531839.4359145714;3531839.4359145714;3531839.4359145714;3531839.4359145714;3531839.4359145714;3531839.4359145714;3531839.4359145714;3531839.4359145714;3531839.4359145714;3531839.4359145714;3531839.4359145714;3531839.4359145714;3531839.4359145714;3531839.4359145714;3531839.4359145714;3531839.4359145714;3531839.4359145714;3531839.4359145714;3531839.4359145714;3531839.4359145714;3531839.4359145714;3531839.4359145714;3531839.4359145714;3531839.4359145714;3531839.4359145714;3531839.4359145714;3531839.4359145714;3531839.4359145714;3531839.4359145714;3531839.4359145714;3531839.4359145714;3531839.4359145714;3531839.4359145714;3531839.4359145714;3531839.4359145714;3531839.4359145714;3528468.006634289;3516668.004153301;3504868.0016723126;3493067.9991913247;3481267.9967103368;3469467.9942293484;3457667.9917483605;3445867.9892673725;3434067.986786384;3422267.984305396;3410467.9818244083;3398667.97934342;3386867.976862432;3375067.974381444;3364953.686540597;3364953.686540597;3364953.686540597;3364953.686540597;3364953.686540597;3364953.686540597;3364953.686540597;3364953.686540597;3364953.686540597;3364953.686540597;3364953.686540597;3364953.686540597;3364953.686540597;3364953.686540597;3364953.686540597
GRASP;28;5762239.987501706;5606191.1273311265;5450142.267160548;5294093.406989968;5138044.54681939;4981995.68664881;4825946.826478232;4669897.966307652;4513849.106137073;4357800.245966494;4201751.385795915;4045702.525625336;3889653.665454757;3831135.3428907897;3831135.3428907897;3831135.3428907897;3831135.3428907897;3831135.3428907897;3831135.3428907897;3831135.3428907897;3831135.3428907897;3831135.3428907897;3831135.3428907897;3831135.3428907897;3831135.3428907897;3831135.3428907897;3831135.3428907897;3831135.3428907897;3831135.3428907897;3831135.3428907897;3831135.3428907897;3831135.3428907897;3831135.3428907897;3831135.3428907897;3831135.3428907897;3831135.3428907897;3831135.3428907897;3831135.3428907897;3831135.3428907897;3831135.3428907897;3831135.3428907897;3831135.3428907897;3831135.3428907897;3831135.3428907897;3831135.3428907897;3831135.3428907897;3831135.3428907897;3831135.3428907897;3831135.3428907897;3831135.3428907897;3812082.9162706635;3773978.0630304106;3735873.209790158;3697768.356549906;3659663.503309653;3621558.6500694007;3583453.796829148;3545348.9435888957;3507244.0903486433;3469139.237108391;3431034.3838681383;3392929.5306278854;3359587.784042665;3359587.784042665;3359587.784042665;3359587.784042665;3359587.784042665;3359587.784042665;3359587.784042665;3359587.784042665;3359587.784042665;3359587.784042665;3359587.784042665;3359587.784042665;3359587.784042665;3359587.784042665;3359587.784042665;3359587.784042665;3359587.784042665;3359587.784042665;3359587.784042665;3359587.784042665;3359587.784042665;3359587.784042665;3359587.784042665;3359587.784042665;3359587.784042665;3359587.784042665;3359587.784042665;3359587.784042665;3359587.784042665;3359587.784042665;3359587.784042665;3359587.784042665;3359587.784042665;3359587.784042665;3359587.784042665;3359587.784042665;3359587.784042665;3359587.784042665
GRASP;29;5011607.77625917;5011607.77625917;5011607.77625917;5011607.77625917;5011607.77625917;5011607.77625917;5011607.77625917;5011607.77625917;5011607.77625917;5011607.77625917;5011607.77625917;5011607.77625917;5011607.77625917;5011607.77625917;5011607.77625917;5011607.77625917;5011607.77625917;4994807.018452994;4961205.502840641;4927603.987228287;4894002.471615935;4860400.956003582;4826799.440391229;4793197.924778876;4759596.409166523;4731006.0609362535;4717449.214852233;4703892.368768213;4690335.522684193;4676778.676600174;4663221.830516154;4649664.984432134;4636108.138348114;4622551.292264094;4622551.292264094;4622551.292264094;4622551.292264094;4622551.292264094;4622551.292264094;4622551.292264094;4622551.292264094;4622551.292264094;4622551.292264094;4622551.292264094;4622551.292264094;4622551.292264094;4622551.292264094;4622551.292264094;4622551.292264094;4622551.292264094;4622551.292264094;4622551.292264094;4622551.292264094;4622551.292264094;4622551.292264094;4622551.292264094;4622551.292264094;4622551.292264094;4622551.292264094;4622551.292264094;4622551.292264094;4622551.292264094;4622551.292264094;4622551.292264094;4622551.292264094;4622551.292264094;4622551.292264094;4622551.292264094;4622551.292264094;4622551.292264094;4622551.292264094;4622551.292264094;4622551.292264094;4622551.292264094;4622551.292264094;4622551.292264094;4622551.292264094;4622551.292264094;4622551.292264094;4622551.292264094;4622551.292264094;4622551.292264094;4622551.292264094;4544528.1845098;4388481.969001216;4232435.753492631;4076389.537984047;3920343.322475462;3764297.1069668788;3608250.8914582934;3452204.6759497104;3335170.014318274;3335170.014318274;3335170.014318274;3335170.014318274;3335170.014318274;3335170.014318274;3335170.014318274;3335170.014318274;3335170.014318274
GRASP;30;5004384.554555506;4993293.315837107;4982202.077118706;4971110.838400306;4960019.599681906;4948928.360963507;4937837.122245106;4926745.883526706;4915654.644808306;4904563.406089907;4893472.167371506;4882380.928653106;4842735.180796062;4803089.432939017;4763443.685081973;4723797.937224928;4684152.189367883;4644506.441510838;4604860.693653794;4565214.94579675;4525569.197939705;4485923.450082661;4446277.702225616;4439250.708158565;4432223.714091512;4425196.720024461;4418169.7259574095;4411142.731890357;4404115.737823306;4397088.743756253;4390061.749689202;4383034.75562215;4376007.761555098;4368980.767488047;4368980.767488047;4368980.767488047;4368980.767488047;4368980.767488047;4368980.767488047;4368980.767488047;4368980.767488047;4368980.767488047;4368980.767488047;4368980.767488047;4368980.767488047;4368980.767488047;4368980.767488047;4368980.767488047;4368980.767488047;4368980.767488047;4368980.767488047;4368980.767488047;4368980.767488047;4368980.767488047;4368980.767488047;4368980.767488047;4285951.039164609;4202921.310841173;4119891.582517736;4036861.8541942984;3953832.125870862;3870802.3975474243;3787772.669223988;3704742.94090055;3621713.212577114;3538683.4842536775;3455653.7559302407;3455653.7559302407;3455653.7559302407;3455653.7559302407;3455653.7559302407;3455653.7559302407;3455653.7559302407;3455653.7559302407;3455653.7559302407;3455653.7559302407;3455653.7559302407;3455653.7559302407;3455653.7559302407;3455653.7559302407;3455653.7559302407;3455653.7559302407;3455653.7559302407;3455653.7559302407;3455653.7559302407;3455653.7559302407;3455653.7559302407;3455653.7559302407;3455653.7559302407;3455653.7559302407;3455653.7559302407;3455653.7559302407;3455653.7559302407;3455653.7559302407;3455653.7559302407;3455653.7559302407;3455653.7559302407;3455653.7559302407;3455653.7559302407;3455653.7559302407
GRASP;31;4815556.994952777;4767398.321468577;4719239.647984377;4671080.9745001765;4622922.301015976;4574763.627531776;4526604.954047576;4478446.280563375;4430287.607079175;4382128.933594975;4338361.823125689;4334118.779790638;4329875.736455587;4325632.693120535;4321389.649785484;4317146.606450433;4312903.563115382;4308660.51978033;4304417.476445279;4300174.433110228;4296779.998442187;4296779.998442187;4296779.998442187;4296779.998442187;4296779.998442187;4296779.998442187;4296779.998442187;4296779.998442187;4296779.998442187;4296779.998442187;4296779.998442187;4296779.998442187;4296779.998442187;4296779.998442187;4296779.998442187;4296779.998442187;4296779.998442187;4296779.998442187;4296779.998442187;4296779.998442187;4293422.225779749;4285027.794123655;4276633.362467561;4268238.930811468;4259844.499155373;4251450.067499279;4243055.635843185;4234661.2041870905;4226266.772530997;4217872.340874903;4188550.0331907095;4138299.8494784175;4088049.6657661265;4037799.482053835;3987549.298341543;3937299.1146292514;3887048.9309169594;3836798.747204668;3786548.5634923764;3736298.3797800844;3716198.3062951677;3716198.3062951677;3716198.3062951677;3716198.3062951677;3716198.3062951677;3716198.3062951677;3716198.3062951677;3716198.3062951677;3716198.3062951677;3716198.3062951677;3685076.6401993213;3640617.117205256;3596157.5942111905;3551698.071217125;3507238.548223059;3462779.0252289935;3418319.502234928;3373859.9792408627;3329400.4562467965;3284940.933252731;3276049.028653918;3276049.028653918;3276049.028653918;3276049.028653918;3276049.028653918;3276049.028653918;3276049.028653918;3276049.028653918;3276049.028653918;3276049.028653918;3276049.028653918;3276049.028653918;3276049.028653918;3276049.028653918;3276049.028653918;3276049.028653918;3276049.028653918;3276049.028653918;3276049.028653918;3276049.028653918
GRASP;32;3619232.8374934183;3619232.8374934183;3619232.8374934183;3619232.8374934183;3619232.8374934183;3619232.8374934183;3619232.8374934183;3619232.8374934183;3619232.8374934183;3619232.8374934183;3619232.8374934183;3619232.8374934183;3619232.8374934183;3614962.6102119577;3608130.246561621;3601297.8829112845;3594465.5192609476;3587633.1556106107;3580800.791960274;3573968.4283099375;3567136.0646596006;3560303.7010092638;3553471.337358927;3546638.9737085905;3539806.6100582536;3534682.337320501;3534682.337320501;3534682.337320501;3534682.337320501;3534682.337320501;3534682.337320501;3534682.337320501;3534682.337320501;3534682.337320501;3534682.337320501;3534682.337320501;3534682.337320501;3534682.337320501;3534682.337320501;3534682.337320501;3534682.337320501;3534682.337320501;3534682.337320501;3534682.337320501;3534682.337320501;3534682.337320501;3534682.337320501;3534682.337320501;3534682.337320501;3534682.337320501;3534682.337320501;3534682.337320501;3534682.337320501;3534682.337320501;3534682.337320501;3534682.337320501;3534682.337320501;3534682.337320501;3534682.337320501;3534682.337320501;3534682.337320501;3534682.337320501;3534682.337320501;3534682.337320501;3534682.337320501;3534682.337320501;3534682.337320501;3534682.337320501;3534682.337320501;3534682.337320501;3534682.337320501;3534682.337320501;3534682.337320501;3534682.337320501;3534682.337320501;3506336.7809918877;3468542.705887071;3430748.6307822545;3392954.555677437;3355160.4805726204;3317366.405467803;3279572.3303629863;3241778.255258169;3203984.180153352;3166190.1050485354;3128396.0299437186;3090601.9548389018;3066980.657898391;3066980.657898391;3066980.657898391;3066980.657898391;3066980.657898391;3066980.657898391;3066980.657898391;3066980.657898391;3066980.657898391;3066980.657898391;3066980.657898391;3066980.657898391;3066980.657898391
GRASP;33;4462263.339416332;4437684.511741536;4413105.684066739;4388526.856391943;4363948.028717147;4339369.201042351;4314790.3733675545;4290211.545692759;4265632.718017963;4241053.890343167;4216475.06266837;4191896.234993574;4167317.407318778;4142738.579643982;4118159.7519691857;4093580.92429439;4069002.0966195934;4044423.2689447976;4019844.441270001;3995265.6135952054;3975100.320064718;3972589.1631114664;3970078.0061582145;3967566.8492049626;3965055.692251711;3962544.535298459;3960033.378345208;3957522.221391956;3955011.0644387044;3952499.9074854525;3949988.750532201;3947477.593578949;3944966.4366256977;3942455.2796724457;3939944.122719194;3937432.9657659424;3934921.8088126904;3932410.651859439;3929899.494906187;3927388.3379529356;3919491.3473009914;3903515.6061010095;3887539.864901027;3871564.123701045;3855588.382501063;3839612.6413010806;3823636.900101098;3807661.1589011163;3791685.417701134;3775709.6765011516;3759733.9353011698;3743758.1941011874;3727782.452901205;3711806.711701223;3695830.970501241;3679855.229301259;3663879.4881012766;3647903.746901294;3631928.0057013123;3615952.26450133;3609561.968021337;3609561.968021337;3609561.968021337;3609561.968021337;3609561.968021337;3609561.968021337;3609561.968021337;3609561.968021337;3609561.968021337;3609561.968021337;3609561.968021337;3609561.968021337;3609561.968021337;3609561.968021337;3609561.968021337;3609561.968021337;3609561.968021337;3609561.968021337;3609561.968021337;3609561.968021337;3609561.968021337;3609561.968021337;3609561.968021337;3609561.968021337;3609561.968021337;3609561.968021337;3609561.968021337;3609561.968021337;3609561.968021337;3609561.968021337;3609561.968021337;3609561.968021337;3609561.968021337;3609561.968021337;3609561.968021337;3609561.968021337;3609561.968021337;3609561.968021337;3609561.968021337;3609561.968021337
GRASP;34;3853766.995875817;3853766.995875817;3853766.995875817;3853766.995875817;3853766.995875817;3853766.995875817;3853766.995875817;3853766.995875817;3853766.995875817;3853766.995875817;3853766.995875817;3853766.995875817;3853766.995875817;3853766.995875817;3853766.995875817;3853766.995875817;3853766.995875817;3853766.995875817;3853766.995875817;3853766.995875817;3853766.995875817;3853766.995875817;3853766.995875817;3820505.128267459;3787243.2606591014;3753981.3930507437;3720719.5254423856;3687457.657834028;3654195.79022567;3620933.9226173125;3587672.055008955;3554410.187400597;3521148.3197922395;3487886.452183882;3487886.452183882;3487886.452183882;3487886.452183882;3487886.452183882;3487886.452183882;3487886.452183882;3487886.452183882;3487886.452183882;3487886.452183882;3487886.452183882;3487886.452183882;3487886.452183882;3487886.452183882;3487886.452183882;3487886.452183882;3487886.452183882;3487886.452183882;3487886.452183882;3487886.452183882;3487886.452183882;3487886.452183882;3487886.452183882;3487886.452183882;3487886.452183882;3487886.452183882;3487886.452183882;3487886.452183882;3487886.452183882;3487886.452183882;3487886.452183882;3487886.452183882;3487886.452183882;3487886.452183882;3487886.452183882;3487886.452183882;3487886.452183882;3487886.452183882;3487886.452183882;3487886.452183882;3487886.452183882;3487886.452183882;3487886.452183882;3487886.452183882;3487886.452183882;3469588.5108317975;3451290.569479713;3432992.6281276294;3414694.686775545;3396396.7454234613;3378098.804071377;3359800.862719293;3341502.921367209;3323204.980015125;3304907.038663041;3286609.097310957;3286609.097310957;3286609.097310957;3286609.097310957;3286609.097310957;3286609.097310957;3286609.097310957;3286609.097310957;3286609.097310957;3286609.097310957;3286609.097310957;3286609.097310957
GRASP;35;5565893.04091851;5502376.313384032;5438859.585849552;5375342.858315074;5311826.130780595;5248309.403246117;5184792.675711637;5121275.948177159;5057759.22064268;4994242.493108202;4930725.765573722;4867209.038039244;4803692.310504765;4740175.582970286;4676658.855435807;4613142.127901329;4549625.400366849;4486108.672832371;4422591.945297892;4359075.217763413;4295558.490228934;4232041.762694456;4168525.035159977;4105008.3076254977;4041491.580091019;3987456.8776353514;3961868.2504161173;3936279.6231968827;3910690.995977648;3885102.368758414;3859513.7415391793;3833925.1143199448;3808336.4871007106;3782747.859881476;3757159.2326622414;3731570.605443007;3705981.9782237727;3680393.351004538;3654804.7237853035;3629216.0965660694;3603627.469346835;3578038.8421276;3552450.214908366;3526861.5876891315;3501272.960469897;3475684.3332506623;3450095.706031428;3424507.0788121936;3398918.4515929595;3373329.824373725;3360535.5107641076;3360535.5107641076;3360535.5107641076;3360535.5107641076;3360535.5107641076;3360535.5107641076;3360535.5107641076;3360535.5107641076;3360535.5107641076;3360535.5107641076;3360535.5107641076;3360535.5107641076;3360535.5107641076;3360535.5107641076;3360535.5107641076;3360535.5107641076;3360535.5107641076;3360535.5107641076;3360535.5107641076;3360535.5107641076;3360535.5107641076;3360535.5107641076;3360535.5107641076;3360535.5107641076;3360535.5107641076;3360535.5107641076;3360535.5107641076;3360535.5107641076;3360535.5107641076;3360535.5107641076;3360535.5107641076;3360535.5107641076;3360535.5107641076;3360535.5107641076;3360535.5107641076;3360535.5107641076;3360535.5107641076;3360535.5107641076;3360535.5107641076;3360535.5107641076;3360535.5107641076;3360535.5107641076;3360535.5107641076;3360535.5107641076;3360535.5107641076;3360535.5107641076;3360535.5107641076;3360535.5107641076;3360535.5107641076;3360535.5107641076
GRASP;36;5728272.727107676;5654356.108013918;5580439.48892016;5506522.869826402;5432606.2507326435;5358689.631638885;5284773.0125451265;5210856.393451368;5136939.77435761;5063023.155263852;4989106.536170094;4915189.917076336;4875496.440252961;4835802.963429585;4796109.486606209;4756416.009782833;4716722.5329594575;4677029.056136082;4637335.579312706;4597642.10248933;4557948.625665954;4518255.148842579;4478561.672019203;4433510.0568691995;4388458.441719197;4343406.826569194;4298355.21141919;4253303.596269187;4208251.981119184;4163200.365969181;4118148.7508191774;4073097.1356691746;4028045.520519171;3982993.905369168;3982993.905369168;3982993.905369168;3982993.905369168;3982993.905369168;3982993.905369168;3982993.905369168;3982993.905369168;3982993.905369168;3982993.905369168;3982993.905369168;3982993.905369168;3976195.937150908;3969397.968932648;3962600.000714388;3955802.032496128;3949004.0642778683;3942206.096059608;3935408.127841348;3928610.159623088;3921812.191404828;3915014.223186568;3908216.254968308;3854920.715740517;3801625.1765127266;3748329.637284936;3695034.0980571453;3641738.5588293546;3588443.019601564;3535147.4803737733;3481851.941145982;3428556.401918192;3375260.8626904013;3321965.323462611;3321965.323462611;3321965.323462611;3321965.323462611;3321965.323462611;3321965.323462611;3321965.323462611;3321965.323462611;3321965.323462611;3321965.323462611;3321965.323462611;3321965.323462611;3321965.323462611;3321965.323462611;3321965.323462611;3321965.323462611;3321965.323462611;3321965.323462611;3321965.323462611;3321965.323462611;3321965.323462611;3321965.323462611;3321965.323462611;3321965.323462611;3321965.323462611;3321965.323462611;3321965.323462611;3321965.323462611;3321965.323462611;3321965.323462611;3321965.323462611;3321965.323462611;3321965.323462611;3321965.323462611
GRASP;37;4290379.833552699;4290379.833552699;4290379.833552699;4290379.833552699;4290379.833552699;4290379.833552699;4290379.833552699;4290379.833552699;4290379.833552699;4290379.833552699;4290379.833552699;4290379.833552699;4290379.833552699;4290379.833552699;4290379.833552699;4290379.833552699;4290379.833552699;4290379.833552699;4290379.833552699;4290379.833552699;4290379.833552699;4290379.833552699;4290379.833552699;4290379.833552699;4290379.833552699;4290379.833552699;4290379.833552699;4290379.833552699;4290379.833552699;4290379.833552699;4290379.833552699;4290379.833552699;4290379.833552699;4290379.833552699;4290379.833552699;4290379.833552699;4290379.833552699;4290379.833552699;4290379.833552699;4290379.833552699;4290379.833552699;4290379.833552699;4290379.833552699;4290379.833552699;4290379.833552699;4290379.833552699;4290379.833552699;4290379.833552699;4290379.833552699;4290379.833552699;4290379.833552699;4290379.833552699;4290379.833552699;4290379.833552699;4290379.833552699;4290379.833552699;4290379.833552699;4266910.688215274;4212149.34909462;4157388.009973964;4102626.6708533093;4047865.331732654;3993103.9926119987;3938342.6534913434;3883581.3143706885;3828819.9752500337;3774058.6361293783;3719297.297008723;3664535.9578880677;3609774.618767413;3555013.279646757;3515898.037417719;3515898.037417719;3515898.037417719;3515898.037417719;3515898.037417719;3515898.037417719;3515898.037417719;3515898.037417719;3515898.037417719;3515898.037417719;3515898.037417719;3515898.037417719;3515898.037417719;3515898.037417719;3515898.037417719;3515898.037417719;3515898.037417719;3515898.037417719;3515898.037417719;3515898.037417719;3515898.037417719;3515898.037417719;3515898.037417719;3515898.037417719;3515898.037417719;3515898.037417719;3515898.037417719;3515898.037417719;3515898.037417719
GRASP;38;6636414.480323373;6605977.69208796;6575540.9038525475;6545104.115617135;6514667.327381722;6484230.53914631;6453793.750910897;6423356.962675484;6392920.174440071;6362483.386204658;6332046.597969245;6301609.809733832;6271173.021498419;6240736.233263006;6210299.4450275935;6179862.656792182;6149425.868556769;6118989.080321356;6088552.292085943;6058115.50385053;6026935.036070121;5992779.85010973;5958624.664149337;5924469.478188946;5890314.292228554;5856159.106268162;5822003.92030777;5787848.734347378;5753693.548386986;5719538.362426595;5685383.176466202;5651227.990505811;5617072.804545419;5582917.618585027;5548762.432624635;5514607.246664243;5480452.060703851;5446296.87474346;5412141.688783068;5377986.502822676;5335894.816335978;5281898.379059821;5227901.941783665;5173905.504507508;5119909.0672313515;5065912.629955195;5011916.192679038;4957919.755402882;4903923.318126726;4849926.880850569;4795930.443574413;4741934.006298255;4687937.5690220995;4633941.131745943;4579944.694469786;4525948.25719363;4471951.819917473;4417955.382641316;4363958.94536516;4309962.508089003;4268602.1251431685;4235665.778417549;4202729.43169193;4169793.08496631;4136856.7382406904;4103920.391515071;4070984.044789451;4038047.698063832;4005111.3513382124;3972175.004612593;3939238.657886973;3906302.3111613537;3873365.9644357343;3840429.6177101145;3807493.270984495;3774556.924258875;3741620.577533256;3708684.2308076364;3675747.8840820165;3642811.537356397;3628988.3118806337;3619943.366717334;3610898.421554034;3601853.4763907343;3592808.5312274345;3583763.5860641347;3574718.6409008354;3565673.6957375356;3556628.750574236;3547583.805410936;3538538.860247636;3529493.915084337;3520448.969921037;3511404.0247577373;3502359.0795944375;3493314.1344311377;3484269.189267838;3475224.244104538;3466179.298941239;3457134.353777939
GRASP;39;4701211.527885896;4641753.917568576;4582296.307251256;4522838.696933935;4463381.086616616;4403923.476299295;4344465.865981976;4285008.255664655;4225550.645347334;4166093.035030015;4106635.4247126943;4047177.814395374;3987720.204078054;3928262.593760734;3868804.983443414;3809347.3731260938;3749889.7628087737;3720160.9576501134;3720160.9576501134;3720160.9576501134;3720160.9576501134;3720160.9576501134;3720160.9576501134;3720160.9576501134;3720160.9576501134;3720160.9576501134;3720160.9576501134;3720160.9576501134;3720160.9576501134;3720160.9576501134;3720160.9576501134;3720160.9576501134;3720160.9576501134;3720160.9576501134;3720160.9576501134;3720160.9576501134;3720160.9576501134;3720160.9576501134;3720160.9576501134;3720160.9576501134;3720160.9576501134;3720160.9576501134;3720160.9576501134;3720160.9576501134;3720160.9576501134;3720160.9576501134;3720160.9576501134;3720160.9576501134;3720160.9576501134;3720160.9576501134;3716143.0428676624;3708107.21330276;3700071.3837378575;3692035.554172955;3683999.724608053;3675963.8950431505;3667928.065478248;3659892.2359133456;3651856.4063484436;3643820.576783541;3635784.7472186387;3627748.917653736;3619713.088088834;3611677.2585239317;3603641.4289590293;3595605.5993941273;3587569.769829225;3587569.769829225;3587569.769829225;3587569.769829225;3587569.769829225;3587569.769829225;3587569.769829225;3587569.769829225;3587569.769829225;3587569.769829225;3587569.769829225;3587569.769829225;3587569.769829225;3587569.769829225;3587569.769829225;3587569.769829225;3587569.769829225;3587569.769829225;3587569.769829225;3587569.769829225;3587569.769829225;3587569.769829225;3587569.769829225;3587569.769829225;3587569.769829225;3587569.769829225;3587569.769829225;3587569.769829225;3587569.769829225;3587569.769829225;3587569.769829225;3587569.769829225;3587569.769829225;3587569.769829225
GRASP;40;4783935.7671129955;4783935.7671129955;4783935.7671129955;4783935.7671129955;4783935.7671129955;4783935.7671129955;4783935.7671129955;4783935.7671129955;4783935.7671129955;4783935.7671129955;4749931.545367207;4715927.323621419;4681923.101875632;4647918.880129844;4613914.658384056;4579910.436638268;4545906.2148924805;4511901.993146692;4477897.771400904;4477897.771400904;4477897.771400904;4477897.771400904;4477897.771400904;4477897.771400904;4477897.771400904;4477897.771400904;4477897.771400904;4477897.771400904;4477897.771400904;4477897.771400904;4477897.771400904;4477897.771400904;4477897.771400904;4477897.771400904;4477897.771400904;4477897.771400904;4477897.771400904;4467277.317283582;4456656.863166259;4446036.409048936;4435415.954931614;4424795.500814291;4414175.046696968;4403554.592579646;4392934.138462323;4382313.684345;4325128.805584435;4267943.926823869;4210759.048063304;4153574.169302739;4096389.2905421737;4039204.411781608;3982019.533021043;3924834.654260478;3867649.775499913;3867649.775499913;3867649.775499913;3867649.775499913;3867649.775499913;3867649.775499913;3867649.775499913;3867649.775499913;3867649.775499913;3867649.775499913;3867649.775499913;3867649.775499913;3867649.775499913;3867649.775499913;3867649.775499913;3867649.775499913;3867649.775499913;3867649.775499913;3867649.775499913;3867649.775499913;3867649.775499913;3867649.775499913;3867649.775499913;3867649.775499913;3867649.775499913;3867649.775499913;3867649.775499913;3867649.775499913;3867649.775499913;3867649.775499913;3867649.775499913;3867649.775499913;3867649.775499913;3867649.775499913;3867649.775499913;3867649.775499913;3867649.775499913;3867649.775499913;3867649.775499913;3867649.775499913;3867649.775499913;3867649.775499913;3867649.775499913;3867649.775499913;3867649.775499913;3867649.775499913
GRASP;41;5185530.445611779;5185373.035783907;5185215.625956036;5185058.216128165;5184900.806300294;5184743.396472422;5184585.98664455;5184428.576816679;5184271.166988808;5184113.7571609365;5183956.347333065;5183798.937505194;5132012.090035097;5080225.2425649995;5028438.395094902;4976651.547624805;4924864.700154707;4873077.85268461;4821291.005214512;4769504.157744415;4717717.310274318;4665930.462804221;4614143.615334123;4605926.170802067;4597708.726270012;4589491.281737955;4581273.837205899;4573056.392673844;4564838.948141787;4556621.503609732;4548404.059077675;4540186.614545619;4531969.170013564;4523751.725481507;4523751.725481507;4523751.725481507;4523751.725481507;4523751.725481507;4523751.725481507;4523751.725481507;4523751.725481507;4523751.725481507;4523751.725481507;4523751.725481507;4523751.725481507;4523751.725481507;4523751.725481507;4523751.725481507;4523751.725481507;4523751.725481507;4523751.725481507;4523751.725481507;4523751.725481507;4523751.725481507;4523751.725481507;4523751.725481507;4523751.725481507;4523751.725481507;4523751.725481507;4523751.725481507;4523751.725481507;4523751.725481507;4523751.725481507;4523751.725481507;4523751.725481507;4523751.725481507;4523751.725481507;4491209.370925645;4458667.016369783;4426124.661813922;4393582.30725806;4361039.952702198;4328497.598146337;4295955.243590475;4263412.889034613;4230870.534478752;4198328.17992289;4165785.8253670284;4143453.631439365;4121121.437511701;4098789.2435840378;4076457.049656374;4054124.85572871;4031792.6618010467;4009460.4678733833;3987128.2739457195;3964796.080018056;3942463.8860903922;3920131.692162729;3920131.692162729;3920131.692162729;3920131.692162729;3920131.692162729;3920131.692162729;3920131.692162729;3920131.692162729;3920131.692162729;3920131.692162729;3920131.692162729;3920131.692162729
GRASP;42;3440405.078023132;3440405.078023132;3440405.078023132;3440405.078023132;3440405.078023132;3440405.078023132;3440405.078023132;3440405.078023132;3440405.078023132;3440405.078023132;3440405.078023132;3440405.078023132;3440405.078023132;3440405.078023132;3440405.078023132;3440405.078023132;3440405.078023132;3440405.078023132;3440405.078023132;3440405.078023132;3440405.078023132;3440405.078023132;3440405.078023132;3440405.078023132;3440405.078023132;3440405.078023132;3440405.078023132;3440405.078023132;3440405.078023132;3440405.078023132;3440405.078023132;3440405.078023132;3440405.078023132;3440405.078023132;3440405.078023132;3440405.078023132;3440405.078023132;3440405.078023132;3440405.078023132;3440405.078023132;3440405.078023132;3440405.078023132;3440405.078023132;3440405.078023132;3440405.078023132;3440405.078023132;3440405.078023132;3440405.078023132;3440405.078023132;3440405.078023132;3440405.078023132;3440405.078023132;3440405.078023132;3440405.078023132;3440405.078023132;3440405.078023132;3440405.078023132;3440405.078023132;3440405.078023132;3440405.078023132;3440405.078023132;3440405.078023132;3440405.078023132;3440405.078023132;3440405.078023132;3440405.078023132;3440405.078023132;3440405.078023132;3440405.078023132;3440405.078023132;3440405.078023132;3440405.078023132;3440405.078023132;3440405.078023132;3440405.078023132;3440405.078023132;3440405.078023132;3440405.078023132;3440405.078023132;3440405.078023132;3440405.078023132;3440405.078023132;3440405.078023132;3440405.078023132;3440405.078023132;3440405.078023132;3440405.078023132;3440405.078023132;3440405.078023132;3440405.078023132;3440405.078023132;3440405.078023132;3440405.078023132;3440405.078023132;3440405.078023132;3440405.078023132;3440405.078023132;3440405.078023132;3440405.078023132;3440405.078023132
GRASP;43;4327229.034550466;4302738.690497362;4278248.3464442585;4253758.002391155;4229267.658338051;4204777.314284948;4180286.970231844;4155796.6261787405;4131306.282125637;4106815.9380725333;4082325.5940194298;4057835.249966326;4033344.9059132226;4008854.561860119;3984364.2178070154;3959873.873753912;3935383.529700808;3910893.1856477046;3886402.841594601;3861912.4975414975;3837422.153488394;3812931.8094352903;3788441.4653821867;3763951.121329083;3739460.7772759795;3714970.433222876;3690480.0891697723;3665989.7451166688;3641499.401063565;3617009.0570104616;3592518.712957358;3568028.3689042544;3543538.024851151;3519047.680798047;3494557.3367449436;3470066.99269184;3445576.648638737;3421086.3045856333;3396595.9605325293;3372105.6164794257;3347615.272426322;3323124.9283732185;3298634.5843201154;3274144.240267012;3249653.8962139077;3225163.552160804;3200673.2081077006;3176182.864054597;3151692.520001494;3127202.1759483903;3114957.0039218385;3114957.0039218385;3114957.0039218385;3114957.0039218385;3114957.0039218385;3114957.0039218385;3114957.0039218385;3114957.0039218385;3114957.0039218385;3114957.0039218385;3114957.0039218385;3114957.0039218385;3114957.0039218385;3114957.0039218385;3114957.0039218385;3114957.0039218385;3114957.0039218385;3114957.0039218385;3114957.0039218385;3114957.0039218385;3114957.0039218385;3114957.0039218385;3114957.0039218385;3114957.0039218385;3114957.0039218385;3114957.0039218385;3114957.0039218385;3114957.0039218385;3114957.0039218385;3114957.0039218385;3114957.0039218385;3114957.0039218385;3114957.0039218385;3114957.0039218385;3114957.0039218385;3114957.0039218385;3114957.0039218385;3114957.0039218385;3114957.0039218385;3114957.0039218385;3114957.0039218385;3114957.0039218385;3114957.0039218385;3114957.0039218385;3114957.0039218385;3114957.0039218385;3114957.0039218385;3114957.0039218385;3114957.0039218385;3114957.0039218385
GRASP;44;4180696.3209404564;4166634.1876045256;4152572.0542685953;4138509.9209326645;4124447.787596734;4110385.6542608035;4096323.5209248727;4082261.387588942;4068199.2542530117;4054137.120917081;4040074.98758115;4026012.85424522;4011950.720909289;3997888.5875733583;3983826.454237428;3969764.3209014973;3955702.1875655665;3940003.65602575;3922668.726282048;3905333.7965383455;3887998.8667946435;3870663.937050941;3853329.007307239;3835994.0775635364;3818659.1478198343;3801324.218076132;3783989.2883324297;3766654.358588727;3749319.4288450247;3731984.4991013226;3714649.5693576206;3697314.639613918;3679979.7098702155;3662644.7801265134;3662644.7801265134;3662644.7801265134;3662644.7801265134;3662644.7801265134;3662644.7801265134;3662644.7801265134;3662644.7801265134;3662644.7801265134;3662644.7801265134;3662644.7801265134;3662644.7801265134;3662644.7801265134;3662644.7801265134;3662644.7801265134;3662644.7801265134;3662644.7801265134;3662644.7801265134;3662644.7801265134;3662644.7801265134;3662644.7801265134;3662644.7801265134;3662644.7801265134;3662644.7801265134;3662644.7801265134;3662644.7801265134;3662644.7801265134;3662644.7801265134;3662644.7801265134;3662644.7801265134;3662644.7801265134;3662644.7801265134;3662644.7801265134;3662644.7801265134;3662644.7801265134;3662644.7801265134;3662644.7801265134;3662644.7801265134;3662644.7801265134;3662644.7801265134;3662644.7801265134;3662644.7801265134;3662644.7801265134;3662644.7801265134;3662644.7801265134;3662644.7801265134;3662644.7801265134;3662644.7801265134;3662644.7801265134;3662644.7801265134;3651747.773187719;3629953.759310131;3608159.745432542;3586365.7315549543;3564571.717677366;3542777.7037997777;3520983.6899221893;3499189.676044601;3477395.6621670127;3455601.6482894244;3433807.634411836;3412013.6205342477;3390219.6066566594;3368425.5927790715;3346631.5789014827;3324837.565023895;3303043.5511463066
GRASP;45;4701805.705043731;4701805.705043731;4701805.705043731;4701805.705043731;4701805.705043731;4701805.705043731;4701805.705043731;4701805.705043731;4701805.705043731;4701805.705043731;4701805.705043731;4701805.705043731;4701805.705043731;4701805.705043731;4701805.705043731;4701805.705043731;4701805.705043731;4701805.705043731;4701805.705043731;4701805.705043731;4701805.705043731;4701805.705043731;4701805.705043731;4701805.705043731;4701805.705043731;4701805.705043731;4701805.705043731;4701805.705043731;4701805.705043731;4701805.705043731;4701805.705043731;4701805.705043731;4701805.705043731;4701805.705043731;4701805.705043731;4701805.705043731;4701805.705043731;4701805.705043731;4701805.705043731;4701805.705043731;4701805.705043731;4701805.705043731;4701805.705043731;4701805.705043731;4701805.705043731;4683843.154109851;4665880.603175973;4647918.052242093;4629955.501308213;4611992.950374334;4594030.399440454;4576067.8485065745;4558105.297572696;4540142.746638816;4522180.195704937;4504217.644771057;4469921.773418319;4435625.902065582;4401330.030712845;4367034.159360107;4332738.288007369;4298442.4166546315;4264146.545301894;4229850.673949156;4195554.802596419;4161258.9312436813;4126963.059890944;4118809.9600622337;4110656.8602335234;4102503.7604048136;4094350.6605761033;4086197.560747393;4078044.4609186826;4069891.361089973;4061738.2612612625;4053585.161432552;4045432.061603842;4037278.961775132;4031803.929837979;4026328.8979008263;4020853.8659636737;4015378.8340265206;4009903.802089368;4004428.7701522154;3998953.7382150623;3993478.7062779097;3988003.674340757;3982528.642403604;3977053.610466451;3918433.372366336;3859813.134266222;3801192.8961661076;3742572.658065993;3683952.4199658786;3625332.181865764;3566711.9437656496;3508091.7056655358;3449471.467565421;3390851.2294653067;3332230.9913651925
GRASP;46;4971928.202297094;4946384.253787439;4920840.305277784;4895296.356768129;4869752.408258474;4844208.4597488195;4818664.511239164;4793120.562729509;4767576.614219854;4742032.665710199;4714931.585074234;4673816.31530148;4632701.045528726;4591585.775755972;4550470.505983218;4509355.236210464;4468239.966437709;4427124.696664955;4386009.4268922005;4344894.157119446;4312001.941301243;4312001.941301243;4312001.941301243;4312001.941301243;4312001.941301243;4312001.941301243;4312001.941301243;4312001.941301243;4312001.941301243;4312001.941301243;4312001.941301243;4312001.941301243;4312001.941301243;4312001.941301243;4312001.941301243;4312001.941301243;4312001.941301243;4312001.941301243;4312001.941301243;4312001.941301243;4312001.941301243;4312001.941301243;4312001.941301243;4312001.941301243;4312001.941301243;4312001.941301243;4312001.941301243;4312001.941301243;4312001.941301243;4312001.941301243;4301332.425971635;4279993.395312418;4258654.364653202;4237315.333993985;4215976.303334768;4194637.2726755515;4173298.2420163346;4151959.211357118;4130620.180697901;4109281.1500386847;4100745.5377749978;4100745.5377749978;4100745.5377749978;4100745.5377749978;4100745.5377749978;4100745.5377749978;4100745.5377749978;4100745.5377749978;4100745.5377749978;4100745.5377749978;4100745.5377749978;4100745.5377749978;4100745.5377749978;4100745.5377749978;4100745.5377749978;4100745.5377749978;4100745.5377749978;4100745.5377749978;4100745.5377749978;4100745.5377749978;4100745.5377749978;4100745.5377749978;4100745.5377749978;4100745.5377749978;4100745.5377749978;4100745.5377749978;4100745.5377749978;4100745.5377749978;4100745.5377749978;4100745.5377749978;4037368.59812403;3966949.7762896223;3896530.9544552136;3826112.132620806;3755693.310786397;3685274.4889519894;3614855.6671175817;3544436.845283173;3474018.0234487653;3403599.2016143575
GRASP;47;4200927.957722921;4172761.4103966183;4144594.8630703157;4116428.315744013;4088261.7684177104;4060095.2210914074;4031928.6737651047;4003762.126438802;3975595.5791124995;3947429.031786197;3919262.4844598942;3891095.9371335916;3862929.389807289;3834762.8424809864;3806596.2951546838;3778429.747828381;3750263.200502078;3736179.926838927;3736179.926838927;3736179.926838927;3736179.926838927;3736179.926838927;3736179.926838927;3736179.926838927;3736179.926838927;3736179.926838927;3736179.926838927;3736179.926838927;3736179.926838927;3736179.926838927;3736179.926838927;3736179.926838927;3736179.926838927;3736179.926838927;3736179.926838927;3736179.926838927;3736179.926838927;3736179.926838927;3736179.926838927;3736179.926838927;3736179.926838927;3736179.926838927;3736179.926838927;3736179.926838927;3736179.926838927;3736179.926838927;3736179.926838927;3736179.926838927;3736179.926838927;3736179.926838927;3727588.1071391394;3710404.467739564;3693220.828339989;3676037.1889404138;3658853.549540838;3641669.910141263;3624486.270741688;3607302.631342113;3590118.9919425375;3572935.3525429624;3555751.7131433873;3538568.073743812;3521384.4343442367;3504200.794944661;3487017.155545086;3469833.516145511;3452649.876745936;3452649.876745936;3452649.876745936;3452649.876745936;3452649.876745936;3452649.876745936;3452649.876745936;3452649.876745936;3452649.876745936;3452649.876745936;3452649.876745936;3452649.876745936;3452649.876745936;3452649.876745936;3452649.876745936;3452649.876745936;3452649.876745936;3452649.876745936;3452649.876745936;3452649.876745936;3452649.876745936;3452649.876745936;3452649.876745936;3452649.876745936;3452649.876745936;3452649.876745936;3452649.876745936;3452649.876745936;3452649.876745936;3452649.876745936;3452649.876745936;3452649.876745936;3452649.876745936;3452649.876745936
GRASP;48;4943925.712351849;4888200.191388574;4832474.6704253;4776749.149462025;4721023.628498749;4665298.107535474;4609572.586572199;4553847.065608924;4498121.544645649;4442396.0236823745;4386670.5027191;4330944.981755825;4275219.460792549;4254322.390431321;4254322.390431321;4254322.390431321;4254322.390431321;4254322.390431321;4254322.390431321;4254322.390431321;4254322.390431321;4254322.390431321;4254322.390431321;4254322.390431321;4254322.390431321;4253597.0263404185;4250695.569976809;4247794.113613199;4244892.657249589;4241991.200885979;4239089.74452237;4236188.28815876;4233286.83179515;4230385.375431541;4227483.919067931;4224582.462704321;4221681.006340712;4218779.549977102;4218416.867931651;4218416.867931651;4218416.867931651;4218416.867931651;4218416.867931651;4218416.867931651;4218416.867931651;4218416.867931651;4218416.867931651;4218416.867931651;4218416.867931651;4218416.867931651;4218416.867931651;4218416.867931651;4218416.867931651;4218416.867931651;4218416.867931651;4218416.867931651;4218416.867931651;4218416.867931651;4218416.867931651;4218416.867931651;4218416.867931651;4218416.867931651;4214123.802417512;4179779.2783044046;4145434.754191297;4111090.2300781896;4076745.7059650817;4042401.181851974;4008056.6577388663;3973712.133625759;3939367.609512651;3905023.0853995434;3870678.561286436;3836334.037173328;3801989.5130602205;3744328.5113608735;3678895.350466115;3613462.189571356;3548029.0286765965;3482595.8677818375;3417162.706887078;3351729.5459923195;3286296.3850975595;3220863.224202801;3155430.063308042;3089996.9024132825;3024563.7415185235;2983668.0159592996;2983668.0159592996;2983668.0159592996;2983668.0159592996;2983668.0159592996;2983668.0159592996;2983668.0159592996;2983668.0159592996;2983668.0159592996;2983668.0159592996;2983668.0159592996;2983668.0159592996;2983668.0159592996
GRASP;49;5268651.049316888;5237375.660170029;5206100.271023171;5174824.881876312;5143549.492729454;5112274.1035825955;5080998.714435738;5049723.325288879;5018447.936142021;4987172.546995162;4955897.157848304;4924621.768701445;4893346.379554587;4881618.108624515;4881618.108624515;4881618.108624515;4881618.108624515;4881618.108624515;4881618.108624515;4881618.108624515;4881618.108624515;4881618.108624515;4881618.108624515;4881618.108624515;4881618.108624515;4881618.108624515;4881618.108624515;4881618.108624515;4881618.108624515;4881618.108624515;4881618.108624515;4881618.108624515;4881618.108624515;4881618.108624515;4881618.108624515;4881618.108624515;4881618.108624515;4881618.108624515;4796441.230629495;4699096.227206617;4601751.223783737;4504406.220360857;4407061.216937979;4309716.2135151;4212371.21009222;4115026.2066693413;4017681.203246462;3920336.1998235825;3822991.196400704;3725646.1929778247;3667593.4728492694;3648833.036015038;3630072.599180806;3611312.1623465745;3592551.725512343;3573791.288678111;3555030.8518438796;3536270.4150096476;3517509.978175416;3498749.5413411846;3479989.1045069527;3461228.667672721;3444813.2854427686;3444813.2854427686;3444813.2854427686;3444813.2854427686;3444813.2854427686;3444813.2854427686;3444813.2854427686;3444813.2854427686;3444813.2854427686;3444813.2854427686;3444813.2854427686;3444813.2854427686;3444813.2854427686;3444813.2854427686;3444813.2854427686;3444813.2854427686;3444813.2854427686;3444813.2854427686;3444813.2854427686;3444813.2854427686;3444813.2854427686;3444813.2854427686;3444813.2854427686;3444813.2854427686;3444813.2854427686;3444813.2854427686;3444813.2854427686;3444813.2854427686;3444813.2854427686;3444813.2854427686;3444813.2854427686;3444813.2854427686;3444813.2854427686;3444813.2854427686;3444813.2854427686;3444813.2854427686;3444813.2854427686;3444813.2854427686
GRASP;50;3684352.781798057;3673374.3563490505;3662395.9309000443;3651417.505451038;3640439.0800020313;3629460.654553025;3618482.229104019;3607503.8036550125;3596525.3782060063;3585546.952757;3574568.5273079937;3563590.1018589875;3552611.676409981;3541633.2509609745;3530654.825511968;3519676.400062962;3508697.9746139557;3497719.5491649495;3486741.123715943;3475762.698266937;3464784.27281793;3453805.847368924;3442827.4219199177;3431848.9964709114;3420870.571021905;3409892.145572899;3398913.7201238927;3387935.2946748864;3376956.86922588;3365978.443776874;3355000.018327867;3344021.592878861;3333043.1674298546;3322064.7419808484;3322064.7419808484;3322064.7419808484;3322064.7419808484;3322064.7419808484;3322064.7419808484;3322064.7419808484;3322064.7419808484;3322064.7419808484;3322064.7419808484;3322064.7419808484;3322064.7419808484;3322064.7419808484;3322064.7419808484;3322064.7419808484;3322064.7419808484;3322064.7419808484;3322064.7419808484;3322064.7419808484;3322064.7419808484;3322064.7419808484;3322064.7419808484;3322064.7419808484;3322064.7419808484;3322064.7419808484;3322064.7419808484;3322064.7419808484;3322064.7419808484;3322064.7419808484;3322064.7419808484;3322064.7419808484;3322064.7419808484;3322064.7419808484;3322064.7419808484;3322064.7419808484;3322064.7419808484;3322064.7419808484;3322064.7419808484;3322064.7419808484;3322064.7419808484;3322064.7419808484;3322064.7419808484;3322064.7419808484;3322064.7419808484;3322064.7419808484;3322064.7419808484;3322064.7419808484;3322064.7419808484;3322064.7419808484;3322064.7419808484;3322064.7419808484;3322064.7419808484;3322064.7419808484;3322064.7419808484;3322064.7419808484;3322064.7419808484;3322064.7419808484;3322064.7419808484;3322064.7419808484;3322064.7419808484;3322064.7419808484;3322064.7419808484;3322064.7419808484;3322064.7419808484;3322064.7419808484;3322064.7419808484;3322064.7419808484
