iteration;totalMonetaryCost;totalPathCost;totalTimeCost;totalWeatherExtraTime;totalWeatherSafetyRiskKm;totalWeatherCost;totalShopCost;totalDepotCost;totalResourceCost;totalIncome;forgottenTaskCost;weight;time;unassigned_tasks;total_tasks;destroy;repair
constructshop:False depot:True weather:False;19667.648;555.611;3695.037;78.687;257.482;2303.34;0.0;3124.0;15417.0;32756.906;6058.236;-7031.022;21.164;19;128;[1.0, 1.0, 1.0, 1.0, 1.0];[1.0, 1.0, 1.0]
0;19667.648;555.611;3695.037;78.687;257.482;2303.34;0.0;3124.0;15417.0;32756.906;6058.236;-7031.022;9.299;19;128;[1.0, 1.0, 1.0, 1.0, 1.0];[1.0, 1.0, 1.0]
1;19643.543;545.894;3662.648;81.514;250.369;2369.725;0.0;3027.0;15435.0;32756.906;6058.236;-7055.127;10.79;19;128;[1.0, 1.0, 1.3, 1.0, 1.0];[1.3, 1.0, 1.0]
2;19137.273;539.832;3642.441;79.68;244.429;2316.113;0.0;3027.0;14955.0;32756.906;6058.236;-7561.397;17.332;19;128;[1.0, 1.0, 1.3, 1.0, 1.3];[1.57, 1.0, 1.0]
3;19126.119;537.489;3634.63;76.728;241.855;2236.776;0.0;2948.0;14954.0;32756.906;6058.236;-7572.551;5.986;19;128;[1.0, 1.0, 1.3, 1.3, 1.3];[1.57, 1.3, 1.0]
4;19045.886;532.82;3619.066;76.728;241.162;2236.084;0.0;2948.0;14894.0;32756.906;6058.236;-7652.784;1.41;19;128;[1.0, 1.3, 1.3, 1.3, 1.3];[1.57, 1.3, 1.3]
5;19042.427;532.022;3616.406;77.3;241.814;2251.603;0.0;2948.0;14894.0;32756.906;6058.236;-7656.243;1.784;19;128;[1.0, 1.57, 1.3, 1.3, 1.3];[1.57, 1.3, 1.57]
6;18990.934;533.985;3622.949;75.705;241.87;2210.203;0.0;2948.0;14834.0;32756.906;6058.236;-7707.736;1.929;19;128;[1.0, 1.813, 1.3, 1.3, 1.3];[1.57, 1.57, 1.57]
7;18962.045;527.318;3600.727;68.253;234.082;2008.656;0.0;2948.0;14834.0;32756.906;6058.236;-7736.625;7.836;19;128;[1.0, 1.813, 1.57, 1.3, 1.3];[1.57, 1.813, 1.57]
8;18962.045;527.318;3600.727;68.253;234.082;2008.656;0.0;2948.0;14834.0;32756.906;6058.236;-7736.625;7.599;19;128;[1.0, 1.813, 1.57, 1.3, 1.3];[1.57, 1.732, 1.57]
9;18947.159;496.652;3498.507;70.175;222.62;2047.166;0.0;2929.0;14952.0;32756.906;6058.236;-7751.511;8.075;19;128;[1.0, 1.813, 1.813, 1.3, 1.3];[1.57, 1.959, 1.57]
10;18937.925;508.367;3537.558;86.869;239.325;2497.929;0.0;2870.0;14892.0;32756.906;6058.236;-7760.745;22.557;19;128;[1.0, 1.813, 1.813, 1.3, 1.57];[1.57, 2.163, 1.57]
11;18829.267;510.985;3546.282;86.869;239.898;2498.502;0.0;2752.0;14772.0;32756.906;6058.236;-7869.403;10.247;19;128;[1.3, 1.813, 1.813, 1.3, 1.57];[1.57, 2.347, 1.57]
12;18829.267;510.985;3546.282;86.869;239.898;2498.502;0.0;2752.0;14772.0;32756.906;6058.236;-7869.403;3.813;19;128;[1.3, 1.813, 1.813, 1.27, 1.57];[1.57, 2.347, 1.513]
13;18829.267;510.985;3546.282;86.869;239.898;2498.502;0.0;2752.0;14772.0;32756.906;6058.236;-7869.403;12.642;19;128;[1.3, 1.732, 1.813, 1.27, 1.57];[1.57, 2.212, 1.513]
14;18829.267;510.985;3546.282;86.869;239.898;2498.502;0.0;2752.0;14772.0;32756.906;6058.236;-7869.403;8.069;19;128;[1.3, 1.732, 1.813, 1.443, 1.57];[1.57, 2.291, 1.513]
15;18829.267;510.985;3546.282;86.869;239.898;2498.502;0.0;2752.0;14772.0;32756.906;6058.236;-7869.403;5.002;19;128;[1.3, 1.732, 1.813, 1.443, 1.513];[1.57, 2.291, 1.462]
16;18829.267;510.985;3546.282;86.869;239.898;2498.502;0.0;2752.0;14772.0;32756.906;6058.236;-7869.403;8.075;19;128;[1.3, 1.732, 1.813, 1.399, 1.513];[1.57, 2.162, 1.462]
17;18829.267;510.985;3546.282;86.869;239.898;2498.502;0.0;2752.0;14772.0;32756.906;6058.236;-7869.403;2.322;19;128;[1.3, 1.859, 1.813, 1.399, 1.513];[1.57, 2.246, 1.462]
18;18829.267;510.985;3546.282;86.869;239.898;2498.502;0.0;2752.0;14772.0;32756.906;6058.236;-7869.403;8.613;19;128;[1.3, 1.859, 1.932, 1.399, 1.513];[1.57, 2.321, 1.462]
19;18829.267;510.985;3546.282;86.869;239.898;2498.502;0.0;2752.0;14772.0;32756.906;6058.236;-7869.403;6.931;19;128;[1.3, 1.859, 1.932, 1.559, 1.513];[1.57, 2.389, 1.462]
20;18787.826;524.498;3591.328;83.092;242.082;2402.467;0.0;2673.0;14672.0;32756.906;6058.236;-7910.844;4.377;19;128;[1.3, 2.073, 1.932, 1.559, 1.513];[1.57, 2.55, 1.462]
21;18550.452;502.027;3516.425;84.013;231.796;2416.138;0.0;2534.0;14532.0;32756.906;6058.236;-8148.217;10.858;19;128;[1.3, 2.073, 2.139, 1.559, 1.513];[1.57, 2.695, 1.462]
22;18550.452;502.027;3516.425;84.013;231.796;2416.138;0.0;2534.0;14532.0;32756.906;6058.236;-8148.217;8.548;19;128;[1.3, 2.073, 2.025, 1.559, 1.513];[1.57, 2.526, 1.462]
23;18545.128;500.799;3512.329;89.165;233.897;2552.187;0.0;2534.0;14532.0;32756.906;6058.236;-8153.542;7.097;19;128;[1.3, 2.073, 2.223, 1.559, 1.513];[1.813, 2.526, 1.462]
24;18465.329;491.614;3481.715;83.428;226.918;2396.035;0.0;2495.0;14492.0;32756.906;6058.236;-8233.34;7.815;19;128;[1.57, 2.073, 2.223, 1.559, 1.513];[2.032, 2.526, 1.462]
25;18465.329;491.614;3481.715;83.428;226.918;2396.035;0.0;2495.0;14492.0;32756.906;6058.236;-8233.34;3.167;19;128;[1.57, 1.966, 2.223, 1.559, 1.513];[1.929, 2.526, 1.462]
26;18314.464;489.338;3474.126;82.842;226.757;2380.655;0.0;2495.0;14351.0;32756.906;6058.236;-8384.206;4.47;19;128;[1.57, 2.169, 2.223, 1.559, 1.513];[2.136, 2.526, 1.462]
27;18307.444;487.718;3468.726;78.163;224.955;2257.193;0.0;2495.0;14351.0;32756.906;6058.236;-8391.226;19.583;19;128;[1.57, 2.169, 2.223, 1.559, 1.762];[2.136, 2.673, 1.462]
28;18288.431;483.33;3454.101;79.859;224.03;2300.356;0.0;2495.0;14351.0;32756.906;6058.236;-8410.239;2.338;19;128;[1.57, 2.352, 2.223, 1.559, 1.762];[2.322, 2.673, 1.462]
29;18251.849;474.888;3425.961;80.25;220.868;2307.356;0.0;2495.0;14351.0;32756.906;6058.236;-8446.821;7.412;19;128;[1.813, 2.352, 2.223, 1.559, 1.762];[2.322, 2.806, 1.462]
30;18251.849;474.888;3425.961;80.25;220.868;2307.356;0.0;2495.0;14351.0;32756.906;6058.236;-8446.821;3.236;19;128;[1.813, 2.217, 2.223, 1.559, 1.762];[2.322, 2.806, 1.416]
31;18251.849;474.888;3425.961;80.25;220.868;2307.356;0.0;2495.0;14351.0;32756.906;6058.236;-8446.821;4.043;19;128;[1.813, 2.217, 2.223, 1.559, 1.686];[2.322, 2.806, 1.374]
32;18251.849;474.888;3425.961;80.25;220.868;2307.356;0.0;2495.0;14351.0;32756.906;6058.236;-8446.821;18.107;19;128;[1.813, 2.217, 2.223, 1.559, 1.617];[2.19, 2.806, 1.374]
33;18174.188;456.736;3365.452;74.577;212.238;2151.244;0.0;2594.0;14352.0;32756.906;6058.236;-8524.482;7.015;19;128;[1.813, 2.217, 2.401, 1.559, 1.617];[2.371, 2.806, 1.374]
34;18024.79;445.336;3327.454;72.095;206.817;2081.278;0.0;2495.0;14252.0;32756.906;6058.236;-8673.88;7.301;19;128;[1.813, 2.217, 2.561, 1.559, 1.617];[2.371, 2.925, 1.374]
35;18009.281;441.757;3315.524;67.808;202.809;1965.825;0.0;2495.0;14252.0;32756.906;6058.236;-8689.389;16.588;19;128;[1.813, 2.217, 2.561, 1.559, 1.855];[2.371, 3.032, 1.374]
36;18009.281;441.757;3315.524;67.808;202.809;1965.825;0.0;2495.0;14252.0;32756.906;6058.236;-8689.389;3.299;19;128;[1.813, 2.217, 2.561, 1.503, 1.855];[2.371, 3.032, 1.337]
37;17912.857;437.967;3302.89;72.085;202.709;2076.92;0.0;2416.0;14172.0;32756.906;6058.236;-8785.813;5.881;19;128;[2.032, 2.217, 2.561, 1.503, 1.855];[2.534, 3.032, 1.337]
38;17905.653;436.305;3297.348;65.662;194.793;1902.009;0.0;2416.0;14172.0;32756.906;6058.236;-8793.017;16.896;19;128;[2.032, 2.217, 2.561, 1.503, 2.07];[2.534, 3.129, 1.337]
39;17905.653;436.305;3297.348;65.662;194.793;1902.009;0.0;2416.0;14172.0;32756.906;6058.236;-8793.017;1.308;19;128;[2.032, 2.295, 2.561, 1.503, 2.07];[2.534, 3.116, 1.337]
40;17905.653;436.305;3297.348;65.662;194.793;1902.009;0.0;2416.0;14172.0;32756.906;6058.236;-8793.017;5.049;19;128;[1.929, 2.295, 2.561, 1.503, 2.07];[2.534, 2.904, 1.337]
41;17905.653;436.305;3297.348;65.662;194.793;1902.009;0.0;2416.0;14172.0;32756.906;6058.236;-8793.017;3.976;19;128;[1.929, 2.295, 2.561, 1.503, 1.963];[2.534, 2.904, 1.303]
42;17905.653;436.305;3297.348;65.662;194.793;1902.009;0.0;2416.0;14172.0;32756.906;6058.236;-8793.017;5.928;19;128;[1.836, 2.295, 2.561, 1.503, 1.963];[2.381, 2.904, 1.303]
43;17905.653;436.305;3297.348;65.662;194.793;1902.009;0.0;2416.0;14172.0;32756.906;6058.236;-8793.017;14.293;19;128;[1.836, 2.295, 2.561, 1.503, 2.067];[2.381, 2.914, 1.303]
44;17905.653;436.305;3297.348;65.662;194.793;1902.009;0.0;2416.0;14172.0;32756.906;6058.236;-8793.017;7.004;19;128;[1.836, 2.295, 2.405, 1.503, 2.067];[2.381, 2.723, 1.303]
45;17905.653;436.305;3297.348;65.662;194.793;1902.009;0.0;2416.0;14172.0;32756.906;6058.236;-8793.017;4.385;19;128;[1.836, 2.295, 2.405, 1.453, 2.067];[2.243, 2.723, 1.303]
46;17905.653;436.305;3297.348;65.662;194.793;1902.009;0.0;2416.0;14172.0;32756.906;6058.236;-8793.017;6.201;19;128;[1.752, 2.295, 2.405, 1.453, 2.067];[2.243, 2.551, 1.303]
47;17905.653;436.305;3297.348;65.662;194.793;1902.009;0.0;2416.0;14172.0;32756.906;6058.236;-8793.017;2.937;19;128;[1.677, 2.295, 2.405, 1.453, 2.067];[2.243, 2.551, 1.273]
48;17905.653;436.305;3297.348;65.662;194.793;1902.009;0.0;2416.0;14172.0;32756.906;6058.236;-8793.017;7.168;19;128;[1.677, 2.295, 2.405, 1.408, 2.067];[2.243, 2.396, 1.273]
49;17905.653;436.305;3297.348;65.662;194.793;1902.009;0.0;2416.0;14172.0;32756.906;6058.236;-8793.017;2.544;19;128;[1.677, 2.295, 2.465, 1.408, 2.067];[2.243, 2.396, 1.446]
602constructshop:False depot:True weather:False;19797.598;541.215;3661.383;74.66;238.272;2179.431;0.0;3226.0;15595.0;33082.886;5732.256;-7553.032;21.638;18;128;[1.0, 1.0, 1.0, 1.0, 1.0];[1.0, 1.0, 1.0]
0;19688.471;516.032;3577.439;75.577;229.435;2194.434;0.0;3345.0;15595.0;33082.886;5732.256;-7662.159;1.848;18;128;[1.0, 1.3, 1.0, 1.0, 1.0];[1.0, 1.0, 1.3]
1;19688.471;516.032;3577.439;75.577;229.435;2194.434;0.0;3345.0;15595.0;33082.886;5732.256;-7662.159;3.655;18;128;[1.0, 1.3, 1.0, 1.0, 1.0];[1.0, 1.0, 1.27]
2;19688.471;516.032;3577.439;75.577;229.435;2194.434;0.0;3345.0;15595.0;33082.886;5732.256;-7662.159;0.76;18;128;[1.0, 1.47, 1.0, 1.0, 1.0];[1.0, 1.2, 1.27]
3;19688.471;516.032;3577.439;75.577;229.435;2194.434;0.0;3345.0;15595.0;33082.886;5732.256;-7662.159;8.09;18;128;[1.0, 1.47, 1.0, 1.0, 1.0];[1.0, 1.18, 1.27]
4;19688.471;516.032;3577.439;75.577;229.435;2194.434;0.0;3345.0;15595.0;33082.886;5732.256;-7662.159;8.076;18;128;[1.0, 1.47, 1.0, 1.2, 1.0];[1.2, 1.18, 1.27]
5;19638.751;536.865;3646.885;72.284;237.12;2116.496;0.0;3167.0;15455.0;33082.886;5732.256;-7711.879;14.769;18;128;[1.0, 1.47, 1.0, 1.2, 1.3];[1.48, 1.18, 1.27]
6;19638.751;536.865;3646.885;72.284;237.12;2116.496;0.0;3167.0;15455.0;33082.886;5732.256;-7711.879;6.006;18;128;[1.0, 1.47, 1.0, 1.18, 1.3];[1.432, 1.18, 1.27]
7;19509.891;539.436;3655.454;72.284;238.769;2118.144;0.0;3028.0;15315.0;33082.886;5732.256;-7840.739;5.264;18;128;[1.0, 1.47, 1.3, 1.18, 1.3];[1.689, 1.18, 1.27]
8;19467.797;529.953;3623.844;76.412;237.114;2223.825;0.0;2929.0;15314.0;33082.886;5732.256;-7882.833;8.238;18;128;[1.3, 1.47, 1.3, 1.18, 1.3];[1.689, 1.462, 1.27]
9;19467.797;529.953;3623.844;76.412;237.114;2223.825;0.0;2929.0;15314.0;33082.886;5732.256;-7882.833;14.947;18;128;[1.3, 1.47, 1.3, 1.18, 1.27];[1.62, 1.462, 1.27]
10;19460.796;528.338;3618.458;78.428;238.222;2277.347;0.0;2929.0;15314.0;33082.886;5732.256;-7889.834;6.24;18;128;[1.3, 1.47, 1.57, 1.18, 1.27];[1.858, 1.462, 1.27]
11;19321.962;528.607;3619.356;83.32;242.806;2409.13;0.0;2929.0;15174.0;33082.886;5732.256;-8028.668;3.149;18;128;[1.3, 1.723, 1.57, 1.18, 1.27];[2.072, 1.462, 1.27]
12;19231.81;526.264;3611.546;83.32;242.096;2408.42;0.0;2929.0;15094.0;33082.886;5732.256;-8118.82;1.847;18;128;[1.3, 1.951, 1.57, 1.18, 1.27];[2.072, 1.716, 1.27]
13;19231.81;526.264;3611.546;83.32;242.096;2408.42;0.0;2929.0;15094.0;33082.886;5732.256;-8118.82;1.998;18;128;[1.3, 2.056, 1.57, 1.18, 1.27];[2.072, 1.844, 1.27]
14;19221.553;528.281;3618.272;79.055;239.051;2294.471;0.0;3007.0;15075.0;33082.886;5732.256;-8129.077;2.355;18;128;[1.57, 2.056, 1.57, 1.18, 1.27];[2.072, 1.844, 1.543]
15;19221.553;528.281;3618.272;79.055;239.051;2294.471;0.0;3007.0;15075.0;33082.886;5732.256;-8129.077;2.151;18;128;[1.57, 1.95, 1.57, 1.18, 1.27];[2.072, 1.844, 1.489]
16;19221.553;528.281;3618.272;79.055;239.051;2294.471;0.0;3007.0;15075.0;33082.886;5732.256;-8129.077;6.438;18;128;[1.713, 1.95, 1.57, 1.18, 1.27];[2.165, 1.844, 1.489]
17;19151.471;499.416;3522.055;73.277;222.167;2127.373;0.0;2830.0;15130.0;33082.886;5732.256;-8199.158;7.38;18;128;[1.713, 1.95, 1.57, 1.462, 1.27];[2.349, 1.844, 1.489]
18;19151.471;499.416;3522.055;73.277;222.167;2127.373;0.0;2830.0;15130.0;33082.886;5732.256;-8199.158;6.491;19;128;[1.713, 1.95, 1.513, 1.462, 1.27];[2.214, 1.844, 1.489]
19;19151.471;499.416;3522.055;73.277;222.167;2127.373;0.0;2830.0;15130.0;33082.886;5732.256;-8199.158;2.195;19;128;[1.713, 1.95, 1.462, 1.462, 1.27];[2.214, 1.844, 1.44]
20;19151.471;499.416;3522.055;73.277;222.167;2127.373;0.0;2830.0;15130.0;33082.886;5732.256;-8199.158;6.607;19;128;[1.642, 1.95, 1.462, 1.462, 1.27];[2.093, 1.844, 1.44]
21;19151.471;499.416;3522.055;73.277;222.167;2127.373;0.0;2830.0;15130.0;33082.886;5732.256;-8199.158;2.106;19;128;[1.642, 2.055, 1.462, 1.462, 1.27];[2.093, 1.844, 1.596]
22;19151.471;499.416;3522.055;73.277;222.167;2127.373;0.0;2830.0;15130.0;33082.886;5732.256;-8199.158;3.385;19;128;[1.642, 2.055, 1.616, 1.462, 1.27];[2.093, 1.844, 1.736]
23;19151.471;499.416;3522.055;73.277;222.167;2127.373;0.0;2830.0;15130.0;33082.886;5732.256;-8199.158;5.845;19;128;[1.642, 2.055, 1.616, 1.416, 1.27];[1.984, 1.844, 1.736]
24;19151.471;499.416;3522.055;73.277;222.167;2127.373;0.0;2830.0;15130.0;33082.886;5732.256;-8199.158;2.844;19;128;[1.642, 2.055, 1.616, 1.416, 1.243];[1.984, 1.844, 1.662]
25;19151.471;499.416;3522.055;73.277;222.167;2127.373;0.0;2830.0;15130.0;33082.886;5732.256;-8199.158;5.296;19;128;[1.642, 2.055, 1.616, 1.416, 1.219];[1.984, 1.844, 1.596]
26;19151.471;499.416;3522.055;73.277;222.167;2127.373;0.0;2830.0;15130.0;33082.886;5732.256;-8199.158;15.637;19;128;[1.642, 2.055, 1.616, 1.416, 1.397];[2.086, 1.844, 1.596]
27;19151.471;499.416;3522.055;73.277;222.167;2127.373;0.0;2830.0;15130.0;33082.886;5732.256;-8199.158;7.182;19;128;[1.642, 2.055, 1.616, 1.574, 1.397];[2.177, 1.844, 1.596]
28;19151.471;499.416;3522.055;73.277;222.167;2127.373;0.0;2830.0;15130.0;33082.886;5732.256;-8199.158;6.111;19;128;[1.642, 2.055, 1.754, 1.574, 1.397];[2.259, 1.844, 1.596]
29;19151.471;499.416;3522.055;73.277;222.167;2127.373;0.0;2830.0;15130.0;33082.886;5732.256;-8199.158;2.914;19;128;[1.642, 2.055, 1.679, 1.574, 1.397];[2.259, 1.844, 1.536]
30;19151.471;499.416;3522.055;73.277;222.167;2127.373;0.0;2830.0;15130.0;33082.886;5732.256;-8199.158;3.571;18;128;[1.642, 2.15, 1.679, 1.574, 1.397];[2.259, 1.844, 1.682]
31;19080.324;481.075;3466.249;75.629;218.417;2184.77;0.0;2967.0;15133.0;33069.686;5745.456;-8243.906;8.017;18;128;[1.642, 2.335, 1.679, 1.574, 1.397];[2.433, 1.844, 1.682]
32;18977.561;489.668;3494.893;73.565;220.212;2132.899;0.0;2828.0;14993.0;33069.686;5745.456;-8346.669;2.772;18;128;[1.642, 2.502, 1.679, 1.574, 1.397];[2.433, 2.06, 1.682]
33;18960.623;485.99;3482.633;74.3;219.363;2151.174;0.0;2749.0;14992.0;33069.686;5745.456;-8363.607;10.904;18;128;[1.878, 2.502, 1.679, 1.574, 1.397];[2.59, 2.06, 1.682]
34;18960.623;485.99;3482.633;74.3;219.363;2151.174;0.0;2749.0;14992.0;33069.686;5745.456;-8363.607;3.152;18;128;[1.878, 2.502, 1.679, 1.517, 1.397];[2.59, 2.06, 1.614]
35;18960.623;485.99;3482.633;74.3;219.363;2151.174;0.0;2749.0;14992.0;33069.686;5745.456;-8363.607;8.442;18;128;[1.878, 2.502, 1.679, 1.465, 1.397];[2.431, 2.06, 1.614]
36;18960.623;485.99;3482.633;74.3;219.363;2151.174;0.0;2749.0;14992.0;33069.686;5745.456;-8363.607;3.658;18;128;[1.878, 2.502, 1.679, 1.419, 1.397];[2.431, 2.06, 1.553]
37;18960.067;485.861;3482.205;74.3;219.1;2150.911;0.0;2749.0;14992.0;33069.686;5745.456;-8364.164;6.755;18;128;[1.878, 2.652, 1.679, 1.419, 1.397];[2.431, 2.254, 1.553]
38;18960.067;485.861;3482.205;74.3;219.1;2150.911;0.0;2749.0;14992.0;33069.686;5745.456;-8364.164;8.412;18;128;[1.878, 2.652, 1.679, 1.377, 1.397];[2.431, 2.129, 1.553]
39;18960.067;485.861;3482.205;74.3;219.1;2150.911;0.0;2749.0;14992.0;33069.686;5745.456;-8364.164;2.605;18;128;[1.878, 2.652, 1.611, 1.377, 1.397];[2.431, 2.129, 1.498]
40;18944.697;482.546;3471.152;74.3;217.793;2149.604;0.0;2710.0;14991.0;33069.686;5745.456;-8379.533;7.166;18;128;[2.09, 2.652, 1.611, 1.377, 1.397];[2.588, 2.129, 1.498]
41;18918.617;476.527;3451.09;75.127;215.13;2168.434;0.0;2710.0;14991.0;33069.686;5745.456;-8405.613;7.616;18;128;[2.281, 2.652, 1.611, 1.377, 1.397];[2.729, 2.129, 1.498]
42;18918.617;476.527;3451.09;75.127;215.13;2168.434;0.0;2710.0;14991.0;33069.686;5745.456;-8405.613;8.501;18;128;[2.153, 2.652, 1.611, 1.377, 1.397];[2.729, 2.016, 1.498]
43;18918.617;476.527;3451.09;75.127;215.13;2168.434;0.0;2710.0;14991.0;33069.686;5745.456;-8405.613;17.012;18;128;[2.153, 2.652, 1.611, 1.377, 1.357];[2.729, 1.914, 1.498]
44;18918.617;476.527;3451.09;75.127;215.13;2168.434;0.0;2710.0;14991.0;33069.686;5745.456;-8405.613;5.919;18;128;[2.153, 2.652, 1.55, 1.377, 1.357];[2.556, 1.914, 1.498]
45;18918.617;476.527;3451.09;75.127;215.13;2168.434;0.0;2710.0;14991.0;33069.686;5745.456;-8405.613;9.952;18;128;[2.153, 2.652, 1.55, 1.539, 1.357];[2.556, 2.023, 1.498]
46;18898.578;495.441;3514.137;74.383;224.33;2158.297;0.0;2493.0;14889.0;33069.686;5745.456;-8425.652;6.825;18;128;[2.338, 2.652, 1.55, 1.539, 1.357];[2.7, 2.023, 1.498]
47;18898.578;495.441;3514.137;74.383;224.33;2158.297;0.0;2493.0;14889.0;33069.686;5745.456;-8425.652;1.431;18;128;[2.338, 2.487, 1.55, 1.539, 1.357];[2.7, 2.023, 1.448]
48;18898.578;495.441;3514.137;74.383;224.33;2158.297;0.0;2493.0;14889.0;33069.686;5745.456;-8425.652;7.929;18;128;[2.404, 2.487, 1.55, 1.539, 1.357];[2.7, 2.121, 1.448]
49;18864.184;483.12;3473.065;76.329;223.835;2208.396;0.0;2414.0;14908.0;33069.686;5745.456;-8460.046;9.002;18;128;[2.404, 2.487, 1.55, 1.785, 1.357];[2.7, 2.309, 1.448]
603constructshop:False depot:True weather:False;19995.563;552.745;3687.818;59.343;237.001;1779.927;0.0;3348.0;15755.0;32823.058;5992.084;-6835.411;21.486;19;128;[1.0, 1.0, 1.0, 1.0, 1.0];[1.0, 1.0, 1.0]
0;19776.168;518.885;3584.283;60.124;222.198;1785.424;0.0;3150.0;15673.0;32936.486;5878.656;-7281.662;11.029;18;128;[1.0, 1.0, 1.3, 1.0, 1.0];[1.3, 1.0, 1.0]
1;19525.865;507.738;3547.127;60.379;218.061;1787.905;0.0;2774.0;15471.0;32936.486;5878.656;-7531.965;8.851;18;128;[1.0, 1.0, 1.57, 1.0, 1.0];[1.57, 1.0, 1.0]
2;19346.932;494.369;3502.563;63.244;212.151;1856.484;0.0;2576.0;15350.0;32936.486;5878.656;-7710.898;7.678;18;128;[1.0, 1.0, 1.57, 1.3, 1.0];[1.813, 1.0, 1.0]
3;19346.932;494.369;3502.563;63.244;212.151;1856.484;0.0;2576.0;15350.0;32936.486;5878.656;-7710.898;6.732;18;128;[1.0, 1.0, 1.57, 1.27, 1.0];[1.813, 1.0, 1.0]
4;19346.932;494.369;3502.563;63.244;212.151;1856.484;0.0;2576.0;15350.0;32936.486;5878.656;-7710.898;4.608;18;128;[1.0, 1.0, 1.57, 1.27, 1.2];[1.813, 1.0, 1.2]
5;19322.92;501.982;3527.938;63.875;218.574;1879.336;0.0;2673.0;15293.0;32936.486;5878.656;-7734.91;6.809;18;128;[1.0, 1.0, 1.813, 1.27, 1.2];[2.032, 1.0, 1.2]
6;19295.449;495.642;3506.807;63.875;216.452;1877.214;0.0;2673.0;15293.0;32936.486;5878.656;-7762.381;6.564;18;128;[1.0, 1.0, 1.813, 1.543, 1.2];[2.229, 1.0, 1.2]
7;19293.907;495.286;3505.621;63.875;215.14;1875.902;0.0;2673.0;15293.0;32936.486;5878.656;-7763.923;6.805;18;128;[1.0, 1.0, 1.813, 1.789, 1.2];[2.229, 1.3, 1.2]
8;19293.907;495.286;3505.621;63.875;215.14;1875.902;0.0;2673.0;15293.0;32936.486;5878.656;-7763.923;1.504;18;128;[1.0, 1.2, 1.813, 1.789, 1.2];[2.306, 1.3, 1.2]
9;19293.682;495.234;3505.448;62.023;214.37;1826.979;0.0;2673.0;15293.0;32936.486;5878.656;-7764.148;1.071;18;128;[1.0, 1.48, 1.813, 1.789, 1.2];[2.306, 1.57, 1.2]
10;19184.652;488.535;3483.117;63.876;213.548;1874.315;0.0;2593.0;15213.0;32936.486;5878.656;-7873.178;9.07;18;128;[1.0, 1.48, 2.032, 1.789, 1.2];[2.306, 1.813, 1.2]
11;18992.863;486.045;3474.818;68.738;215.322;2002.501;0.0;2593.0;15032.0;32936.486;5878.656;-8064.967;5.31;18;128;[1.0, 1.732, 2.032, 1.789, 1.2];[2.475, 1.813, 1.2]
12;18926.0;470.615;3423.384;71.664;210.507;2073.768;0.0;2593.0;15032.0;32936.486;5878.656;-8131.83;16.857;18;128;[1.0, 1.732, 2.032, 1.789, 1.48];[2.475, 2.032, 1.2]
13;18926.0;470.615;3423.384;71.664;210.507;2073.768;0.0;2593.0;15032.0;32936.486;5878.656;-8131.83;3.299;18;128;[1.0, 1.732, 2.032, 1.71, 1.48];[2.475, 2.032, 1.18]
14;18828.856;480.505;3456.351;68.165;216.181;1988.462;0.0;2454.0;14892.0;32936.486;5878.656;-8228.974;6.906;18;128;[1.3, 1.732, 2.032, 1.71, 1.48];[2.475, 2.229, 1.18]
15;18819.012;478.234;3448.778;64.747;212.165;1895.586;0.0;2454.0;14892.0;32936.486;5878.656;-8238.818;2.991;18;128;[1.3, 1.959, 2.032, 1.71, 1.48];[2.627, 2.229, 1.18]
16;18799.795;474.03;3434.766;63.068;208.643;1848.416;0.0;2415.0;14891.0;32936.486;5878.656;-8258.035;7.588;18;128;[1.3, 1.959, 2.229, 1.71, 1.48];[2.627, 2.406, 1.18]
17;18774.946;468.295;3415.651;64.958;206.333;1895.242;0.0;2415.0;14891.0;32936.486;5878.656;-8282.884;6.97;18;128;[1.3, 1.959, 2.229, 1.939, 1.48];[2.764, 2.406, 1.18]
18;18774.946;468.295;3415.651;64.958;206.333;1895.242;0.0;2415.0;14891.0;32936.486;5878.656;-8282.884;15.594;19;128;[1.3, 1.959, 2.229, 1.939, 1.432];[2.764, 2.265, 1.18]
19;18774.946;468.295;3415.651;64.958;206.333;1895.242;0.0;2415.0;14891.0;32936.486;5878.656;-8282.884;7.568;19;128;[1.3, 1.863, 2.229, 1.939, 1.432];[2.588, 2.265, 1.18]
20;18774.946;468.295;3415.651;64.958;206.333;1895.242;0.0;2415.0;14891.0;32936.486;5878.656;-8282.884;3.456;19;128;[1.27, 1.863, 2.229, 1.939, 1.432];[2.588, 2.265, 1.162]
21;18774.946;468.295;3415.651;64.958;206.333;1895.242;0.0;2415.0;14891.0;32936.486;5878.656;-8282.884;16.327;19;128;[1.27, 1.777, 2.229, 1.939, 1.432];[2.588, 2.139, 1.162]
22;18774.946;468.295;3415.651;64.958;206.333;1895.242;0.0;2415.0;14891.0;32936.486;5878.656;-8282.884;4.165;19;128;[1.27, 1.777, 2.229, 1.939, 1.389];[2.588, 2.139, 1.146]
23;18774.946;468.295;3415.651;64.958;206.333;1895.242;0.0;2415.0;14891.0;32936.486;5878.656;-8282.884;5.987;19;128;[1.443, 1.777, 2.229, 1.939, 1.389];[2.629, 2.139, 1.146]
24;18774.946;468.295;3415.651;64.958;206.333;1895.242;0.0;2415.0;14891.0;32936.486;5878.656;-8282.884;18.589;19;128;[1.443, 1.777, 2.229, 1.939, 1.55];[2.629, 2.225, 1.146]
25;18774.946;468.295;3415.651;64.958;206.333;1895.242;0.0;2415.0;14891.0;32936.486;5878.656;-8282.884;7.171;19;128;[1.599, 1.777, 2.229, 1.939, 1.55];[2.666, 2.225, 1.146]
26;18774.946;468.295;3415.651;64.958;206.333;1895.242;0.0;2415.0;14891.0;32936.486;5878.656;-8282.884;1.913;19;128;[1.599, 1.699, 2.229, 1.939, 1.55];[2.666, 2.225, 1.131]
27;18774.946;468.295;3415.651;64.958;206.333;1895.242;0.0;2415.0;14891.0;32936.486;5878.656;-8282.884;6.471;19;128;[1.599, 1.699, 2.229, 1.845, 1.55];[2.666, 2.103, 1.131]
28;18774.946;468.295;3415.651;64.958;206.333;1895.242;0.0;2415.0;14891.0;32936.486;5878.656;-8282.884;2.945;19;128;[1.739, 1.699, 2.229, 1.845, 1.55];[2.666, 2.103, 1.318]
29;18774.946;468.295;3415.651;64.958;206.333;1895.242;0.0;2415.0;14891.0;32936.486;5878.656;-8282.884;6.27;19;128;[1.665, 1.699, 2.229, 1.845, 1.55];[2.499, 2.103, 1.318]
30;18363.169;440.116;3310.053;50.132;184.443;1487.867;0.0;2377.0;14613.0;32756.906;6058.236;-8335.501;19.256;19;128;[1.665, 1.699, 2.229, 1.845, 1.795];[2.499, 2.293, 1.318]
31;18363.169;440.116;3310.053;50.132;184.443;1487.867;0.0;2377.0;14613.0;32756.906;6058.236;-8335.501;8.042;19;128;[1.665, 1.699, 2.229, 1.761, 1.795];[2.499, 2.164, 1.318]
32;18363.169;440.116;3310.053;50.132;184.443;1487.867;0.0;2377.0;14613.0;32756.906;6058.236;-8335.501;19.286;19;128;[1.665, 1.699, 2.229, 1.761, 1.716];[2.349, 2.164, 1.318]
33;18363.169;440.116;3310.053;50.132;184.443;1487.867;0.0;2377.0;14613.0;32756.906;6058.236;-8335.501;3.584;19;128;[1.599, 1.699, 2.229, 1.761, 1.716];[2.349, 2.164, 1.286]
34;18363.169;440.116;3310.053;50.132;184.443;1487.867;0.0;2377.0;14613.0;32756.906;6058.236;-8335.501;9.436;19;128;[1.599, 1.699, 2.306, 1.761, 1.716];[2.414, 2.164, 1.286]
35;18363.169;440.116;3310.053;50.132;184.443;1487.867;0.0;2377.0;14613.0;32756.906;6058.236;-8335.501;3.466;19;128;[1.599, 1.699, 2.175, 1.761, 1.716];[2.414, 2.164, 1.257]
36;18363.169;440.116;3310.053;50.132;184.443;1487.867;0.0;2377.0;14613.0;32756.906;6058.236;-8335.501;6.262;19;128;[1.599, 1.699, 2.175, 1.885, 1.716];[2.414, 2.248, 1.257]
37;18363.169;440.116;3310.053;50.132;184.443;1487.867;0.0;2377.0;14613.0;32756.906;6058.236;-8335.501;7.829;19;128;[1.599, 1.699, 2.257, 1.885, 1.716];[2.473, 2.248, 1.257]
38;18363.169;440.116;3310.053;50.132;184.443;1487.867;0.0;2377.0;14613.0;32756.906;6058.236;-8335.501;2.245;19;128;[1.599, 1.629, 2.257, 1.885, 1.716];[2.473, 2.248, 1.231]
39;18363.169;440.116;3310.053;50.132;184.443;1487.867;0.0;2377.0;14613.0;32756.906;6058.236;-8335.501;19.619;19;128;[1.599, 1.629, 2.257, 1.885, 1.844];[2.473, 2.323, 1.231]
40;18363.169;440.116;3310.053;50.132;184.443;1487.867;0.0;2377.0;14613.0;32756.906;6058.236;-8335.501;8.809;19;128;[1.599, 1.629, 2.331, 1.885, 1.844];[2.526, 2.323, 1.231]
41;18363.169;440.116;3310.053;50.132;184.443;1487.867;0.0;2377.0;14613.0;32756.906;6058.236;-8335.501;3.588;19;128;[1.599, 1.766, 2.331, 1.885, 1.844];[2.526, 2.391, 1.231]
42;18363.169;440.116;3310.053;50.132;184.443;1487.867;0.0;2377.0;14613.0;32756.906;6058.236;-8335.501;7.318;19;128;[1.539, 1.766, 2.331, 1.885, 1.844];[2.526, 2.252, 1.231]
43;18363.169;440.116;3310.053;50.132;184.443;1487.867;0.0;2377.0;14613.0;32756.906;6058.236;-8335.501;7.597;19;128;[1.539, 1.766, 2.398, 1.885, 1.844];[2.526, 2.327, 1.231]
44;18363.169;440.116;3310.053;50.132;184.443;1487.867;0.0;2377.0;14613.0;32756.906;6058.236;-8335.501;2.747;19;128;[1.539, 1.889, 2.398, 1.885, 1.844];[2.526, 2.394, 1.231]
45;18345.037;436.393;3297.644;63.423;191.537;1840.539;0.0;2515.0;14611.0;32756.906;6058.236;-8353.633;6.308;19;128;[1.785, 1.889, 2.398, 1.885, 1.844];[2.526, 2.555, 1.231]
46;18345.037;436.393;3297.644;63.423;191.537;1840.539;0.0;2515.0;14611.0;32756.906;6058.236;-8353.633;3.105;19;128;[1.785, 2.0, 2.398, 1.885, 1.844];[2.573, 2.555, 1.231]
47;18308.645;427.995;3269.65;63.423;188.528;1837.53;0.0;2515.0;14611.0;32756.906;6058.236;-8390.025;6.227;19;128;[1.785, 2.0, 2.398, 2.097, 1.844];[2.716, 2.555, 1.231]
48;18308.645;427.995;3269.65;63.423;188.528;1837.53;0.0;2515.0;14611.0;32756.906;6058.236;-8390.025;1.79;19;128;[1.785, 1.9, 2.398, 2.097, 1.844];[2.716, 2.555, 1.208]
49;18308.645;427.995;3269.65;63.423;188.528;1837.53;0.0;2515.0;14611.0;32756.906;6058.236;-8390.025;6.61;19;128;[1.707, 1.9, 2.398, 2.097, 1.844];[2.716, 2.4, 1.208]
604constructshop:False depot:True weather:False;19396.928;534.522;3663.406;76.13;245.249;2224.634;0.0;3106.0;15199.0;32761.838;6053.304;-7311.606;22.6;19;128;[1.0, 1.0, 1.0, 1.0, 1.0];[1.0, 1.0, 1.0]
0;19457.514;529.58;3652.934;73.924;241.743;2163.766;0.0;2949.0;15275.0;32952.266;5862.876;-7631.876;8.682;18;128;[1.3, 1.0, 1.0, 1.0, 1.0];[1.0, 1.3, 1.0]
1;19457.514;529.58;3652.934;73.924;241.743;2163.766;0.0;2949.0;15275.0;32952.266;5862.876;-7631.876;0.857;18;128;[1.3, 1.2, 1.0, 1.0, 1.0];[1.0, 1.47, 1.0]
2;19440.606;521.525;3626.082;72.816;237.094;2130.314;0.0;2770.0;15293.0;32952.266;5862.876;-7648.784;4.364;18;128;[1.3, 1.2, 1.0, 1.3, 1.0];[1.0, 1.47, 1.3]
3;19270.167;527.885;3647.282;70.27;235.225;2062.237;0.0;2671.0;15095.0;32952.266;5862.876;-7819.223;4.794;18;128;[1.3, 1.2, 1.0, 1.3, 1.3];[1.0, 1.47, 1.57]
4;19193.071;532.94;3664.132;70.628;235.355;2071.68;0.0;2691.0;14996.0;32952.266;5862.876;-7896.319;3.476;18;128;[1.3, 1.2, 1.0, 1.57, 1.3];[1.0, 1.47, 1.813]
5;19193.071;532.94;3664.132;70.628;235.355;2071.68;0.0;2691.0;14996.0;32952.266;5862.876;-7896.319;3.972;18;128;[1.3, 1.2, 1.0, 1.513, 1.3];[1.0, 1.47, 1.732]
6;19193.071;532.94;3664.132;70.628;235.355;2071.68;0.0;2691.0;14996.0;32952.266;5862.876;-7896.319;4.205;18;128;[1.27, 1.2, 1.0, 1.513, 1.3];[1.0, 1.47, 1.659]
7;19049.201;495.585;3539.616;52.715;212.441;1583.025;0.0;2691.0;15014.0;32952.266;5862.876;-8040.189;22.395;18;128;[1.27, 1.2, 1.0, 1.513, 1.57];[1.3, 1.47, 1.659]
8;18989.364;500.469;3555.896;63.988;223.148;1886.831;0.0;2573.0;14933.0;32952.266;5862.876;-8100.026;22.233;18;128;[1.27, 1.2, 1.0, 1.513, 1.813];[1.3, 1.723, 1.659]
9;18989.364;500.469;3555.896;63.988;223.148;1886.831;0.0;2573.0;14933.0;32952.266;5862.876;-8100.026;10.8;18;128;[1.243, 1.2, 1.0, 1.513, 1.813];[1.27, 1.723, 1.659]
10;18989.364;500.469;3555.896;63.988;223.148;1886.831;0.0;2573.0;14933.0;32952.266;5862.876;-8100.026;21.63;18;128;[1.243, 1.2, 1.0, 1.513, 1.732];[1.243, 1.723, 1.659]
11;18799.578;501.441;3527.137;75.893;228.191;2201.398;0.0;2137.0;14771.0;33147.002;5668.14;-8679.284;14.409;18;128;[1.519, 1.2, 1.0, 1.513, 1.732];[1.519, 1.723, 1.659]
12;18749.924;489.752;3488.172;72.81;221.272;2114.335;0.0;2216.0;14772.0;33147.002;5668.14;-8728.938;14.712;18;128;[1.519, 1.2, 1.0, 1.513, 1.959];[1.767, 1.723, 1.659]
13;18699.372;478.317;3450.056;72.627;216.206;2104.502;0.0;2157.0;14771.0;33147.002;5668.14;-8779.49;6.961;18;128;[1.519, 1.2, 1.3, 1.513, 1.959];[1.99, 1.723, 1.659]
14;18665.221;470.436;3423.786;80.741;217.334;2316.607;0.0;2157.0;14771.0;33147.002;5668.14;-8813.641;6.825;18;128;[1.767, 1.2, 1.3, 1.513, 1.959];[1.99, 1.951, 1.659]
15;18604.231;470.207;3423.024;83.039;219.374;2378.4;0.0;2098.0;14711.0;33147.002;5668.14;-8874.631;14.515;18;128;[1.767, 1.2, 1.3, 1.513, 2.163];[2.191, 1.951, 1.659]
16;18604.231;470.207;3423.024;83.039;219.374;2378.4;0.0;2098.0;14711.0;33147.002;5668.14;-8874.631;2.642;18;128;[1.767, 1.2, 1.3, 1.462, 2.163];[2.191, 1.951, 1.593]
17;18604.231;470.207;3423.024;83.039;219.374;2378.4;0.0;2098.0;14711.0;33147.002;5668.14;-8874.631;6.042;18;128;[1.767, 1.2, 1.27, 1.462, 2.163];[2.072, 1.951, 1.593]
18;18602.36;470.006;3422.354;77.099;215.489;2220.075;0.0;2059.0;14710.0;33147.002;5668.14;-8876.502;14.297;18;128;[1.767, 1.2, 1.27, 1.462, 2.347];[2.072, 2.156, 1.593]
19;18557.975;459.764;3388.212;77.51;212.127;2227.397;0.0;2059.0;14710.0;33147.002;5668.14;-8920.887;7.81;18;128;[1.767, 1.2, 1.27, 1.716, 2.347];[2.072, 2.34, 1.593]
20;18557.686;459.697;3387.989;69.109;208.157;2004.985;0.0;2059.0;14710.0;33147.002;5668.14;-8921.176;5.689;18;128;[1.767, 1.2, 1.543, 1.716, 2.347];[2.265, 2.34, 1.593]
21;18557.686;459.697;3387.989;69.109;208.157;2004.985;0.0;2059.0;14710.0;33147.002;5668.14;-8921.176;18.015;18;128;[1.767, 1.2, 1.543, 1.716, 2.212];[2.139, 2.34, 1.593]
22;18557.686;459.697;3387.989;69.109;208.157;2004.985;0.0;2059.0;14710.0;33147.002;5668.14;-8921.176;3.139;18;128;[1.69, 1.2, 1.543, 1.716, 2.212];[2.139, 2.34, 1.534]
23;18557.686;459.697;3387.989;69.109;208.157;2004.985;0.0;2059.0;14710.0;33147.002;5668.14;-8921.176;2.817;18;128;[1.821, 1.2, 1.543, 1.716, 2.212];[2.139, 2.34, 1.681]
24;18557.686;459.697;3387.989;69.109;208.157;2004.985;0.0;2059.0;14710.0;33147.002;5668.14;-8921.176;6.357;18;128;[1.821, 1.2, 1.689, 1.716, 2.212];[2.225, 2.34, 1.681]
25;18492.912;448.903;3352.009;76.189;206.455;2187.37;0.0;2037.0;14692.0;33147.002;5668.14;-8985.95;7.074;18;128;[2.039, 1.2, 1.689, 1.716, 2.212];[2.225, 2.506, 1.681]
26;18492.912;448.903;3352.009;76.189;206.455;2187.37;0.0;2037.0;14692.0;33147.002;5668.14;-8985.95;4.656;18;128;[2.039, 1.2, 1.689, 1.716, 2.091];[2.225, 2.506, 1.613]
27;18492.912;448.903;3352.009;76.189;206.455;2187.37;0.0;2037.0;14692.0;33147.002;5668.14;-8985.95;6.365;18;128;[2.039, 1.2, 1.62, 1.716, 2.091];[2.225, 2.355, 1.613]
28;18492.912;448.903;3352.009;76.189;206.455;2187.37;0.0;2037.0;14692.0;33147.002;5668.14;-8985.95;4.778;18;128;[2.039, 1.2, 1.558, 1.716, 2.091];[2.225, 2.22, 1.613]
29;18492.912;448.903;3352.009;76.189;206.455;2187.37;0.0;2037.0;14692.0;33147.002;5668.14;-8985.95;2.843;18;128;[2.039, 1.2, 1.558, 1.644, 2.091];[2.225, 2.22, 1.552]
30;18410.855;448.659;3351.196;87.686;214.182;2494.01;0.0;1939.0;14611.0;33147.002;5668.14;-9068.007;5.393;18;128;[2.039, 1.48, 1.558, 1.644, 2.091];[2.225, 2.398, 1.552]
31;18410.855;448.659;3351.196;87.686;214.182;2494.01;0.0;1939.0;14611.0;33147.002;5668.14;-9068.007;10.62;18;128;[2.039, 1.48, 1.558, 1.58, 2.091];[2.103, 2.398, 1.552]
32;18410.855;448.659;3351.196;87.686;214.182;2494.01;0.0;1939.0;14611.0;33147.002;5668.14;-9068.007;2.244;18;128;[2.039, 1.632, 1.558, 1.58, 2.091];[2.103, 2.458, 1.552]
33;18410.855;448.659;3351.196;87.686;214.182;2494.01;0.0;1939.0;14611.0;33147.002;5668.14;-9068.007;6.801;18;128;[1.935, 1.632, 1.558, 1.58, 2.091];[2.103, 2.312, 1.552]
34;18410.855;448.659;3351.196;87.686;214.182;2494.01;0.0;1939.0;14611.0;33147.002;5668.14;-9068.007;7.013;18;128;[1.935, 1.632, 1.702, 1.58, 2.091];[2.103, 2.381, 1.552]
35;18410.855;448.659;3351.196;87.686;214.182;2494.01;0.0;1939.0;14611.0;33147.002;5668.14;-9068.007;4.323;18;128;[1.935, 1.769, 1.702, 1.58, 2.091];[2.103, 2.443, 1.552]
36;18401.586;446.751;3344.836;74.004;202.885;2126.982;0.0;1920.0;14610.0;33147.002;5668.14;-9077.276;17.842;18;128;[1.935, 1.769, 1.702, 1.58, 2.282];[2.293, 2.443, 1.552]
37;18401.586;446.751;3344.836;74.004;202.885;2126.982;0.0;1920.0;14610.0;33147.002;5668.14;-9077.276;9.24;18;128;[1.935, 1.769, 1.702, 1.522, 2.282];[2.293, 2.299, 1.552]
38;18401.586;446.751;3344.836;74.004;202.885;2126.982;0.0;1920.0;14610.0;33147.002;5668.14;-9077.276;7.581;18;128;[1.842, 1.769, 1.702, 1.522, 2.282];[2.293, 2.169, 1.552]
39;18401.586;446.751;3344.836;74.004;202.885;2126.982;0.0;1920.0;14610.0;33147.002;5668.14;-9077.276;4.083;18;128;[1.758, 1.769, 1.702, 1.522, 2.282];[2.293, 2.169, 1.497]
40;18401.586;446.751;3344.836;74.004;202.885;2126.982;0.0;1920.0;14610.0;33147.002;5668.14;-9077.276;3.426;18;128;[1.758, 1.769, 1.702, 1.522, 2.154];[2.293, 2.169, 1.447]
41;18401.586;446.751;3344.836;74.004;202.885;2126.982;0.0;1920.0;14610.0;33147.002;5668.14;-9077.276;8.565;18;128;[1.882, 1.769, 1.702, 1.522, 2.154];[2.364, 2.169, 1.447]
42;18300.232;450.592;3357.64;80.433;211.162;2302.419;0.0;2037.0;14492.0;33147.002;5668.14;-9178.63;17.808;18;128;[1.882, 1.769, 1.702, 1.522, 2.339];[2.528, 2.169, 1.447]
43;18263.55;442.127;3329.423;80.04;208.475;2289.511;0.0;2037.0;14492.0;33147.002;5668.14;-9215.312;7.507;18;128;[1.882, 1.769, 1.932, 1.522, 2.339];[2.675, 2.169, 1.447]
44;18263.55;442.127;3329.423;80.04;208.475;2289.511;0.0;2037.0;14492.0;33147.002;5668.14;-9215.312;9.756;18;128;[1.882, 1.769, 1.932, 1.47, 2.339];[2.675, 2.052, 1.447]
45;18263.55;442.127;3329.423;80.04;208.475;2289.511;0.0;2037.0;14492.0;33147.002;5668.14;-9215.312;8.79;18;128;[1.882, 1.769, 1.932, 1.423, 2.339];[2.507, 2.052, 1.447]
46;18263.55;442.127;3329.423;80.04;208.475;2289.511;0.0;2037.0;14492.0;33147.002;5668.14;-9215.312;20.611;18;128;[1.882, 1.769, 1.932, 1.423, 2.205];[2.507, 1.947, 1.447]
47;18263.55;442.127;3329.423;80.04;208.475;2289.511;0.0;2037.0;14492.0;33147.002;5668.14;-9215.312;3.192;18;128;[1.882, 1.769, 1.839, 1.423, 2.205];[2.507, 1.947, 1.402]
48;18263.55;442.127;3329.423;80.04;208.475;2289.511;0.0;2037.0;14492.0;33147.002;5668.14;-9215.312;3.879;18;128;[1.882, 1.769, 1.839, 1.381, 2.205];[2.507, 1.947, 1.362]
49;18263.55;442.127;3329.423;80.04;208.475;2289.511;0.0;2037.0;14492.0;33147.002;5668.14;-9215.312;22.632;18;128;[1.882, 1.769, 1.839, 1.381, 2.285];[2.556, 1.947, 1.362]
605constructshop:False depot:True weather:False;19878.148;545.111;3654.037;70.903;246.908;2090.398;0.0;3463.0;15679.0;32566.478;6248.664;-6439.666;22.529;20;128;[1.0, 1.0, 1.0, 1.0, 1.0];[1.0, 1.0, 1.0]
0;20052.756;547.098;3666.658;72.822;244.074;2137.438;0.0;3641.0;15839.0;32756.906;6058.236;-6645.914;3.63;19;128;[1.0, 1.0, 1.0, 1.3, 1.0];[1.0, 1.0, 1.3]
1;19626.425;541.714;3648.712;63.515;235.193;1886.593;0.0;3602.0;15436.0;32756.906;6058.236;-7072.245;19.041;19;128;[1.0, 1.0, 1.0, 1.3, 1.3];[1.0, 1.3, 1.3]
2;19424.415;527.404;3601.012;63.515;228.336;1879.736;0.0;3463.0;15296.0;32756.906;6058.236;-7274.255;6.541;19;128;[1.0, 1.3, 1.0, 1.3, 1.3];[1.0, 1.57, 1.3]
3;19263.047;527.088;3599.959;63.515;228.201;1879.601;0.0;3305.0;15136.0;32756.906;6058.236;-7435.623;16.872;19;128;[1.0, 1.3, 1.0, 1.3, 1.57];[1.0, 1.813, 1.3]
4;19167.122;514.413;3557.709;57.25;219.659;1708.167;0.0;3464.0;15095.0;32756.906;6058.236;-7531.548;1.805;19;128;[1.0, 1.57, 1.0, 1.3, 1.57];[1.0, 1.813, 1.57]
5;19167.122;514.413;3557.709;57.25;219.659;1708.167;0.0;3464.0;15095.0;32756.906;6058.236;-7531.548;5.979;19;128;[1.0, 1.57, 1.0, 1.3, 1.57];[1.0, 1.732, 1.57]
6;19167.122;514.413;3557.709;57.25;219.659;1708.167;0.0;3464.0;15095.0;32756.906;6058.236;-7531.548;15.185;19;128;[1.0, 1.57, 1.0, 1.3, 1.713];[1.2, 1.732, 1.57]
7;19167.122;514.413;3557.709;57.25;219.659;1708.167;0.0;3464.0;15095.0;32756.906;6058.236;-7531.548;1.203;19;128;[1.0, 1.713, 1.0, 1.3, 1.713];[1.2, 1.859, 1.57]
8;19101.871;521.97;3582.901;69.655;229.63;2040.67;0.0;3602.0;14997.0;32756.906;6058.236;-7596.799;1.857;19;128;[1.0, 1.942, 1.0, 1.3, 1.713];[1.2, 1.859, 1.813]
9;19091.922;519.905;3576.017;69.72;230.983;2043.704;0.0;3563.0;14996.0;32756.906;6058.236;-7606.748;5.368;19;128;[1.0, 1.942, 1.0, 1.57, 1.713];[1.48, 1.859, 1.813]
10;19079.531;517.045;3566.485;59.801;224.425;1779.241;0.0;3563.0;14996.0;32756.906;6058.236;-7619.139;13.104;19;128;[1.0, 1.942, 1.0, 1.57, 1.942];[1.732, 1.859, 1.813]
11;18973.796;524.953;3592.843;58.901;226.634;1758.06;0.0;3424.0;14856.0;32756.906;6058.236;-7724.874;13.811;19;128;[1.0, 1.942, 1.0, 1.57, 2.148];[1.732, 2.073, 1.813]
12;18682.428;504.56;3524.868;60.534;221.001;1794.88;0.0;3149.0;14653.0;32756.906;6058.236;-8016.242;6.736;19;128;[1.0, 1.942, 1.3, 1.57, 2.148];[1.732, 2.266, 1.813]
13;18682.428;504.56;3524.868;60.534;221.001;1794.88;0.0;3149.0;14653.0;32756.906;6058.236;-8016.242;2.95;19;128;[1.0, 1.942, 1.27, 1.57, 2.148];[1.732, 2.266, 1.732]
14;18682.428;504.56;3524.868;60.534;221.001;1794.88;0.0;3149.0;14653.0;32756.906;6058.236;-8016.242;4.108;19;128;[1.0, 1.942, 1.27, 1.57, 2.033];[1.732, 2.266, 1.659]
15;18682.428;504.56;3524.868;60.534;221.001;1794.88;0.0;3149.0;14653.0;32756.906;6058.236;-8016.242;13.198;19;128;[1.0, 1.942, 1.27, 1.57, 2.13];[1.859, 2.266, 1.659]
16;18682.428;504.56;3524.868;60.534;221.001;1794.88;0.0;3149.0;14653.0;32756.906;6058.236;-8016.242;3.545;19;128;[1.0, 2.048, 1.27, 1.57, 2.13];[1.973, 2.266, 1.659]
17;18682.428;504.56;3524.868;60.534;221.001;1794.88;0.0;3149.0;14653.0;32756.906;6058.236;-8016.242;16.206;19;128;[1.0, 2.048, 1.27, 1.57, 2.017];[1.973, 2.139, 1.659]
18;18682.428;504.56;3524.868;60.534;221.001;1794.88;0.0;3149.0;14653.0;32756.906;6058.236;-8016.242;2.213;19;128;[1.0, 2.048, 1.27, 1.57, 2.017];[1.973, 2.139, 1.593]
19;18682.428;504.56;3524.868;60.534;221.001;1794.88;0.0;3149.0;14653.0;32756.906;6058.236;-8016.242;5.629;19;128;[1.0, 2.048, 1.27, 1.713, 2.017];[1.973, 2.225, 1.593]
20;18682.428;504.56;3524.868;60.534;221.001;1794.88;0.0;3149.0;14653.0;32756.906;6058.236;-8016.242;6.597;19;128;[1.0, 2.048, 1.243, 1.713, 2.017];[1.973, 2.103, 1.593]
21;18682.428;504.56;3524.868;60.534;221.001;1794.88;0.0;3149.0;14653.0;32756.906;6058.236;-8016.242;14.093;19;128;[1.0, 2.048, 1.243, 1.713, 2.115];[1.973, 2.193, 1.593]
22;18682.428;504.56;3524.868;60.534;221.001;1794.88;0.0;3149.0;14653.0;32756.906;6058.236;-8016.242;5.315;19;128;[1.0, 2.048, 1.219, 1.713, 2.115];[1.973, 2.074, 1.593]
23;18682.428;504.56;3524.868;60.534;221.001;1794.88;0.0;3149.0;14653.0;32756.906;6058.236;-8016.242;14.981;19;128;[1.0, 2.048, 1.219, 1.713, 2.204];[1.973, 2.167, 1.593]
24;18682.428;504.56;3524.868;60.534;221.001;1794.88;0.0;3149.0;14653.0;32756.906;6058.236;-8016.242;3.379;19;128;[1.0, 2.048, 1.197, 1.713, 2.204];[1.973, 2.167, 1.534]
25;18682.428;504.56;3524.868;60.534;221.001;1794.88;0.0;3149.0;14653.0;32756.906;6058.236;-8016.242;6.52;19;128;[1.0, 2.048, 1.197, 1.713, 2.204];[1.973, 2.05, 1.534]
26;18682.428;504.56;3524.868;60.534;221.001;1794.88;0.0;3149.0;14653.0;32756.906;6058.236;-8016.242;6.186;19;128;[1.0, 2.048, 1.177, 1.713, 2.204];[1.973, 1.945, 1.534]
27;18682.428;504.56;3524.868;60.534;221.001;1794.88;0.0;3149.0;14653.0;32756.906;6058.236;-8016.242;4.853;19;128;[1.2, 2.048, 1.177, 1.713, 2.204];[1.973, 2.051, 1.534]
28;18682.428;504.56;3524.868;60.534;221.001;1794.88;0.0;3149.0;14653.0;32756.906;6058.236;-8016.242;3.554;19;128;[1.2, 2.048, 1.177, 1.713, 2.084];[1.973, 2.051, 1.481]
29;18682.428;504.56;3524.868;60.534;221.001;1794.88;0.0;3149.0;14653.0;32756.906;6058.236;-8016.242;15.183;19;128;[1.2, 2.048, 1.177, 1.713, 1.976];[1.973, 1.946, 1.481]
30;18682.428;504.56;3524.868;60.534;221.001;1794.88;0.0;3149.0;14653.0;32756.906;6058.236;-8016.242;5.794;19;128;[1.38, 2.048, 1.177, 1.713, 1.976];[1.973, 2.051, 1.481]
31;18682.428;504.56;3524.868;60.534;221.001;1794.88;0.0;3149.0;14653.0;32756.906;6058.236;-8016.242;1.357;19;128;[1.38, 1.943, 1.177, 1.713, 1.976];[1.973, 2.051, 1.433]
32;18591.163;502.422;3517.741;77.294;231.331;2240.969;0.0;2593.0;14571.0;32756.906;6058.236;-8107.507;5.967;19;128;[1.642, 1.943, 1.177, 1.713, 1.976];[1.973, 2.246, 1.433]
33;18591.163;502.422;3517.741;77.294;231.331;2240.969;0.0;2593.0;14571.0;32756.906;6058.236;-8107.507;14.518;19;128;[1.642, 1.943, 1.177, 1.713, 1.878];[1.973, 2.121, 1.433]
34;18544.747;468.634;3405.113;66.26;210.04;1932.8;0.0;2692.0;14671.0;32756.906;6058.236;-8153.923;4.938;19;128;[1.642, 1.943, 1.177, 1.942, 1.878];[2.176, 2.121, 1.433]
35;18544.747;468.634;3405.113;66.26;210.04;1932.8;0.0;2692.0;14671.0;32756.906;6058.236;-8153.923;1.628;19;128;[1.642, 1.849, 1.177, 1.942, 1.878];[2.176, 2.121, 1.39]
36;18543.74;468.401;3404.338;68.887;210.869;2001.921;0.0;2692.0;14671.0;32756.906;6058.236;-8154.93;4.451;19;128;[1.642, 2.064, 1.177, 1.942, 1.878];[2.176, 2.309, 1.39]
37;18543.74;468.401;3404.338;68.887;210.869;2001.921;0.0;2692.0;14671.0;32756.906;6058.236;-8154.93;4.045;19;128;[1.642, 2.064, 1.177, 1.848, 1.878];[2.176, 2.178, 1.39]
38;18533.489;466.036;3396.453;68.887;209.885;2000.937;0.0;2692.0;14671.0;32756.906;6058.236;-8165.181;3.827;19;128;[1.642, 2.064, 1.177, 2.063, 1.878];[2.358, 2.178, 1.39]
39;18269.745;460.557;3378.188;68.667;208.129;1993.464;0.0;2454.0;14431.0;32756.906;6058.236;-8428.925;2.811;19;128;[1.642, 2.258, 1.177, 2.063, 1.878];[2.358, 2.36, 1.39]
40;18269.745;460.557;3378.188;68.667;208.129;1993.464;0.0;2454.0;14431.0;32756.906;6058.236;-8428.925;1.17;19;128;[1.642, 2.132, 1.177, 2.063, 1.878];[2.358, 2.224, 1.39]
41;18233.696;452.238;3350.458;73.921;209.491;2131.441;0.0;2454.0;14431.0;32756.906;6058.236;-8464.974;12.865;19;128;[1.642, 2.132, 1.177, 2.063, 2.09];[2.522, 2.224, 1.39]
42;18191.018;442.389;3317.629;73.108;205.335;2106.154;0.0;2454.0;14431.0;32756.906;6058.236;-8507.652;5.135;19;128;[1.878, 2.132, 1.177, 2.063, 2.09];[2.522, 2.402, 1.39]
43;18191.018;442.389;3317.629;73.108;205.335;2106.154;0.0;2454.0;14431.0;32756.906;6058.236;-8507.652;6.575;19;128;[1.79, 2.132, 1.177, 2.063, 2.09];[2.37, 2.402, 1.39]
44;18180.818;440.035;3309.783;73.108;204.919;2105.734;0.0;2454.0;14431.0;32756.906;6058.236;-8517.852;5.165;19;128;[2.011, 2.132, 1.177, 2.063, 2.09];[2.533, 2.402, 1.39]
45;18180.818;440.035;3309.783;73.108;204.919;2105.734;0.0;2454.0;14431.0;32756.906;6058.236;-8517.852;13.877;19;128;[2.011, 2.132, 1.177, 2.063, 1.981];[2.533, 2.262, 1.39]
46;18144.765;440.946;3312.819;90.704;217.006;2575.311;0.0;2454.0;14391.0;32756.906;6058.236;-8553.905;1.628;19;128;[2.011, 2.319, 1.177, 2.063, 1.981];[2.533, 2.262, 1.651]
47;18144.765;440.946;3312.819;90.704;217.006;2575.311;0.0;2454.0;14391.0;32756.906;6058.236;-8553.905;4.685;19;128;[1.91, 2.319, 1.177, 2.063, 1.981];[2.38, 2.262, 1.651]
48;18144.765;440.946;3312.819;90.704;217.006;2575.311;0.0;2454.0;14391.0;32756.906;6058.236;-8553.905;14.42;19;128;[1.91, 2.319, 1.177, 2.063, 1.883];[2.38, 2.136, 1.651]
49;18144.765;440.946;3312.819;90.704;217.006;2575.311;0.0;2454.0;14391.0;32756.906;6058.236;-8553.905;5.094;19;128;[1.819, 2.319, 1.177, 2.063, 1.883];[2.242, 2.136, 1.651]
606constructshop:False depot:True weather:False;19581.549;519.511;3591.038;58.642;223.082;1747.782;0.0;2852.0;15471.0;33105.602;5709.54;-7814.513;22.073;18;128;[1.0, 1.0, 1.0, 1.0, 1.0];[1.0, 1.0, 1.0]
0;19477.464;527.799;3618.664;63.239;227.874;1872.088;0.0;2713.0;15331.0;33105.602;5709.54;-7918.598;9.822;18;128;[1.3, 1.0, 1.0, 1.0, 1.0];[1.3, 1.0, 1.0]
1;19345.425;515.098;3576.327;56.116;218.025;1677.032;0.0;2771.0;15254.0;33105.602;5709.54;-8050.637;5.012;18;128;[1.3, 1.0, 1.0, 1.0, 1.3];[1.3, 1.0, 1.3]
2;19307.907;506.44;3547.467;60.722;218.273;1797.046;0.0;2910.0;15254.0;33105.602;5709.54;-8088.155;5.629;18;128;[1.3, 1.3, 1.0, 1.0, 1.3];[1.57, 1.0, 1.3]
3;19145.01;501.156;3529.854;59.096;216.1;1752.608;0.0;2910.0;15114.0;33105.602;5709.54;-8251.052;5.524;18;128;[1.3, 1.57, 1.0, 1.0, 1.3];[1.813, 1.0, 1.3]
4;18680.399;491.092;3496.307;53.652;208.66;1603.622;0.0;2455.0;14693.0;33105.602;5709.54;-8715.663;12.416;18;128;[1.3, 1.813, 1.0, 1.0, 1.3];[2.032, 1.0, 1.3]
5;19087.463;513.184;3586.279;55.958;219.602;1674.514;0.0;2276.0;14988.0;33501.098;5314.044;-9099.591;4.0;17;128;[1.57, 1.813, 1.0, 1.0, 1.3];[2.032, 1.0, 1.57]
6;19087.463;513.184;3586.279;55.958;219.602;1674.514;0.0;2276.0;14988.0;33501.098;5314.044;-9099.591;3.606;17;128;[1.513, 1.813, 1.0, 1.0, 1.3];[2.032, 1.0, 1.513]
7;18934.098;509.869;3575.229;71.071;229.353;2077.195;0.0;2375.0;14849.0;33501.098;5314.044;-9252.956;7.634;17;128;[1.762, 1.813, 1.0, 1.0, 1.3];[2.229, 1.0, 1.513]
8;18869.662;518.307;3603.355;80.511;233.761;2327.037;0.0;2237.0;14748.0;33501.098;5314.044;-9317.392;4.651;17;128;[1.762, 1.813, 1.3, 1.0, 1.3];[2.229, 1.0, 1.762]
9;18828.447;508.796;3571.652;75.856;225.337;2197.602;0.0;2237.0;14748.0;33501.098;5314.044;-9358.607;4.839;17;128;[1.762, 2.032, 1.3, 1.0, 1.3];[2.406, 1.0, 1.762]
10;18828.447;508.796;3571.652;75.856;225.337;2197.602;0.0;2237.0;14748.0;33501.098;5314.044;-9358.607;7.97;17;128;[1.686, 2.032, 1.3, 1.0, 1.3];[2.265, 1.0, 1.762]
11;18809.12;504.566;3557.554;77.15;224.589;2230.492;0.0;2138.0;14747.0;33501.098;5314.044;-9377.934;9.291;17;128;[1.686, 2.032, 1.3, 1.3, 1.3];[2.438, 1.0, 1.762]
12;18809.12;504.566;3557.554;77.15;224.589;2230.492;0.0;2138.0;14747.0;33501.098;5314.044;-9377.934;6.99;17;128;[1.686, 1.929, 1.3, 1.3, 1.3];[2.438, 1.0, 1.762]
13;18809.12;504.566;3557.554;77.15;224.589;2230.492;0.0;2138.0;14747.0;33501.098;5314.044;-9377.934;3.65;17;128;[1.686, 1.929, 1.3, 1.27, 1.3];[2.438, 1.0, 1.686]
14;18809.12;504.566;3557.554;77.15;224.589;2230.492;0.0;2138.0;14747.0;33501.098;5314.044;-9377.934;2.601;17;128;[1.686, 1.929, 1.27, 1.27, 1.3];[2.438, 1.0, 1.617]
15;18809.12;504.566;3557.554;77.15;224.589;2230.492;0.0;2138.0;14747.0;33501.098;5314.044;-9377.934;19.531;17;128;[1.686, 1.929, 1.27, 1.27, 1.47];[2.494, 1.0, 1.617]
16;18809.12;504.566;3557.554;77.15;224.589;2230.492;0.0;2138.0;14747.0;33501.098;5314.044;-9377.934;3.686;17;128;[1.686, 1.836, 1.27, 1.27, 1.47];[2.345, 1.0, 1.617]
17;18809.12;504.566;3557.554;77.15;224.589;2230.492;0.0;2138.0;14747.0;33501.098;5314.044;-9377.934;1.778;17;128;[1.686, 1.752, 1.27, 1.27, 1.47];[2.345, 1.0, 1.555]
18;18809.12;504.566;3557.554;77.15;224.589;2230.492;0.0;2138.0;14747.0;33501.098;5314.044;-9377.934;15.37;17;128;[1.686, 1.752, 1.27, 1.27, 1.623];[2.41, 1.0, 1.555]
19;18809.12;504.566;3557.554;77.15;224.589;2230.492;0.0;2138.0;14747.0;33501.098;5314.044;-9377.934;7.24;17;128;[1.686, 1.752, 1.443, 1.27, 1.623];[2.41, 1.2, 1.555]
20;18809.12;504.566;3557.554;77.15;224.589;2230.492;0.0;2138.0;14747.0;33501.098;5314.044;-9377.934;6.256;17;128;[1.817, 1.752, 1.443, 1.27, 1.623];[2.469, 1.2, 1.555]
21;18809.12;504.566;3557.554;77.15;224.589;2230.492;0.0;2138.0;14747.0;33501.098;5314.044;-9377.934;2.504;17;128;[1.817, 1.752, 1.399, 1.27, 1.623];[2.469, 1.2, 1.5]
22;18809.12;504.566;3557.554;77.15;224.589;2230.492;0.0;2138.0;14747.0;33501.098;5314.044;-9377.934;14.306;17;128;[1.817, 1.752, 1.399, 1.27, 1.761];[2.469, 1.38, 1.5]
23;18809.12;504.566;3557.554;77.15;224.589;2230.492;0.0;2138.0;14747.0;33501.098;5314.044;-9377.934;12.674;17;128;[1.817, 1.752, 1.399, 1.27, 1.885];[2.522, 1.38, 1.5]
24;18809.12;504.566;3557.554;77.15;224.589;2230.492;0.0;2138.0;14747.0;33501.098;5314.044;-9377.934;2.758;17;128;[1.817, 1.752, 1.399, 1.27, 1.797];[2.522, 1.38, 1.45]
25;18809.12;504.566;3557.554;77.15;224.589;2230.492;0.0;2138.0;14747.0;33501.098;5314.044;-9377.934;13.356;17;128;[1.817, 1.752, 1.399, 1.27, 1.917];[2.57, 1.38, 1.45]
26;18809.12;504.566;3557.554;77.15;224.589;2230.492;0.0;2138.0;14747.0;33501.098;5314.044;-9377.934;2.193;17;128;[1.817, 1.752, 1.399, 1.243, 1.917];[2.57, 1.38, 1.405]
27;18809.12;504.566;3557.554;77.15;224.589;2230.492;0.0;2138.0;14747.0;33501.098;5314.044;-9377.934;3.459;17;128;[1.935, 1.752, 1.399, 1.243, 1.917];[2.57, 1.38, 1.565]
28;18809.12;504.566;3557.554;77.15;224.589;2230.492;0.0;2138.0;14747.0;33501.098;5314.044;-9377.934;6.374;17;128;[1.935, 1.752, 1.559, 1.243, 1.917];[2.613, 1.38, 1.565]
29;18809.12;504.566;3557.554;77.15;224.589;2230.492;0.0;2138.0;14747.0;33501.098;5314.044;-9377.934;2.183;17;128;[1.842, 1.752, 1.559, 1.243, 1.917];[2.613, 1.38, 1.509]
30;18809.12;504.566;3557.554;77.15;224.589;2230.492;0.0;2138.0;14747.0;33501.098;5314.044;-9377.934;2.53;17;128;[1.842, 1.752, 1.559, 1.243, 1.825];[2.613, 1.38, 1.458]
31;18809.12;504.566;3557.554;77.15;224.589;2230.492;0.0;2138.0;14747.0;33501.098;5314.044;-9377.934;5.175;17;128;[1.842, 1.752, 1.703, 1.243, 1.825];[2.652, 1.38, 1.458]
32;18933.86;465.891;3422.969;79.579;218.31;2287.354;0.0;2555.0;15045.0;33639.782;5175.36;-9530.562;4.347;17;128;[1.842, 1.752, 1.933, 1.243, 1.825];[2.787, 1.38, 1.458]
33;18900.147;458.111;3397.036;87.817;221.568;2504.816;0.0;2654.0;15045.0;33639.782;5175.36;-9564.275;5.952;17;128;[1.842, 1.752, 2.14, 1.243, 1.825];[2.908, 1.38, 1.458]
34;18850.186;460.428;3404.758;85.235;220.024;2436.135;0.0;2654.0;14985.0;33639.782;5175.36;-9614.236;6.351;17;128;[1.842, 1.752, 2.14, 1.519, 1.825];[3.017, 1.38, 1.458]
35;18850.186;460.428;3404.758;85.235;220.024;2436.135;0.0;2654.0;14985.0;33639.782;5175.36;-9614.236;5.551;17;128;[1.758, 1.752, 2.14, 1.519, 1.825];[2.815, 1.38, 1.458]
36;18850.186;460.428;3404.758;85.235;220.024;2436.135;0.0;2654.0;14985.0;33639.782;5175.36;-9614.236;2.539;17;128;[1.758, 1.752, 2.14, 1.467, 1.825];[2.815, 1.38, 1.412]
37;18850.186;460.428;3404.758;85.235;220.024;2436.135;0.0;2654.0;14985.0;33639.782;5175.36;-9614.236;1.921;17;128;[1.758, 1.752, 2.026, 1.467, 1.825];[2.815, 1.38, 1.371]
38;18850.186;460.428;3404.758;85.235;220.024;2436.135;0.0;2654.0;14985.0;33639.782;5175.36;-9614.236;4.173;17;128;[1.758, 1.877, 2.026, 1.467, 1.825];[2.833, 1.38, 1.371]
39;18850.186;460.428;3404.758;85.235;220.024;2436.135;0.0;2654.0;14985.0;33639.782;5175.36;-9614.236;1.806;17;128;[1.758, 1.989, 2.026, 1.467, 1.825];[2.833, 1.38, 1.534]
40;18850.186;460.428;3404.758;85.235;220.024;2436.135;0.0;2654.0;14985.0;33639.782;5175.36;-9614.236;17.495;17;128;[1.758, 1.989, 2.026, 1.467, 1.943];[2.85, 1.38, 1.534]
41;18850.186;460.428;3404.758;85.235;220.024;2436.135;0.0;2654.0;14985.0;33639.782;5175.36;-9614.236;1.725;17;128;[1.758, 1.989, 2.026, 1.42, 1.943];[2.85, 1.38, 1.481]
42;18830.449;473.873;3449.576;93.323;229.987;2656.377;0.0;2713.0;14907.0;33639.782;5175.36;-9633.973;6.728;17;128;[1.758, 1.989, 2.223, 1.42, 1.943];[2.85, 1.642, 1.481]
43;18830.449;473.873;3449.576;93.323;229.987;2656.377;0.0;2713.0;14907.0;33639.782;5175.36;-9633.973;7.114;17;128;[1.682, 1.989, 2.223, 1.42, 1.943];[2.665, 1.642, 1.481]
44;18796.059;466.168;3423.892;89.477;224.542;2550.942;0.0;2614.0;14906.0;33639.782;5175.36;-9668.363;14.719;17;128;[1.682, 1.989, 2.223, 1.42, 2.149];[2.799, 1.642, 1.481]
45;18645.316;450.073;3370.243;74.774;208.709;2152.833;0.0;2892.0;14825.0;33639.782;5175.36;-9819.106;8.586;17;128;[1.682, 1.989, 2.401, 1.42, 2.149];[2.919, 1.642, 1.481]
46;18645.316;450.073;3370.243;74.774;208.709;2152.833;0.0;2892.0;14825.0;33639.782;5175.36;-9819.106;15.39;17;128;[1.682, 1.989, 2.401, 1.42, 2.034];[2.919, 1.578, 1.481]
47;18645.316;450.073;3370.243;74.774;208.709;2152.833;0.0;2892.0;14825.0;33639.782;5175.36;-9819.106;2.176;17;128;[1.614, 1.989, 2.401, 1.42, 2.034];[2.919, 1.578, 1.433]
48;18645.316;450.073;3370.243;74.774;208.709;2152.833;0.0;2892.0;14825.0;33639.782;5175.36;-9819.106;13.959;17;128;[1.614, 1.989, 2.401, 1.42, 2.131];[2.927, 1.578, 1.433]
49;18634.322;447.767;3362.556;70.914;203.08;2046.846;0.0;2793.0;14824.0;33639.782;5175.36;-9830.1;8.009;17;128;[1.614, 1.989, 2.561, 1.42, 2.131];[2.927, 1.82, 1.433]
607constructshop:False depot:True weather:False;19829.784;521.796;3594.988;57.022;220.147;1702.716;0.0;3126.0;15713.0;33052.202;5762.94;-7459.478;21.687;19;128;[1.0, 1.0, 1.0, 1.0, 1.0];[1.0, 1.0, 1.0]
0;19829.784;521.796;3594.988;57.022;220.147;1702.716;0.0;3126.0;15713.0;33052.202;5762.94;-7459.478;8.719;19;128;[1.0, 1.0, 1.0, 1.0, 1.0];[1.0, 1.0, 1.0]
1;19746.235;530.208;3623.027;54.569;223.384;1642.165;0.0;3106.0;15593.0;33052.202;5762.94;-7543.027;10.256;18;128;[1.0, 1.0, 1.0, 1.3, 1.0];[1.0, 1.3, 1.0]
2;19692.083;517.712;3581.372;49.792;214.601;1509.191;0.0;3106.0;15593.0;33052.202;5762.94;-7597.179;9.265;18;128;[1.0, 1.0, 1.0, 1.57, 1.0];[1.3, 1.3, 1.0]
3;19654.471;518.493;3583.978;48.287;216.057;1471.527;0.0;2967.0;15552.0;33052.202;5762.94;-7634.791;3.6;18;128;[1.3, 1.0, 1.0, 1.57, 1.0];[1.3, 1.3, 1.3]
4;19654.471;518.493;3583.978;48.287;216.057;1471.527;0.0;2967.0;15552.0;33052.202;5762.94;-7634.791;3.256;18;128;[1.3, 1.0, 1.0, 1.513, 1.0];[1.3, 1.3, 1.27]
5;19529.852;535.889;3641.963;53.443;226.22;1615.747;0.0;2809.0;15352.0;33052.202;5762.94;-7759.41;15.963;18;128;[1.3, 1.0, 1.0, 1.513, 1.3];[1.57, 1.3, 1.27]
6;19464.01;525.31;3606.7;56.067;223.351;1681.089;0.0;2790.0;15332.0;33052.202;5762.94;-7825.252;7.703;18;128;[1.3, 1.0, 1.3, 1.513, 1.3];[1.813, 1.3, 1.27]
7;19464.01;525.31;3606.7;56.067;223.351;1681.089;0.0;2790.0;15332.0;33052.202;5762.94;-7825.252;6.103;18;128;[1.3, 1.0, 1.3, 1.513, 1.3];[1.732, 1.3, 1.27]
8;19444.963;525.53;3607.433;58.176;225.778;1738.347;0.0;2770.0;15312.0;33052.202;5762.94;-7844.299;2.758;18;128;[1.3, 1.0, 1.57, 1.513, 1.3];[1.732, 1.3, 1.543]
9;19306.516;521.273;3593.243;62.995;228.556;1866.422;0.0;2770.0;15192.0;33052.202;5762.94;-7982.746;3.36;18;128;[1.3, 1.3, 1.57, 1.513, 1.3];[1.959, 1.3, 1.543]
10;19306.516;521.273;3593.243;62.995;228.556;1866.422;0.0;2770.0;15192.0;33052.202;5762.94;-7982.746;9.151;18;128;[1.27, 1.3, 1.57, 1.513, 1.3];[1.863, 1.3, 1.543]
11;19209.448;513.18;3566.268;65.523;224.185;1927.779;0.0;2692.0;15130.0;33052.202;5762.94;-8079.814;8.638;18;128;[1.27, 1.3, 1.57, 1.762, 1.3];[2.077, 1.3, 1.543]
12;19209.448;513.18;3566.268;65.523;224.185;1927.779;0.0;2692.0;15130.0;33052.202;5762.94;-8079.814;6.208;18;128;[1.27, 1.3, 1.57, 1.886, 1.3];[2.169, 1.3, 1.543]
13;19209.448;513.18;3566.268;65.523;224.185;1927.779;0.0;2692.0;15130.0;33052.202;5762.94;-8079.814;14.294;18;128;[1.27, 1.3, 1.57, 1.886, 1.27];[2.052, 1.3, 1.543]
14;18985.705;512.086;3562.619;76.52;230.969;2220.489;0.0;2513.0;14911.0;33052.202;5762.94;-8303.557;8.578;18;128;[1.27, 1.3, 1.813, 1.886, 1.27];[2.052, 1.57, 1.543]
15;18938.169;501.116;3526.053;78.15;227.06;2258.958;0.0;2513.0;14911.0;33052.202;5762.94;-8351.093;9.732;18;128;[1.27, 1.3, 2.032, 1.886, 1.27];[2.247, 1.57, 1.543]
16;18938.169;501.116;3526.053;78.15;227.06;2258.958;0.0;2513.0;14911.0;33052.202;5762.94;-8351.093;7.245;18;128;[1.27, 1.27, 2.032, 1.886, 1.27];[2.247, 1.513, 1.543]
17;18807.586;489.443;3487.143;83.055;228.188;2387.615;0.0;2434.0;14831.0;33052.202;5762.94;-8481.676;5.824;18;128;[1.27, 1.543, 2.032, 1.886, 1.27];[2.247, 1.762, 1.543]
18;18807.586;489.443;3487.143;83.055;228.188;2387.615;0.0;2434.0;14831.0;33052.202;5762.94;-8481.676;7.249;18;128;[1.27, 1.543, 1.929, 1.886, 1.27];[2.122, 1.762, 1.543]
19;18807.586;489.443;3487.143;83.055;228.188;2387.615;0.0;2434.0;14831.0;33052.202;5762.94;-8481.676;3.018;18;128;[1.27, 1.543, 1.836, 1.886, 1.27];[2.122, 1.762, 1.489]
20;18764.103;479.408;3453.694;77.119;218.23;2223.335;0.0;2434.0;14831.0;33052.202;5762.94;-8525.159;14.447;18;128;[1.27, 1.543, 1.836, 1.886, 1.543];[2.31, 1.762, 1.489]
21;18764.103;479.408;3453.694;77.119;218.23;2223.335;0.0;2434.0;14831.0;33052.202;5762.94;-8525.159;1.169;18;128;[1.27, 1.489, 1.836, 1.886, 1.543];[2.31, 1.762, 1.44]
22;18764.103;479.408;3453.694;77.119;218.23;2223.335;0.0;2434.0;14831.0;33052.202;5762.94;-8525.159;3.866;18;128;[1.27, 1.489, 1.752, 1.886, 1.543];[2.31, 1.762, 1.396]
23;18764.103;479.408;3453.694;77.119;218.23;2223.335;0.0;2434.0;14831.0;33052.202;5762.94;-8525.159;3.169;18;128;[1.27, 1.64, 1.752, 1.886, 1.543];[2.379, 1.762, 1.396]
24;18743.332;474.384;3436.948;65.915;207.742;1921.527;0.0;2453.0;14832.0;33052.202;5762.94;-8545.93;15.605;18;128;[1.27, 1.64, 1.752, 1.886, 1.789];[2.541, 1.762, 1.396]
25;18743.332;474.384;3436.948;65.915;207.742;1921.527;0.0;2453.0;14832.0;33052.202;5762.94;-8545.93;14.607;18;128;[1.27, 1.64, 1.752, 1.886, 1.71];[2.387, 1.762, 1.396]
26;18736.407;472.786;3431.621;69.721;211.219;2023.966;0.0;2453.0;14832.0;33052.202;5762.94;-8552.855;5.985;18;128;[1.543, 1.64, 1.752, 1.886, 1.71];[2.387, 1.986, 1.396]
27;18736.407;472.786;3431.621;69.721;211.219;2023.966;0.0;2453.0;14832.0;33052.202;5762.94;-8552.855;1.992;18;128;[1.543, 1.776, 1.752, 1.886, 1.71];[2.448, 1.986, 1.396]
28;18736.407;472.786;3431.621;69.721;211.219;2023.966;0.0;2453.0;14832.0;33052.202;5762.94;-8552.855;3.005;18;128;[1.543, 1.776, 1.752, 1.797, 1.71];[2.448, 1.986, 1.356]
29;18709.824;462.267;3396.557;75.013;211.943;2162.27;0.0;2374.0;14851.0;33052.202;5762.94;-8579.438;7.123;18;128;[1.543, 1.776, 1.977, 1.797, 1.71];[2.603, 1.986, 1.356]
30;18709.824;462.267;3396.557;75.013;211.943;2162.27;0.0;2374.0;14851.0;33052.202;5762.94;-8579.438;3.945;18;128;[1.489, 1.776, 1.977, 1.797, 1.71];[2.603, 1.986, 1.32]
31;18709.824;462.267;3396.557;75.013;211.943;2162.27;0.0;2374.0;14851.0;33052.202;5762.94;-8579.438;3.33;18;128;[1.489, 1.776, 1.977, 1.717, 1.71];[2.603, 1.986, 1.288]
32;18638.285;468.835;3418.45;81.92;221.196;2351.11;0.0;2275.0;14751.0;33052.202;5762.94;-8650.977;6.364;18;128;[1.489, 1.776, 2.179, 1.717, 1.71];[2.743, 1.986, 1.288]
33;18549.084;462.096;3395.988;77.551;213.27;2229.608;0.0;2413.0;14691.0;33052.202;5762.94;-8740.178;2.97;18;128;[1.489, 1.998, 2.179, 1.717, 1.71];[2.869, 1.986, 1.288]
34;18549.084;462.096;3395.988;77.551;213.27;2229.608;0.0;2413.0;14691.0;33052.202;5762.94;-8740.178;2.522;18;128;[1.489, 1.998, 2.179, 1.645, 1.71];[2.869, 1.986, 1.259]
35;18514.347;477.157;3446.19;68.774;214.693;2002.823;0.0;2314.0;14591.0;33052.202;5762.94;-8774.915;2.752;18;128;[1.489, 2.198, 2.179, 1.645, 1.71];[2.982, 1.986, 1.259]
36;18373.071;463.017;3399.055;64.752;205.863;1889.427;0.0;2235.0;14511.0;33052.202;5762.94;-8916.191;14.508;18;128;[1.489, 2.198, 2.179, 1.645, 1.939];[3.084, 1.986, 1.259]
37;18335.334;454.077;3369.257;74.448;207.069;2142.708;0.0;2334.0;14512.0;33052.202;5762.94;-8953.928;7.946;18;128;[1.489, 2.198, 2.361, 1.645, 1.939];[3.176, 1.986, 1.259]
38;18335.334;454.077;3369.257;74.448;207.069;2142.708;0.0;2334.0;14512.0;33052.202;5762.94;-8953.928;8.048;18;128;[1.489, 2.198, 2.361, 1.581, 1.939];[2.958, 1.986, 1.259]
39;18270.096;443.407;3333.689;67.208;198.007;1945.428;0.0;2591.0;14493.0;33052.202;5762.94;-9019.166;7.175;18;128;[1.489, 2.198, 2.525, 1.581, 1.939];[2.958, 2.187, 1.259]
40;18256.667;440.308;3323.359;61.798;193.186;1799.933;0.0;2591.0;14493.0;33052.202;5762.94;-9032.595;6.389;18;128;[1.489, 2.198, 2.672, 1.581, 1.939];[2.958, 2.368, 1.259]
41;18256.667;440.308;3323.359;61.798;193.186;1799.933;0.0;2591.0;14493.0;33052.202;5762.94;-9032.595;2.481;18;128;[1.489, 2.198, 2.672, 1.523, 1.939];[2.958, 2.368, 1.233]
42;18256.667;440.308;3323.359;61.798;193.186;1799.933;0.0;2591.0;14493.0;33052.202;5762.94;-9032.595;6.13;18;128;[1.489, 2.198, 2.672, 1.471, 1.939];[2.762, 2.368, 1.233]
43;18256.667;440.308;3323.359;61.798;193.186;1799.933;0.0;2591.0;14493.0;33052.202;5762.94;-9032.595;6.449;18;128;[1.44, 2.198, 2.672, 1.471, 1.939];[2.762, 2.231, 1.233]
44;18256.667;440.308;3323.359;61.798;193.186;1799.933;0.0;2591.0;14493.0;33052.202;5762.94;-9032.595;5.902;18;128;[1.596, 2.198, 2.672, 1.471, 1.939];[2.786, 2.231, 1.233]
45;18256.667;440.308;3323.359;61.798;193.186;1799.933;0.0;2591.0;14493.0;33052.202;5762.94;-9032.595;15.772;18;128;[1.596, 2.198, 2.672, 1.471, 2.045];[2.786, 2.308, 1.233]
46;18256.667;440.308;3323.359;61.798;193.186;1799.933;0.0;2591.0;14493.0;33052.202;5762.94;-9032.595;8.532;18;128;[1.596, 2.198, 2.672, 1.424, 2.045];[2.786, 2.177, 1.233]
47;18256.667;440.308;3323.359;61.798;193.186;1799.933;0.0;2591.0;14493.0;33052.202;5762.94;-9032.595;8.389;18;128;[1.536, 2.198, 2.672, 1.424, 2.045];[2.607, 2.177, 1.233]
48;18256.667;440.308;3323.359;61.798;193.186;1799.933;0.0;2591.0;14493.0;33052.202;5762.94;-9032.595;6.904;18;128;[1.536, 2.198, 2.705, 1.424, 2.045];[2.607, 2.259, 1.233]
49;18256.667;440.308;3323.359;61.798;193.186;1799.933;0.0;2591.0;14493.0;33052.202;5762.94;-9032.595;7.489;18;128;[1.482, 2.198, 2.705, 1.424, 2.045];[2.607, 2.133, 1.233]
608constructshop:False depot:True weather:False;20035.49;551.959;3727.531;64.14;242.229;1909.872;0.0;3424.0;15756.0;32933.266;5881.876;-7015.9;22.635;19;128;[1.0, 1.0, 1.0, 1.0, 1.0];[1.0, 1.0, 1.0]
0;20035.49;551.959;3727.531;64.14;242.229;1909.872;0.0;3424.0;15756.0;32933.266;5881.876;-7015.9;8.274;19;128;[1.0, 1.0, 1.0, 1.0, 1.0];[1.0, 1.0, 1.0]
1;19974.798;552.261;3728.537;68.273;245.41;2020.507;0.0;3167.0;15694.0;32933.266;5881.876;-7076.592;9.543;18;128;[1.0, 1.0, 1.0, 1.3, 1.0];[1.3, 1.0, 1.0]
2;19974.798;552.261;3728.537;68.273;245.41;2020.507;0.0;3167.0;15694.0;32933.266;5881.876;-7076.592;8.53;18;128;[1.0, 1.0, 1.0, 1.3, 1.0];[1.27, 1.0, 1.0]
3;19974.798;552.261;3728.537;68.273;245.41;2020.507;0.0;3167.0;15694.0;32933.266;5881.876;-7076.592;7.291;18;128;[1.0, 1.0, 1.0, 1.47, 1.0];[1.443, 1.0, 1.0]
4;19974.798;552.261;3728.537;68.273;245.41;2020.507;0.0;3167.0;15694.0;32933.266;5881.876;-7076.592;6.174;18;128;[1.0, 1.0, 1.0, 1.623, 1.0];[1.443, 1.2, 1.0]
5;19703.094;531.329;3658.764;65.568;237.135;1941.898;0.0;2890.0;15513.0;32933.266;5881.876;-7348.296;7.086;18;128;[1.3, 1.0, 1.0, 1.623, 1.0];[1.699, 1.2, 1.0]
6;19449.107;537.332;3678.775;71.323;242.284;2096.687;0.0;2614.0;15233.0;32933.266;5881.876;-7602.282;19.859;18;128;[1.3, 1.0, 1.0, 1.623, 1.3];[1.699, 1.48, 1.0]
7;19449.107;537.332;3678.775;71.323;242.284;2096.687;0.0;2614.0;15233.0;32933.266;5881.876;-7602.282;3.842;18;128;[1.27, 1.0, 1.0, 1.623, 1.3];[1.699, 1.48, 1.0]
8;19316.522;530.044;3654.478;71.932;237.16;2107.379;0.0;2634.0;15132.0;32933.266;5881.876;-7734.868;9.679;18;128;[1.27, 1.0, 1.0, 1.861, 1.3];[1.699, 1.732, 1.0]
9;19300.349;526.311;3642.038;71.932;235.344;2105.563;0.0;2634.0;15132.0;32933.266;5881.876;-7751.041;9.285;18;128;[1.27, 1.0, 1.0, 2.075, 1.3];[1.929, 1.732, 1.0]
10;19278.09;516.559;3609.531;70.499;231.001;2063.987;0.0;2594.0;15152.0;32933.266;5881.876;-7773.3;8.58;18;128;[1.543, 1.0, 1.0, 2.075, 1.3];[1.929, 1.959, 1.0]
11;18835.868;493.816;3489.052;70.689;222.268;2060.184;0.0;2376.0;14853.0;32756.906;6058.236;-7862.802;8.326;19;128;[1.543, 1.0, 1.3, 2.075, 1.3];[1.929, 2.163, 1.0]
12;18835.868;493.816;3489.052;70.689;222.268;2060.184;0.0;2376.0;14853.0;32756.906;6058.236;-7862.802;2.629;19;128;[1.489, 1.0, 1.3, 2.075, 1.3];[1.929, 2.163, 1.0]
13;18830.058;492.475;3484.583;69.809;221.105;2036.149;0.0;2376.0;14853.0;32756.906;6058.236;-7868.612;5.901;19;128;[1.489, 1.0, 1.3, 2.268, 1.3];[2.136, 2.163, 1.0]
14;18827.238;482.363;3450.876;63.257;212.595;1857.266;0.0;2633.0;14894.0;32756.906;6058.236;-7871.432;1.231;19;128;[1.489, 1.3, 1.3, 2.268, 1.3];[2.136, 2.163, 1.3]
15;18810.315;487.688;3468.627;71.143;220.529;2070.253;0.0;2594.0;14854.0;32756.906;6058.236;-7888.355;2.31;19;128;[1.489, 1.57, 1.3, 2.268, 1.3];[2.322, 2.163, 1.3]
16;18665.41;477.325;3434.085;63.965;210.108;1873.203;0.0;2554.0;14754.0;32756.906;6058.236;-8033.26;17.133;19;128;[1.489, 1.57, 1.3, 2.268, 1.57];[2.49, 2.163, 1.3]
17;18657.174;475.425;3427.749;72.54;212.025;2098.072;0.0;2554.0;14754.0;32756.906;6058.236;-8041.496;1.121;19;128;[1.489, 1.813, 1.3, 2.268, 1.57];[2.49, 2.163, 1.57]
18;18657.174;475.425;3427.749;72.54;212.025;2098.072;0.0;2554.0;14754.0;32756.906;6058.236;-8041.496;0.594;19;128;[1.489, 1.932, 1.3, 2.268, 1.57];[2.49, 2.247, 1.57]
19;18657.174;475.425;3427.749;72.54;212.025;2098.072;0.0;2554.0;14754.0;32756.906;6058.236;-8041.496;3.303;19;128;[1.489, 1.932, 1.3, 2.141, 1.57];[2.49, 2.247, 1.513]
20;18657.174;475.425;3427.749;72.54;212.025;2098.072;0.0;2554.0;14754.0;32756.906;6058.236;-8041.496;2.361;19;128;[1.489, 1.932, 1.3, 2.027, 1.57];[2.49, 2.247, 1.462]
21;18657.174;475.425;3427.749;72.54;212.025;2098.072;0.0;2554.0;14754.0;32756.906;6058.236;-8041.496;6.668;19;128;[1.44, 1.932, 1.3, 2.027, 1.57];[2.49, 2.122, 1.462]
22;18657.174;475.425;3427.749;72.54;212.025;2098.072;0.0;2554.0;14754.0;32756.906;6058.236;-8041.496;4.982;19;128;[1.44, 1.932, 1.47, 2.027, 1.57];[2.541, 2.122, 1.462]
23;18657.174;475.425;3427.749;72.54;212.025;2098.072;0.0;2554.0;14754.0;32756.906;6058.236;-8041.496;6.144;19;128;[1.396, 1.932, 1.47, 2.027, 1.57];[2.541, 2.01, 1.462]
24;18553.095;474.714;3425.381;62.136;212.532;1828.07;0.0;2455.0;14653.0;32756.906;6058.236;-8145.575;11.852;19;128;[1.396, 1.932, 1.47, 2.027, 1.813];[2.541, 2.209, 1.462]
25;18494.364;461.161;3380.203;71.878;213.304;2082.132;0.0;2455.0;14653.0;32756.906;6058.236;-8204.306;11.664;19;128;[1.396, 1.932, 1.47, 2.027, 2.032];[2.687, 2.209, 1.462]
26;18472.305;456.07;3363.234;71.878;211.166;2079.994;0.0;2455.0;14653.0;32756.906;6058.236;-8226.365;10.778;19;128;[1.396, 1.932, 1.47, 2.027, 2.229];[2.818, 2.209, 1.462]
27;18436.603;448.062;3336.541;64.452;202.719;1878.473;0.0;2416.0;14652.0;32756.906;6058.236;-8262.067;5.743;19;128;[1.656, 1.932, 1.47, 2.027, 2.229];[2.936, 2.209, 1.462]
28;18424.952;445.374;3327.578;65.053;202.769;1894.157;0.0;2416.0;14652.0;32756.906;6058.236;-8273.718;5.493;19;128;[1.89, 1.932, 1.47, 2.027, 2.229];[2.936, 2.388, 1.462]
29;18423.683;445.081;3326.602;51.383;192.613;1528.571;0.0;2416.0;14652.0;32756.906;6058.236;-8274.987;13.146;19;128;[1.89, 1.932, 1.47, 2.027, 2.406];[2.936, 2.549, 1.462]
30;18423.438;445.024;3326.414;56.491;195.688;1664.445;0.0;2416.0;14652.0;32756.906;6058.236;-8275.232;11.677;19;128;[1.89, 1.932, 1.47, 2.027, 2.565];[3.042, 2.549, 1.462]
31;18423.438;445.024;3326.414;56.491;195.688;1664.445;0.0;2416.0;14652.0;32756.906;6058.236;-8275.232;7.22;19;128;[1.89, 1.839, 1.47, 2.027, 2.565];[3.042, 2.394, 1.462]
32;18272.723;442.552;3318.172;56.63;195.677;1668.053;0.0;2416.0;14512.0;32756.906;6058.236;-8425.947;2.977;19;128;[1.89, 2.055, 1.47, 2.027, 2.565];[3.138, 2.394, 1.462]
33;18272.723;442.552;3318.172;56.63;195.677;1668.053;0.0;2416.0;14512.0;32756.906;6058.236;-8425.947;5.575;19;128;[1.801, 2.055, 1.47, 2.027, 2.565];[2.924, 2.394, 1.462]
34;18272.723;442.552;3318.172;56.63;195.677;1668.053;0.0;2416.0;14512.0;32756.906;6058.236;-8425.947;5.924;19;128;[1.801, 2.055, 1.47, 2.124, 2.565];[2.924, 2.455, 1.462]
35;18232.137;442.416;3317.721;53.364;191.279;1578.752;0.0;2377.0;14472.0;32756.906;6058.236;-8466.533;16.037;19;128;[1.801, 2.055, 1.47, 2.124, 2.708];[3.032, 2.455, 1.462]
36;18232.137;442.416;3317.721;53.364;191.279;1578.752;0.0;2377.0;14472.0;32756.906;6058.236;-8466.533;2.789;19;128;[1.801, 2.055, 1.47, 2.012, 2.708];[3.032, 2.455, 1.416]
37;18232.137;442.416;3317.721;53.364;191.279;1578.752;0.0;2377.0;14472.0;32756.906;6058.236;-8466.533;6.891;19;128;[1.801, 2.055, 1.423, 2.012, 2.708];[2.829, 2.455, 1.416]
38;18232.08;442.403;3317.677;52.826;191.617;1565.1;0.0;2377.0;14472.0;32756.906;6058.236;-8466.59;4.84;19;128;[1.801, 2.055, 1.423, 2.211, 2.708];[2.946, 2.455, 1.416]
39;18232.08;442.403;3317.677;52.826;191.617;1565.1;0.0;2377.0;14472.0;32756.906;6058.236;-8466.59;4.136;19;128;[1.801, 2.055, 1.423, 2.09, 2.708];[2.946, 2.31, 1.416]
40;18232.08;442.403;3317.677;52.826;191.617;1565.1;0.0;2377.0;14472.0;32756.906;6058.236;-8466.59;5.166;19;128;[1.721, 2.055, 1.423, 2.09, 2.708];[2.751, 2.31, 1.416]
41;18232.08;442.403;3317.677;52.826;191.617;1565.1;0.0;2377.0;14472.0;32756.906;6058.236;-8466.59;5.76;19;128;[1.849, 2.055, 1.423, 2.09, 2.708];[2.751, 2.379, 1.416]
42;18226.545;431.895;3282.65;61.562;191.064;1791.684;0.0;2476.0;14512.0;32756.906;6058.236;-8472.125;12.785;19;128;[1.849, 2.055, 1.423, 2.09, 2.837];[2.876, 2.379, 1.416]
43;18226.545;431.895;3282.65;61.562;191.064;1791.684;0.0;2476.0;14512.0;32756.906;6058.236;-8472.125;2.233;19;128;[1.764, 2.055, 1.423, 2.09, 2.837];[2.876, 2.379, 1.374]
44;18226.545;431.895;3282.65;61.562;191.064;1791.684;0.0;2476.0;14512.0;32756.906;6058.236;-8472.125;5.431;19;128;[1.764, 2.055, 1.381, 2.09, 2.837];[2.688, 2.379, 1.374]
45;18226.545;431.895;3282.65;61.562;191.064;1791.684;0.0;2476.0;14512.0;32756.906;6058.236;-8472.125;6.432;19;128;[1.764, 1.95, 1.381, 2.09, 2.837];[2.688, 2.241, 1.374]
46;18226.545;431.895;3282.65;61.562;191.064;1791.684;0.0;2476.0;14512.0;32756.906;6058.236;-8472.125;1.181;19;128;[1.764, 1.855, 1.381, 2.09, 2.837];[2.688, 2.241, 1.337]
47;18226.545;431.895;3282.65;61.562;191.064;1791.684;0.0;2476.0;14512.0;32756.906;6058.236;-8472.125;5.31;19;128;[1.764, 1.855, 1.343, 2.09, 2.837];[2.688, 2.117, 1.337]
48;18226.545;431.895;3282.65;61.562;191.064;1791.684;0.0;2476.0;14512.0;32756.906;6058.236;-8472.125;12.341;19;128;[1.764, 1.855, 1.343, 2.09, 2.853];[2.719, 2.117, 1.337]
49;18176.842;438.887;3305.956;61.408;193.967;1790.571;0.0;2476.0;14432.0;32756.906;6058.236;-8521.828;1.388;19;128;[1.764, 2.07, 1.343, 2.09, 2.853];[2.847, 2.117, 1.337]
609constructshop:False depot:True weather:False;19890.314;556.534;3717.78;81.205;254.741;2366.068;0.0;3187.0;15616.0;33069.686;5745.456;-7433.916;20.213;19;128;[1.0, 1.0, 1.0, 1.0, 1.0];[1.0, 1.0, 1.0]
0;19890.314;556.534;3717.78;81.205;254.741;2366.068;0.0;3187.0;15616.0;33069.686;5745.456;-7433.916;4.112;19;128;[1.0, 1.0, 1.0, 1.0, 1.0];[1.0, 1.0, 1.0]
1;19881.292;559.068;3726.225;76.764;252.607;2248.476;0.0;3267.0;15596.0;33069.686;5745.456;-7442.938;7.65;18;128;[1.3, 1.0, 1.0, 1.0, 1.0];[1.0, 1.3, 1.0]
2;19881.292;559.068;3726.225;76.764;252.607;2248.476;0.0;3267.0;15596.0;33069.686;5745.456;-7442.938;8.314;18;128;[1.27, 1.0, 1.0, 1.0, 1.0];[1.0, 1.3, 1.0]
3;19791.206;538.278;3656.928;72.01;242.231;2114.491;0.0;3206.0;15596.0;33069.686;5745.456;-7533.024;7.55;18;128;[1.543, 1.0, 1.0, 1.0, 1.0];[1.3, 1.3, 1.0]
4;19305.402;509.708;3561.694;68.146;226.095;1997.882;0.0;2871.0;15234.0;33069.686;5745.456;-8018.828;7.171;18;128;[1.789, 1.0, 1.0, 1.0, 1.0];[1.3, 1.57, 1.0]
5;19127.753;510.712;3565.041;75.062;228.964;2180.578;0.0;2594.0;15052.0;33069.686;5745.456;-8196.477;7.725;18;128;[2.01, 1.0, 1.0, 1.0, 1.0];[1.57, 1.57, 1.0]
6;19110.75;507.019;3552.731;73.36;226.46;2133.831;0.0;2594.0;15051.0;33069.686;5745.456;-8213.48;10.612;18;128;[2.01, 1.0, 1.0, 1.3, 1.0];[1.57, 1.813, 1.0]
7;19003.646;496.149;3516.497;73.36;221.6;2128.971;0.0;2535.0;14991.0;33069.686;5745.456;-8320.584;8.671;18;128;[2.01, 1.0, 1.3, 1.3, 1.0];[1.57, 2.032, 1.0]
8;18881.532;467.969;3422.563;70.131;206.662;2030.063;0.0;3030.0;14991.0;33069.686;5745.456;-8442.698;4.558;18;128;[2.01, 1.0, 1.3, 1.3, 1.3];[1.57, 2.032, 1.3]
9;18881.532;467.969;3422.563;70.131;206.662;2030.063;0.0;3030.0;14991.0;33069.686;5745.456;-8442.698;1.078;18;128;[2.01, 1.0, 1.3, 1.3, 1.3];[1.57, 2.032, 1.27]
10;18860.64;476.994;3452.646;55.904;205.93;1659.441;0.0;3169.0;14931.0;33069.686;5745.456;-8463.59;2.151;18;128;[2.01, 1.3, 1.3, 1.3, 1.3];[1.57, 2.032, 1.543]
11;18851.874;474.971;3445.903;62.512;207.629;1832.931;0.0;3169.0;14931.0;33069.686;5745.456;-8472.356;8.982;18;128;[2.01, 1.3, 1.3, 1.57, 1.3];[1.57, 2.229, 1.543]
12;18851.874;474.971;3445.903;62.512;207.629;1832.931;0.0;3169.0;14931.0;33069.686;5745.456;-8472.356;3.141;18;128;[2.01, 1.3, 1.3, 1.513, 1.3];[1.57, 2.229, 1.489]
13;18729.59;488.29;3490.3;61.242;212.227;1804.526;0.0;3030.0;14751.0;33069.686;5745.456;-8594.64;7.152;18;128;[2.209, 1.3, 1.3, 1.513, 1.3];[1.813, 2.229, 1.489]
14;18729.59;488.29;3490.3;61.242;212.227;1804.526;0.0;3030.0;14751.0;33069.686;5745.456;-8594.64;7.65;18;128;[2.088, 1.3, 1.3, 1.513, 1.3];[1.813, 2.106, 1.489]
15;18729.59;488.29;3490.3;61.242;212.227;1804.526;0.0;3030.0;14751.0;33069.686;5745.456;-8594.64;15.281;18;128;[2.088, 1.3, 1.3, 1.513, 1.47];[1.813, 2.195, 1.489]
16;18729.59;488.29;3490.3;61.242;212.227;1804.526;0.0;3030.0;14751.0;33069.686;5745.456;-8594.64;1.691;18;128;[2.088, 1.27, 1.3, 1.513, 1.47];[1.813, 2.075, 1.489]
17;18729.59;488.29;3490.3;61.242;212.227;1804.526;0.0;3030.0;14751.0;33069.686;5745.456;-8594.64;3.342;18;128;[2.088, 1.27, 1.47, 1.513, 1.47];[1.813, 2.075, 1.64]
18;18678.714;495.242;3513.472;79.679;224.118;2295.762;0.0;2636.0;14670.0;33069.686;5745.456;-8645.516;6.852;18;128;[2.088, 1.27, 1.723, 1.513, 1.47];[1.813, 2.268, 1.64]
19;18647.681;487.849;3488.832;74.611;217.343;2157.232;0.0;2675.0;14671.0;33069.686;5745.456;-8676.549;7.505;18;128;[2.279, 1.27, 1.723, 1.513, 1.47];[1.813, 2.441, 1.64]
20;18641.306;495.378;3513.928;73.329;221.034;2127.596;0.0;2674.0;14632.0;33069.686;5745.456;-8682.924;2.985;18;128;[2.451, 1.27, 1.723, 1.513, 1.47];[1.813, 2.441, 1.876]
21;18641.306;495.378;3513.928;73.329;221.034;2127.596;0.0;2674.0;14632.0;33069.686;5745.456;-8682.924;3.103;18;128;[2.451, 1.27, 1.723, 1.513, 1.423];[1.813, 2.441, 1.788]
22;18617.343;494.695;3511.648;71.043;219.312;2066.426;0.0;2595.0;14611.0;33069.686;5745.456;-8706.887;3.169;18;128;[2.606, 1.27, 1.723, 1.513, 1.423];[1.813, 2.441, 2.009]
23;18580.868;500.354;3530.514;68.55;219.657;2001.96;0.0;2497.0;14550.0;33069.686;5745.456;-8743.362;5.738;18;128;[2.745, 1.27, 1.723, 1.513, 1.423];[2.032, 2.441, 2.009]
24;18440.912;468.287;3423.624;68.297;208.364;1984.09;0.0;2497.0;14549.0;33069.686;5745.456;-8883.318;7.025;18;128;[2.745, 1.27, 1.951, 1.513, 1.423];[2.032, 2.597, 2.009]
25;18313.647;466.611;3418.036;66.145;205.898;1925.655;0.0;2378.0;14429.0;33069.686;5745.456;-9010.583;7.374;18;128;[2.745, 1.27, 2.156, 1.513, 1.423];[2.032, 2.737, 2.009]
26;18313.647;466.611;3418.036;66.145;205.898;1925.655;0.0;2378.0;14429.0;33069.686;5745.456;-9010.583;1.609;18;128;[2.745, 1.243, 2.156, 1.513, 1.423];[2.032, 2.737, 1.908]
27;18313.647;466.611;3418.036;66.145;205.898;1925.655;0.0;2378.0;14429.0;33069.686;5745.456;-9010.583;2.842;18;128;[2.745, 1.243, 2.156, 1.462, 1.423];[2.032, 2.737, 1.817]
28;18282.563;459.438;3394.126;66.145;204.559;1924.316;0.0;2378.0;14429.0;33069.686;5745.456;-9041.667;3.007;18;128;[2.745, 1.519, 2.156, 1.462, 1.423];[2.032, 2.863, 1.817]
29;18282.563;459.438;3394.126;66.145;204.559;1924.316;0.0;2378.0;14429.0;33069.686;5745.456;-9041.667;2.599;18;128;[2.745, 1.519, 2.04, 1.462, 1.423];[2.032, 2.863, 1.735]
30;18282.563;459.438;3394.126;66.145;204.559;1924.316;0.0;2378.0;14429.0;33069.686;5745.456;-9041.667;1.351;18;128;[2.745, 1.667, 2.04, 1.462, 1.423];[2.129, 2.863, 1.735]
31;18189.735;456.477;3384.258;62.233;201.126;1819.191;0.0;2299.0;14349.0;33069.686;5745.456;-9134.495;6.955;18;128;[2.871, 1.667, 2.04, 1.462, 1.423];[2.129, 2.977, 1.735]
32;18147.297;446.684;3351.613;65.563;201.02;1905.652;0.0;2438.0;14349.0;33069.686;5745.456;-9176.933;5.906;18;128;[2.984, 1.667, 2.04, 1.462, 1.423];[2.129, 3.079, 1.735]
33;18147.297;446.684;3351.613;65.563;201.02;1905.652;0.0;2438.0;14349.0;33069.686;5745.456;-9176.933;5.652;18;128;[2.984, 1.667, 1.936, 1.462, 1.423];[2.129, 2.871, 1.735]
34;18147.297;446.684;3351.613;65.563;201.02;1905.652;0.0;2438.0;14349.0;33069.686;5745.456;-9176.933;7.099;18;128;[2.986, 1.667, 1.936, 1.462, 1.423];[2.129, 2.884, 1.735]
35;18147.297;446.684;3351.613;65.563;201.02;1905.652;0.0;2438.0;14349.0;33069.686;5745.456;-9176.933;5.631;18;128;[2.986, 1.667, 1.842, 1.462, 1.423];[2.016, 2.884, 1.735]
36;18147.297;446.684;3351.613;65.563;201.02;1905.652;0.0;2438.0;14349.0;33069.686;5745.456;-9176.933;5.295;18;128;[2.987, 1.667, 1.842, 1.462, 1.423];[2.016, 2.896, 1.735]
37;18147.297;446.684;3351.613;65.563;201.02;1905.652;0.0;2438.0;14349.0;33069.686;5745.456;-9176.933;13.899;18;128;[2.987, 1.667, 1.842, 1.462, 1.581];[2.016, 2.906, 1.735]
38;18066.719;427.858;3288.861;58.331;187.978;1704.579;0.0;2537.0;14350.0;33069.686;5745.456;-9257.511;6.586;18;128;[2.987, 1.667, 2.058, 1.462, 1.581];[2.214, 2.906, 1.735]
39;18066.426;427.791;3288.636;60.315;189.76;1757.955;0.0;2537.0;14350.0;33069.686;5745.456;-9257.804;6.867;18;128;[3.088, 1.667, 2.058, 1.462, 1.581];[2.393, 2.906, 1.735]
40;18066.426;427.791;3288.636;60.315;189.76;1757.955;0.0;2537.0;14350.0;33069.686;5745.456;-9257.804;3.23;18;128;[2.879, 1.667, 2.058, 1.462, 1.581];[2.393, 2.906, 1.662]
41;18066.426;427.791;3288.636;60.315;189.76;1757.955;0.0;2537.0;14350.0;33069.686;5745.456;-9257.804;6.633;18;128;[2.879, 1.667, 2.058, 1.416, 1.581];[2.254, 2.906, 1.662]
42;18066.426;427.791;3288.636;60.315;189.76;1757.955;0.0;2537.0;14350.0;33069.686;5745.456;-9257.804;4.614;18;128;[2.879, 1.8, 2.058, 1.416, 1.581];[2.254, 2.915, 1.662]
43;18066.426;427.791;3288.636;60.315;189.76;1757.955;0.0;2537.0;14350.0;33069.686;5745.456;-9257.804;2.256;18;128;[2.691, 1.8, 2.058, 1.416, 1.581];[2.254, 2.915, 1.596]
44;18066.426;427.791;3288.636;60.315;189.76;1757.955;0.0;2537.0;14350.0;33069.686;5745.456;-9257.804;2.225;18;128;[2.522, 1.8, 2.058, 1.416, 1.581];[2.254, 2.915, 1.536]
45;18066.426;427.791;3288.636;60.315;189.76;1757.955;0.0;2537.0;14350.0;33069.686;5745.456;-9257.804;5.088;18;128;[2.522, 1.8, 2.058, 1.574, 1.581];[2.329, 2.915, 1.536]
46;18066.426;427.791;3288.636;60.315;189.76;1757.955;0.0;2537.0;14350.0;33069.686;5745.456;-9257.804;2.842;18;128;[2.522, 1.8, 2.058, 1.574, 1.523];[2.329, 2.915, 1.482]
47;18066.426;427.791;3288.636;60.315;189.76;1757.955;0.0;2537.0;14350.0;33069.686;5745.456;-9257.804;5.505;18;128;[2.522, 1.8, 2.058, 1.717, 1.523];[2.396, 2.915, 1.482]
48;18066.426;427.791;3288.636;60.315;189.76;1757.955;0.0;2537.0;14350.0;33069.686;5745.456;-9257.804;12.63;18;128;[2.522, 1.8, 2.058, 1.717, 1.471];[2.396, 2.724, 1.482]
49;18066.426;427.791;3288.636;60.315;189.76;1757.955;0.0;2537.0;14350.0;33069.686;5745.456;-9257.804;2.36;18;128;[2.522, 1.72, 2.058, 1.717, 1.471];[2.256, 2.724, 1.482]
610constructshop:False depot:True weather:False;19261.192;531.275;3613.917;58.24;226.989;1741.237;0.0;2790.0;15116.0;32756.906;6058.236;-7437.478;19.993;19;128;[1.0, 1.0, 1.0, 1.0, 1.0];[1.0, 1.0, 1.0]
0;19148.716;523.781;3588.936;60.782;225.979;1806.32;0.0;2671.0;15036.0;32756.906;6058.236;-7549.954;3.664;19;128;[1.0, 1.0, 1.0, 1.3, 1.0];[1.0, 1.0, 1.3]
1;19148.716;523.781;3588.936;60.782;225.979;1806.32;0.0;2671.0;15036.0;32756.906;6058.236;-7549.954;2.006;19;128;[1.0, 1.0, 1.0, 1.27, 1.0];[1.0, 1.0, 1.27]
2;19148.716;523.781;3588.936;60.782;225.979;1806.32;0.0;2671.0;15036.0;32756.906;6058.236;-7549.954;7.831;19;128;[1.0, 1.0, 1.2, 1.27, 1.0];[1.0, 1.2, 1.27]
3;19043.47;513.339;3554.131;63.058;222.757;1862.262;0.0;2692.0;14976.0;32756.906;6058.236;-7655.2;2.89;19;128;[1.0, 1.0, 1.48, 1.27, 1.0];[1.0, 1.2, 1.543]
4;18879.608;530.909;3612.698;68.789;232.177;2020.702;0.0;2455.0;14736.0;32756.906;6058.236;-7819.062;6.802;19;128;[1.3, 1.0, 1.48, 1.27, 1.0];[1.0, 1.48, 1.543]
5;18862.937;527.293;3600.644;74.389;236.543;2170.655;0.0;2455.0;14735.0;32756.906;6058.236;-7835.733;7.249;19;128;[1.57, 1.0, 1.48, 1.27, 1.0];[1.3, 1.48, 1.543]
6;18862.937;527.293;3600.644;74.389;236.543;2170.655;0.0;2455.0;14735.0;32756.906;6058.236;-7835.733;3.867;19;128;[1.513, 1.0, 1.48, 1.27, 1.0];[1.3, 1.48, 1.489]
7;18530.869;506.508;3531.361;73.789;228.196;2146.721;0.0;2257.0;14493.0;32756.906;6058.236;-8167.801;9.586;19;128;[1.513, 1.0, 1.732, 1.27, 1.0];[1.57, 1.48, 1.489]
8;18530.869;506.508;3531.361;73.789;228.196;2146.721;0.0;2257.0;14493.0;32756.906;6058.236;-8167.801;7.918;19;128;[1.513, 1.0, 1.732, 1.27, 1.0];[1.513, 1.48, 1.489]
9;18511.639;502.301;3517.338;67.721;222.889;1983.641;0.0;2257.0;14492.0;32756.906;6058.236;-8187.031;5.708;19;128;[1.513, 1.0, 1.732, 1.543, 1.0];[1.513, 1.732, 1.489]
10;18511.639;502.301;3517.338;67.721;222.889;1983.641;0.0;2257.0;14492.0;32756.906;6058.236;-8187.031;3.747;19;128;[1.513, 1.0, 1.732, 1.689, 1.0];[1.662, 1.732, 1.489]
11;18499.113;499.411;3507.702;66.505;220.529;1949.652;0.0;2257.0;14492.0;32756.906;6058.236;-8199.557;5.918;19;128;[1.513, 1.0, 1.959, 1.689, 1.0];[1.662, 1.959, 1.489]
12;18468.546;492.357;3484.189;66.505;217.329;1946.452;0.0;2257.0;14492.0;32756.906;6058.236;-8230.124;4.055;19;128;[1.513, 1.0, 1.959, 1.92, 1.0];[1.896, 1.959, 1.489]
13;18410.618;478.989;3439.629;57.93;209.158;1715.332;0.0;2257.0;14492.0;32756.906;6058.236;-8288.052;12.047;19;128;[1.513, 1.0, 1.959, 1.92, 1.3];[2.106, 1.959, 1.489]
14;18404.91;477.672;3435.238;57.93;208.52;1714.694;0.0;2257.0;14492.0;32756.906;6058.236;-8293.76;3.882;19;128;[1.513, 1.3, 1.959, 1.92, 1.3];[2.106, 2.163, 1.489]
15;18404.91;477.672;3435.238;57.93;208.52;1714.694;0.0;2257.0;14492.0;32756.906;6058.236;-8293.76;5.59;19;128;[1.513, 1.27, 1.959, 1.92, 1.3];[1.995, 2.163, 1.489]
16;18404.91;477.672;3435.238;57.93;208.52;1714.694;0.0;2257.0;14492.0;32756.906;6058.236;-8293.76;12.645;19;128;[1.513, 1.27, 1.959, 1.92, 1.47];[2.096, 2.163, 1.489]
17;18404.91;477.672;3435.238;57.93;208.52;1714.694;0.0;2257.0;14492.0;32756.906;6058.236;-8293.76;11.612;19;128;[1.513, 1.27, 1.959, 1.92, 1.423];[1.986, 2.163, 1.489]
18;18343.275;463.448;3387.827;52.862;198.275;1572.694;0.0;2257.0;14492.0;32756.906;6058.236;-8355.395;6.421;19;128;[1.513, 1.27, 2.163, 1.92, 1.423];[2.187, 2.163, 1.489]
19;18343.275;463.448;3387.827;52.862;198.275;1572.694;0.0;2257.0;14492.0;32756.906;6058.236;-8355.395;2.686;19;128;[1.462, 1.27, 2.163, 1.92, 1.423];[2.187, 2.163, 1.44]
20;18185.038;463.855;3389.183;51.269;198.251;1531.235;0.0;2238.0;14332.0;32756.906;6058.236;-8513.632;6.993;19;128;[1.716, 1.27, 2.163, 1.92, 1.423];[2.187, 2.347, 1.44]
21;18174.806;461.494;3381.312;51.399;196.985;1533.358;0.0;2238.0;14332.0;32756.906;6058.236;-8523.864;6.66;19;128;[1.716, 1.27, 2.347, 1.92, 1.423];[2.187, 2.512, 1.44]
22;18150.752;455.943;3362.809;52.655;194.76;1563.78;0.0;2238.0;14332.0;32756.906;6058.236;-8547.918;4.208;19;128;[1.716, 1.543, 2.347, 1.92, 1.423];[2.187, 2.661, 1.44]
23;18150.752;455.943;3362.809;52.655;194.76;1563.78;0.0;2238.0;14332.0;32756.906;6058.236;-8547.918;6.199;19;128;[1.716, 1.543, 2.347, 1.828, 1.423];[2.187, 2.495, 1.44]
24;18150.752;455.943;3362.809;52.655;194.76;1563.78;0.0;2238.0;14332.0;32756.906;6058.236;-8547.918;4.269;19;128;[1.716, 1.689, 2.347, 1.828, 1.423];[2.187, 2.546, 1.44]
25;18136.21;452.587;3351.623;52.654;193.385;1562.4;0.0;2238.0;14332.0;32756.906;6058.236;-8562.46;5.816;19;128;[1.716, 1.92, 2.347, 1.828, 1.423];[2.368, 2.546, 1.44]
26;18136.21;452.587;3351.623;52.654;193.385;1562.4;0.0;2238.0;14332.0;32756.906;6058.236;-8562.46;8.953;19;128;[1.716, 1.92, 2.212, 1.828, 1.423];[2.231, 2.546, 1.44]
27;18136.21;452.587;3351.623;52.654;193.385;1562.4;0.0;2238.0;14332.0;32756.906;6058.236;-8562.46;4.548;19;128;[1.716, 1.92, 2.212, 1.828, 1.381];[2.231, 2.546, 1.396]
28;18136.21;452.587;3351.623;52.654;193.385;1562.4;0.0;2238.0;14332.0;32756.906;6058.236;-8562.46;2.425;19;128;[1.716, 1.828, 2.212, 1.828, 1.381];[2.231, 2.546, 1.356]
29;18134.227;452.129;3350.098;53.539;194.042;1586.061;0.0;2238.0;14332.0;32756.906;6058.236;-8564.443;7.755;19;128;[1.716, 1.828, 2.391, 1.828, 1.381];[2.408, 2.546, 1.356]
30;18130.467;451.262;3347.206;52.655;193.218;1562.243;0.0;2238.0;14332.0;32756.906;6058.236;-8568.203;14.68;19;128;[1.716, 1.828, 2.391, 1.828, 1.643];[2.567, 2.546, 1.356]
31;18130.467;451.262;3347.206;52.655;193.218;1562.243;0.0;2238.0;14332.0;32756.906;6058.236;-8568.203;2.61;19;128;[1.716, 1.828, 2.391, 1.745, 1.643];[2.567, 2.546, 1.32]
32;18130.467;451.262;3347.206;52.655;193.218;1562.243;0.0;2238.0;14332.0;32756.906;6058.236;-8568.203;5.241;19;128;[1.644, 1.828, 2.391, 1.745, 1.643];[2.41, 2.546, 1.32]
33;18125.142;450.033;3343.109;53.393;193.73;1581.945;0.0;2238.0;14332.0;32756.906;6058.236;-8573.528;7.4;19;128;[1.644, 1.828, 2.552, 1.745, 1.643];[2.569, 2.546, 1.32]
34;18125.142;450.033;3343.109;53.393;193.73;1581.945;0.0;2238.0;14332.0;32756.906;6058.236;-8573.528;7.198;19;128;[1.644, 1.828, 2.397, 1.745, 1.643];[2.412, 2.546, 1.32]
35;18125.142;450.033;3343.109;53.393;193.73;1581.945;0.0;2238.0;14332.0;32756.906;6058.236;-8573.528;5.791;19;128;[1.644, 1.828, 2.397, 1.671, 1.643];[2.271, 2.546, 1.32]
36;18125.142;450.033;3343.109;53.393;193.73;1581.945;0.0;2238.0;14332.0;32756.906;6058.236;-8573.528;18.859;19;128;[1.644, 1.828, 2.397, 1.671, 1.579];[2.271, 2.391, 1.32]
37;18122.804;449.493;3341.311;51.052;191.957;1519.297;0.0;2238.0;14332.0;32756.906;6058.236;-8575.866;16.118;19;128;[1.644, 1.828, 2.397, 1.671, 1.821];[2.444, 2.391, 1.32]
38;18122.804;449.493;3341.311;51.052;191.957;1519.297;0.0;2238.0;14332.0;32756.906;6058.236;-8575.866;2.404;19;128;[1.644, 1.828, 2.257, 1.671, 1.821];[2.444, 2.391, 1.288]
39;18122.804;449.493;3341.311;51.052;191.957;1519.297;0.0;2238.0;14332.0;32756.906;6058.236;-8575.866;16.282;19;128;[1.644, 1.828, 2.257, 1.671, 1.939];[2.5, 2.391, 1.288]
40;18122.804;449.493;3341.311;51.052;191.957;1519.297;0.0;2238.0;14332.0;32756.906;6058.236;-8575.866;3.983;19;128;[1.644, 1.828, 2.257, 1.671, 1.845];[2.5, 2.391, 1.259]
41;18122.804;449.493;3341.311;51.052;191.957;1519.297;0.0;2238.0;14332.0;32756.906;6058.236;-8575.866;15.818;19;128;[1.644, 1.828, 2.257, 1.671, 1.761];[2.5, 2.252, 1.259]
42;18122.804;449.493;3341.311;51.052;191.957;1519.297;0.0;2238.0;14332.0;32756.906;6058.236;-8575.866;16.263;19;128;[1.644, 1.828, 2.257, 1.671, 1.885];[2.5, 2.327, 1.259]
43;18122.804;449.493;3341.311;51.052;191.957;1519.297;0.0;2238.0;14332.0;32756.906;6058.236;-8575.866;5.823;19;128;[1.644, 1.828, 2.257, 1.604, 1.885];[2.5, 2.194, 1.259]
44;18122.804;449.493;3341.311;51.052;191.957;1519.297;0.0;2238.0;14332.0;32756.906;6058.236;-8575.866;16.983;19;128;[1.644, 1.828, 2.257, 1.604, 1.797];[2.35, 2.194, 1.259]
45;18122.804;449.493;3341.311;51.052;191.957;1519.297;0.0;2238.0;14332.0;32756.906;6058.236;-8575.866;7.021;19;128;[1.78, 1.828, 2.257, 1.604, 1.797];[2.35, 2.275, 1.259]
46;18122.804;449.493;3341.311;51.052;191.957;1519.297;0.0;2238.0;14332.0;32756.906;6058.236;-8575.866;3.31;19;128;[1.78, 1.745, 2.257, 1.604, 1.797];[2.35, 2.147, 1.259]
47;18122.804;449.493;3341.311;51.052;191.957;1519.297;0.0;2238.0;14332.0;32756.906;6058.236;-8575.866;17.758;19;128;[1.78, 1.745, 2.257, 1.604, 1.917];[2.415, 2.147, 1.259]
48;18122.804;449.493;3341.311;51.052;191.957;1519.297;0.0;2238.0;14332.0;32756.906;6058.236;-8575.866;2.961;19;128;[1.78, 1.745, 2.257, 1.544, 1.917];[2.415, 2.147, 1.233]
49;18122.804;449.493;3341.311;51.052;191.957;1519.297;0.0;2238.0;14332.0;32756.906;6058.236;-8575.866;2.014;19;128;[1.78, 1.871, 2.257, 1.544, 1.917];[2.474, 2.147, 1.233]
611constructshop:False depot:True weather:False;19025.319;533.843;3637.476;52.655;230.414;1599.445;0.0;2295.0;14854.0;33032.402;5782.74;-8224.343;26.678;19;128;[1.0, 1.0, 1.0, 1.0, 1.0];[1.0, 1.0, 1.0]
0;19025.319;533.843;3637.476;52.655;230.414;1599.445;0.0;2295.0;14854.0;33032.402;5782.74;-8224.343;4.416;19;128;[1.0, 1.0, 1.0, 1.0, 1.0];[1.0, 1.0, 1.0]
1;18870.788;521.49;3596.298;54.317;224.746;1636.975;0.0;2236.0;14753.0;33032.402;5782.74;-8378.874;9.435;18;128;[1.0, 1.0, 1.0, 1.3, 1.0];[1.3, 1.0, 1.0]
2;18840.77;528.639;3620.131;73.415;241.578;2150.356;0.0;2098.0;14692.0;33032.402;5782.74;-8408.892;10.697;18;128;[1.0, 1.0, 1.3, 1.3, 1.0];[1.3, 1.3, 1.0]
3;18629.94;507.679;3550.262;64.525;224.425;1902.072;0.0;1979.0;14572.0;33032.402;5782.74;-8619.722;10.161;18;128;[1.0, 1.0, 1.57, 1.3, 1.0];[1.3, 1.57, 1.0]
4;18629.94;507.679;3550.262;64.525;224.425;1902.072;0.0;1979.0;14572.0;33032.402;5782.74;-8619.722;7.432;18;128;[1.0, 1.0, 1.57, 1.3, 1.0];[1.3, 1.57, 1.0]
5;18629.94;507.679;3550.262;64.525;224.425;1902.072;0.0;1979.0;14572.0;33032.402;5782.74;-8619.722;9.869;18;128;[1.0, 1.0, 1.57, 1.3, 1.0];[1.27, 1.57, 1.0]
6;18468.066;498.015;3518.051;66.313;222.269;1946.4;0.0;1979.0;14452.0;33032.402;5782.74;-8781.596;2.084;18;128;[1.0, 1.3, 1.57, 1.3, 1.0];[1.543, 1.57, 1.0]
7;18468.066;498.015;3518.051;66.313;222.269;1946.4;0.0;1979.0;14452.0;33032.402;5782.74;-8781.596;4.086;18;128;[1.0, 1.3, 1.513, 1.3, 1.0];[1.543, 1.57, 1.0]
8;18468.066;498.015;3518.051;66.313;222.269;1946.4;0.0;1979.0;14452.0;33032.402;5782.74;-8781.596;18.669;18;128;[1.0, 1.3, 1.513, 1.3, 1.0];[1.489, 1.57, 1.0]
9;18468.066;498.015;3518.051;66.313;222.269;1946.4;0.0;1979.0;14452.0;33032.402;5782.74;-8781.596;5.064;18;128;[1.0, 1.3, 1.513, 1.3, 1.0];[1.489, 1.57, 1.0]
10;18468.066;498.015;3518.051;66.313;222.269;1946.4;0.0;1979.0;14452.0;33032.402;5782.74;-8781.596;11.289;18;128;[1.0, 1.3, 1.513, 1.47, 1.0];[1.489, 1.713, 1.0]
11;18468.066;498.015;3518.051;66.313;222.269;1946.4;0.0;1979.0;14452.0;33032.402;5782.74;-8781.596;10.013;18;128;[1.0, 1.3, 1.513, 1.423, 1.0];[1.44, 1.713, 1.0]
12;18416.681;499.772;3523.908;57.964;213.718;1720.785;0.0;1979.0;14393.0;33032.402;5782.74;-8832.981;23.562;18;128;[1.0, 1.3, 1.513, 1.423, 1.3];[1.44, 1.942, 1.0]
13;18416.681;499.772;3523.908;57.964;213.718;1720.785;0.0;1979.0;14393.0;33032.402;5782.74;-8832.981;11.145;18;128;[1.0, 1.27, 1.513, 1.423, 1.3];[1.44, 1.848, 1.0]
14;18416.681;499.772;3523.908;57.964;213.718;1720.785;0.0;1979.0;14393.0;33032.402;5782.74;-8832.981;6.135;18;128;[1.0, 1.243, 1.513, 1.423, 1.3];[1.44, 1.763, 1.0]
15;18230.715;498.396;3519.319;60.069;214.567;1776.373;0.0;1840.0;14213.0;33032.402;5782.74;-9018.947;8.966;18;128;[1.0, 1.243, 1.762, 1.423, 1.3];[1.696, 1.763, 1.0]
16;18230.715;498.396;3519.319;60.069;214.567;1776.373;0.0;1840.0;14213.0;33032.402;5782.74;-9018.947;8.52;18;128;[1.0, 1.243, 1.686, 1.423, 1.3];[1.696, 1.687, 1.0]
17;18230.715;498.396;3519.319;60.069;214.567;1776.373;0.0;1840.0;14213.0;33032.402;5782.74;-9018.947;5.092;18;128;[1.0, 1.243, 1.686, 1.423, 1.27];[1.696, 1.687, 1.0]
18;18230.715;498.396;3519.319;60.069;214.567;1776.373;0.0;1840.0;14213.0;33032.402;5782.74;-9018.947;3.234;18;128;[1.0, 1.419, 1.686, 1.423, 1.27];[1.826, 1.687, 1.0]
19;18230.715;498.396;3519.319;60.069;214.567;1776.373;0.0;1840.0;14213.0;33032.402;5782.74;-9018.947;7.529;18;128;[1.0, 1.419, 1.617, 1.423, 1.27];[1.743, 1.687, 1.0]
20;18230.715;498.396;3519.319;60.069;214.567;1776.373;0.0;1840.0;14213.0;33032.402;5782.74;-9018.947;4.405;18;128;[1.0, 1.419, 1.617, 1.423, 1.27];[1.743, 1.687, 1.0]
21;18230.715;498.396;3519.319;60.069;214.567;1776.373;0.0;1840.0;14213.0;33032.402;5782.74;-9018.947;9.494;18;128;[1.0, 1.419, 1.555, 1.423, 1.27];[1.669, 1.687, 1.0]
22;18230.715;498.396;3519.319;60.069;214.567;1776.373;0.0;1840.0;14213.0;33032.402;5782.74;-9018.947;10.129;18;128;[1.0, 1.419, 1.555, 1.581, 1.27];[1.802, 1.687, 1.0]
23;18230.715;498.396;3519.319;60.069;214.567;1776.373;0.0;1840.0;14213.0;33032.402;5782.74;-9018.947;7.368;18;128;[1.0, 1.419, 1.7, 1.581, 1.27];[1.802, 1.818, 1.0]
24;18230.715;498.396;3519.319;60.069;214.567;1776.373;0.0;1840.0;14213.0;33032.402;5782.74;-9018.947;2.68;18;128;[1.0, 1.419, 1.7, 1.523, 1.27];[1.802, 1.818, 1.0]
25;18230.715;498.396;3519.319;60.069;214.567;1776.373;0.0;1840.0;14213.0;33032.402;5782.74;-9018.947;9.707;18;128;[1.0, 1.419, 1.7, 1.471, 1.27];[1.802, 1.736, 1.0]
26;18230.715;498.396;3519.319;60.069;214.567;1776.373;0.0;1840.0;14213.0;33032.402;5782.74;-9018.947;8.083;18;128;[1.0, 1.419, 1.7, 1.624, 1.27];[1.922, 1.736, 1.0]
27;18230.715;498.396;3519.319;60.069;214.567;1776.373;0.0;1840.0;14213.0;33032.402;5782.74;-9018.947;8.955;18;128;[1.0, 1.419, 1.7, 1.562, 1.27];[1.922, 1.662, 1.0]
28;18230.715;498.396;3519.319;60.069;214.567;1776.373;0.0;1840.0;14213.0;33032.402;5782.74;-9018.947;19.046;18;128;[1.0, 1.419, 1.7, 1.562, 1.443];[1.922, 1.796, 1.0]
29;18230.715;498.396;3519.319;60.069;214.567;1776.373;0.0;1840.0;14213.0;33032.402;5782.74;-9018.947;7.735;18;128;[1.0, 1.419, 1.7, 1.562, 1.443];[1.83, 1.796, 1.0]
30;18230.715;498.396;3519.319;60.069;214.567;1776.373;0.0;1840.0;14213.0;33032.402;5782.74;-9018.947;3.715;18;128;[1.0, 1.419, 1.7, 1.562, 1.399];[1.83, 1.796, 1.0]
31;18230.715;498.396;3519.319;60.069;214.567;1776.373;0.0;1840.0;14213.0;33032.402;5782.74;-9018.947;8.501;18;128;[1.0, 1.419, 1.7, 1.706, 1.399];[1.947, 1.796, 1.0]
32;18230.715;498.396;3519.319;60.069;214.567;1776.373;0.0;1840.0;14213.0;33032.402;5782.74;-9018.947;18.731;18;128;[1.0, 1.419, 1.7, 1.706, 1.559];[1.947, 1.916, 1.0]
33;18230.715;498.396;3519.319;60.069;214.567;1776.373;0.0;1840.0;14213.0;33032.402;5782.74;-9018.947;8.013;18;128;[1.0, 1.419, 1.7, 1.635, 1.559];[1.947, 1.824, 1.0]
34;18230.715;498.396;3519.319;60.069;214.567;1776.373;0.0;1840.0;14213.0;33032.402;5782.74;-9018.947;7.932;18;128;[1.0, 1.419, 1.7, 1.772, 1.559];[1.947, 1.942, 1.0]
35;18230.715;498.396;3519.319;60.069;214.567;1776.373;0.0;1840.0;14213.0;33032.402;5782.74;-9018.947;8.921;18;128;[1.0, 1.419, 1.63, 1.772, 1.559];[1.852, 1.942, 1.0]
36;18230.715;498.396;3519.319;60.069;214.567;1776.373;0.0;1840.0;14213.0;33032.402;5782.74;-9018.947;4.218;18;128;[1.0, 1.577, 1.63, 1.772, 1.559];[1.852, 2.048, 1.0]
37;18230.715;498.396;3519.319;60.069;214.567;1776.373;0.0;1840.0;14213.0;33032.402;5782.74;-9018.947;6.807;18;128;[1.0, 1.577, 1.63, 1.895, 1.559];[1.852, 2.143, 1.0]
38;18230.715;498.396;3519.319;60.069;214.567;1776.373;0.0;1840.0;14213.0;33032.402;5782.74;-9018.947;2.721;18;128;[1.0, 1.577, 1.767, 1.895, 1.559];[1.852, 2.143, 1.2]
39;18230.715;498.396;3519.319;60.069;214.567;1776.373;0.0;1840.0;14213.0;33032.402;5782.74;-9018.947;8.26;18;128;[1.0, 1.577, 1.767, 1.895, 1.559];[1.767, 2.143, 1.2]
40;18230.715;498.396;3519.319;60.069;214.567;1776.373;0.0;1840.0;14213.0;33032.402;5782.74;-9018.947;6.622;18;128;[1.0, 1.577, 1.767, 1.895, 1.559];[1.767, 2.029, 1.2]
41;18230.715;498.396;3519.319;60.069;214.567;1776.373;0.0;1840.0;14213.0;33032.402;5782.74;-9018.947;8.907;18;128;[1.0, 1.719, 1.767, 1.895, 1.559];[1.89, 2.029, 1.2]
42;18218.905;454.594;3373.312;83.955;219.381;2402.203;0.0;2374.0;14391.0;33032.402;5782.74;-9030.757;7.43;18;128;[1.0, 1.719, 1.767, 2.106, 1.559];[1.89, 2.226, 1.2]
43;18218.905;454.594;3373.312;83.955;219.381;2402.203;0.0;2374.0;14391.0;33032.402;5782.74;-9030.757;5.047;18;128;[1.0, 1.647, 1.767, 2.106, 1.559];[1.801, 2.226, 1.2]
44;18200.872;450.432;3359.44;83.955;217.933;2400.754;0.0;2374.0;14391.0;33032.402;5782.74;-9048.79;6.984;18;128;[1.0, 1.647, 1.767, 2.295, 1.559];[2.021, 2.226, 1.2]
45;18096.264;444.523;3339.742;85.181;215.94;2430.653;0.0;2374.0;14312.0;33032.402;5782.74;-9153.398;18.07;18;128;[1.0, 1.647, 1.767, 2.295, 1.803];[2.219, 2.226, 1.2]
46;18096.264;444.523;3339.742;85.181;215.94;2430.653;0.0;2374.0;14312.0;33032.402;5782.74;-9153.398;3.337;18;128;[1.0, 1.782, 1.767, 2.295, 1.803];[2.297, 2.226, 1.2]
47;18096.264;444.523;3339.742;85.181;215.94;2430.653;0.0;2374.0;14312.0;33032.402;5782.74;-9153.398;15.437;18;128;[1.0, 1.782, 1.767, 2.295, 1.723];[2.167, 2.226, 1.2]
48;18096.264;444.523;3339.742;85.181;215.94;2430.653;0.0;2374.0;14312.0;33032.402;5782.74;-9153.398;6.952;18;128;[1.0, 1.782, 1.69, 2.295, 1.723];[2.05, 2.226, 1.2]
49;18096.264;444.523;3339.742;85.181;215.94;2430.653;0.0;2374.0;14312.0;33032.402;5782.74;-9153.398;15.453;18;128;[1.0, 1.782, 1.69, 2.295, 1.851];[2.05, 2.303, 1.2]
612constructshop:False depot:True weather:False;19058.973;533.609;3666.364;76.5;237.894;2226.901;0.0;2470.0;14859.0;32933.266;5881.876;-7992.417;23.755;19;128;[1.0, 1.0, 1.0, 1.0, 1.0];[1.0, 1.0, 1.0]
0;19058.973;533.609;3666.364;76.5;237.894;2226.901;0.0;2470.0;14859.0;32933.266;5881.876;-7992.417;5.755;19;128;[1.0, 1.0, 1.0, 1.0, 1.0];[1.0, 1.0, 1.0]
1;19135.483;526.573;3610.91;74.109;234.538;2161.365;0.0;2549.0;14998.0;33147.002;5668.14;-8343.379;4.244;18;128;[1.3, 1.0, 1.0, 1.0, 1.0];[1.0, 1.0, 1.3]
2;19074.79;517.875;3581.916;77.733;232.183;2253.24;0.0;2491.0;14975.0;33147.002;5668.14;-8404.072;9.945;18;128;[1.57, 1.0, 1.0, 1.0, 1.0];[1.0, 1.3, 1.3]
3;19074.79;517.875;3581.916;77.733;232.183;2253.24;0.0;2491.0;14975.0;33147.002;5668.14;-8404.072;7.992;18;128;[1.513, 1.0, 1.0, 1.0, 1.0];[1.0, 1.27, 1.3]
4;19074.79;517.875;3581.916;77.733;232.183;2253.24;0.0;2491.0;14975.0;33147.002;5668.14;-8404.072;3.583;18;128;[1.462, 1.0, 1.0, 1.0, 1.0];[1.0, 1.27, 1.27]
5;19074.79;517.875;3581.916;77.733;232.183;2253.24;0.0;2491.0;14975.0;33147.002;5668.14;-8404.072;2.21;18;128;[1.462, 1.2, 1.0, 1.0, 1.0];[1.0, 1.443, 1.27]
6;19074.79;517.875;3581.916;77.733;232.183;2253.24;0.0;2491.0;14975.0;33147.002;5668.14;-8404.072;4.284;18;128;[1.416, 1.2, 1.0, 1.0, 1.0];[1.0, 1.443, 1.243]
7;19074.79;517.875;3581.916;77.733;232.183;2253.24;0.0;2491.0;14975.0;33147.002;5668.14;-8404.072;4.338;18;128;[1.416, 1.2, 1.0, 1.0, 1.0];[1.0, 1.443, 1.219]
8;19074.79;517.875;3581.916;77.733;232.183;2253.24;0.0;2491.0;14975.0;33147.002;5668.14;-8404.072;1.259;18;128;[1.416, 1.18, 1.0, 1.0, 1.0];[1.0, 1.399, 1.219]
9;18894.816;531.957;3628.858;79.343;239.065;2301.988;0.0;2138.0;14734.0;33147.002;5668.14;-8584.046;10.01;18;128;[1.674, 1.18, 1.0, 1.0, 1.0];[1.0, 1.659, 1.219]
10;18894.816;531.957;3628.858;79.343;239.065;2301.988;0.0;2138.0;14734.0;33147.002;5668.14;-8584.046;3.411;18;128;[1.674, 1.162, 1.0, 1.0, 1.0];[1.0, 1.593, 1.219]
11;18893.879;504.049;3535.83;56.071;217.824;1675.663;0.0;2394.0;14854.0;33147.002;5668.14;-8584.983;3.589;18;128;[1.674, 1.162, 1.0, 1.0, 1.3];[1.0, 1.593, 1.497]
12;18893.879;504.049;3535.83;56.071;217.824;1675.663;0.0;2394.0;14854.0;33147.002;5668.14;-8584.983;2.695;18;128;[1.607, 1.162, 1.0, 1.0, 1.3];[1.0, 1.593, 1.447]
13;18893.879;504.049;3535.83;56.071;217.824;1675.663;0.0;2394.0;14854.0;33147.002;5668.14;-8584.983;6.393;18;128;[1.546, 1.162, 1.0, 1.0, 1.3];[1.0, 1.534, 1.447]
14;18880.387;501.397;3526.99;61.255;219.782;1812.422;0.0;2236.0;14852.0;33147.002;5668.14;-8598.475;1.684;18;128;[1.546, 1.446, 1.0, 1.0, 1.3];[1.0, 1.534, 1.702]
15;18880.387;501.397;3526.99;61.255;219.782;1812.422;0.0;2236.0;14852.0;33147.002;5668.14;-8598.475;18.447;18;128;[1.546, 1.446, 1.0, 1.0, 1.27];[1.0, 1.481, 1.702]
16;18705.346;502.772;3531.574;64.96;223.759;1912.724;0.0;2236.0;14671.0;33147.002;5668.14;-8773.516;4.748;18;128;[1.546, 1.701, 1.0, 1.0, 1.27];[1.3, 1.481, 1.702]
17;18647.075;493.94;3502.135;76.628;228.882;2221.209;0.0;2236.0;14651.0;33147.002;5668.14;-8831.787;7.972;18;128;[1.791, 1.701, 1.0, 1.0, 1.27];[1.3, 1.733, 1.702]
18;18647.075;493.94;3502.135;76.628;228.882;2221.209;0.0;2236.0;14651.0;33147.002;5668.14;-8831.787;3.495;18;128;[1.712, 1.701, 1.0, 1.0, 1.27];[1.3, 1.733, 1.632]
19;18647.075;493.94;3502.135;76.628;228.882;2221.209;0.0;2236.0;14651.0;33147.002;5668.14;-8831.787;3.037;18;128;[1.712, 1.701, 1.0, 1.0, 1.27];[1.3, 1.733, 1.569]
20;18647.075;493.94;3502.135;76.628;228.882;2221.209;0.0;2236.0;14651.0;33147.002;5668.14;-8831.787;3.878;18;128;[1.641, 1.701, 1.0, 1.0, 1.27];[1.3, 1.733, 1.512]
21;18638.953;492.066;3495.887;72.967;227.646;2124.799;0.0;2236.0;14651.0;33147.002;5668.14;-8839.909;1.446;18;128;[1.641, 1.931, 1.0, 1.0, 1.27];[1.3, 1.733, 1.761]
22;18638.953;492.066;3495.887;72.967;227.646;2124.799;0.0;2236.0;14651.0;33147.002;5668.14;-8839.909;3.204;18;128;[1.641, 1.931, 1.0, 1.0, 1.27];[1.3, 1.733, 1.685]
23;18634.959;486.529;3477.43;76.745;227.293;2222.671;0.0;2255.0;14671.0;33147.002;5668.14;-8843.903;1.293;18;128;[1.641, 1.931, 1.0, 1.3, 1.27];[1.3, 1.733, 1.917]
24;18634.959;486.529;3477.43;76.745;227.293;2222.671;0.0;2255.0;14671.0;33147.002;5668.14;-8843.903;6.815;18;128;[1.577, 1.931, 1.0, 1.3, 1.27];[1.27, 1.733, 1.917]
25;18634.959;486.529;3477.43;76.745;227.293;2222.671;0.0;2255.0;14671.0;33147.002;5668.14;-8843.903;15.97;18;128;[1.577, 1.931, 1.0, 1.3, 1.243];[1.27, 1.66, 1.917]
26;18634.959;486.529;3477.43;76.745;227.293;2222.671;0.0;2255.0;14671.0;33147.002;5668.14;-8843.903;5.747;18;128;[1.519, 1.931, 1.0, 1.3, 1.243];[1.243, 1.66, 1.917]
27;18634.959;486.529;3477.43;76.745;227.293;2222.671;0.0;2255.0;14671.0;33147.002;5668.14;-8843.903;14.547;18;128;[1.519, 1.931, 1.0, 1.3, 1.419];[1.243, 1.794, 1.917]
28;18634.959;486.529;3477.43;76.745;227.293;2222.671;0.0;2255.0;14671.0;33147.002;5668.14;-8843.903;3.235;18;128;[1.467, 1.931, 1.0, 1.3, 1.419];[1.243, 1.794, 1.825]
29;18602.699;488.315;3483.384;53.843;214.167;1614.092;0.0;2255.0;14631.0;33147.002;5668.14;-8876.163;1.604;18;128;[1.467, 2.138, 1.0, 1.3, 1.419];[1.243, 1.794, 2.042]
30;18602.699;488.315;3483.384;53.843;214.167;1614.092;0.0;2255.0;14631.0;33147.002;5668.14;-8876.163;2.629;18;128;[1.42, 2.138, 1.0, 1.3, 1.419];[1.243, 1.794, 1.938]
31;18602.699;488.315;3483.384;53.843;214.167;1614.092;0.0;2255.0;14631.0;33147.002;5668.14;-8876.163;5.192;18;128;[1.42, 2.024, 1.0, 1.3, 1.419];[1.243, 1.715, 1.938]
32;18524.153;483.804;3468.348;59.254;213.29;1753.905;0.0;2275.0;14572.0;33147.002;5668.14;-8954.709;8.71;18;128;[1.42, 2.024, 1.0, 1.57, 1.419];[1.243, 1.944, 1.938]
33;18493.325;476.691;3444.635;56.766;209.078;1685.005;0.0;2275.0;14572.0;33147.002;5668.14;-8985.537;7.784;18;128;[1.678, 2.024, 1.0, 1.57, 1.419];[1.243, 2.15, 1.938]
34;18414.079;476.864;3445.215;55.984;208.166;1663.749;0.0;2196.0;14492.0;33147.002;5668.14;-9064.783;7.054;18;128;[1.91, 2.024, 1.0, 1.57, 1.419];[1.519, 2.15, 1.938]
35;18406.898;475.669;3441.229;56.527;209.354;1679.056;0.0;2058.0;14490.0;33147.002;5668.14;-9071.964;4.798;18;128;[1.91, 2.024, 1.3, 1.57, 1.419];[1.519, 2.335, 1.938]
36;18406.898;475.669;3441.229;56.527;209.354;1679.056;0.0;2058.0;14490.0;33147.002;5668.14;-9071.964;3.075;18;128;[1.91, 2.024, 1.3, 1.513, 1.419];[1.519, 2.335, 1.844]
37;18406.898;475.669;3441.229;56.527;209.354;1679.056;0.0;2058.0;14490.0;33147.002;5668.14;-9071.964;4.213;18;128;[1.91, 1.922, 1.3, 1.513, 1.419];[1.519, 2.202, 1.844]
38;18406.898;475.669;3441.229;56.527;209.354;1679.056;0.0;2058.0;14490.0;33147.002;5668.14;-9071.964;2.515;18;128;[1.91, 1.922, 1.27, 1.513, 1.419];[1.519, 2.202, 1.76]
39;18406.898;475.669;3441.229;56.527;209.354;1679.056;0.0;2058.0;14490.0;33147.002;5668.14;-9071.964;6.932;18;128;[1.91, 1.922, 1.27, 1.662, 1.419];[1.519, 2.282, 1.76]
40;18406.898;475.669;3441.229;56.527;209.354;1679.056;0.0;2058.0;14490.0;33147.002;5668.14;-9071.964;13.847;18;128;[1.91, 1.922, 1.27, 1.662, 1.377];[1.519, 2.154, 1.76]
41;18406.898;475.669;3441.229;56.527;209.354;1679.056;0.0;2058.0;14490.0;33147.002;5668.14;-9071.964;3.23;18;128;[1.819, 1.922, 1.27, 1.662, 1.377];[1.519, 2.154, 1.684]
42;18406.898;475.669;3441.229;56.527;209.354;1679.056;0.0;2058.0;14490.0;33147.002;5668.14;-9071.964;3.059;18;128;[1.819, 1.83, 1.27, 1.662, 1.377];[1.467, 2.154, 1.684]
43;18406.898;475.669;3441.229;56.527;209.354;1679.056;0.0;2058.0;14490.0;33147.002;5668.14;-9071.964;7.896;18;128;[1.819, 1.83, 1.27, 1.596, 1.377];[1.467, 2.039, 1.684]
44;18406.898;475.669;3441.229;56.527;209.354;1679.056;0.0;2058.0;14490.0;33147.002;5668.14;-9071.964;2.739;18;128;[1.737, 1.83, 1.27, 1.596, 1.377];[1.467, 2.039, 1.616]
45;18406.898;475.669;3441.229;56.527;209.354;1679.056;0.0;2058.0;14490.0;33147.002;5668.14;-9071.964;5.53;18;128;[1.737, 1.83, 1.243, 1.596, 1.377];[1.467, 1.935, 1.616]
46;18406.898;475.669;3441.229;56.527;209.354;1679.056;0.0;2058.0;14490.0;33147.002;5668.14;-9071.964;4.343;18;128;[1.737, 1.83, 1.219, 1.596, 1.377];[1.42, 1.935, 1.616]
47;18406.898;475.669;3441.229;56.527;209.354;1679.056;0.0;2058.0;14490.0;33147.002;5668.14;-9071.964;2.182;18;128;[1.737, 1.83, 1.219, 1.536, 1.377];[1.42, 1.935, 1.554]
48;18406.898;475.669;3441.229;56.527;209.354;1679.056;0.0;2058.0;14490.0;33147.002;5668.14;-9071.964;14.338;18;128;[1.737, 1.83, 1.219, 1.536, 1.539];[1.578, 1.935, 1.554]
49;18406.898;475.669;3441.229;56.527;209.354;1679.056;0.0;2058.0;14490.0;33147.002;5668.14;-9071.964;3.919;18;128;[1.737, 1.83, 1.219, 1.536, 1.485];[1.578, 1.935, 1.499]
613constructshop:False depot:True weather:False;19821.267;516.985;3566.282;80.347;235.265;2324.299;0.0;3401.0;15738.0;32756.906;6058.236;-6877.403;21.495;19;128;[1.0, 1.0, 1.0, 1.0, 1.0];[1.0, 1.0, 1.0]
0;19821.267;516.985;3566.282;80.347;235.265;2324.299;0.0;3401.0;15738.0;32756.906;6058.236;-6877.403;8.651;19;128;[1.0, 1.0, 1.0, 1.0, 1.0];[1.0, 1.0, 1.0]
1;19821.267;516.985;3566.282;80.347;235.265;2324.299;0.0;3401.0;15738.0;32756.906;6058.236;-6877.403;5.765;19;128;[1.0, 1.0, 1.0, 1.2, 1.0];[1.0, 1.2, 1.0]
2;19821.267;516.985;3566.282;80.347;235.265;2324.299;0.0;3401.0;15738.0;32756.906;6058.236;-6877.403;3.017;19;128;[1.0, 1.0, 1.0, 1.18, 1.0];[1.0, 1.2, 1.0]
3;19821.267;516.985;3566.282;80.347;235.265;2324.299;0.0;3401.0;15738.0;32756.906;6058.236;-6877.403;0.67;19;128;[1.0, 1.2, 1.0, 1.18, 1.0];[1.2, 1.2, 1.0]
4;19821.267;516.985;3566.282;80.347;235.265;2324.299;0.0;3401.0;15738.0;32756.906;6058.236;-6877.403;1.94;19;128;[1.0, 1.18, 1.0, 1.18, 1.0];[1.18, 1.2, 1.0]
5;19767.912;513.441;3554.471;80.814;234.696;2335.851;0.0;3658.0;15700.0;32756.906;6058.236;-6930.758;3.71;19;128;[1.0, 1.462, 1.0, 1.18, 1.0];[1.462, 1.2, 1.0]
6;19767.912;513.441;3554.471;80.814;234.696;2335.851;0.0;3658.0;15700.0;32756.906;6058.236;-6930.758;1.247;19;128;[1.0, 1.616, 1.0, 1.18, 1.0];[1.616, 1.2, 1.0]
7;19677.865;515.969;3562.896;86.021;239.335;2475.885;0.0;3500.0;15599.0;32756.906;6058.236;-7020.805;3.595;19;128;[1.3, 1.616, 1.0, 1.18, 1.0];[1.616, 1.2, 1.3]
8;19496.071;497.785;3502.285;82.566;228.475;2375.192;0.0;3264.0;15496.0;32756.906;6058.236;-7202.6;7.392;19;128;[1.3, 1.616, 1.3, 1.18, 1.0];[1.616, 1.48, 1.3]
9;19353.525;506.198;3530.327;76.6;229.602;2221.203;0.0;3185.0;15317.0;32756.906;6058.236;-7345.145;5.773;19;128;[1.3, 1.616, 1.3, 1.462, 1.0];[1.854, 1.48, 1.3]
10;19353.525;506.198;3530.327;76.6;229.602;2221.203;0.0;3185.0;15317.0;32756.906;6058.236;-7345.145;5.398;19;128;[1.3, 1.616, 1.3, 1.416, 1.0];[1.854, 1.432, 1.3]
11;19149.166;504.961;3526.204;75.268;227.632;2184.588;0.0;3006.0;15118.0;32756.906;6058.236;-7549.504;8.03;19;128;[1.3, 1.616, 1.57, 1.416, 1.0];[2.069, 1.432, 1.3]
12;18877.367;465.546;3394.821;80.183;216.145;2300.896;0.0;2848.0;15017.0;32756.906;6058.236;-7821.303;19.311;19;128;[1.3, 1.616, 1.57, 1.416, 1.3];[2.069, 1.689, 1.3]
13;18851.971;460.378;3377.593;80.36;215.808;2305.159;0.0;2670.0;15014.0;32756.906;6058.236;-7846.699;6.262;19;128;[1.3, 1.616, 1.57, 1.674, 1.3];[2.262, 1.689, 1.3]
14;18851.971;460.378;3377.593;80.36;215.808;2305.159;0.0;2670.0;15014.0;32756.906;6058.236;-7846.699;3.501;19;128;[1.3, 1.554, 1.57, 1.674, 1.3];[2.262, 1.62, 1.3]
15;18773.918;470.52;3411.398;69.12;212.461;2009.574;0.0;2809.0;14892.0;32756.906;6058.236;-7924.752;17.529;19;128;[1.3, 1.554, 1.57, 1.674, 1.57];[2.436, 1.62, 1.3]
16;18690.667;479.0;3439.667;81.727;223.925;2348.821;0.0;2690.0;14772.0;32756.906;6058.236;-8008.003;7.904;19;128;[1.3, 1.554, 1.813, 1.674, 1.57];[2.592, 1.62, 1.3]
17;18662.689;472.544;3418.146;88.099;226.14;2516.721;0.0;2690.0;14772.0;32756.906;6058.236;-8035.981;15.862;19;128;[1.3, 1.554, 1.813, 1.674, 1.813];[2.592, 1.858, 1.3]
18;18662.689;472.544;3418.146;88.099;226.14;2516.721;0.0;2690.0;14772.0;32756.906;6058.236;-8035.981;1.738;19;128;[1.3, 1.699, 1.813, 1.674, 1.813];[2.633, 1.858, 1.3]
19;18611.865;460.815;3379.05;87.838;220.578;2504.371;0.0;2690.0;14772.0;32756.906;6058.236;-8086.805;3.948;19;128;[1.3, 1.929, 1.813, 1.674, 1.813];[2.77, 1.858, 1.3]
20;18585.051;454.627;3358.424;81.466;213.156;2331.265;0.0;2690.0;14772.0;32756.906;6058.236;-8113.619;14.073;19;128;[1.3, 1.929, 1.813, 1.674, 2.032];[2.893, 1.858, 1.3]
21;18316.256;457.213;3367.043;72.694;209.064;2099.096;0.0;2413.0;14492.0;32756.906;6058.236;-8382.414;4.005;19;128;[1.3, 2.136, 1.813, 1.674, 2.032];[3.004, 1.858, 1.3]
22;18316.256;457.213;3367.043;72.694;209.064;2099.096;0.0;2413.0;14492.0;32756.906;6058.236;-8382.414;14.066;19;128;[1.3, 2.136, 1.813, 1.674, 2.129];[3.004, 1.858, 1.3]
23;18144.842;449.964;3342.878;75.169;209.121;2163.503;0.0;2274.0;14352.0;32756.906;6058.236;-8553.828;6.601;19;128;[1.57, 2.136, 1.813, 1.674, 2.129];[3.104, 1.858, 1.3]
24;18144.842;449.964;3342.878;75.169;209.121;2163.503;0.0;2274.0;14352.0;32756.906;6058.236;-8553.828;1.18;19;128;[1.57, 2.222, 1.813, 1.674, 2.129];[3.094, 1.858, 1.3]
25;18144.842;449.964;3342.878;75.169;209.121;2163.503;0.0;2274.0;14352.0;32756.906;6058.236;-8553.828;3.923;19;128;[1.57, 2.222, 1.813, 1.674, 2.016];[3.094, 1.858, 1.27]
26;18144.842;449.964;3342.878;75.169;209.121;2163.503;0.0;2274.0;14352.0;32756.906;6058.236;-8553.828;5.69;19;128;[1.57, 2.222, 1.732, 1.674, 2.016];[2.885, 1.858, 1.27]
27;18144.842;449.964;3342.878;75.169;209.121;2163.503;0.0;2274.0;14352.0;32756.906;6058.236;-8553.828;2.372;19;128;[1.57, 2.3, 1.732, 1.674, 2.016];[2.885, 1.972, 1.27]
28;18129.846;446.503;3331.343;65.304;200.955;1898.861;0.0;2274.0;14352.0;32756.906;6058.236;-8568.824;13.841;19;128;[1.57, 2.3, 1.732, 1.674, 2.214];[2.996, 1.972, 1.27]
29;18129.846;446.503;3331.343;65.304;200.955;1898.861;0.0;2274.0;14352.0;32756.906;6058.236;-8568.824;2.916;19;128;[1.513, 2.3, 1.732, 1.674, 2.214];[2.996, 1.972, 1.243]
30;18103.516;440.427;3311.089;66.496;198.171;1927.075;0.0;2274.0;14352.0;32756.906;6058.236;-8595.154;4.81;19;128;[1.513, 2.3, 1.959, 1.674, 2.214];[3.096, 1.972, 1.243]
31;18103.516;440.427;3311.089;66.496;198.171;1927.075;0.0;2274.0;14352.0;32756.906;6058.236;-8595.154;4.315;19;128;[1.462, 2.3, 1.959, 1.674, 2.214];[2.886, 1.972, 1.243]
32;18103.516;440.427;3311.089;66.496;198.171;1927.075;0.0;2274.0;14352.0;32756.906;6058.236;-8595.154;5.115;19;128;[1.462, 2.3, 1.863, 1.674, 2.214];[2.697, 1.972, 1.243]
33;18103.516;440.427;3311.089;66.496;198.171;1927.075;0.0;2274.0;14352.0;32756.906;6058.236;-8595.154;4.879;19;128;[1.462, 2.3, 1.777, 1.674, 2.214];[2.697, 1.875, 1.243]
34;18103.516;440.427;3311.089;66.496;198.171;1927.075;0.0;2274.0;14352.0;32756.906;6058.236;-8595.154;4.968;19;128;[1.416, 2.3, 1.777, 1.674, 2.214];[2.527, 1.875, 1.243]
35;18103.516;440.427;3311.089;66.496;198.171;1927.075;0.0;2274.0;14352.0;32756.906;6058.236;-8595.154;4.806;19;128;[1.416, 2.3, 1.777, 1.807, 2.214];[2.574, 1.875, 1.243]
36;18103.516;440.427;3311.089;66.496;198.171;1927.075;0.0;2274.0;14352.0;32756.906;6058.236;-8595.154;4.52;19;128;[1.416, 2.17, 1.777, 1.807, 2.214];[2.417, 1.875, 1.243]
37;18103.516;440.427;3311.089;66.496;198.171;1927.075;0.0;2274.0;14352.0;32756.906;6058.236;-8595.154;5.177;19;128;[1.416, 2.17, 1.777, 1.726, 2.214];[2.417, 1.788, 1.243]
38;18103.516;440.427;3311.089;66.496;198.171;1927.075;0.0;2274.0;14352.0;32756.906;6058.236;-8595.154;4.142;19;128;[1.416, 2.17, 1.777, 1.726, 2.093];[2.417, 1.788, 1.219]
39;18103.516;440.427;3311.089;66.496;198.171;1927.075;0.0;2274.0;14352.0;32756.906;6058.236;-8595.154;4.421;19;128;[1.416, 2.17, 1.777, 1.726, 1.984];[2.417, 1.788, 1.197]
40;18103.516;440.427;3311.089;66.496;198.171;1927.075;0.0;2274.0;14352.0;32756.906;6058.236;-8595.154;2.35;19;128;[1.416, 2.17, 1.777, 1.726, 1.886];[2.417, 1.788, 1.177]
41;18103.516;440.427;3311.089;66.496;198.171;1927.075;0.0;2274.0;14352.0;32756.906;6058.236;-8595.154;5.711;19;128;[1.416, 2.17, 1.899, 1.726, 1.886];[2.417, 1.909, 1.177]
42;18103.516;440.427;3311.089;66.496;198.171;1927.075;0.0;2274.0;14352.0;32756.906;6058.236;-8595.154;4.458;19;128;[1.416, 2.17, 1.899, 1.653, 1.886];[2.275, 1.909, 1.177]
43;18103.516;440.427;3311.089;66.496;198.171;1927.075;0.0;2274.0;14352.0;32756.906;6058.236;-8595.154;5.943;19;128;[1.416, 2.17, 1.809, 1.653, 1.886];[2.275, 1.818, 1.177]
44;18103.516;440.427;3311.089;66.496;198.171;1927.075;0.0;2274.0;14352.0;32756.906;6058.236;-8595.154;2.206;19;128;[1.416, 2.053, 1.809, 1.653, 1.886];[2.275, 1.818, 1.159]
45;18103.516;440.427;3311.089;66.496;198.171;1927.075;0.0;2274.0;14352.0;32756.906;6058.236;-8595.154;1.676;19;128;[1.416, 2.053, 1.809, 1.588, 1.886];[2.275, 1.818, 1.143]
46;18103.516;440.427;3311.089;66.496;198.171;1927.075;0.0;2274.0;14352.0;32756.906;6058.236;-8595.154;3.376;19;128;[1.416, 2.148, 1.809, 1.588, 1.886];[2.348, 1.818, 1.143]
47;18103.516;440.427;3311.089;66.496;198.171;1927.075;0.0;2274.0;14352.0;32756.906;6058.236;-8595.154;1.805;19;128;[1.416, 2.148, 1.809, 1.529, 1.886];[2.348, 1.818, 1.129]
48;18103.516;440.427;3311.089;66.496;198.171;1927.075;0.0;2274.0;14352.0;32756.906;6058.236;-8595.154;12.559;19;128;[1.416, 2.148, 1.809, 1.529, 1.797];[2.213, 1.818, 1.129]
49;18103.516;440.427;3311.089;66.496;198.171;1927.075;0.0;2274.0;14352.0;32756.906;6058.236;-8595.154;4.107;19;128;[1.416, 2.148, 1.809, 1.676, 1.797];[2.213, 1.936, 1.129]
614constructshop:False depot:True weather:False;19704.443;538.256;3631.187;66.952;237.195;1977.936;0.0;3128.0;15535.0;32566.478;6248.664;-6613.371;24.137;19;128;[1.0, 1.0, 1.0, 1.0, 1.0];[1.0, 1.0, 1.0]
0;19704.443;538.256;3631.187;66.952;237.195;1977.936;0.0;3128.0;15535.0;32566.478;6248.664;-6613.371;18.824;19;128;[1.0, 1.2, 1.0, 1.0, 1.0];[1.0, 1.2, 1.0]
1;19704.443;538.256;3631.187;66.952;237.195;1977.936;0.0;3128.0;15535.0;32566.478;6248.664;-6613.371;2.421;19;128;[1.0, 1.18, 1.0, 1.0, 1.0];[1.0, 1.2, 1.0]
2;19469.528;519.353;3574.176;67.928;232.438;1998.556;0.0;3106.0;15376.0;32756.906;6058.236;-7229.142;21.981;19;128;[1.0, 1.18, 1.0, 1.0, 1.3];[1.0, 1.48, 1.0]
3;19367.27;496.678;3498.592;69.818;224.042;2039.317;0.0;2910.0;15372.0;32756.906;6058.236;-7331.4;11.933;19;128;[1.0, 1.18, 1.3, 1.0, 1.3];[1.0, 1.732, 1.0]
4;19209.796;483.184;3453.612;68.338;218.422;1995.207;0.0;2850.0;15273.0;32756.906;6058.236;-7488.874;8.762;19;128;[1.0, 1.18, 1.57, 1.0, 1.3];[1.0, 1.959, 1.0]
5;19109.525;478.044;3436.481;56.295;209.39;1673.058;0.0;2928.0;15195.0;32756.906;6058.236;-7589.145;5.202;19;128;[1.0, 1.18, 1.57, 1.0, 1.57];[1.0, 1.959, 1.3]
6;19071.603;483.139;3453.464;55.078;210.56;1642.578;0.0;2928.0;15135.0;32756.906;6058.236;-7627.067;3.621;19;128;[1.0, 1.462, 1.57, 1.0, 1.57];[1.0, 2.163, 1.3]
7;18985.364;491.161;3480.203;67.524;220.478;1976.096;0.0;2751.0;15014.0;32756.906;6058.236;-7713.306;8.986;19;128;[1.3, 1.462, 1.57, 1.0, 1.57];[1.3, 2.163, 1.3]
8;18985.364;491.161;3480.203;67.524;220.478;1976.096;0.0;2751.0;15014.0;32756.906;6058.236;-7713.306;4.141;19;128;[1.27, 1.462, 1.57, 1.0, 1.57];[1.3, 2.163, 1.27]
9;18985.364;491.161;3480.203;67.524;220.478;1976.096;0.0;2751.0;15014.0;32756.906;6058.236;-7713.306;4.191;19;128;[1.27, 1.462, 1.513, 1.0, 1.57];[1.3, 2.163, 1.243]
10;18980.563;503.668;3521.894;62.407;223.279;1845.85;0.0;2631.0;14955.0;32756.906;6058.236;-7718.107;3.257;19;128;[1.27, 1.716, 1.513, 1.0, 1.57];[1.57, 2.163, 1.243]
11;18939.135;503.57;3521.566;59.323;219.606;1762.001;0.0;2492.0;14914.0;32756.906;6058.236;-7759.535;3.576;19;128;[1.27, 1.716, 1.762, 1.0, 1.57];[1.57, 2.163, 1.519]
12;18884.606;490.986;3479.62;57.56;211.422;1707.971;0.0;2492.0;14914.0;32756.906;6058.236;-7814.064;6.565;19;128;[1.27, 1.716, 1.762, 1.3, 1.57];[1.813, 2.163, 1.519]
13;18771.506;483.347;3454.158;49.917;205.1;1502.944;0.0;2533.0;14834.0;32756.906;6058.236;-7927.164;19.94;19;128;[1.27, 1.716, 1.762, 1.3, 1.813];[1.813, 2.347, 1.519]
14;18771.506;483.347;3454.158;49.917;205.1;1502.944;0.0;2533.0;14834.0;32756.906;6058.236;-7927.164;7.406;19;128;[1.27, 1.644, 1.762, 1.3, 1.813];[1.813, 2.212, 1.519]
15;18771.506;483.347;3454.158;49.917;205.1;1502.944;0.0;2533.0;14834.0;32756.906;6058.236;-7927.164;7.949;19;128;[1.243, 1.644, 1.762, 1.3, 1.813];[1.732, 2.212, 1.519]
16;18771.506;483.347;3454.158;49.917;205.1;1502.944;0.0;2533.0;14834.0;32756.906;6058.236;-7927.164;7.416;19;128;[1.419, 1.644, 1.762, 1.3, 1.813];[1.732, 2.291, 1.519]
17;18771.506;483.347;3454.158;49.917;205.1;1502.944;0.0;2533.0;14834.0;32756.906;6058.236;-7927.164;7.029;19;128;[1.377, 1.644, 1.762, 1.3, 1.813];[1.659, 2.291, 1.519]
18;18694.147;466.188;3396.959;53.514;201.344;1592.704;0.0;2495.0;14831.0;32756.906;6058.236;-8004.523;23.339;19;128;[1.377, 1.644, 1.762, 1.3, 2.032];[1.659, 2.462, 1.519]
19;18694.147;466.188;3396.959;53.514;201.344;1592.704;0.0;2495.0;14831.0;32756.906;6058.236;-8004.523;11.35;19;128;[1.377, 1.644, 1.686, 1.3, 2.032];[1.593, 2.462, 1.519]
20;18694.147;466.188;3396.959;53.514;201.344;1592.704;0.0;2495.0;14831.0;32756.906;6058.236;-8004.523;8.561;19;128;[1.539, 1.644, 1.686, 1.3, 2.032];[1.593, 2.516, 1.519]
21;18670.353;465.312;3394.041;56.767;203.739;1679.681;0.0;2476.0;14811.0;32756.906;6058.236;-8028.317;9.539;19;128;[1.539, 1.644, 1.917, 1.3, 2.032];[1.593, 2.664, 1.519]
22;18670.353;465.312;3394.041;56.767;203.739;1679.681;0.0;2476.0;14811.0;32756.906;6058.236;-8028.317;26.041;19;128;[1.539, 1.644, 1.917, 1.3, 1.929];[1.593, 2.498, 1.519]
23;18465.262;463.907;3389.355;57.847;204.043;1708.061;0.0;2337.0;14612.0;32756.906;6058.236;-8233.409;4.782;19;128;[1.539, 1.88, 1.917, 1.3, 1.929];[1.834, 2.498, 1.519]
24;18391.655;465.382;3394.273;57.012;204.716;1687.027;0.0;2258.0;14532.0;32756.906;6058.236;-8307.015;9.524;19;128;[1.539, 1.88, 2.125, 1.3, 1.929];[1.834, 2.648, 1.519]
25;18391.655;465.382;3394.273;57.012;204.716;1687.027;0.0;2258.0;14532.0;32756.906;6058.236;-8307.015;8.278;19;128;[1.539, 1.88, 2.213, 1.3, 1.929];[1.834, 2.683, 1.519]
26;18355.434;457.023;3366.411;63.033;204.158;1843.022;0.0;2258.0;14532.0;32756.906;6058.236;-8343.236;8.262;19;128;[1.539, 1.88, 2.392, 1.3, 1.929];[2.051, 2.683, 1.519]
27;18350.91;455.979;3362.931;58.674;201.208;1726.739;0.0;2258.0;14532.0;32756.906;6058.236;-8347.76;7.397;19;128;[1.539, 1.88, 2.392, 1.57, 1.929];[2.051, 2.815, 1.519]
28;18246.296;454.915;3359.382;68.116;206.547;1977.573;0.0;2397.0;14432.0;32756.906;6058.236;-8452.374;9.882;19;128;[1.539, 1.88, 2.553, 1.57, 1.929];[2.246, 2.815, 1.519]
29;18246.296;454.915;3359.382;68.116;206.547;1977.573;0.0;2397.0;14432.0;32756.906;6058.236;-8452.374;27.976;19;128;[1.539, 1.88, 2.553, 1.57, 1.836];[2.246, 2.634, 1.519]
30;18246.296;454.915;3359.382;68.116;206.547;1977.573;0.0;2397.0;14432.0;32756.906;6058.236;-8452.374;1.244;19;128;[1.539, 1.792, 2.553, 1.57, 1.836];[2.246, 2.634, 1.467]
31;18246.296;454.915;3359.382;68.116;206.547;1977.573;0.0;2397.0;14432.0;32756.906;6058.236;-8452.374;7.186;19;128;[1.539, 1.792, 2.553, 1.513, 1.836];[2.121, 2.634, 1.467]
32;18246.296;454.915;3359.382;68.116;206.547;1977.573;0.0;2397.0;14432.0;32756.906;6058.236;-8452.374;8.973;19;128;[1.539, 1.792, 2.598, 1.513, 1.836];[2.209, 2.634, 1.467]
33;18246.296;454.915;3359.382;68.116;206.547;1977.573;0.0;2397.0;14432.0;32756.906;6058.236;-8452.374;23.822;19;128;[1.539, 1.792, 2.598, 1.513, 1.952];[2.209, 2.671, 1.467]
34;18246.296;454.915;3359.382;68.116;206.547;1977.573;0.0;2397.0;14432.0;32756.906;6058.236;-8452.374;7.57;19;128;[1.685, 1.792, 2.598, 1.513, 1.952];[2.209, 2.704, 1.467]
35;18246.296;454.915;3359.382;68.116;206.547;1977.573;0.0;2397.0;14432.0;32756.906;6058.236;-8452.374;25.585;19;128;[1.685, 1.792, 2.598, 1.513, 2.057];[2.288, 2.704, 1.467]
36;18246.296;454.915;3359.382;68.116;206.547;1977.573;0.0;2397.0;14432.0;32756.906;6058.236;-8452.374;3.379;19;128;[1.685, 1.913, 2.598, 1.513, 2.057];[2.288, 2.734, 1.467]
37;18246.296;454.915;3359.382;68.116;206.547;1977.573;0.0;2397.0;14432.0;32756.906;6058.236;-8452.374;2.821;19;128;[1.685, 1.822, 2.598, 1.513, 2.057];[2.288, 2.734, 1.42]
38;18246.296;454.915;3359.382;68.116;206.547;1977.573;0.0;2397.0;14432.0;32756.906;6058.236;-8452.374;9.35;19;128;[1.685, 1.822, 2.438, 1.513, 2.057];[2.288, 2.561, 1.42]
39;18246.296;454.915;3359.382;68.116;206.547;1977.573;0.0;2397.0;14432.0;32756.906;6058.236;-8452.374;4.899;19;128;[1.685, 1.822, 2.438, 1.513, 1.951];[2.288, 2.561, 1.378]
40;18246.296;454.915;3359.382;68.116;206.547;1977.573;0.0;2397.0;14432.0;32756.906;6058.236;-8452.374;4.112;19;128;[1.685, 1.822, 2.494, 1.513, 1.951];[2.288, 2.561, 1.54]
41;18246.296;454.915;3359.382;68.116;206.547;1977.573;0.0;2397.0;14432.0;32756.906;6058.236;-8452.374;8.022;19;128;[1.685, 1.822, 2.545, 1.513, 1.951];[2.359, 2.561, 1.54]
42;18246.296;454.915;3359.382;68.116;206.547;1977.573;0.0;2397.0;14432.0;32756.906;6058.236;-8452.374;10.452;19;128;[1.685, 1.822, 2.591, 1.513, 1.951];[2.423, 2.561, 1.54]
43;18246.296;454.915;3359.382;68.116;206.547;1977.573;0.0;2397.0;14432.0;32756.906;6058.236;-8452.374;2.985;19;128;[1.817, 1.822, 2.591, 1.513, 1.951];[2.423, 2.561, 1.686]
44;18196.722;443.705;3322.017;51.243;191.132;1523.462;0.0;2377.0;14431.0;32756.906;6058.236;-8501.948;19.613;19;128;[1.817, 1.822, 2.591, 1.513, 2.156];[2.581, 2.561, 1.686]
45;18196.722;443.705;3322.017;51.243;191.132;1523.462;0.0;2377.0;14431.0;32756.906;6058.236;-8501.948;6.613;19;128;[1.735, 1.822, 2.591, 1.513, 2.156];[2.581, 2.405, 1.686]
46;18196.722;443.705;3322.017;51.243;191.132;1523.462;0.0;2377.0;14431.0;32756.906;6058.236;-8501.948;8.091;19;128;[1.735, 1.822, 2.632, 1.513, 2.156];[2.581, 2.465, 1.686]
47;18196.722;443.705;3322.017;51.243;191.132;1523.462;0.0;2377.0;14431.0;32756.906;6058.236;-8501.948;15.886;19;128;[1.735, 1.822, 2.632, 1.513, 2.04];[2.423, 2.465, 1.686]
48;18196.722;443.705;3322.017;51.243;191.132;1523.462;0.0;2377.0;14431.0;32756.906;6058.236;-8501.948;8.659;19;128;[1.735, 1.822, 2.469, 1.513, 2.04];[2.423, 2.319, 1.686]
49;18196.722;443.705;3322.017;51.243;191.132;1523.462;0.0;2377.0;14431.0;32756.906;6058.236;-8501.948;4.32;19;128;[1.735, 1.94, 2.469, 1.513, 2.04];[2.423, 2.387, 1.686]
615constructshop:False depot:True weather:False;20049.739;545.786;3706.953;80.884;248.699;2351.681;0.0;3525.0;15797.0;32933.266;5881.876;-7001.651;24.526;19;128;[1.0, 1.0, 1.0, 1.0, 1.0];[1.0, 1.0, 1.0]
0;19830.718;534.166;3638.552;65.52;239.177;1942.696;0.0;3465.0;15658.0;33032.402;5782.74;-7418.944;3.986;18;128;[1.0, 1.0, 1.3, 1.0, 1.0];[1.0, 1.0, 1.3]
1;19830.718;534.166;3638.552;65.52;239.177;1942.696;0.0;3465.0;15658.0;33032.402;5782.74;-7418.944;10.551;18;128;[1.0, 1.0, 1.27, 1.0, 1.0];[1.0, 1.0, 1.3]
2;19830.718;534.166;3638.552;65.52;239.177;1942.696;0.0;3465.0;15658.0;33032.402;5782.74;-7418.944;6.61;18;128;[1.0, 1.0, 1.243, 1.0, 1.0];[1.0, 1.0, 1.3]
3;19830.718;534.166;3638.552;65.52;239.177;1942.696;0.0;3465.0;15658.0;33032.402;5782.74;-7418.944;3.638;18;128;[1.0, 1.0, 1.243, 1.0, 1.0];[1.0, 1.0, 1.27]
4;19830.718;534.166;3638.552;65.52;239.177;1942.696;0.0;3465.0;15658.0;33032.402;5782.74;-7418.944;10.099;18;128;[1.0, 1.0, 1.219, 1.0, 1.0];[1.0, 1.0, 1.27]
5;19830.718;534.166;3638.552;65.52;239.177;1942.696;0.0;3465.0;15658.0;33032.402;5782.74;-7418.944;1.296;18;128;[1.0, 1.2, 1.219, 1.0, 1.0];[1.2, 1.0, 1.27]
6;19830.718;534.166;3638.552;65.52;239.177;1942.696;0.0;3465.0;15658.0;33032.402;5782.74;-7418.944;5.46;18;128;[1.0, 1.2, 1.219, 1.0, 1.0];[1.2, 1.0, 1.243]
7;19830.718;534.166;3638.552;65.52;239.177;1942.696;0.0;3465.0;15658.0;33032.402;5782.74;-7418.944;4.006;18;128;[1.0, 1.2, 1.197, 1.0, 1.0];[1.2, 1.0, 1.219]
8;19830.718;534.166;3638.552;65.52;239.177;1942.696;0.0;3465.0;15658.0;33032.402;5782.74;-7418.944;9.572;18;128;[1.2, 1.2, 1.197, 1.0, 1.0];[1.2, 1.2, 1.219]
9;19830.718;534.166;3638.552;65.52;239.177;1942.696;0.0;3465.0;15658.0;33032.402;5782.74;-7418.944;8.13;18;128;[1.2, 1.2, 1.177, 1.0, 1.0];[1.18, 1.2, 1.219]
10;19830.718;534.166;3638.552;65.52;239.177;1942.696;0.0;3465.0;15658.0;33032.402;5782.74;-7418.944;7.187;18;128;[1.2, 1.2, 1.159, 1.0, 1.0];[1.18, 1.18, 1.219]
11;19762.483;543.111;3668.372;68.51;239.342;2020.612;0.0;3148.0;15551.0;33032.402;5782.74;-7487.179;9.736;18;128;[1.48, 1.2, 1.159, 1.0, 1.0];[1.18, 1.462, 1.219]
12;19544.399;543.553;3669.845;70.617;240.384;2076.435;0.0;2930.0;15331.0;33032.402;5782.74;-7705.264;2.214;18;128;[1.48, 1.48, 1.159, 1.0, 1.0];[1.18, 1.716, 1.219]
13;19544.399;543.553;3669.845;70.617;240.384;2076.435;0.0;2930.0;15331.0;33032.402;5782.74;-7705.264;7.262;18;128;[1.48, 1.48, 1.143, 1.0, 1.0];[1.18, 1.644, 1.219]
14;19544.399;543.553;3669.845;70.617;240.384;2076.435;0.0;2930.0;15331.0;33032.402;5782.74;-7705.264;3.934;18;128;[1.48, 1.632, 1.143, 1.0, 1.0];[1.18, 1.78, 1.219]
15;19544.399;543.553;3669.845;70.617;240.384;2076.435;0.0;2930.0;15331.0;33032.402;5782.74;-7705.264;3.768;18;128;[1.48, 1.769, 1.143, 1.0, 1.0];[1.362, 1.78, 1.219]
16;19544.399;543.553;3669.845;70.617;240.384;2076.435;0.0;2930.0;15331.0;33032.402;5782.74;-7705.264;12.511;18;128;[1.48, 1.769, 1.143, 1.2, 1.0];[1.526, 1.78, 1.219]
17;19405.475;534.802;3640.673;57.207;229.926;1717.295;0.0;2732.0;15230.0;33032.402;5782.74;-7844.187;7.33;18;128;[1.48, 1.769, 1.429, 1.2, 1.0];[1.526, 2.002, 1.219]
18;19338.109;537.025;3648.084;53.46;228.214;1618.177;0.0;2870.0;15153.0;33032.402;5782.74;-7911.553;5.377;18;128;[1.48, 1.769, 1.429, 1.2, 1.3];[1.526, 2.002, 1.497]
19;19124.506;524.655;3606.851;55.668;228.951;1676.318;0.0;3167.0;14993.0;33032.402;5782.74;-8125.156;18.492;18;128;[1.48, 1.769, 1.429, 1.2, 1.57];[1.773, 2.002, 1.497]
20;18816.035;513.469;3569.565;64.499;226.62;1903.602;0.0;3088.0;14733.0;33032.402;5782.74;-8433.628;8.3;18;128;[1.732, 1.769, 1.429, 1.2, 1.57];[1.773, 2.202, 1.497]
21;18680.076;505.402;3542.674;63.761;224.646;1882.443;0.0;3030.0;14632.0;33032.402;5782.74;-8569.586;18.406;18;128;[1.732, 1.769, 1.429, 1.2, 1.813];[1.773, 2.382, 1.497]
22;18587.753;516.404;3579.348;63.972;228.276;1891.545;0.0;2812.0;14492.0;33032.402;5782.74;-8661.909;4.009;18;128;[1.959, 1.769, 1.429, 1.2, 1.813];[1.773, 2.382, 1.747]
23;18565.33;511.461;3562.869;70.966;231.801;2076.923;0.0;2733.0;14491.0;33032.402;5782.74;-8684.332;9.413;18;128;[1.959, 1.769, 1.429, 1.48, 1.813];[1.773, 2.544, 1.747]
24;18565.33;511.461;3562.869;70.966;231.801;2076.923;0.0;2733.0;14491.0;33032.402;5782.74;-8684.332;5.548;18;128;[1.959, 1.892, 1.429, 1.48, 1.813];[1.896, 2.544, 1.747]
25;18565.33;511.461;3562.869;70.966;231.801;2076.923;0.0;2733.0;14491.0;33032.402;5782.74;-8684.332;8.338;18;128;[1.863, 1.892, 1.429, 1.48, 1.813];[1.896, 2.39, 1.747]
26;18543.298;505.684;3543.614;66.858;229.486;1967.787;0.0;2949.0;14494.0;33032.402;5782.74;-8706.364;3.48;18;128;[1.863, 1.892, 1.429, 1.48, 2.032];[1.896, 2.39, 1.972]
27;18525.895;501.899;3530.996;68.516;226.614;2008.024;0.0;2870.0;14493.0;33032.402;5782.74;-8723.767;8.931;18;128;[1.863, 1.892, 1.429, 1.732, 2.032];[1.896, 2.551, 1.972]
28;18494.61;494.679;3506.931;67.005;223.916;1966.054;0.0;2870.0;14493.0;33032.402;5782.74;-8755.052;6.128;18;128;[1.863, 1.892, 1.686, 1.732, 2.032];[1.896, 2.696, 1.972]
29;18486.054;492.705;3500.349;74.314;226.856;2159.025;0.0;2870.0;14493.0;33032.402;5782.74;-8763.608;8.316;18;128;[1.863, 1.892, 1.686, 1.959, 2.032];[1.896, 2.826, 1.972]
30;18486.054;492.705;3500.349;74.314;226.856;2159.025;0.0;2870.0;14493.0;33032.402;5782.74;-8763.608;8.093;18;128;[1.863, 1.892, 1.686, 2.063, 2.032];[1.896, 2.843, 1.972]
31;18486.054;492.705;3500.349;74.314;226.856;2159.025;0.0;2870.0;14493.0;33032.402;5782.74;-8763.608;3.673;18;128;[1.863, 1.892, 1.686, 1.957, 2.032];[1.896, 2.843, 1.875]
32;18398.364;472.699;3433.664;67.023;209.966;1952.554;0.0;2852.0;14492.0;33032.402;5782.74;-8851.298;21.498;18;128;[1.863, 1.892, 1.686, 1.957, 2.229];[1.896, 2.959, 1.875]
33;18398.364;472.699;3433.664;67.023;209.966;1952.554;0.0;2852.0;14492.0;33032.402;5782.74;-8851.298;1.031;18;128;[1.863, 1.803, 1.686, 1.957, 2.229];[1.896, 2.959, 1.788]
34;18398.364;472.699;3433.664;67.023;209.966;1952.554;0.0;2852.0;14492.0;33032.402;5782.74;-8851.298;2.345;18;128;[1.863, 1.803, 1.686, 1.861, 2.229];[1.896, 2.959, 1.709]
35;18398.364;472.699;3433.664;67.023;209.966;1952.554;0.0;2852.0;14492.0;33032.402;5782.74;-8851.298;3.152;18;128;[1.777, 1.803, 1.686, 1.861, 2.229];[1.896, 2.959, 1.638]
36;18398.364;472.699;3433.664;67.023;209.966;1952.554;0.0;2852.0;14492.0;33032.402;5782.74;-8851.298;0.911;18;128;[1.777, 1.923, 1.686, 1.861, 2.229];[1.896, 2.963, 1.638]
37;18398.364;472.699;3433.664;67.023;209.966;1952.554;0.0;2852.0;14492.0;33032.402;5782.74;-8851.298;3.869;18;128;[1.699, 1.923, 1.686, 1.861, 2.229];[1.896, 2.963, 1.574]
38;18398.364;472.699;3433.664;67.023;209.966;1952.554;0.0;2852.0;14492.0;33032.402;5782.74;-8851.298;5.891;18;128;[1.699, 2.031, 1.686, 1.861, 2.229];[2.006, 2.963, 1.574]
39;18398.364;472.699;3433.664;67.023;209.966;1952.554;0.0;2852.0;14492.0;33032.402;5782.74;-8851.298;8.57;18;128;[1.699, 2.031, 1.686, 1.975, 2.229];[2.006, 2.967, 1.574]
40;18398.364;472.699;3433.664;67.023;209.966;1952.554;0.0;2852.0;14492.0;33032.402;5782.74;-8851.298;8.159;18;128;[1.699, 2.031, 1.686, 2.078, 2.229];[2.006, 2.97, 1.574]
41;18398.364;472.699;3433.664;67.023;209.966;1952.554;0.0;2852.0;14492.0;33032.402;5782.74;-8851.298;7.44;18;128;[1.629, 2.031, 1.686, 2.078, 2.229];[2.006, 2.773, 1.574]
42;18398.364;472.699;3433.664;67.023;209.966;1952.554;0.0;2852.0;14492.0;33032.402;5782.74;-8851.298;5.666;18;128;[1.629, 2.031, 1.817, 2.078, 2.229];[2.105, 2.773, 1.574]
43;18398.364;472.699;3433.664;67.023;209.966;1952.554;0.0;2852.0;14492.0;33032.402;5782.74;-8851.298;18.384;18;128;[1.629, 2.031, 1.817, 2.078, 2.306];[2.195, 2.773, 1.574]
44;18398.364;472.699;3433.664;67.023;209.966;1952.554;0.0;2852.0;14492.0;33032.402;5782.74;-8851.298;8.434;18;128;[1.629, 2.031, 1.817, 2.17, 2.306];[2.195, 2.796, 1.574]
45;18392.392;499.013;3521.378;71.315;224.917;2079.096;0.0;3089.0;14372.0;33032.402;5782.74;-8857.27;3.17;18;128;[1.629, 2.228, 1.817, 2.17, 2.306];[2.375, 2.796, 1.574]
46;18392.112;498.949;3521.163;67.939;222.8;1989.22;0.0;3089.0;14372.0;33032.402;5782.74;-8857.55;5.944;18;128;[1.629, 2.228, 2.035, 2.17, 2.306];[2.375, 2.916, 1.574]
47;18374.681;499.542;3523.139;66.395;221.573;1947.839;0.0;3347.0;14352.0;33032.402;5782.74;-8874.981;17.439;18;128;[1.629, 2.228, 2.035, 2.17, 2.475];[2.538, 2.916, 1.574]
48;18358.203;495.739;3510.464;68.135;221.896;1993.397;0.0;3347.0;14352.0;33032.402;5782.74;-8891.459;14.724;18;128;[1.629, 2.228, 2.035, 2.17, 2.627];[2.684, 2.916, 1.574]
49;18325.68;488.234;3485.446;63.84;215.72;1875.549;0.0;3347.0;14352.0;33032.402;5782.74;-8923.982;3.104;18;128;[1.629, 2.405, 2.035, 2.17, 2.627];[2.684, 3.024, 1.574]
616constructshop:False depot:True weather:False;19834.003;542.616;3696.387;62.168;233.137;1849.502;0.0;3206.0;15595.0;32952.266;5862.876;-7255.387;25.029;19;128;[1.0, 1.0, 1.0, 1.0, 1.0];[1.0, 1.0, 1.0]
0;19664.914;540.98;3690.934;66.405;235.494;1962.026;0.0;3009.0;15433.0;32952.266;5862.876;-7424.476;9.686;18;128;[1.3, 1.0, 1.0, 1.0, 1.0];[1.0, 1.3, 1.0]
1;19433.421;533.943;3667.478;66.403;233.416;1959.906;0.0;2732.0;15232.0;32952.266;5862.876;-7655.969;11.187;18;128;[1.57, 1.0, 1.0, 1.0, 1.0];[1.0, 1.57, 1.0]
2;19242.635;526.839;3643.796;64.6;231.324;1910.924;0.0;2969.0;15072.0;32952.266;5862.876;-7846.755;3.837;18;128;[1.57, 1.3, 1.0, 1.0, 1.0];[1.0, 1.57, 1.3]
3;19337.879;532.587;3633.292;56.182;226.875;1687.594;0.0;3029.0;15172.0;33032.402;5782.74;-7911.783;5.214;18;128;[1.57, 1.3, 1.0, 1.0, 1.3];[1.0, 1.57, 1.57]
4;19318.608;532.756;3633.852;63.209;229.055;1872.494;0.0;3009.0;15152.0;33032.402;5782.74;-7931.054;10.525;18;128;[1.57, 1.3, 1.0, 1.3, 1.3];[1.3, 1.57, 1.57]
5;19266.969;520.839;3594.13;61.865;223.723;1832.212;0.0;3009.0;15152.0;33032.402;5782.74;-7982.693;21.376;18;128;[1.57, 1.3, 1.0, 1.3, 1.57];[1.3, 1.813, 1.57]
6;19410.762;547.791;3711.971;70.079;240.657;2062.713;0.0;2949.0;15151.0;33354.098;5461.044;-8482.292;4.964;17;128;[1.57, 1.3, 1.0, 1.57, 1.57];[1.3, 1.813, 1.813]
7;19410.762;547.791;3711.971;70.079;240.657;2062.713;0.0;2949.0;15151.0;33354.098;5461.044;-8482.292;3.046;17;128;[1.57, 1.3, 1.0, 1.513, 1.57];[1.3, 1.813, 1.732]
8;19234.989;534.92;3669.068;63.751;230.269;1887.803;0.0;2829.0;15031.0;33354.098;5461.044;-8658.065;9.035;17;128;[1.57, 1.3, 1.3, 1.513, 1.57];[1.3, 2.032, 1.732]
9;19015.562;506.899;3575.663;62.617;219.59;1847.633;0.0;2748.0;14933.0;33354.098;5461.044;-8877.492;19.141;17;128;[1.57, 1.3, 1.3, 1.513, 1.813];[1.3, 2.229, 1.732]
10;19047.005;499.463;3535.542;60.007;214.978;1775.158;0.0;2709.0;15012.0;33422.498;5392.644;-8982.849;12.63;17;128;[1.57, 1.3, 1.3, 1.762, 1.813];[1.57, 2.229, 1.732]
11;19047.005;499.463;3535.542;60.007;214.978;1775.158;0.0;2709.0;15012.0;33422.498;5392.644;-8982.849;16.034;17;128;[1.57, 1.3, 1.3, 1.762, 1.732];[1.57, 2.106, 1.732]
12;19047.005;499.463;3535.542;60.007;214.978;1775.158;0.0;2709.0;15012.0;33422.498;5392.644;-8982.849;3.15;17;128;[1.57, 1.3, 1.27, 1.762, 1.732];[1.57, 2.106, 1.659]
13;19047.005;499.463;3535.542;60.007;214.978;1775.158;0.0;2709.0;15012.0;33422.498;5392.644;-8982.849;3.362;17;128;[1.57, 1.3, 1.27, 1.762, 1.659];[1.57, 2.106, 1.593]
14;19047.005;499.463;3535.542;60.007;214.978;1775.158;0.0;2709.0;15012.0;33422.498;5392.644;-8982.849;7.467;17;128;[1.513, 1.3, 1.27, 1.762, 1.659];[1.513, 2.106, 1.593]
15;19047.005;499.463;3535.542;60.007;214.978;1775.158;0.0;2709.0;15012.0;33422.498;5392.644;-8982.849;2.586;17;128;[1.462, 1.3, 1.27, 1.762, 1.659];[1.513, 2.106, 1.534]
16;19047.005;499.463;3535.542;60.007;214.978;1775.158;0.0;2709.0;15012.0;33422.498;5392.644;-8982.849;8.172;17;128;[1.416, 1.3, 1.27, 1.762, 1.659];[1.462, 2.106, 1.534]
17;19047.005;499.463;3535.542;60.007;214.978;1775.158;0.0;2709.0;15012.0;33422.498;5392.644;-8982.849;10.24;17;128;[1.416, 1.3, 1.27, 1.686, 1.659];[1.462, 1.995, 1.534]
18;19047.005;499.463;3535.542;60.007;214.978;1775.158;0.0;2709.0;15012.0;33422.498;5392.644;-8982.849;8.122;17;128;[1.416, 1.3, 1.27, 1.617, 1.659];[1.416, 1.995, 1.534]
19;19047.005;499.463;3535.542;60.007;214.978;1775.158;0.0;2709.0;15012.0;33422.498;5392.644;-8982.849;6.667;17;128;[1.416, 1.3, 1.243, 1.617, 1.659];[1.416, 1.896, 1.534]
20;19047.005;499.463;3535.542;60.007;214.978;1775.158;0.0;2709.0;15012.0;33422.498;5392.644;-8982.849;8.021;17;128;[1.416, 1.3, 1.243, 1.555, 1.659];[1.416, 1.806, 1.534]
21;19047.005;499.463;3535.542;60.007;214.978;1775.158;0.0;2709.0;15012.0;33422.498;5392.644;-8982.849;7.547;17;128;[1.416, 1.3, 1.243, 1.7, 1.659];[1.416, 1.925, 1.534]
22;19047.005;499.463;3535.542;60.007;214.978;1775.158;0.0;2709.0;15012.0;33422.498;5392.644;-8982.849;18.265;17;128;[1.416, 1.3, 1.243, 1.7, 1.593];[1.416, 1.833, 1.534]
23;19047.005;499.463;3535.542;60.007;214.978;1775.158;0.0;2709.0;15012.0;33422.498;5392.644;-8982.849;1.991;17;128;[1.416, 1.27, 1.243, 1.7, 1.593];[1.416, 1.833, 1.481]
24;19047.005;499.463;3535.542;60.007;214.978;1775.158;0.0;2709.0;15012.0;33422.498;5392.644;-8982.849;8.475;17;128;[1.574, 1.27, 1.243, 1.7, 1.593];[1.574, 1.833, 1.481]
25;19047.005;499.463;3535.542;60.007;214.978;1775.158;0.0;2709.0;15012.0;33422.498;5392.644;-8982.849;13.664;17;128;[1.574, 1.27, 1.243, 1.7, 1.734];[1.717, 1.833, 1.481]
26;19047.005;499.463;3535.542;60.007;214.978;1775.158;0.0;2709.0;15012.0;33422.498;5392.644;-8982.849;3.175;17;128;[1.574, 1.443, 1.243, 1.7, 1.734];[1.717, 1.95, 1.481]
27;19047.005;499.463;3535.542;60.007;214.978;1775.158;0.0;2709.0;15012.0;33422.498;5392.644;-8982.849;7.189;17;128;[1.717, 1.443, 1.243, 1.7, 1.734];[1.845, 1.95, 1.481]
28;19047.005;499.463;3535.542;60.007;214.978;1775.158;0.0;2709.0;15012.0;33422.498;5392.644;-8982.849;5.435;17;128;[1.717, 1.443, 1.243, 1.7, 1.661];[1.845, 1.95, 1.433]
29;19047.005;499.463;3535.542;60.007;214.978;1775.158;0.0;2709.0;15012.0;33422.498;5392.644;-8982.849;16.299;17;128;[1.717, 1.443, 1.243, 1.7, 1.595];[1.845, 1.855, 1.433]
30;19047.005;499.463;3535.542;60.007;214.978;1775.158;0.0;2709.0;15012.0;33422.498;5392.644;-8982.849;7.253;17;128;[1.845, 1.443, 1.243, 1.7, 1.595];[1.845, 1.97, 1.433]
31;19047.005;499.463;3535.542;60.007;214.978;1775.158;0.0;2709.0;15012.0;33422.498;5392.644;-8982.849;2.347;17;128;[1.845, 1.443, 1.243, 1.63, 1.595];[1.845, 1.97, 1.39]
32;19047.005;499.463;3535.542;60.007;214.978;1775.158;0.0;2709.0;15012.0;33422.498;5392.644;-8982.849;4.062;17;128;[1.845, 1.443, 1.243, 1.63, 1.536];[1.845, 1.97, 1.351]
33;19047.005;499.463;3535.542;60.007;214.978;1775.158;0.0;2709.0;15012.0;33422.498;5392.644;-8982.849;6.608;17;128;[1.845, 1.443, 1.219, 1.63, 1.536];[1.761, 1.97, 1.351]
34;19047.005;499.463;3535.542;60.007;214.978;1775.158;0.0;2709.0;15012.0;33422.498;5392.644;-8982.849;2.876;17;128;[1.845, 1.443, 1.219, 1.567, 1.536];[1.761, 1.97, 1.316]
35;19047.005;499.463;3535.542;60.007;214.978;1775.158;0.0;2709.0;15012.0;33422.498;5392.644;-8982.849;7.547;17;128;[1.845, 1.443, 1.219, 1.71, 1.536];[1.761, 2.073, 1.316]
36;19047.005;499.463;3535.542;60.007;214.978;1775.158;0.0;2709.0;15012.0;33422.498;5392.644;-8982.849;5.616;17;128;[1.845, 1.443, 1.197, 1.71, 1.536];[1.761, 1.966, 1.316]
37;19047.005;499.463;3535.542;60.007;214.978;1775.158;0.0;2709.0;15012.0;33422.498;5392.644;-8982.849;17.339;17;128;[1.845, 1.443, 1.197, 1.71, 1.682];[1.885, 1.966, 1.316]
38;19047.005;499.463;3535.542;60.007;214.978;1775.158;0.0;2709.0;15012.0;33422.498;5392.644;-8982.849;1.978;17;128;[1.845, 1.399, 1.197, 1.71, 1.682];[1.885, 1.869, 1.316]
39;19047.005;499.463;3535.542;60.007;214.978;1775.158;0.0;2709.0;15012.0;33422.498;5392.644;-8982.849;4.775;17;128;[1.845, 1.399, 1.377, 1.71, 1.682];[1.885, 1.982, 1.316]
40;19047.005;499.463;3535.542;60.007;214.978;1775.158;0.0;2709.0;15012.0;33422.498;5392.644;-8982.849;3.968;17;128;[1.845, 1.399, 1.539, 1.71, 1.682];[1.997, 1.982, 1.316]
41;19047.005;499.463;3535.542;60.007;214.978;1775.158;0.0;2709.0;15012.0;33422.498;5392.644;-8982.849;16.815;17;128;[1.845, 1.399, 1.539, 1.71, 1.614];[1.997, 1.884, 1.316]
42;19047.005;499.463;3535.542;60.007;214.978;1775.158;0.0;2709.0;15012.0;33422.498;5392.644;-8982.849;9.692;17;128;[1.845, 1.359, 1.539, 1.71, 1.614];[1.897, 1.884, 1.316]
43;19047.005;499.463;3535.542;60.007;214.978;1775.158;0.0;2709.0;15012.0;33422.498;5392.644;-8982.849;7.896;17;128;[1.761, 1.359, 1.539, 1.71, 1.614];[1.897, 1.796, 1.316]
44;19047.005;499.463;3535.542;60.007;214.978;1775.158;0.0;2709.0;15012.0;33422.498;5392.644;-8982.849;8.325;17;128;[1.885, 1.359, 1.539, 1.71, 1.614];[2.007, 1.796, 1.316]
45;19020.073;493.478;3515.594;57.967;217.848;1724.996;0.0;2494.0;15011.0;33422.498;5392.644;-9009.781;21.807;17;128;[1.885, 1.359, 1.539, 1.71, 1.853];[2.007, 2.016, 1.316]
46;18960.323;498.382;3531.941;57.967;219.333;1726.481;0.0;2396.0;14930.0;33422.498;5392.644;-9069.531;11.196;17;128;[1.885, 1.359, 1.539, 1.939, 1.853];[2.206, 2.016, 1.316]
47;18916.472;493.109;3514.363;64.422;220.868;1895.849;0.0;2456.0;14909.0;33422.498;5392.644;-9113.382;9.454;17;128;[2.097, 1.359, 1.539, 1.939, 1.853];[2.206, 2.214, 1.316]
48;18916.472;493.109;3514.363;64.422;220.868;1895.849;0.0;2456.0;14909.0;33422.498;5392.644;-9113.382;2.578;17;128;[2.097, 1.359, 1.539, 1.845, 1.853];[2.206, 2.214, 1.284]
49;18916.472;493.109;3514.363;64.422;220.868;1895.849;0.0;2456.0;14909.0;33422.498;5392.644;-9113.382;20.431;17;128;[2.097, 1.359, 1.539, 1.845, 1.768];[2.085, 2.214, 1.284]
617constructshop:False depot:True weather:False;19378.319;546.304;3658.014;76.412;245.767;2232.467;0.0;2670.0;15174.0;32566.478;6248.664;-6939.495;27.529;19;128;[1.0, 1.0, 1.0, 1.0, 1.0];[1.0, 1.0, 1.0]
0;19027.822;528.651;3605.171;75.466;237.867;2199.984;0.0;2770.0;14894.0;32756.906;6058.236;-7670.848;26.099;19;128;[1.0, 1.0, 1.0, 1.0, 1.3];[1.3, 1.0, 1.0]
1;19007.23;528.514;3604.715;67.29;231.318;1980.851;0.0;2890.0;14874.0;32756.906;6058.236;-7691.44;15.406;19;128;[1.0, 1.0, 1.0, 1.0, 1.57];[1.57, 1.0, 1.0]
2;19007.23;528.514;3604.715;67.29;231.318;1980.851;0.0;2890.0;14874.0;32756.906;6058.236;-7691.44;6.317;19;128;[1.0, 1.0, 1.0, 1.0, 1.57];[1.513, 1.0, 1.0]
3;18892.926;525.214;3593.712;79.79;237.849;2312.393;0.0;2890.0;14774.0;32756.906;6058.236;-7805.744;8.076;19;128;[1.0, 1.0, 1.3, 1.0, 1.57];[1.762, 1.0, 1.0]
4;18892.926;525.214;3593.712;79.79;237.849;2312.393;0.0;2890.0;14774.0;32756.906;6058.236;-7805.744;6.428;19;128;[1.0, 1.0, 1.3, 1.0, 1.57];[1.762, 1.0, 1.0]
5;18851.194;515.814;3562.38;71.514;228.319;2087.69;0.0;2811.0;14773.0;32756.906;6058.236;-7847.476;18.002;19;128;[1.0, 1.0, 1.3, 1.0, 1.813];[1.762, 1.3, 1.0]
6;18849.108;515.333;3560.776;71.514;227.763;2087.139;0.0;2811.0;14773.0;32756.906;6058.236;-7849.562;5.601;19;128;[1.0, 1.3, 1.3, 1.0, 1.813];[1.986, 1.3, 1.0]
7;18849.108;515.333;3560.776;71.514;227.763;2087.139;0.0;2811.0;14773.0;32756.906;6058.236;-7849.562;5.947;19;128;[1.0, 1.3, 1.3, 1.0, 1.813];[1.887, 1.3, 1.0]
8;18849.108;515.333;3560.776;71.514;227.763;2087.139;0.0;2811.0;14773.0;32756.906;6058.236;-7849.562;2.978;19;128;[1.0, 1.3, 1.3, 1.0, 1.813];[1.887, 1.3, 1.0]
9;18849.108;515.333;3560.776;71.514;227.763;2087.139;0.0;2811.0;14773.0;32756.906;6058.236;-7849.562;2.749;19;128;[1.0, 1.3, 1.3, 1.0, 1.813];[1.887, 1.3, 1.0]
10;18849.108;515.333;3560.776;71.514;227.763;2087.139;0.0;2811.0;14773.0;32756.906;6058.236;-7849.562;1.636;19;128;[1.0, 1.3, 1.3, 1.0, 1.813];[1.887, 1.3, 1.0]
11;18849.108;515.333;3560.776;71.514;227.763;2087.139;0.0;2811.0;14773.0;32756.906;6058.236;-7849.562;6.06;19;128;[1.2, 1.3, 1.3, 1.0, 1.813];[1.887, 1.47, 1.0]
12;18823.472;508.955;3539.517;67.07;224.528;1968.353;0.0;2691.0;14775.0;32756.906;6058.236;-7875.198;3.649;19;128;[1.2, 1.3, 1.3, 1.0, 2.032];[1.887, 1.47, 1.3]
13;18725.111;504.949;3526.162;80.453;230.309;2322.077;0.0;2612.0;14694.0;32756.906;6058.236;-7973.559;7.675;19;128;[1.2, 1.3, 1.57, 1.0, 2.032];[2.098, 1.47, 1.3]
14;18548.26;491.829;3482.431;84.918;225.444;2433.308;0.0;2612.0;14574.0;32756.906;6058.236;-8150.41;16.013;19;128;[1.2, 1.3, 1.57, 1.0, 2.229];[2.288, 1.47, 1.3]
15;18548.26;491.829;3482.431;84.918;225.444;2433.308;0.0;2612.0;14574.0;32756.906;6058.236;-8150.41;5.782;19;128;[1.2, 1.3, 1.57, 1.0, 2.229];[2.159, 1.47, 1.3]
16;18548.26;491.829;3482.431;84.918;225.444;2433.308;0.0;2612.0;14574.0;32756.906;6058.236;-8150.41;3.661;19;128;[1.2, 1.3, 1.57, 1.0, 2.306];[2.159, 1.47, 1.47]
17;18548.26;491.829;3482.431;84.918;225.444;2433.308;0.0;2612.0;14574.0;32756.906;6058.236;-8150.41;6.721;19;128;[1.18, 1.3, 1.57, 1.0, 2.306];[2.159, 1.423, 1.47]
18;18548.26;491.829;3482.431;84.918;225.444;2433.308;0.0;2612.0;14574.0;32756.906;6058.236;-8150.41;4.059;19;128;[1.18, 1.47, 1.57, 1.0, 2.306];[2.243, 1.423, 1.47]
19;18548.26;491.829;3482.431;84.918;225.444;2433.308;0.0;2612.0;14574.0;32756.906;6058.236;-8150.41;6.677;19;128;[1.162, 1.47, 1.57, 1.0, 2.306];[2.243, 1.381, 1.47]
20;18548.26;491.829;3482.431;84.918;225.444;2433.308;0.0;2612.0;14574.0;32756.906;6058.236;-8150.41;2.484;19;128;[1.162, 1.623, 1.57, 1.0, 2.306];[2.243, 1.543, 1.47]
21;18548.26;491.829;3482.431;84.918;225.444;2433.308;0.0;2612.0;14574.0;32756.906;6058.236;-8150.41;3.16;19;128;[1.146, 1.623, 1.57, 1.0, 2.306];[2.243, 1.543, 1.423]
22;18548.26;491.829;3482.431;84.918;225.444;2433.308;0.0;2612.0;14574.0;32756.906;6058.236;-8150.41;2.653;19;128;[1.131, 1.623, 1.57, 1.0, 2.306];[2.243, 1.543, 1.381]
23;18548.26;491.829;3482.431;84.918;225.444;2433.308;0.0;2612.0;14574.0;32756.906;6058.236;-8150.41;16.278;19;128;[1.131, 1.623, 1.57, 1.0, 2.375];[2.319, 1.543, 1.381]
24;18548.26;491.829;3482.431;84.918;225.444;2433.308;0.0;2612.0;14574.0;32756.906;6058.236;-8150.41;5.202;19;128;[1.131, 1.623, 1.57, 1.0, 2.238];[2.319, 1.543, 1.343]
25;18548.26;491.829;3482.431;84.918;225.444;2433.308;0.0;2612.0;14574.0;32756.906;6058.236;-8150.41;1.318;19;128;[1.131, 1.561, 1.57, 1.0, 2.238];[2.319, 1.543, 1.309]
26;18548.26;491.829;3482.431;84.918;225.444;2433.308;0.0;2612.0;14574.0;32756.906;6058.236;-8150.41;3.637;19;128;[1.131, 1.561, 1.57, 1.0, 2.114];[2.319, 1.543, 1.278]
27;18230.822;492.651;3485.171;66.401;221.887;1948.318;0.0;2791.0;14253.0;32756.906;6058.236;-8467.848;9.749;19;128;[1.131, 1.805, 1.57, 1.0, 2.114];[2.487, 1.543, 1.278]
28;18611.219;495.82;3506.399;72.192;230.209;2107.205;0.0;2810.0;14609.0;33291.086;5524.056;-9155.811;2.695;18;128;[1.131, 2.025, 1.57, 1.0, 2.114];[2.487, 1.543, 1.55]
29;18611.219;495.82;3506.399;72.192;230.209;2107.205;0.0;2810.0;14609.0;33291.086;5524.056;-9155.811;2.826;18;128;[1.131, 2.025, 1.57, 1.0, 2.114];[2.487, 1.543, 1.495]
30;18611.219;495.82;3506.399;72.192;230.209;2107.205;0.0;2810.0;14609.0;33291.086;5524.056;-9155.811;3.152;18;128;[1.131, 2.123, 1.57, 1.0, 2.114];[2.538, 1.543, 1.495]
31;18611.219;495.82;3506.399;72.192;230.209;2107.205;0.0;2810.0;14609.0;33291.086;5524.056;-9155.811;2.3;18;128;[1.131, 2.011, 1.57, 1.0, 2.114];[2.538, 1.543, 1.446]
32;18611.219;495.82;3506.399;72.192;230.209;2107.205;0.0;2810.0;14609.0;33291.086;5524.056;-9155.811;2.537;18;128;[1.131, 2.011, 1.57, 1.0, 2.114];[2.538, 1.543, 1.401]
33;18611.219;495.82;3506.399;72.192;230.209;2107.205;0.0;2810.0;14609.0;33291.086;5524.056;-9155.811;2.569;18;128;[1.131, 2.11, 1.57, 1.0, 2.114];[2.538, 1.689, 1.401]
34;18611.219;495.82;3506.399;72.192;230.209;2107.205;0.0;2810.0;14609.0;33291.086;5524.056;-9155.811;2.248;18;128;[1.131, 2.199, 1.57, 1.0, 2.114];[2.538, 1.689, 1.561]
35;18611.219;495.82;3506.399;72.192;230.209;2107.205;0.0;2810.0;14609.0;33291.086;5524.056;-9155.811;2.599;18;128;[1.131, 2.079, 1.57, 1.0, 2.114];[2.538, 1.689, 1.505]
36;18611.219;495.82;3506.399;72.192;230.209;2107.205;0.0;2810.0;14609.0;33291.086;5524.056;-9155.811;8.482;18;128;[1.131, 1.971, 1.57, 1.0, 2.114];[2.538, 1.62, 1.505]
37;18611.219;495.82;3506.399;72.192;230.209;2107.205;0.0;2810.0;14609.0;33291.086;5524.056;-9155.811;10.088;18;128;[1.131, 1.971, 1.57, 1.2, 2.114];[2.538, 1.758, 1.505]
38;18611.219;495.82;3506.399;72.192;230.209;2107.205;0.0;2810.0;14609.0;33291.086;5524.056;-9155.811;3.358;18;128;[1.131, 1.874, 1.57, 1.2, 2.114];[2.538, 1.758, 1.455]
39;18611.219;495.82;3506.399;72.192;230.209;2107.205;0.0;2810.0;14609.0;33291.086;5524.056;-9155.811;10.095;18;128;[1.118, 1.874, 1.57, 1.2, 2.114];[2.538, 1.682, 1.455]
40;18611.219;495.82;3506.399;72.192;230.209;2107.205;0.0;2810.0;14609.0;33291.086;5524.056;-9155.811;6.78;18;128;[1.306, 1.874, 1.57, 1.2, 2.114];[2.584, 1.682, 1.455]
41;18611.219;495.82;3506.399;72.192;230.209;2107.205;0.0;2810.0;14609.0;33291.086;5524.056;-9155.811;6.644;18;128;[1.275, 1.874, 1.57, 1.2, 2.114];[2.584, 1.614, 1.455]
42;18611.219;495.82;3506.399;72.192;230.209;2107.205;0.0;2810.0;14609.0;33291.086;5524.056;-9155.811;8.256;18;128;[1.275, 1.874, 1.57, 1.18, 2.114];[2.584, 1.553, 1.455]
43;18611.219;495.82;3506.399;72.192;230.209;2107.205;0.0;2810.0;14609.0;33291.086;5524.056;-9155.811;3.247;18;128;[1.448, 1.874, 1.57, 1.18, 2.114];[2.584, 1.553, 1.61]
44;18611.219;495.82;3506.399;72.192;230.209;2107.205;0.0;2810.0;14609.0;33291.086;5524.056;-9155.811;2.492;18;128;[1.448, 1.874, 1.57, 1.162, 2.114];[2.584, 1.553, 1.549]
45;18611.219;495.82;3506.399;72.192;230.209;2107.205;0.0;2810.0;14609.0;33291.086;5524.056;-9155.811;3.656;18;128;[1.448, 1.874, 1.57, 1.162, 2.003];[2.584, 1.553, 1.494]
46;18611.219;495.82;3506.399;72.192;230.209;2107.205;0.0;2810.0;14609.0;33291.086;5524.056;-9155.811;1.705;18;128;[1.448, 1.874, 1.57, 1.146, 2.003];[2.584, 1.553, 1.445]
47;18611.219;495.82;3506.399;72.192;230.209;2107.205;0.0;2810.0;14609.0;33291.086;5524.056;-9155.811;17.145;18;128;[1.448, 1.874, 1.57, 1.146, 2.103];[2.626, 1.553, 1.445]
48;18611.219;495.82;3506.399;72.192;230.209;2107.205;0.0;2810.0;14609.0;33291.086;5524.056;-9155.811;2.182;18;128;[1.448, 1.874, 1.57, 1.131, 2.103];[2.626, 1.553, 1.401]
49;18611.219;495.82;3506.399;72.192;230.209;2107.205;0.0;2810.0;14609.0;33291.086;5524.056;-9155.811;9.256;18;128;[1.403, 1.874, 1.57, 1.131, 2.103];[2.626, 1.498, 1.401]
618constructshop:False depot:True weather:False;19777.564;542.284;3663.28;76.08;240.811;2218.9;0.0;2871.0;15572.0;33123.002;5692.14;-7653.298;32.517;19;128;[1.0, 1.0, 1.0, 1.0, 1.0];[1.0, 1.0, 1.0]
0;19590.162;553.73;3701.432;66.648;242.245;1975.084;0.0;2850.0;15335.0;33123.002;5692.14;-7840.7;4.511;18;128;[1.0, 1.0, 1.0, 1.0, 1.3];[1.0, 1.0, 1.3]
1;19338.788;560.105;3722.683;78.401;252.549;2290.978;0.0;2633.0;15056.0;33123.002;5692.14;-8092.074;4.731;18;128;[1.0, 1.0, 1.3, 1.0, 1.3];[1.0, 1.0, 1.57]
2;19281.508;565.887;3761.622;81.204;253.296;2364.603;0.0;2475.0;14954.0;33435.782;5379.36;-8774.914;3.719;17;128;[1.0, 1.0, 1.57, 1.0, 1.3];[1.0, 1.0, 1.813]
3;19281.508;565.887;3761.622;81.204;253.296;2364.603;0.0;2475.0;14954.0;33435.782;5379.36;-8774.914;3.323;17;128;[1.0, 1.0, 1.57, 1.0, 1.27];[1.0, 1.0, 1.732]
4;19253.174;559.809;3741.364;90.506;256.335;2609.488;0.0;2416.0;14952.0;33435.782;5379.36;-8803.248;8.638;17;128;[1.3, 1.0, 1.57, 1.0, 1.27];[1.3, 1.0, 1.732]
5;19230.402;545.554;3693.848;93.275;257.714;2682.867;0.0;2535.0;14991.0;33435.782;5379.36;-8826.02;17.103;17;128;[1.3, 1.0, 1.57, 1.0, 1.543];[1.57, 1.0, 1.732]
6;19084.631;534.992;3658.639;92.854;253.534;2667.731;0.0;2436.0;14891.0;33435.782;5379.36;-8971.791;10.788;17;128;[1.3, 1.0, 1.57, 1.3, 1.543];[1.57, 1.3, 1.732]
7;19084.631;534.992;3658.639;92.854;253.534;2667.731;0.0;2436.0;14891.0;33435.782;5379.36;-8971.791;4.188;17;128;[1.3, 1.0, 1.57, 1.3, 1.489];[1.57, 1.3, 1.659]
8;19090.09;528.867;3631.223;92.235;253.8;2651.913;0.0;2377.0;14930.0;33513.098;5302.044;-9120.964;13.582;17;128;[1.57, 1.0, 1.57, 1.3, 1.489];[1.813, 1.3, 1.659]
9;19090.09;528.867;3631.223;92.235;253.8;2651.913;0.0;2377.0;14930.0;33513.098;5302.044;-9120.964;3.002;17;128;[1.513, 1.0, 1.57, 1.3, 1.489];[1.813, 1.3, 1.593]
10;18832.896;501.591;3540.304;82.081;237.406;2371.5;0.0;2277.0;14791.0;33513.098;5302.044;-9378.158;1.353;17;128;[1.513, 1.3, 1.57, 1.3, 1.489];[1.813, 1.3, 1.834]
11;18832.896;501.591;3540.304;82.081;237.406;2371.5;0.0;2277.0;14791.0;33513.098;5302.044;-9378.158;3.946;17;128;[1.513, 1.3, 1.57, 1.3, 1.44];[1.813, 1.3, 1.751]
12;18739.093;516.868;3591.226;85.289;245.181;2462.687;0.0;1980.0;14631.0;33513.098;5302.044;-9471.961;4.841;17;128;[1.513, 1.57, 1.57, 1.3, 1.44];[1.813, 1.57, 1.751]
13;18739.093;516.868;3591.226;85.289;245.181;2462.687;0.0;1980.0;14631.0;33513.098;5302.044;-9471.961;9.254;17;128;[1.513, 1.57, 1.513, 1.3, 1.44];[1.732, 1.57, 1.751]
14;18739.093;516.868;3591.226;85.289;245.181;2462.687;0.0;1980.0;14631.0;33513.098;5302.044;-9471.961;2.659;17;128;[1.513, 1.513, 1.513, 1.3, 1.44];[1.732, 1.513, 1.751]
15;18739.093;516.868;3591.226;85.289;245.181;2462.687;0.0;1980.0;14631.0;33513.098;5302.044;-9471.961;3.56;17;128;[1.462, 1.513, 1.513, 1.3, 1.44];[1.732, 1.513, 1.676]
16;18739.093;516.868;3591.226;85.289;245.181;2462.687;0.0;1980.0;14631.0;33513.098;5302.044;-9471.961;18.867;17;128;[1.462, 1.513, 1.513, 1.3, 1.396];[1.659, 1.513, 1.676]
17;18739.093;516.868;3591.226;85.289;245.181;2462.687;0.0;1980.0;14631.0;33513.098;5302.044;-9471.961;17.208;17;128;[1.462, 1.513, 1.513, 1.3, 1.356];[1.593, 1.513, 1.676]
18;18739.093;516.868;3591.226;85.289;245.181;2462.687;0.0;1980.0;14631.0;33513.098;5302.044;-9471.961;2.659;17;128;[1.462, 1.513, 1.513, 1.27, 1.356];[1.593, 1.513, 1.608]
19;18739.093;516.868;3591.226;85.289;245.181;2462.687;0.0;1980.0;14631.0;33513.098;5302.044;-9471.961;3.667;17;128;[1.416, 1.513, 1.513, 1.27, 1.356];[1.593, 1.513, 1.547]
20;18739.093;516.868;3591.226;85.289;245.181;2462.687;0.0;1980.0;14631.0;33513.098;5302.044;-9471.961;8.799;17;128;[1.416, 1.513, 1.462, 1.27, 1.356];[1.534, 1.513, 1.547]
21;18739.093;516.868;3591.226;85.289;245.181;2462.687;0.0;1980.0;14631.0;33513.098;5302.044;-9471.961;5.536;17;128;[1.416, 1.462, 1.462, 1.27, 1.356];[1.534, 1.462, 1.547]
22;18739.093;516.868;3591.226;85.289;245.181;2462.687;0.0;1980.0;14631.0;33513.098;5302.044;-9471.961;21.41;17;128;[1.416, 1.462, 1.462, 1.27, 1.32];[1.534, 1.416, 1.547]
23;18739.093;516.868;3591.226;85.289;245.181;2462.687;0.0;1980.0;14631.0;33513.098;5302.044;-9471.961;22.15;17;128;[1.416, 1.462, 1.462, 1.27, 1.488];[1.534, 1.574, 1.547]
24;18739.093;516.868;3591.226;85.289;245.181;2462.687;0.0;1980.0;14631.0;33513.098;5302.044;-9471.961;9.262;17;128;[1.574, 1.462, 1.462, 1.27, 1.488];[1.681, 1.574, 1.547]
25;18739.093;516.868;3591.226;85.289;245.181;2462.687;0.0;1980.0;14631.0;33513.098;5302.044;-9471.961;8.641;17;128;[1.574, 1.462, 1.462, 1.443, 1.488];[1.681, 1.717, 1.547]
26;18739.093;516.868;3591.226;85.289;245.181;2462.687;0.0;1980.0;14631.0;33513.098;5302.044;-9471.961;9.862;17;128;[1.517, 1.462, 1.462, 1.443, 1.488];[1.681, 1.645, 1.547]
27;18739.093;516.868;3591.226;85.289;245.181;2462.687;0.0;1980.0;14631.0;33513.098;5302.044;-9471.961;2.515;17;128;[1.517, 1.462, 1.462, 1.399, 1.488];[1.681, 1.645, 1.492]
28;18739.093;516.868;3591.226;85.289;245.181;2462.687;0.0;1980.0;14631.0;33513.098;5302.044;-9471.961;3.647;17;128;[1.465, 1.462, 1.462, 1.399, 1.488];[1.681, 1.645, 1.443]
29;18739.093;516.868;3591.226;85.289;245.181;2462.687;0.0;1980.0;14631.0;33513.098;5302.044;-9471.961;7.308;17;128;[1.465, 1.462, 1.462, 1.359, 1.488];[1.681, 1.581, 1.443]
30;18739.093;516.868;3591.226;85.289;245.181;2462.687;0.0;1980.0;14631.0;33513.098;5302.044;-9471.961;6.969;17;128;[1.465, 1.416, 1.462, 1.359, 1.488];[1.681, 1.523, 1.443]
31;18739.093;516.868;3591.226;85.289;245.181;2462.687;0.0;1980.0;14631.0;33513.098;5302.044;-9471.961;3.03;17;128;[1.465, 1.416, 1.416, 1.359, 1.488];[1.681, 1.523, 1.399]
32;18739.093;516.868;3591.226;85.289;245.181;2462.687;0.0;1980.0;14631.0;33513.098;5302.044;-9471.961;19.532;17;128;[1.465, 1.416, 1.416, 1.359, 1.639];[1.813, 1.523, 1.399]
33;18739.093;516.868;3591.226;85.289;245.181;2462.687;0.0;1980.0;14631.0;33513.098;5302.044;-9471.961;1.891;17;128;[1.465, 1.574, 1.416, 1.359, 1.639];[1.813, 1.671, 1.399]
34;18739.093;516.868;3591.226;85.289;245.181;2462.687;0.0;1980.0;14631.0;33513.098;5302.044;-9471.961;0.833;17;128;[1.465, 1.717, 1.416, 1.359, 1.639];[1.813, 1.804, 1.399]
35;18739.093;516.868;3591.226;85.289;245.181;2462.687;0.0;1980.0;14631.0;33513.098;5302.044;-9471.961;4.19;17;128;[1.465, 1.717, 1.416, 1.359, 1.575];[1.813, 1.804, 1.359]
36;18739.093;516.868;3591.226;85.289;245.181;2462.687;0.0;1980.0;14631.0;33513.098;5302.044;-9471.961;2.905;17;128;[1.465, 1.717, 1.416, 1.323, 1.575];[1.813, 1.804, 1.323]
37;18739.093;516.868;3591.226;85.289;245.181;2462.687;0.0;1980.0;14631.0;33513.098;5302.044;-9471.961;7.961;17;128;[1.465, 1.717, 1.416, 1.291, 1.575];[1.732, 1.804, 1.323]
38;18739.093;516.868;3591.226;85.289;245.181;2462.687;0.0;1980.0;14631.0;33513.098;5302.044;-9471.961;8.162;17;128;[1.619, 1.717, 1.416, 1.291, 1.575];[1.732, 1.924, 1.323]
39;18739.093;516.868;3591.226;85.289;245.181;2462.687;0.0;1980.0;14631.0;33513.098;5302.044;-9471.961;7.797;17;128;[1.619, 1.717, 1.574, 1.291, 1.575];[1.859, 1.924, 1.323]
40;18739.093;516.868;3591.226;85.289;245.181;2462.687;0.0;1980.0;14631.0;33513.098;5302.044;-9471.961;1.713;17;128;[1.619, 1.845, 1.574, 1.291, 1.575];[1.973, 1.924, 1.323]
41;18739.093;516.868;3591.226;85.289;245.181;2462.687;0.0;1980.0;14631.0;33513.098;5302.044;-9471.961;3.766;17;128;[1.619, 1.761, 1.574, 1.291, 1.575];[1.973, 1.924, 1.291]
42;18739.093;516.868;3591.226;85.289;245.181;2462.687;0.0;1980.0;14631.0;33513.098;5302.044;-9471.961;7.333;17;128;[1.619, 1.761, 1.717, 1.291, 1.575];[1.973, 2.032, 1.291]
43;18739.093;516.868;3591.226;85.289;245.181;2462.687;0.0;1980.0;14631.0;33513.098;5302.044;-9471.961;5.618;17;128;[1.619, 1.685, 1.717, 1.291, 1.575];[1.973, 1.929, 1.291]
44;18739.093;516.868;3591.226;85.289;245.181;2462.687;0.0;1980.0;14631.0;33513.098;5302.044;-9471.961;2.415;17;128;[1.619, 1.685, 1.645, 1.291, 1.575];[1.973, 1.929, 1.262]
45;18739.093;516.868;3591.226;85.289;245.181;2462.687;0.0;1980.0;14631.0;33513.098;5302.044;-9471.961;7.561;17;128;[1.619, 1.617, 1.645, 1.291, 1.575];[1.876, 1.929, 1.262]
46;18739.093;516.868;3591.226;85.289;245.181;2462.687;0.0;1980.0;14631.0;33513.098;5302.044;-9471.961;9.093;17;128;[1.619, 1.617, 1.645, 1.262, 1.575];[1.788, 1.929, 1.262]
47;18739.093;516.868;3591.226;85.289;245.181;2462.687;0.0;1980.0;14631.0;33513.098;5302.044;-9471.961;18.547;17;128;[1.619, 1.617, 1.645, 1.262, 1.518];[1.709, 1.929, 1.262]
48;18739.093;516.868;3591.226;85.289;245.181;2462.687;0.0;1980.0;14631.0;33513.098;5302.044;-9471.961;3.255;17;128;[1.619, 1.555, 1.645, 1.262, 1.518];[1.638, 1.929, 1.262]
49;18739.093;516.868;3591.226;85.289;245.181;2462.687;0.0;1980.0;14631.0;33513.098;5302.044;-9471.961;7.563;17;128;[1.619, 1.555, 1.581, 1.262, 1.518];[1.638, 1.836, 1.262]
619constructshop:False depot:True weather:False;20017.831;563.807;3742.024;62.257;244.049;1862.72;0.0;3087.0;15712.0;33093.686;5721.456;-7354.399;33.036;19;128;[1.0, 1.0, 1.0, 1.0, 1.0];[1.0, 1.0, 1.0]
0;19715.815;558.726;3725.088;72.995;248.626;2146.494;0.0;2811.0;15432.0;33093.686;5721.456;-7656.415;20.165;18;128;[1.0, 1.0, 1.0, 1.0, 1.3];[1.0, 1.3, 1.0]
1;19367.146;533.649;3641.497;70.488;236.282;2068.972;0.0;2693.0;15192.0;33093.686;5721.456;-8005.084;16.637;18;128;[1.0, 1.0, 1.0, 1.0, 1.57];[1.3, 1.3, 1.0]
2;19367.146;533.649;3641.497;70.488;236.282;2068.972;0.0;2693.0;15192.0;33093.686;5721.456;-8005.084;20.527;18;128;[1.0, 1.0, 1.0, 1.0, 1.513];[1.3, 1.27, 1.0]
3;19227.029;538.007;3656.022;61.77;231.474;1837.492;0.0;2712.0;15033.0;33093.686;5721.456;-8145.201;15.469;18;128;[1.0, 1.0, 1.0, 1.0, 1.762];[1.57, 1.27, 1.0]
4;19227.029;538.007;3656.022;61.77;231.474;1837.492;0.0;2712.0;15033.0;33093.686;5721.456;-8145.201;16.98;18;128;[1.0, 1.0, 1.0, 1.0, 1.686];[1.57, 1.243, 1.0]
5;19227.029;538.007;3656.022;61.77;231.474;1837.492;0.0;2712.0;15033.0;33093.686;5721.456;-8145.201;15.39;18;128;[1.0, 1.0, 1.0, 1.0, 1.817];[1.57, 1.419, 1.0]
6;19227.029;538.007;3656.022;61.77;231.474;1837.492;0.0;2712.0;15033.0;33093.686;5721.456;-8145.201;3.984;18;128;[1.0, 1.2, 1.0, 1.0, 1.817];[1.57, 1.577, 1.0]
7;19227.029;538.007;3656.022;61.77;231.474;1837.492;0.0;2712.0;15033.0;33093.686;5721.456;-8145.201;5.007;18;128;[1.0, 1.2, 1.0, 1.0, 1.935];[1.57, 1.577, 1.2]
8;19190.937;543.755;3675.182;65.617;241.485;1947.531;0.0;2655.0;14972.0;33093.686;5721.456;-8181.293;10.197;18;128;[1.3, 1.2, 1.0, 1.0, 1.935];[1.813, 1.577, 1.2]
9;19132.623;530.298;3630.326;53.016;226.434;1604.854;0.0;2655.0;14972.0;33093.686;5721.456;-8239.607;1.321;18;128;[1.3, 1.48, 1.0, 1.0, 1.935];[1.813, 1.577, 1.48]
10;19071.182;516.119;3583.063;52.67;218.528;1587.953;0.0;2655.0;14972.0;33093.686;5721.456;-8301.048;11.167;18;128;[1.3, 1.48, 1.0, 1.3, 1.935];[1.813, 1.819, 1.48]
11;18990.244;525.133;3613.111;56.064;223.722;1681.383;0.0;2655.0;14852.0;33093.686;5721.456;-8381.986;18.085;18;128;[1.3, 1.48, 1.0, 1.3, 2.142];[2.032, 1.819, 1.48]
12;18925.537;509.97;3562.567;54.105;216.521;1623.241;0.0;2873.0;14853.0;33093.686;5721.456;-8446.693;8.037;18;128;[1.3, 1.732, 1.0, 1.3, 2.142];[2.229, 1.819, 1.48]
13;18925.537;509.97;3562.567;54.105;216.521;1623.241;0.0;2873.0;14853.0;33093.686;5721.456;-8446.693;3.044;18;128;[1.3, 1.659, 1.0, 1.3, 2.142];[2.229, 1.819, 1.432]
14;18925.537;509.97;3562.567;54.105;216.521;1623.241;0.0;2873.0;14853.0;33093.686;5721.456;-8446.693;7.875;18;128;[1.47, 1.659, 1.0, 1.3, 2.142];[2.306, 1.819, 1.432]
15;18922.031;518.622;3591.408;57.871;226.24;1730.881;0.0;2655.0;14812.0;33093.686;5721.456;-8450.199;8.648;18;128;[1.47, 1.659, 1.0, 1.57, 2.142];[2.306, 2.037, 1.432]
16;18922.031;518.622;3591.408;57.871;226.24;1730.881;0.0;2655.0;14812.0;33093.686;5721.456;-8450.199;15.811;18;128;[1.47, 1.659, 1.0, 1.57, 2.028];[2.175, 2.037, 1.432]
17;18922.031;518.622;3591.408;57.871;226.24;1730.881;0.0;2655.0;14812.0;33093.686;5721.456;-8450.199;7.199;18;128;[1.47, 1.659, 1.0, 1.713, 2.028];[2.175, 2.133, 1.432]
18;18922.031;518.622;3591.408;57.871;226.24;1730.881;0.0;2655.0;14812.0;33093.686;5721.456;-8450.199;3.365;18;128;[1.47, 1.659, 1.0, 1.713, 1.925];[2.175, 2.133, 1.389]
19;18922.031;518.622;3591.408;57.871;226.24;1730.881;0.0;2655.0;14812.0;33093.686;5721.456;-8450.199;3.15;18;128;[1.423, 1.659, 1.0, 1.713, 1.925];[2.175, 2.133, 1.35]
20;18922.031;518.622;3591.408;57.871;226.24;1730.881;0.0;2655.0;14812.0;33093.686;5721.456;-8450.199;13.811;18;128;[1.423, 1.659, 1.0, 1.713, 2.033];[2.257, 2.133, 1.35]
21;18909.632;529.146;3626.486;69.316;240.628;2042.856;0.0;2532.0;14754.0;33093.686;5721.456;-8462.598;9.937;18;128;[1.681, 1.659, 1.0, 1.713, 2.033];[2.431, 2.133, 1.35]
22;18704.842;519.271;3593.571;65.493;233.184;1936.012;0.0;2335.0;14592.0;33093.686;5721.456;-8667.388;8.636;18;128;[1.913, 1.659, 1.0, 1.713, 2.033];[2.431, 2.32, 1.35]
23;18661.459;513.875;3575.584;65.431;230.656;1931.873;0.0;2316.0;14572.0;33093.686;5721.456;-8710.771;14.359;18;128;[1.913, 1.659, 1.0, 1.713, 2.23];[2.588, 2.32, 1.35]
24;18635.663;507.922;3555.741;65.431;229.799;1931.017;0.0;2316.0;14572.0;33093.686;5721.456;-8736.567;6.847;18;128;[2.122, 1.659, 1.0, 1.713, 2.23];[2.729, 2.32, 1.35]
25;18560.772;490.87;3498.902;60.742;220.429;1799.727;0.0;2217.0;14571.0;33093.686;5721.456;-8811.458;9.407;18;128;[2.31, 1.659, 1.0, 1.713, 2.23];[2.729, 2.488, 1.35]
26;18560.772;490.87;3498.902;60.742;220.429;1799.727;0.0;2217.0;14571.0;33093.686;5721.456;-8811.458;1.679;18;128;[2.31, 1.593, 1.0, 1.713, 2.23];[2.729, 2.488, 1.315]
27;18560.772;490.87;3498.902;60.742;220.429;1799.727;0.0;2217.0;14571.0;33093.686;5721.456;-8811.458;4.13;18;128;[2.31, 1.593, 1.0, 1.713, 2.107];[2.729, 2.488, 1.284]
28;18560.772;490.87;3498.902;60.742;220.429;1799.727;0.0;2217.0;14571.0;33093.686;5721.456;-8811.458;16.417;18;128;[2.31, 1.593, 1.0, 1.713, 1.996];[2.556, 2.488, 1.284]
29;18560.772;490.87;3498.902;60.742;220.429;1799.727;0.0;2217.0;14571.0;33093.686;5721.456;-8811.458;10.22;18;128;[2.31, 1.593, 1.0, 1.713, 1.996];[2.4, 2.488, 1.284]
30;18560.772;490.87;3498.902;60.742;220.429;1799.727;0.0;2217.0;14571.0;33093.686;5721.456;-8811.458;1.361;18;128;[2.31, 1.734, 1.0, 1.713, 1.996];[2.46, 2.488, 1.284]
31;18560.772;490.87;3498.902;60.742;220.429;1799.727;0.0;2217.0;14571.0;33093.686;5721.456;-8811.458;7.642;18;128;[2.31, 1.734, 1.0, 1.713, 1.996];[2.46, 2.339, 1.284]
32;18560.772;490.87;3498.902;60.742;220.429;1799.727;0.0;2217.0;14571.0;33093.686;5721.456;-8811.458;3.169;18;128;[2.31, 1.734, 1.0, 1.713, 1.996];[2.46, 2.339, 1.256]
33;18560.772;490.87;3498.902;60.742;220.429;1799.727;0.0;2217.0;14571.0;33093.686;5721.456;-8811.458;7.367;18;128;[2.379, 1.734, 1.0, 1.713, 1.996];[2.514, 2.339, 1.256]
34;18560.772;490.87;3498.902;60.742;220.429;1799.727;0.0;2217.0;14571.0;33093.686;5721.456;-8811.458;3.743;18;128;[2.241, 1.734, 1.0, 1.713, 1.996];[2.514, 2.339, 1.23]
35;18560.772;490.87;3498.902;60.742;220.429;1799.727;0.0;2217.0;14571.0;33093.686;5721.456;-8811.458;17.716;18;128;[2.241, 1.734, 1.0, 1.713, 2.096];[2.563, 2.339, 1.23]
36;18560.772;490.87;3498.902;60.742;220.429;1799.727;0.0;2217.0;14571.0;33093.686;5721.456;-8811.458;9.63;18;128;[2.117, 1.734, 1.0, 1.713, 2.096];[2.563, 2.205, 1.23]
37;18560.772;490.87;3498.902;60.742;220.429;1799.727;0.0;2217.0;14571.0;33093.686;5721.456;-8811.458;22.237;18;128;[2.117, 1.734, 1.0, 1.713, 1.986];[2.563, 2.085, 1.23]
38;18560.772;490.87;3498.902;60.742;220.429;1799.727;0.0;2217.0;14571.0;33093.686;5721.456;-8811.458;1.69;18;128;[2.117, 1.661, 1.0, 1.713, 1.986];[2.563, 2.085, 1.207]
39;18560.772;490.87;3498.902;60.742;220.429;1799.727;0.0;2217.0;14571.0;33093.686;5721.456;-8811.458;20.283;18;128;[2.117, 1.661, 1.0, 1.713, 1.887];[2.407, 2.085, 1.207]
40;18560.772;490.87;3498.902;60.742;220.429;1799.727;0.0;2217.0;14571.0;33093.686;5721.456;-8811.458;2.104;18;128;[2.117, 1.795, 1.0, 1.713, 1.887];[2.407, 2.176, 1.207]
41;18560.772;490.87;3498.902;60.742;220.429;1799.727;0.0;2217.0;14571.0;33093.686;5721.456;-8811.458;11.054;18;128;[2.117, 1.795, 1.0, 1.842, 1.887];[2.407, 2.258, 1.207]
42;18560.772;490.87;3498.902;60.742;220.429;1799.727;0.0;2217.0;14571.0;33093.686;5721.456;-8811.458;8.628;18;128;[2.117, 1.795, 1.0, 1.958, 1.887];[2.466, 2.258, 1.207]
43;18560.772;490.87;3498.902;60.742;220.429;1799.727;0.0;2217.0;14571.0;33093.686;5721.456;-8811.458;3.813;18;128;[2.205, 1.795, 1.0, 1.958, 1.887];[2.466, 2.258, 1.386]
44;18560.772;490.87;3498.902;60.742;220.429;1799.727;0.0;2217.0;14571.0;33093.686;5721.456;-8811.458;5.637;18;128;[2.205, 1.915, 1.0, 1.958, 1.887];[2.519, 2.258, 1.386]
45;18560.772;490.87;3498.902;60.742;220.429;1799.727;0.0;2217.0;14571.0;33093.686;5721.456;-8811.458;9.12;18;128;[2.285, 1.915, 1.0, 1.958, 1.887];[2.519, 2.332, 1.386]
46;18560.772;490.87;3498.902;60.742;220.429;1799.727;0.0;2217.0;14571.0;33093.686;5721.456;-8811.458;8.73;18;128;[2.285, 1.915, 1.0, 2.062, 1.887];[2.567, 2.332, 1.386]
47;18560.772;490.87;3498.902;60.742;220.429;1799.727;0.0;2217.0;14571.0;33093.686;5721.456;-8811.458;8.246;18;128;[2.285, 1.915, 1.0, 2.156, 1.887];[2.61, 2.332, 1.386]
48;18560.772;490.87;3498.902;60.742;220.429;1799.727;0.0;2217.0;14571.0;33093.686;5721.456;-8811.458;8.625;18;128;[2.285, 1.824, 1.0, 2.156, 1.887];[2.61, 2.199, 1.386]
49;18560.772;490.87;3498.902;60.742;220.429;1799.727;0.0;2217.0;14571.0;33093.686;5721.456;-8811.458;4.495;18;128;[2.285, 1.742, 1.0, 2.156, 1.887];[2.61, 2.079, 1.386]
620constructshop:False depot:True weather:False;19222.369;546.316;3658.053;80.601;245.949;2341.578;0.0;2829.0;15018.0;32566.478;6248.664;-7095.445;32.861;19;128;[1.0, 1.0, 1.0, 1.0, 1.0];[1.0, 1.0, 1.0]
0;18985.812;515.264;3554.548;80.276;235.229;2322.407;0.0;2552.0;14916.0;32566.478;6248.664;-7332.002;11.956;20;128;[1.0, 1.0, 1.3, 1.0, 1.0];[1.3, 1.0, 1.0]
1;18887.582;500.673;3511.909;78.921;224.41;2276.352;0.0;2434.0;14875.0;32756.906;6058.236;-7811.088;11.936;19;128;[1.0, 1.0, 1.57, 1.0, 1.0];[1.57, 1.0, 1.0]
2;18704.129;486.03;3463.099;66.88;211.181;1950.069;0.0;2395.0;14755.0;32756.906;6058.236;-7994.541;11.572;19;128;[1.0, 1.0, 1.813, 1.0, 1.0];[1.57, 1.3, 1.0]
3;18614.046;488.549;3471.497;75.957;216.22;2191.096;0.0;2177.0;14654.0;32756.906;6058.236;-8084.624;4.552;19;128;[1.0, 1.0, 2.032, 1.0, 1.0];[1.57, 1.3, 1.3]
4;18614.046;488.549;3471.497;75.957;216.22;2191.096;0.0;2177.0;14654.0;32756.906;6058.236;-8084.624;8.915;19;128;[1.0, 1.0, 1.929, 1.0, 1.0];[1.513, 1.3, 1.3]
5;18613.342;507.079;3533.263;79.538;226.799;2294.79;0.0;1999.0;14573.0;32756.906;6058.236;-8085.328;7.984;19;128;[1.0, 1.0, 1.929, 1.3, 1.0];[1.762, 1.3, 1.3]
6;18457.968;485.07;3459.898;76.412;218.441;2205.147;0.0;1940.0;14513.0;32756.906;6058.236;-8240.702;8.028;19;128;[1.0, 1.0, 2.136, 1.3, 1.0];[1.762, 1.57, 1.3]
7;18457.968;485.07;3459.898;76.412;218.441;2205.147;0.0;1940.0;14513.0;32756.906;6058.236;-8240.702;2.496;19;128;[1.0, 1.0, 2.136, 1.3, 1.0];[1.762, 1.57, 1.27]
8;18457.968;485.07;3459.898;76.412;218.441;2205.147;0.0;1940.0;14513.0;32756.906;6058.236;-8240.702;8.972;19;128;[1.0, 1.0, 2.022, 1.3, 1.0];[1.686, 1.57, 1.27]
9;18457.968;485.07;3459.898;76.412;218.441;2205.147;0.0;1940.0;14513.0;32756.906;6058.236;-8240.702;3.865;19;128;[1.0, 1.0, 1.92, 1.3, 1.0];[1.686, 1.57, 1.243]
10;18457.968;485.07;3459.898;76.412;218.441;2205.147;0.0;1940.0;14513.0;32756.906;6058.236;-8240.702;1.655;19;128;[1.0, 1.2, 1.92, 1.3, 1.0];[1.686, 1.713, 1.243]
11;18415.732;466.553;3398.178;69.412;207.846;2012.562;0.0;1900.0;14551.0;32756.906;6058.236;-8282.938;7.855;19;128;[1.3, 1.2, 1.92, 1.3, 1.0];[1.686, 1.942, 1.243]
12;18415.732;466.553;3398.178;69.412;207.846;2012.562;0.0;1900.0;14551.0;32756.906;6058.236;-8282.938;3.724;19;128;[1.3, 1.2, 1.828, 1.3, 1.0];[1.686, 1.942, 1.219]
13;18165.408;473.402;3421.006;71.694;216.242;2080.29;0.0;1623.0;14271.0;32756.906;6058.236;-8533.262;7.801;19;128;[1.57, 1.2, 1.828, 1.3, 1.0];[1.686, 2.148, 1.219]
14;18165.408;473.402;3421.006;71.694;216.242;2080.29;0.0;1623.0;14271.0;32756.906;6058.236;-8533.262;7.061;19;128;[1.57, 1.2, 1.828, 1.27, 1.0];[1.686, 2.033, 1.219]
15;18165.408;473.402;3421.006;71.694;216.242;2080.29;0.0;1623.0;14271.0;32756.906;6058.236;-8533.262;6.193;19;128;[1.57, 1.2, 1.745, 1.27, 1.0];[1.686, 1.93, 1.219]
16;18165.408;473.402;3421.006;71.694;216.242;2080.29;0.0;1623.0;14271.0;32756.906;6058.236;-8533.262;4.147;19;128;[1.57, 1.38, 1.745, 1.27, 1.0];[1.817, 1.93, 1.219]
17;18165.408;473.402;3421.006;71.694;216.242;2080.29;0.0;1623.0;14271.0;32756.906;6058.236;-8533.262;7.744;19;128;[1.57, 1.38, 1.871, 1.27, 1.0];[1.817, 2.037, 1.219]
18;18153.567;475.285;3427.282;72.372;217.727;2099.401;0.0;1623.0;14251.0;32756.906;6058.236;-8545.103;5.551;19;128;[1.57, 1.38, 1.871, 1.543, 1.0];[1.817, 2.233, 1.219]
19;18153.567;475.285;3427.282;72.372;217.727;2099.401;0.0;1623.0;14251.0;32756.906;6058.236;-8545.103;2.185;19;128;[1.57, 1.38, 1.784, 1.543, 1.0];[1.817, 2.233, 1.197]
20;18153.567;475.285;3427.282;72.372;217.727;2099.401;0.0;1623.0;14251.0;32756.906;6058.236;-8545.103;1.56;19;128;[1.57, 1.542, 1.784, 1.543, 1.0];[1.935, 2.233, 1.197]
21;18153.567;475.285;3427.282;72.372;217.727;2099.401;0.0;1623.0;14251.0;32756.906;6058.236;-8545.103;1.096;19;128;[1.57, 1.688, 1.784, 1.543, 1.0];[1.935, 2.31, 1.197]
22;18153.567;475.285;3427.282;72.372;217.727;2099.401;0.0;1623.0;14251.0;32756.906;6058.236;-8545.103;6.712;19;128;[1.513, 1.688, 1.784, 1.543, 1.0];[1.842, 2.31, 1.197]
23;18153.567;475.285;3427.282;72.372;217.727;2099.401;0.0;1623.0;14251.0;32756.906;6058.236;-8545.103;2.372;19;128;[1.662, 1.688, 1.784, 1.543, 1.0];[1.842, 2.31, 1.377]
24;18153.567;475.285;3427.282;72.372;217.727;2099.401;0.0;1623.0;14251.0;32756.906;6058.236;-8545.103;2.053;19;128;[1.662, 1.819, 1.784, 1.543, 1.0];[1.958, 2.31, 1.377]
25;18153.567;475.285;3427.282;72.372;217.727;2099.401;0.0;1623.0;14251.0;32756.906;6058.236;-8545.103;17.205;19;128;[1.662, 1.819, 1.784, 1.543, 1.2];[2.062, 2.31, 1.377]
26;18153.567;475.285;3427.282;72.372;217.727;2099.401;0.0;1623.0;14251.0;32756.906;6058.236;-8545.103;4.349;19;128;[1.662, 1.937, 1.784, 1.543, 1.2];[2.156, 2.31, 1.377]
27;18153.567;475.285;3427.282;72.372;217.727;2099.401;0.0;1623.0;14251.0;32756.906;6058.236;-8545.103;5.201;19;128;[1.662, 1.937, 1.784, 1.543, 1.18];[2.156, 2.31, 1.339]
28;18153.567;475.285;3427.282;72.372;217.727;2099.401;0.0;1623.0;14251.0;32756.906;6058.236;-8545.103;8.207;19;128;[1.662, 1.937, 1.906, 1.543, 1.18];[2.24, 2.31, 1.339]
29;18153.567;475.285;3427.282;72.372;217.727;2099.401;0.0;1623.0;14251.0;32756.906;6058.236;-8545.103;6.314;19;128;[1.662, 1.937, 1.906, 1.689, 1.18];[2.24, 2.379, 1.339]
30;18153.567;475.285;3427.282;72.372;217.727;2099.401;0.0;1623.0;14251.0;32756.906;6058.236;-8545.103;5.204;19;128;[1.662, 1.937, 1.906, 1.82, 1.18];[2.24, 2.441, 1.339]
31;18153.567;475.285;3427.282;72.372;217.727;2099.401;0.0;1623.0;14251.0;32756.906;6058.236;-8545.103;3.783;19;128;[1.662, 1.843, 1.906, 1.82, 1.18];[2.116, 2.441, 1.339]
32;18153.567;475.285;3427.282;72.372;217.727;2099.401;0.0;1623.0;14251.0;32756.906;6058.236;-8545.103;5.091;19;128;[1.662, 1.843, 1.906, 1.938, 1.18];[2.116, 2.497, 1.339]
33;18153.567;475.285;3427.282;72.372;217.727;2099.401;0.0;1623.0;14251.0;32756.906;6058.236;-8545.103;0.808;19;128;[1.662, 1.959, 1.906, 1.938, 1.18];[2.204, 2.497, 1.339]
34;18153.567;475.285;3427.282;72.372;217.727;2099.401;0.0;1623.0;14251.0;32756.906;6058.236;-8545.103;3.571;19;128;[1.662, 2.063, 1.906, 1.938, 1.18];[2.284, 2.497, 1.339]
35;18153.567;475.285;3427.282;72.372;217.727;2099.401;0.0;1623.0;14251.0;32756.906;6058.236;-8545.103;2.2;19;128;[1.662, 2.063, 1.906, 1.844, 1.18];[2.284, 2.497, 1.305]
36;18075.947;465.68;3395.267;67.227;205.264;1953.171;0.0;1998.0;14215.0;32756.906;6058.236;-8622.723;8.283;19;128;[1.662, 2.063, 2.115, 1.844, 1.18];[2.284, 2.647, 1.305]
37;18075.947;465.68;3395.267;67.227;205.264;1953.171;0.0;1998.0;14215.0;32756.906;6058.236;-8622.723;3.657;19;128;[1.662, 1.957, 2.115, 1.844, 1.18];[2.284, 2.482, 1.305]
38;18075.947;465.68;3395.267;67.227;205.264;1953.171;0.0;1998.0;14215.0;32756.906;6058.236;-8622.723;1.893;19;128;[1.596, 1.957, 2.115, 1.844, 1.18];[2.284, 2.482, 1.274]
39;18075.947;465.68;3395.267;67.227;205.264;1953.171;0.0;1998.0;14215.0;32756.906;6058.236;-8622.723;6.294;19;128;[1.536, 1.957, 2.115, 1.844, 1.18];[2.156, 2.482, 1.274]
40;18075.947;465.68;3395.267;67.227;205.264;1953.171;0.0;1998.0;14215.0;32756.906;6058.236;-8622.723;6.147;19;128;[1.682, 1.957, 2.115, 1.844, 1.18];[2.156, 2.534, 1.274]
41;18075.947;465.68;3395.267;67.227;205.264;1953.171;0.0;1998.0;14215.0;32756.906;6058.236;-8622.723;5.895;19;128;[1.682, 1.957, 2.115, 1.76, 1.18];[2.04, 2.534, 1.274]
42;18075.947;465.68;3395.267;67.227;205.264;1953.171;0.0;1998.0;14215.0;32756.906;6058.236;-8622.723;6.051;19;128;[1.814, 1.957, 2.115, 1.76, 1.18];[2.04, 2.581, 1.274]
43;18075.947;465.68;3395.267;67.227;205.264;1953.171;0.0;1998.0;14215.0;32756.906;6058.236;-8622.723;8.181;19;128;[1.814, 1.957, 2.204, 1.76, 1.18];[2.04, 2.623, 1.274]
44;18075.947;465.68;3395.267;67.227;205.264;1953.171;0.0;1998.0;14215.0;32756.906;6058.236;-8622.723;2.664;19;128;[1.814, 1.957, 2.204, 1.684, 1.18];[2.04, 2.623, 1.247]
45;18075.947;465.68;3395.267;67.227;205.264;1953.171;0.0;1998.0;14215.0;32756.906;6058.236;-8622.723;1.544;19;128;[1.814, 2.061, 2.204, 1.684, 1.18];[2.136, 2.623, 1.247]
46;18075.947;465.68;3395.267;67.227;205.264;1953.171;0.0;1998.0;14215.0;32756.906;6058.236;-8622.723;5.329;19;128;[1.814, 2.155, 2.204, 1.684, 1.18];[2.222, 2.623, 1.247]
47;18075.947;465.68;3395.267;67.227;205.264;1953.171;0.0;1998.0;14215.0;32756.906;6058.236;-8622.723;3.097;19;128;[1.814, 2.239, 2.204, 1.684, 1.18];[2.3, 2.623, 1.247]
48;18075.947;465.68;3395.267;67.227;205.264;1953.171;0.0;1998.0;14215.0;32756.906;6058.236;-8622.723;5.152;19;128;[1.814, 2.239, 2.204, 1.816, 1.18];[2.3, 2.661, 1.247]
49;18075.947;465.68;3395.267;67.227;205.264;1953.171;0.0;1998.0;14215.0;32756.906;6058.236;-8622.723;2.815;19;128;[1.814, 2.315, 2.204, 1.816, 1.18];[2.37, 2.661, 1.247]
621constructshop:False depot:True weather:False;20009.677;537.848;3659.828;78.835;237.058;2286.768;0.0;3145.0;15812.0;33190.202;5624.94;-7555.585;27.245;19;128;[1.0, 1.0, 1.0, 1.0, 1.0];[1.0, 1.0, 1.0]
0;19965.994;550.845;3703.149;84.526;247.682;2445.347;0.0;3145.0;15712.0;33190.202;5624.94;-7599.268;10.528;18;128;[1.0, 1.0, 1.0, 1.3, 1.0];[1.0, 1.3, 1.0]
1;19805.992;537.229;3657.763;71.548;236.132;2096.384;0.0;3047.0;15611.0;33190.202;5624.94;-7759.27;19.473;18;128;[1.0, 1.0, 1.0, 1.3, 1.3];[1.0, 1.57, 1.0]
2;19805.992;537.229;3657.763;71.548;236.132;2096.384;0.0;3047.0;15611.0;33190.202;5624.94;-7759.27;5.727;18;128;[1.0, 1.0, 1.0, 1.3, 1.27];[1.0, 1.57, 1.0]
3;19778.608;530.909;3636.698;71.777;232.199;2098.388;0.0;3047.0;15611.0;33190.202;5624.94;-7786.654;8.09;18;128;[1.0, 1.0, 1.0, 1.57, 1.27];[1.0, 1.813, 1.0]
4;19582.164;499.653;3532.511;60.603;213.449;1789.125;0.0;3047.0;15550.0;33190.202;5624.94;-7983.098;15.83;18;128;[1.0, 1.0, 1.0, 1.57, 1.543];[1.0, 2.032, 1.0]
5;19582.164;499.653;3532.511;60.603;213.449;1789.125;0.0;3047.0;15550.0;33190.202;5624.94;-7983.098;3.718;18;128;[1.0, 1.0, 1.0, 1.513, 1.543];[1.0, 2.032, 1.0]
6;19582.164;499.653;3532.511;60.603;213.449;1789.125;0.0;3047.0;15550.0;33190.202;5624.94;-7983.098;7.861;18;128;[1.2, 1.0, 1.0, 1.513, 1.543];[1.0, 2.129, 1.0]
7;19582.164;499.653;3532.511;60.603;213.449;1789.125;0.0;3047.0;15550.0;33190.202;5624.94;-7983.098;3.438;18;128;[1.2, 1.0, 1.0, 1.462, 1.543];[1.0, 2.129, 1.0]
8;19582.164;499.653;3532.511;60.603;213.449;1789.125;0.0;3047.0;15550.0;33190.202;5624.94;-7983.098;1.117;18;128;[1.2, 1.2, 1.0, 1.462, 1.543];[1.2, 2.129, 1.0]
9;19396.578;497.903;3526.676;59.249;215.316;1755.796;0.0;2986.0;15372.0;33190.202;5624.94;-8168.684;4.774;18;128;[1.2, 1.2, 1.0, 1.462, 1.789];[1.2, 2.129, 1.3]
10;19396.578;497.903;3526.676;59.249;215.316;1755.796;0.0;2986.0;15372.0;33190.202;5624.94;-8168.684;3.086;18;128;[1.2, 1.18, 1.0, 1.462, 1.789];[1.2, 2.016, 1.3]
11;19396.578;497.903;3526.676;59.249;215.316;1755.796;0.0;2986.0;15372.0;33190.202;5624.94;-8168.684;3.629;18;128;[1.18, 1.18, 1.0, 1.462, 1.789];[1.2, 2.016, 1.27]
12;19304.598;499.753;3532.844;67.526;222.697;1978.374;0.0;2768.0;15272.0;33190.202;5624.94;-8260.664;11.323;18;128;[1.18, 1.18, 1.0, 1.716, 1.789];[1.2, 2.214, 1.27]
13;19146.999;500.308;3534.692;79.466;230.704;2296.829;0.0;2768.0;15112.0;33190.202;5624.94;-8418.263;3.521;18;128;[1.18, 1.462, 1.0, 1.716, 1.789];[1.2, 2.393, 1.27]
14;19146.999;500.308;3534.692;79.466;230.704;2296.829;0.0;2768.0;15112.0;33190.202;5624.94;-8418.263;23.222;18;128;[1.18, 1.462, 1.0, 1.716, 1.71];[1.18, 2.393, 1.27]
15;19136.178;493.195;3510.983;72.066;220.324;2094.047;0.0;2967.0;15132.0;33190.202;5624.94;-8429.084;1.822;18;128;[1.18, 1.716, 1.0, 1.716, 1.71];[1.18, 2.393, 1.543]
16;19136.178;493.195;3510.983;72.066;220.324;2094.047;0.0;2967.0;15132.0;33190.202;5624.94;-8429.084;2.042;18;128;[1.18, 1.844, 1.0, 1.716, 1.71];[1.18, 2.454, 1.543]
17;19136.178;493.195;3510.983;72.066;220.324;2094.047;0.0;2967.0;15132.0;33190.202;5624.94;-8429.084;2.216;18;128;[1.18, 1.844, 1.0, 1.644, 1.71];[1.18, 2.454, 1.489]
18;19059.777;494.026;3513.752;76.275;225.515;2208.672;0.0;3026.0;15052.0;33190.202;5624.94;-8505.485;7.054;18;128;[1.462, 1.844, 1.0, 1.644, 1.71];[1.18, 2.609, 1.489]
19;19059.777;494.026;3513.752;76.275;225.515;2208.672;0.0;3026.0;15052.0;33190.202;5624.94;-8505.485;2.445;18;128;[1.462, 1.844, 1.0, 1.58, 1.71];[1.18, 2.609, 1.44]
20;19059.777;494.026;3513.752;76.275;225.515;2208.672;0.0;3026.0;15052.0;33190.202;5624.94;-8505.485;2.749;18;128;[1.416, 1.844, 1.0, 1.58, 1.71];[1.18, 2.609, 1.396]
21;19059.777;494.026;3513.752;76.275;225.515;2208.672;0.0;3026.0;15052.0;33190.202;5624.94;-8505.485;4.14;18;128;[1.416, 1.844, 1.0, 1.58, 1.639];[1.18, 2.609, 1.356]
22;19059.777;494.026;3513.752;76.275;225.515;2208.672;0.0;3026.0;15052.0;33190.202;5624.94;-8505.485;1.583;18;128;[1.416, 1.96, 1.0, 1.58, 1.639];[1.362, 2.609, 1.356]
23;19059.777;494.026;3513.752;76.275;225.515;2208.672;0.0;3026.0;15052.0;33190.202;5624.94;-8505.485;1.033;18;128;[1.416, 2.064, 1.0, 1.58, 1.639];[1.362, 2.648, 1.356]
24;19059.777;494.026;3513.752;76.275;225.515;2208.672;0.0;3026.0;15052.0;33190.202;5624.94;-8505.485;5.574;18;128;[1.416, 2.158, 1.0, 1.58, 1.639];[1.526, 2.648, 1.356]
25;19059.777;494.026;3513.752;76.275;225.515;2208.672;0.0;3026.0;15052.0;33190.202;5624.94;-8505.485;3.748;18;128;[1.416, 2.158, 1.0, 1.58, 1.575];[1.526, 2.648, 1.32]
26;19059.777;494.026;3513.752;76.275;225.515;2208.672;0.0;3026.0;15052.0;33190.202;5624.94;-8505.485;17.0;18;128;[1.416, 2.158, 1.0, 1.58, 1.518];[1.526, 2.483, 1.32]
27;19059.777;494.026;3513.752;76.275;225.515;2208.672;0.0;3026.0;15052.0;33190.202;5624.94;-8505.485;8.642;18;128;[1.416, 2.158, 1.0, 1.722, 1.518];[1.526, 2.535, 1.32]
28;19059.777;494.026;3513.752;76.275;225.515;2208.672;0.0;3026.0;15052.0;33190.202;5624.94;-8505.485;1.896;18;128;[1.416, 2.042, 1.0, 1.722, 1.518];[1.526, 2.535, 1.288]
29;19059.777;494.026;3513.752;76.275;225.515;2208.672;0.0;3026.0;15052.0;33190.202;5624.94;-8505.485;5.542;18;128;[1.416, 1.938, 1.0, 1.722, 1.518];[1.526, 2.382, 1.288]
30;19059.777;494.026;3513.752;76.275;225.515;2208.672;0.0;3026.0;15052.0;33190.202;5624.94;-8505.485;14.994;18;128;[1.416, 1.938, 1.0, 1.722, 1.666];[1.673, 2.382, 1.288]
31;19059.777;494.026;3513.752;76.275;225.515;2208.672;0.0;3026.0;15052.0;33190.202;5624.94;-8505.485;7.035;18;128;[1.416, 1.938, 1.0, 1.65, 1.666];[1.606, 2.382, 1.288]
32;18888.782;463.796;3412.986;73.47;208.353;2118.567;0.0;2908.0;15012.0;33190.202;5624.94;-8676.48;6.33;18;128;[1.674, 1.938, 1.0, 1.65, 1.666];[1.606, 2.544, 1.288]
33;18888.782;463.796;3412.986;73.47;208.353;2118.567;0.0;2908.0;15012.0;33190.202;5624.94;-8676.48;2.619;18;128;[1.674, 1.938, 1.0, 1.65, 1.599];[1.606, 2.544, 1.259]
34;18667.712;459.395;3398.317;70.672;206.557;2044.022;0.0;2553.0;14810.0;33190.202;5624.94;-8897.55;7.885;18;128;[1.907, 1.938, 1.0, 1.65, 1.599];[1.606, 2.69, 1.259]
35;18659.967;457.608;3392.359;70.494;207.981;2040.827;0.0;2553.0;14810.0;33190.202;5624.94;-8905.295;6.12;18;128;[2.116, 1.938, 1.0, 1.65, 1.599];[1.845, 2.69, 1.259]
36;18659.967;457.608;3392.359;70.494;207.981;2040.827;0.0;2553.0;14810.0;33190.202;5624.94;-8905.295;1.877;18;128;[2.116, 1.938, 1.0, 1.585, 1.599];[1.845, 2.69, 1.233]
37;18659.967;457.608;3392.359;70.494;207.981;2040.827;0.0;2553.0;14810.0;33190.202;5624.94;-8905.295;0.779;18;128;[2.116, 2.044, 1.0, 1.585, 1.599];[1.961, 2.69, 1.233]
38;18659.967;457.608;3392.359;70.494;207.981;2040.827;0.0;2553.0;14810.0;33190.202;5624.94;-8905.295;2.137;18;128;[2.116, 1.94, 1.0, 1.585, 1.599];[1.961, 2.69, 1.21]
39;18659.967;457.608;3392.359;70.494;207.981;2040.827;0.0;2553.0;14810.0;33190.202;5624.94;-8905.295;2.89;18;128;[2.004, 1.94, 1.0, 1.585, 1.599];[1.961, 2.69, 1.189]
40;18659.967;457.608;3392.359;70.494;207.981;2040.827;0.0;2553.0;14810.0;33190.202;5624.94;-8905.295;2.891;18;128;[1.904, 1.94, 1.0, 1.585, 1.599];[1.961, 2.69, 1.17]
41;18659.967;457.608;3392.359;70.494;207.981;2040.827;0.0;2553.0;14810.0;33190.202;5624.94;-8905.295;1.992;18;128;[1.904, 2.046, 1.0, 1.585, 1.599];[2.065, 2.69, 1.17]
42;18659.967;457.608;3392.359;70.494;207.981;2040.827;0.0;2553.0;14810.0;33190.202;5624.94;-8905.295;3.644;18;128;[1.904, 2.046, 1.0, 1.585, 1.539];[2.065, 2.69, 1.153]
43;18659.967;457.608;3392.359;70.494;207.981;2040.827;0.0;2553.0;14810.0;33190.202;5624.94;-8905.295;9.116;18;128;[1.814, 2.046, 1.0, 1.585, 1.539];[1.959, 2.69, 1.153]
44;18659.967;457.608;3392.359;70.494;207.981;2040.827;0.0;2553.0;14810.0;33190.202;5624.94;-8905.295;10.932;18;128;[1.733, 2.046, 1.0, 1.585, 1.539];[1.863, 2.69, 1.153]
45;18659.967;457.608;3392.359;70.494;207.981;2040.827;0.0;2553.0;14810.0;33190.202;5624.94;-8905.295;0.994;18;128;[1.733, 2.141, 1.0, 1.585, 1.539];[1.863, 2.69, 1.338]
46;18659.967;457.608;3392.359;70.494;207.981;2040.827;0.0;2553.0;14810.0;33190.202;5624.94;-8905.295;8.311;18;128;[1.66, 2.141, 1.0, 1.585, 1.539];[1.777, 2.69, 1.338]
47;18589.659;464.46;3415.199;71.507;209.622;2068.801;0.0;2414.0;14710.0;33190.202;5624.94;-8975.603;22.819;18;128;[1.66, 2.141, 1.0, 1.585, 1.785];[1.777, 2.821, 1.338]
48;18525.187;450.043;3367.144;75.307;207.953;2165.932;0.0;2553.0;14708.0;33190.202;5624.94;-9040.075;9.635;18;128;[1.894, 2.141, 1.0, 1.585, 1.785];[1.777, 2.939, 1.338]
49;18525.187;450.043;3367.144;75.307;207.953;2165.932;0.0;2553.0;14708.0;33190.202;5624.94;-9040.075;6.436;18;128;[1.894, 2.027, 1.0, 1.585, 1.785];[1.777, 2.745, 1.338]
622constructshop:False depot:True weather:False;19759.165;576.038;3763.127;85.685;266.798;2494.603;0.0;3303.0;15420.0;32756.906;6058.236;-6939.505;31.228;19;128;[1.0, 1.0, 1.0, 1.0, 1.0];[1.0, 1.0, 1.0]
0;19663.234;563.362;3720.872;86.239;261.336;2503.554;0.0;3104.0;15379.0;32756.906;6058.236;-7035.436;7.756;19;128;[1.3, 1.0, 1.0, 1.0, 1.0];[1.3, 1.0, 1.0]
1;19614.255;566.136;3730.119;78.381;261.561;2299.466;0.0;3005.0;15318.0;32756.906;6058.236;-7084.415;8.864;19;128;[1.57, 1.0, 1.0, 1.0, 1.0];[1.57, 1.0, 1.0]
2;19297.915;553.134;3686.781;69.12;249.038;2046.157;0.0;2808.0;15058.0;32756.906;6058.236;-7400.755;23.743;19;128;[1.57, 1.0, 1.0, 1.0, 1.3];[1.57, 1.3, 1.0]
3;19222.564;535.515;3628.049;69.12;241.088;2038.203;0.0;2827.0;15059.0;32756.906;6058.236;-7476.106;10.059;19;128;[1.57, 1.0, 1.0, 1.3, 1.3];[1.57, 1.57, 1.0]
4;19222.564;535.515;3628.049;69.12;241.088;2038.203;0.0;2827.0;15059.0;32756.906;6058.236;-7476.106;6.577;19;128;[1.57, 1.0, 1.0, 1.47, 1.3];[1.713, 1.57, 1.0]
5;19048.519;523.274;3587.246;67.788;235.279;1997.773;0.0;2768.0;14938.0;32756.906;6058.236;-7650.151;9.01;19;128;[1.813, 1.0, 1.0, 1.47, 1.3];[1.942, 1.57, 1.0]
6;19043.291;522.298;3583.993;67.788;234.25;1996.745;0.0;2749.0;14937.0;32756.906;6058.236;-7655.379;8.088;19;128;[1.813, 1.0, 1.0, 1.723, 1.3];[2.148, 1.57, 1.0]
7;19031.744;528.633;3605.111;84.777;248.972;2453.165;0.0;2689.0;14898.0;32756.906;6058.236;-7666.926;4.764;19;128;[2.032, 1.0, 1.0, 1.723, 1.3];[2.148, 1.57, 1.3]
8;18985.532;518.431;3571.102;65.058;231.89;1923.394;0.0;2651.0;14896.0;32756.906;6058.236;-7713.138;11.459;19;128;[2.032, 1.0, 1.3, 1.723, 1.3];[2.333, 1.57, 1.3]
9;18876.507;493.502;3488.006;56.087;214.137;1672.387;0.0;2651.0;14895.0;32756.906;6058.236;-7822.163;11.321;19;128;[2.032, 1.0, 1.57, 1.723, 1.3];[2.5, 1.57, 1.3]
10;18876.507;493.502;3488.006;56.087;214.137;1672.387;0.0;2651.0;14895.0;32756.906;6058.236;-7822.163;11.221;19;128;[2.032, 1.0, 1.513, 1.723, 1.3];[2.5, 1.513, 1.3]
11;18876.507;493.502;3488.006;56.087;214.137;1672.387;0.0;2651.0;14895.0;32756.906;6058.236;-7822.163;6.542;19;128;[2.032, 1.2, 1.513, 1.723, 1.3];[2.55, 1.513, 1.3]
12;18666.864;468.2;3403.665;68.14;210.551;1982.187;0.0;2830.0;14795.0;32756.906;6058.236;-8031.806;1.836;19;128;[2.032, 1.48, 1.513, 1.723, 1.3];[2.695, 1.513, 1.3]
13;18654.114;474.719;3425.396;61.607;210.011;1811.786;0.0;2830.0;14754.0;32756.906;6058.236;-8044.556;2.376;19;128;[2.032, 1.732, 1.513, 1.723, 1.3];[2.695, 1.513, 1.57]
14;18585.154;477.497;3434.657;61.587;211.621;1812.891;0.0;2692.0;14673.0;32756.906;6058.236;-8113.516;8.895;19;128;[2.229, 1.732, 1.513, 1.723, 1.3];[2.825, 1.513, 1.57]
15;18576.316;475.227;3427.089;61.587;210.928;1812.199;0.0;2711.0;14674.0;32756.906;6058.236;-8122.354;8.286;19;128;[2.229, 1.732, 1.513, 1.951, 1.3];[2.825, 1.762, 1.57]
16;18576.316;475.227;3427.089;61.587;210.928;1812.199;0.0;2711.0;14674.0;32756.906;6058.236;-8122.354;8.382;19;128;[2.106, 1.732, 1.513, 1.951, 1.3];[2.643, 1.762, 1.57]
17;18576.316;475.227;3427.089;61.587;210.928;1812.199;0.0;2711.0;14674.0;32756.906;6058.236;-8122.354;5.817;19;128;[2.106, 1.732, 1.513, 1.856, 1.3];[2.479, 1.762, 1.57]
18;18576.316;475.227;3427.089;61.587;210.928;1812.199;0.0;2711.0;14674.0;32756.906;6058.236;-8122.354;3.635;19;128;[1.995, 1.732, 1.513, 1.856, 1.3];[2.479, 1.762, 1.513]
19;18576.316;475.227;3427.089;61.587;210.928;1812.199;0.0;2711.0;14674.0;32756.906;6058.236;-8122.354;17.939;19;128;[1.995, 1.732, 1.513, 1.856, 1.27];[2.479, 1.686, 1.513]
20;18576.316;475.227;3427.089;61.587;210.928;1812.199;0.0;2711.0;14674.0;32756.906;6058.236;-8122.354;9.818;19;128;[2.096, 1.732, 1.513, 1.856, 1.27];[2.531, 1.686, 1.513]
21;18576.316;475.227;3427.089;61.587;210.928;1812.199;0.0;2711.0;14674.0;32756.906;6058.236;-8122.354;16.877;19;128;[2.096, 1.732, 1.513, 1.856, 1.243];[2.531, 1.617, 1.513]
22;18576.316;475.227;3427.089;61.587;210.928;1812.199;0.0;2711.0;14674.0;32756.906;6058.236;-8122.354;6.925;19;128;[2.186, 1.732, 1.513, 1.856, 1.243];[2.578, 1.617, 1.513]
23;18576.316;475.227;3427.089;61.587;210.928;1812.199;0.0;2711.0;14674.0;32756.906;6058.236;-8122.354;5.772;19;128;[2.186, 1.732, 1.513, 1.97, 1.243];[2.62, 1.617, 1.513]
24;18576.316;475.227;3427.089;61.587;210.928;1812.199;0.0;2711.0;14674.0;32756.906;6058.236;-8122.354;5.451;19;128;[2.267, 1.732, 1.513, 1.97, 1.243];[2.62, 1.755, 1.513]
25;18576.316;475.227;3427.089;61.587;210.928;1812.199;0.0;2711.0;14674.0;32756.906;6058.236;-8122.354;6.486;19;128;[2.267, 1.732, 1.662, 1.97, 1.243];[2.658, 1.755, 1.513]
26;18576.316;475.227;3427.089;61.587;210.928;1812.199;0.0;2711.0;14674.0;32756.906;6058.236;-8122.354;6.229;19;128;[2.267, 1.732, 1.662, 2.073, 1.243];[2.658, 1.879, 1.513]
27;18576.316;475.227;3427.089;61.587;210.928;1812.199;0.0;2711.0;14674.0;32756.906;6058.236;-8122.354;7.359;19;128;[2.267, 1.659, 1.662, 2.073, 1.243];[2.658, 1.791, 1.513]
28;18576.316;475.227;3427.089;61.587;210.928;1812.199;0.0;2711.0;14674.0;32756.906;6058.236;-8122.354;2.655;19;128;[2.14, 1.659, 1.662, 2.073, 1.243];[2.658, 1.791, 1.462]
29;18576.316;475.227;3427.089;61.587;210.928;1812.199;0.0;2711.0;14674.0;32756.906;6058.236;-8122.354;7.809;19;128;[2.14, 1.659, 1.796, 2.073, 1.243];[2.692, 1.791, 1.462]
30;18576.316;475.227;3427.089;61.587;210.928;1812.199;0.0;2711.0;14674.0;32756.906;6058.236;-8122.354;6.646;19;128;[2.14, 1.659, 1.916, 2.073, 1.243];[2.723, 1.791, 1.462]
31;18576.316;475.227;3427.089;61.587;210.928;1812.199;0.0;2711.0;14674.0;32756.906;6058.236;-8122.354;6.055;19;128;[2.14, 1.659, 1.916, 2.166, 1.243];[2.751, 1.791, 1.462]
32;18576.316;475.227;3427.089;61.587;210.928;1812.199;0.0;2711.0;14674.0;32756.906;6058.236;-8122.354;3.893;19;128;[2.14, 1.659, 1.916, 2.166, 1.219];[2.751, 1.791, 1.416]
33;18576.316;475.227;3427.089;61.587;210.928;1812.199;0.0;2711.0;14674.0;32756.906;6058.236;-8122.354;2.047;19;128;[2.14, 1.593, 1.916, 2.166, 1.219];[2.751, 1.712, 1.416]
34;18576.316;475.227;3427.089;61.587;210.928;1812.199;0.0;2711.0;14674.0;32756.906;6058.236;-8122.354;2.814;19;128;[2.026, 1.593, 1.916, 2.166, 1.219];[2.751, 1.712, 1.374]
35;18576.316;475.227;3427.089;61.587;210.928;1812.199;0.0;2711.0;14674.0;32756.906;6058.236;-8122.354;6.38;19;128;[1.923, 1.593, 1.916, 2.166, 1.219];[2.751, 1.641, 1.374]
36;18576.316;475.227;3427.089;61.587;210.928;1812.199;0.0;2711.0;14674.0;32756.906;6058.236;-8122.354;2.855;19;128;[1.923, 1.593, 1.824, 2.166, 1.219];[2.751, 1.641, 1.337]
37;18576.316;475.227;3427.089;61.587;210.928;1812.199;0.0;2711.0;14674.0;32756.906;6058.236;-8122.354;6.413;19;128;[2.031, 1.593, 1.824, 2.166, 1.219];[2.776, 1.641, 1.337]
38;18531.759;474.406;3424.353;70.118;213.553;2036.621;0.0;2651.0;14633.0;32756.906;6058.236;-8166.911;14.334;19;128;[2.031, 1.593, 1.824, 2.166, 1.497];[2.898, 1.641, 1.337]
39;18515.505;470.655;3411.85;71.417;211.82;2068.67;0.0;2651.0;14633.0;32756.906;6058.236;-8183.165;5.896;19;128;[2.031, 1.593, 1.824, 2.349, 1.497];[3.008, 1.641, 1.337]
40;18515.505;470.655;3411.85;71.417;211.82;2068.67;0.0;2651.0;14633.0;32756.906;6058.236;-8183.165;5.073;19;128;[2.031, 1.593, 1.824, 2.214, 1.497];[3.008, 1.577, 1.337]
41;18465.326;459.306;3374.02;72.733;207.865;2098.93;0.0;2632.0;14632.0;32756.906;6058.236;-8233.344;1.869;19;128;[2.031, 1.834, 1.824, 2.214, 1.497];[3.008, 1.819, 1.337]
42;18464.298;459.069;3373.229;72.733;207.814;2098.879;0.0;2632.0;14632.0;32756.906;6058.236;-8234.372;6.087;19;128;[2.031, 1.834, 2.042, 2.214, 1.497];[3.107, 1.819, 1.337]
43;18464.298;459.069;3373.229;72.733;207.814;2098.879;0.0;2632.0;14632.0;32756.906;6058.236;-8234.372;2.494;19;128;[1.928, 1.834, 2.042, 2.214, 1.497];[3.107, 1.819, 1.303]
44;18462.91;458.748;3372.162;71.924;207.413;2077.447;0.0;2632.0;14632.0;32756.906;6058.236;-8235.76;5.646;19;128;[1.928, 1.834, 2.238, 2.214, 1.497];[3.196, 1.819, 1.303]
45;18462.91;458.748;3372.162;71.924;207.413;2077.447;0.0;2632.0;14632.0;32756.906;6058.236;-8235.76;6.25;19;128;[1.928, 1.834, 2.114, 2.214, 1.497];[3.196, 1.737, 1.303]
46;18462.91;458.748;3372.162;71.924;207.413;2077.447;0.0;2632.0;14632.0;32756.906;6058.236;-8235.76;6.374;19;128;[1.928, 1.951, 2.114, 2.214, 1.497];[3.176, 1.737, 1.303]
47;18462.91;458.748;3372.162;71.924;207.413;2077.447;0.0;2632.0;14632.0;32756.906;6058.236;-8235.76;5.97;19;128;[1.928, 1.951, 2.114, 2.093, 1.497];[3.176, 1.663, 1.303]
48;18462.91;458.748;3372.162;71.924;207.413;2077.447;0.0;2632.0;14632.0;32756.906;6058.236;-8235.76;13.125;19;128;[1.928, 1.951, 2.114, 2.093, 1.447];[2.958, 1.663, 1.303]
49;18358.296;462.299;3383.997;70.628;208.407;2044.731;0.0;2632.0;14512.0;32756.906;6058.236;-8340.374;4.034;19;128;[1.928, 2.156, 2.114, 2.093, 1.447];[3.062, 1.663, 1.303]
623constructshop:False depot:True weather:False;19490.912;511.134;3540.778;46.961;212.492;1433.48;0.0;3344.0;15439.0;32566.478;6248.664;-6826.902;27.142;19;128;[1.0, 1.0, 1.0, 1.0, 1.0];[1.0, 1.0, 1.0]
0;19670.915;514.596;3558.319;59.241;218.755;1759.029;0.0;3343.0;15598.0;32756.906;6058.236;-7027.755;10.494;19;128;[1.0, 1.0, 1.0, 1.3, 1.0];[1.3, 1.0, 1.0]
1;19670.915;514.596;3558.319;59.241;218.755;1759.029;0.0;3343.0;15598.0;32756.906;6058.236;-7027.755;1.873;19;128;[1.0, 1.0, 1.0, 1.3, 1.0];[1.3, 1.0, 1.0]
2;19633.268;529.447;3607.822;66.06;232.683;1950.244;0.0;3146.0;15496.0;32756.906;6058.236;-7065.402;9.028;19;128;[1.0, 1.0, 1.3, 1.3, 1.0];[1.57, 1.0, 1.0]
3;19603.362;522.776;3585.586;68.136;233.295;2004.819;0.0;3047.0;15495.0;32756.906;6058.236;-7095.308;6.999;19;128;[1.0, 1.0, 1.3, 1.57, 1.0];[1.57, 1.3, 1.0]
4;19603.362;522.776;3585.586;68.136;233.295;2004.819;0.0;3047.0;15495.0;32756.906;6058.236;-7095.308;1.894;19;128;[1.0, 1.0, 1.3, 1.57, 1.0];[1.57, 1.27, 1.0]
5;19458.109;516.948;3566.161;69.923;231.858;2049.867;0.0;3047.0;15375.0;32756.906;6058.236;-7240.561;1.471;19;128;[1.0, 1.3, 1.3, 1.57, 1.0];[1.813, 1.27, 1.0]
6;19444.384;503.858;3522.526;71.791;226.533;2093.1;0.0;3283.0;15418.0;32756.906;6058.236;-7254.286;3.13;19;128;[1.3, 1.3, 1.3, 1.57, 1.0];[1.813, 1.27, 1.3]
7;19397.457;493.259;3487.198;63.361;216.104;1863.5;0.0;3283.0;15417.0;32756.906;6058.236;-7301.213;8.844;19;128;[1.3, 1.3, 1.57, 1.57, 1.0];[2.032, 1.27, 1.3]
8;19369.242;495.979;3496.263;62.089;215.965;1830.271;0.0;3243.0;15377.0;32756.906;6058.236;-7329.428;8.018;19;128;[1.3, 1.3, 1.57, 1.813, 1.0];[2.032, 1.543, 1.3]
9;19236.138;484.417;3457.722;63.844;213.642;1873.596;0.0;3363.0;15294.0;32756.906;6058.236;-7462.532;21.57;19;128;[1.3, 1.3, 1.57, 1.813, 1.3];[2.229, 1.543, 1.3]
10;19213.951;479.527;3441.424;62.697;213.994;1844.122;0.0;3324.0;15293.0;32756.906;6058.236;-7484.719;21.276;19;128;[1.3, 1.3, 1.57, 1.813, 1.57];[2.406, 1.543, 1.3]
11;19161.312;485.841;3462.471;68.706;213.993;2000.36;0.0;3244.0;15213.0;32756.906;6058.236;-7537.358;11.233;19;128;[1.3, 1.3, 1.813, 1.813, 1.57];[2.406, 1.789, 1.3]
12;19161.312;485.841;3462.471;68.706;213.993;2000.36;0.0;3244.0;15213.0;32756.906;6058.236;-7537.358;3.431;19;128;[1.3, 1.3, 1.813, 1.732, 1.57];[2.406, 1.789, 1.27]
13;19020.992;476.537;3431.456;59.162;206.694;1744.903;0.0;3145.0;15113.0;32756.906;6058.236;-7677.678;7.706;19;128;[1.3, 1.3, 2.032, 1.732, 1.57];[2.406, 2.01, 1.27]
14;18687.933;478.138;3436.794;59.902;206.766;1764.209;0.0;2848.0;14773.0;32756.906;6058.236;-8010.737;7.153;19;128;[1.57, 1.3, 2.032, 1.732, 1.57];[2.565, 2.01, 1.27]
15;18580.94;481.14;3446.8;61.934;209.961;1820.247;0.0;2848.0;14653.0;32756.906;6058.236;-8117.73;3.288;19;128;[1.57, 1.57, 2.032, 1.732, 1.57];[2.565, 2.209, 1.27]
16;18580.94;481.14;3446.8;61.934;209.961;1820.247;0.0;2848.0;14653.0;32756.906;6058.236;-8117.73;4.43;19;128;[1.57, 1.57, 2.032, 1.732, 1.513];[2.565, 2.209, 1.243]
17;18577.842;479.964;3442.878;56.055;206.399;1663.827;0.0;2966.0;14655.0;32756.906;6058.236;-8120.828;17.766;19;128;[1.57, 1.57, 2.032, 1.732, 1.762];[2.565, 2.388, 1.243]
18;18577.842;479.964;3442.878;56.055;206.399;1663.827;0.0;2966.0;14655.0;32756.906;6058.236;-8120.828;18.068;19;128;[1.57, 1.57, 2.032, 1.732, 1.686];[2.409, 2.388, 1.243]
19;18561.352;476.389;3430.963;63.579;207.286;1860.327;0.0;2927.0;14654.0;32756.906;6058.236;-8137.318;9.023;19;128;[1.57, 1.57, 2.229, 1.732, 1.686];[2.409, 2.549, 1.243]
20;18561.352;476.389;3430.963;63.579;207.286;1860.327;0.0;2927.0;14654.0;32756.906;6058.236;-8137.318;6.731;19;128;[1.57, 1.57, 2.229, 1.659, 1.686];[2.268, 2.549, 1.243]
21;18557.629;480.376;3444.253;58.699;206.484;1732.656;0.0;2967.0;14633.0;32756.906;6058.236;-8141.041;1.619;19;128;[1.57, 1.813, 2.229, 1.659, 1.686];[2.268, 2.549, 1.519]
22;18557.629;480.376;3444.253;58.699;206.484;1732.656;0.0;2967.0;14633.0;32756.906;6058.236;-8141.041;3.013;19;128;[1.57, 1.813, 2.229, 1.593, 1.686];[2.268, 2.549, 1.467]
23;18557.629;480.376;3444.253;58.699;206.484;1732.656;0.0;2967.0;14633.0;32756.906;6058.236;-8141.041;8.934;19;128;[1.713, 1.813, 2.229, 1.593, 1.686];[2.341, 2.549, 1.467]
24;18557.629;480.376;3444.253;58.699;206.484;1732.656;0.0;2967.0;14633.0;32756.906;6058.236;-8141.041;1.804;19;128;[1.713, 1.732, 2.229, 1.593, 1.686];[2.341, 2.549, 1.42]
25;18557.629;480.376;3444.253;58.699;206.484;1732.656;0.0;2967.0;14633.0;32756.906;6058.236;-8141.041;3.949;19;128;[1.713, 1.659, 2.229, 1.593, 1.686];[2.341, 2.549, 1.378]
26;18557.629;480.376;3444.253;58.699;206.484;1732.656;0.0;2967.0;14633.0;32756.906;6058.236;-8141.041;19.361;19;128;[1.713, 1.659, 2.229, 1.593, 1.817];[2.407, 2.549, 1.378]
27;18441.536;493.97;3489.566;71.654;222.343;2085.351;0.0;2531.0;14458.0;32756.906;6058.236;-8257.134;8.071;19;128;[1.942, 1.659, 2.229, 1.593, 1.817];[2.407, 2.694, 1.378]
28;18376.966;479.531;3441.435;60.272;211.272;1778.351;0.0;2433.0;14456.0;32756.906;6058.236;-8321.704;8.658;19;128;[2.148, 1.659, 2.229, 1.593, 1.817];[2.407, 2.825, 1.378]
29;18355.797;475.107;3426.69;63.655;212.013;1867.03;0.0;2335.0;14454.0;32756.906;6058.236;-8342.873;9.577;19;128;[2.333, 1.659, 2.229, 1.593, 1.817];[2.407, 2.943, 1.378]
30;18355.797;475.107;3426.69;63.655;212.013;1867.03;0.0;2335.0;14454.0;32756.906;6058.236;-8342.873;3.01;19;128;[2.333, 1.659, 2.229, 1.534, 1.817];[2.407, 2.943, 1.34]
31;18355.797;475.107;3426.69;63.655;212.013;1867.03;0.0;2335.0;14454.0;32756.906;6058.236;-8342.873;2.582;19;128;[2.333, 1.659, 2.229, 1.681, 1.817];[2.407, 2.943, 1.506]
32;18355.797;475.107;3426.69;63.655;212.013;1867.03;0.0;2335.0;14454.0;32756.906;6058.236;-8342.873;8.12;19;128;[2.333, 1.659, 2.306, 1.681, 1.817];[2.466, 2.943, 1.506]
33;18337.821;471.19;3413.632;69.06;210.818;2006.382;0.0;2335.0;14453.0;32756.906;6058.236;-8360.849;8.277;19;128;[2.333, 1.893, 2.306, 1.681, 1.817];[2.619, 2.943, 1.506]
34;18337.821;471.19;3413.632;69.06;210.818;2006.382;0.0;2335.0;14453.0;32756.906;6058.236;-8360.849;9.087;19;128;[2.2, 1.893, 2.306, 1.681, 1.817];[2.619, 2.749, 1.506]
35;18337.821;471.19;3413.632;69.06;210.818;2006.382;0.0;2335.0;14453.0;32756.906;6058.236;-8360.849;7.703;19;128;[2.2, 2.004, 2.306, 1.681, 1.817];[2.657, 2.749, 1.506]
36;18320.23;466.899;3399.331;73.747;212.369;2129.779;0.0;2374.0;14454.0;32756.906;6058.236;-8378.44;8.425;19;128;[2.2, 2.004, 2.475, 1.681, 1.817];[2.657, 2.874, 1.506]
37;18320.23;466.899;3399.331;73.747;212.369;2129.779;0.0;2374.0;14454.0;32756.906;6058.236;-8378.44;3.556;19;128;[2.08, 2.004, 2.475, 1.681, 1.817];[2.657, 2.874, 1.455]
38;18320.23;466.899;3399.331;73.747;212.369;2129.779;0.0;2374.0;14454.0;32756.906;6058.236;-8378.44;9.397;19;128;[2.08, 2.004, 2.527, 1.681, 1.817];[2.691, 2.874, 1.455]
39;18320.23;466.899;3399.331;73.747;212.369;2129.779;0.0;2374.0;14454.0;32756.906;6058.236;-8378.44;8.865;19;128;[2.08, 2.004, 2.527, 1.813, 1.817];[2.722, 2.874, 1.455]
40;18320.23;466.899;3399.331;73.747;212.369;2129.779;0.0;2374.0;14454.0;32756.906;6058.236;-8378.44;19.388;19;128;[2.08, 2.004, 2.527, 1.813, 1.735];[2.722, 2.687, 1.455]
41;18320.23;466.899;3399.331;73.747;212.369;2129.779;0.0;2374.0;14454.0;32756.906;6058.236;-8378.44;7.554;19;128;[2.08, 1.904, 2.527, 1.813, 1.735];[2.55, 2.687, 1.455]
42;18320.23;466.899;3399.331;73.747;212.369;2129.779;0.0;2374.0;14454.0;32756.906;6058.236;-8378.44;8.881;19;128;[2.08, 1.904, 2.374, 1.813, 1.735];[2.55, 2.518, 1.455]
43;18204.717;458.704;3372.013;79.906;216.729;2294.273;0.0;2553.0;14374.0;32756.906;6058.236;-8493.953;7.164;19;128;[2.272, 1.904, 2.374, 1.813, 1.735];[2.55, 2.666, 1.455]
44;18204.717;458.704;3372.013;79.906;216.729;2294.273;0.0;2553.0;14374.0;32756.906;6058.236;-8493.953;2.936;19;128;[2.272, 1.904, 2.237, 1.813, 1.735];[2.55, 2.666, 1.41]
45;18204.717;458.704;3372.013;79.906;216.729;2294.273;0.0;2553.0;14374.0;32756.906;6058.236;-8493.953;19.982;19;128;[2.272, 1.904, 2.237, 1.813, 1.662];[2.55, 2.499, 1.41]
46;18204.717;458.704;3372.013;79.906;216.729;2294.273;0.0;2553.0;14374.0;32756.906;6058.236;-8493.953;19.428;19;128;[2.272, 1.904, 2.237, 1.813, 1.596];[2.55, 2.349, 1.41]
47;18202.881;458.05;3369.832;63.494;204.671;1855.508;0.0;2612.0;14375.0;32756.906;6058.236;-8495.789;6.071;19;128;[2.445, 1.904, 2.237, 1.813, 1.596];[2.695, 2.349, 1.41]
48;18163.99;458.305;3370.684;67.496;207.516;1962.419;0.0;2612.0;14335.0;32756.906;6058.236;-8534.68;5.548;19;128;[2.445, 2.114, 2.237, 1.813, 1.596];[2.695, 2.514, 1.41]
49;18163.99;458.305;3370.684;67.496;207.516;1962.419;0.0;2612.0;14335.0;32756.906;6058.236;-8534.68;9.593;19;128;[2.445, 2.114, 2.113, 1.813, 1.596];[2.695, 2.363, 1.41]
624constructshop:False depot:True weather:False;19667.771;537.87;3635.901;62.782;234.807;1867.145;0.0;2907.0;15494.0;32756.906;6058.236;-7030.899;32.904;19;128;[1.0, 1.0, 1.0, 1.0, 1.0];[1.0, 1.0, 1.0]
0;19342.541;523.048;3586.493;61.845;225.704;1833.666;0.0;2809.0;15233.0;32756.906;6058.236;-7356.129;26.26;19;128;[1.0, 1.0, 1.0, 1.0, 1.3];[1.0, 1.3, 1.0]
1;19342.541;523.048;3586.493;61.845;225.704;1833.666;0.0;2809.0;15233.0;32756.906;6058.236;-7356.129;4.282;19;128;[1.0, 1.0, 1.0, 1.0, 1.3];[1.0, 1.3, 1.0]
2;19342.541;523.048;3586.493;61.845;225.704;1833.666;0.0;2809.0;15233.0;32756.906;6058.236;-7356.129;6.053;19;128;[1.0, 1.0, 1.0, 1.0, 1.27];[1.0, 1.3, 1.0]
3;19329.032;519.469;3574.563;65.78;228.683;1938.961;0.0;2671.0;15235.0;32756.906;6058.236;-7369.638;10.043;19;128;[1.0, 1.3, 1.0, 1.0, 1.27];[1.0, 1.57, 1.0]
4;19227.577;509.902;3542.675;64.837;220.621;1906.375;0.0;2731.0;15175.0;32756.906;6058.236;-7471.093;9.474;19;128;[1.0, 1.3, 1.0, 1.3, 1.27];[1.3, 1.57, 1.0]
5;19227.577;509.902;3542.675;64.837;220.621;1906.375;0.0;2731.0;15175.0;32756.906;6058.236;-7471.093;3.559;19;128;[1.0, 1.3, 1.0, 1.27, 1.27];[1.3, 1.57, 1.0]
6;19227.577;509.902;3542.675;64.837;220.621;1906.375;0.0;2731.0;15175.0;32756.906;6058.236;-7471.093;12.149;19;128;[1.0, 1.3, 1.0, 1.27, 1.27];[1.3, 1.513, 1.0]
7;19194.193;497.814;3502.379;77.594;226.926;2244.368;0.0;2732.0;15194.0;32756.906;6058.236;-7504.477;11.964;19;128;[1.0, 1.3, 1.3, 1.27, 1.27];[1.3, 1.762, 1.0]
8;19192.456;497.182;3500.274;79.387;227.616;2291.672;0.0;2811.0;15195.0;32756.906;6058.236;-7506.214;8.968;19;128;[1.0, 1.3, 1.3, 1.543, 1.27];[1.3, 1.986, 1.0]
9;19192.456;497.182;3500.274;79.387;227.616;2291.672;0.0;2811.0;15195.0;32756.906;6058.236;-7506.214;2.694;19;128;[1.0, 1.3, 1.27, 1.543, 1.27];[1.3, 1.986, 1.0]
10;19093.334;474.077;3423.257;78.361;216.74;2254.118;0.0;2910.0;15196.0;32756.906;6058.236;-7605.336;2.44;19;128;[1.0, 1.57, 1.27, 1.543, 1.27];[1.3, 1.986, 1.3]
11;18846.519;463.274;3387.246;81.15;212.82;2322.733;0.0;2969.0;14996.0;32756.906;6058.236;-7852.151;2.363;19;128;[1.0, 1.813, 1.27, 1.543, 1.27];[1.3, 1.986, 1.57]
12;18846.519;463.274;3387.246;81.15;212.82;2322.733;0.0;2969.0;14996.0;32756.906;6058.236;-7852.151;9.641;19;128;[1.0, 1.813, 1.27, 1.489, 1.27];[1.27, 1.986, 1.57]
13;18846.519;463.274;3387.246;81.15;212.82;2322.733;0.0;2969.0;14996.0;32756.906;6058.236;-7852.151;2.377;19;128;[1.0, 1.732, 1.27, 1.489, 1.27];[1.27, 1.887, 1.57]
14;18846.519;463.274;3387.246;81.15;212.82;2322.733;0.0;2969.0;14996.0;32756.906;6058.236;-7852.151;11.994;19;128;[1.0, 1.659, 1.27, 1.489, 1.27];[1.243, 1.887, 1.57]
15;18846.519;463.274;3387.246;81.15;212.82;2322.733;0.0;2969.0;14996.0;32756.906;6058.236;-7852.151;8.326;19;128;[1.0, 1.659, 1.27, 1.44, 1.27];[1.243, 1.798, 1.57]
16;18846.519;463.274;3387.246;81.15;212.82;2322.733;0.0;2969.0;14996.0;32756.906;6058.236;-7852.151;7.792;19;128;[1.0, 1.659, 1.27, 1.596, 1.27];[1.243, 1.918, 1.57]
17;18696.828;484.576;3458.252;85.811;226.963;2458.054;0.0;2315.0;14754.0;32756.906;6058.236;-8001.842;3.475;19;128;[1.3, 1.659, 1.27, 1.596, 1.27];[1.243, 1.918, 1.813]
18;18696.828;484.576;3458.252;85.811;226.963;2458.054;0.0;2315.0;14754.0;32756.906;6058.236;-8001.842;2.199;19;128;[1.3, 1.793, 1.27, 1.596, 1.27];[1.419, 1.918, 1.813]
19;18984.813;520.495;3592.318;75.515;234.407;2197.806;0.0;2354.0;14872.0;33082.886;5732.256;-8365.817;4.284;18;128;[1.57, 1.793, 1.27, 1.596, 1.27];[1.419, 1.918, 2.032]
20;18984.813;520.495;3592.318;75.515;234.407;2197.806;0.0;2354.0;14872.0;33082.886;5732.256;-8365.817;3.656;18;128;[1.57, 1.793, 1.27, 1.536, 1.27];[1.419, 1.918, 1.929]
21;18984.813;520.495;3592.318;75.515;234.407;2197.806;0.0;2354.0;14872.0;33082.886;5732.256;-8365.817;10.729;18;128;[1.513, 1.793, 1.27, 1.536, 1.27];[1.419, 1.826, 1.929]
22;18984.813;520.495;3592.318;75.515;234.407;2197.806;0.0;2354.0;14872.0;33082.886;5732.256;-8365.817;7.998;18;128;[1.513, 1.793, 1.27, 1.682, 1.27];[1.577, 1.826, 1.929]
23;18984.813;520.495;3592.318;75.515;234.407;2197.806;0.0;2354.0;14872.0;33082.886;5732.256;-8365.817;23.087;18;128;[1.513, 1.793, 1.27, 1.682, 1.443];[1.577, 1.943, 1.929]
24;18984.813;520.495;3592.318;75.515;234.407;2197.806;0.0;2354.0;14872.0;33082.886;5732.256;-8365.817;23.993;18;128;[1.513, 1.793, 1.27, 1.682, 1.399];[1.577, 1.849, 1.929]
25;18984.813;520.495;3592.318;75.515;234.407;2197.806;0.0;2354.0;14872.0;33082.886;5732.256;-8365.817;4.149;18;128;[1.462, 1.793, 1.27, 1.682, 1.399];[1.577, 1.849, 1.836]
26;18984.813;520.495;3592.318;75.515;234.407;2197.806;0.0;2354.0;14872.0;33082.886;5732.256;-8365.817;11.493;18;128;[1.416, 1.793, 1.27, 1.682, 1.399];[1.577, 1.764, 1.836]
27;18984.813;520.495;3592.318;75.515;234.407;2197.806;0.0;2354.0;14872.0;33082.886;5732.256;-8365.817;23.611;18;128;[1.416, 1.793, 1.27, 1.682, 1.559];[1.577, 1.888, 1.836]
28;18984.813;520.495;3592.318;75.515;234.407;2197.806;0.0;2354.0;14872.0;33082.886;5732.256;-8365.817;2.865;18;128;[1.416, 1.793, 1.27, 1.614, 1.559];[1.577, 1.888, 1.752]
29;18984.813;520.495;3592.318;75.515;234.407;2197.806;0.0;2354.0;14872.0;33082.886;5732.256;-8365.817;3.968;18;128;[1.416, 1.793, 1.27, 1.614, 1.703];[1.577, 1.888, 1.877]
30;18984.813;520.495;3592.318;75.515;234.407;2197.806;0.0;2354.0;14872.0;33082.886;5732.256;-8365.817;1.12;18;128;[1.416, 1.914, 1.27, 1.614, 1.703];[1.577, 1.999, 1.877]
31;18984.813;520.495;3592.318;75.515;234.407;2197.806;0.0;2354.0;14872.0;33082.886;5732.256;-8365.817;1.093;18;128;[1.416, 1.823, 1.27, 1.614, 1.703];[1.577, 1.999, 1.789]
32;18984.813;520.495;3592.318;75.515;234.407;2197.806;0.0;2354.0;14872.0;33082.886;5732.256;-8365.817;11.046;18;128;[1.374, 1.823, 1.27, 1.614, 1.703];[1.519, 1.999, 1.789]
33;18984.813;520.495;3592.318;75.515;234.407;2197.806;0.0;2354.0;14872.0;33082.886;5732.256;-8365.817;12.646;18;128;[1.537, 1.823, 1.27, 1.614, 1.703];[1.519, 2.099, 1.789]
34;18984.813;520.495;3592.318;75.515;234.407;2197.806;0.0;2354.0;14872.0;33082.886;5732.256;-8365.817;27.5;18;128;[1.537, 1.823, 1.27, 1.614, 1.633];[1.519, 1.989, 1.789]
35;18984.813;520.495;3592.318;75.515;234.407;2197.806;0.0;2354.0;14872.0;33082.886;5732.256;-8365.817;10.873;18;128;[1.537, 1.823, 1.27, 1.553, 1.633];[1.519, 1.89, 1.789]
36;18984.813;520.495;3592.318;75.515;234.407;2197.806;0.0;2354.0;14872.0;33082.886;5732.256;-8365.817;3.146;18;128;[1.483, 1.823, 1.27, 1.553, 1.633];[1.519, 1.89, 1.71]
37;19337.145;496.726;3509.419;68.678;222.801;2008.441;0.0;2928.0;15331.0;33291.086;5524.056;-8429.885;1.656;18;128;[1.483, 2.041, 1.27, 1.553, 1.633];[1.519, 1.89, 1.939]
38;19337.145;496.726;3509.419;68.678;222.801;2008.441;0.0;2928.0;15331.0;33291.086;5524.056;-8429.885;9.69;18;128;[1.435, 2.041, 1.27, 1.553, 1.633];[1.519, 1.801, 1.939]
39;19268.21;494.895;3503.316;68.329;218.394;1994.953;0.0;2869.0;15270.0;33291.086;5524.056;-8498.82;11.021;18;128;[1.692, 2.041, 1.27, 1.553, 1.633];[1.767, 1.801, 1.939]
40;19176.001;482.846;3463.154;69.981;216.694;2036.208;0.0;2770.0;15230.0;33291.086;5524.056;-8591.029;8.183;18;128;[1.692, 2.041, 1.543, 1.553, 1.633];[1.99, 1.801, 1.939]
41;18865.026;484.006;3509.02;73.724;219.885;2136.703;0.0;2593.0;14872.0;33148.202;5666.94;-8616.236;3.347;18;128;[1.923, 2.041, 1.543, 1.553, 1.633];[1.99, 1.801, 2.145]
42;18865.026;484.006;3509.02;73.724;219.885;2136.703;0.0;2593.0;14872.0;33148.202;5666.94;-8616.236;2.727;18;128;[1.923, 2.041, 1.489, 1.553, 1.633];[1.99, 1.801, 2.03]
43;18865.026;484.006;3509.02;73.724;219.885;2136.703;0.0;2593.0;14872.0;33148.202;5666.94;-8616.236;20.623;18;128;[1.923, 2.041, 1.489, 1.553, 1.57];[1.99, 1.721, 2.03]
44;18865.026;484.006;3509.02;73.724;219.885;2136.703;0.0;2593.0;14872.0;33148.202;5666.94;-8616.236;4.092;18;128;[1.923, 2.041, 1.64, 1.553, 1.57];[2.091, 1.721, 2.03]
45;18865.026;484.006;3509.02;73.724;219.885;2136.703;0.0;2593.0;14872.0;33148.202;5666.94;-8616.236;11.796;18;128;[1.923, 2.041, 1.64, 1.498, 1.57];[2.091, 1.649, 2.03]
46;18865.026;484.006;3509.02;73.724;219.885;2136.703;0.0;2593.0;14872.0;33148.202;5666.94;-8616.236;6.267;18;128;[1.923, 2.041, 1.576, 1.498, 1.57];[2.091, 1.584, 2.03]
47;18865.026;484.006;3509.02;73.724;219.885;2136.703;0.0;2593.0;14872.0;33148.202;5666.94;-8616.236;3.566;18;128;[1.923, 1.937, 1.576, 1.498, 1.57];[2.091, 1.584, 1.927]
48;18865.026;484.006;3509.02;73.724;219.885;2136.703;0.0;2593.0;14872.0;33148.202;5666.94;-8616.236;4.842;18;128;[1.831, 1.937, 1.576, 1.498, 1.57];[2.091, 1.584, 1.834]
49;18865.026;484.006;3509.02;73.724;219.885;2136.703;0.0;2593.0;14872.0;33148.202;5666.94;-8616.236;2.254;18;128;[1.831, 1.843, 1.576, 1.498, 1.57];[2.091, 1.584, 1.751]
625constructshop:False depot:True weather:False;19874.353;545.005;3671.348;78.08;241.173;2271.254;0.0;3361.0;15658.0;32936.486;5878.656;-7183.477;33.239;19;128;[1.0, 1.0, 1.0, 1.0, 1.0];[1.0, 1.0, 1.0]
0;19646.692;543.467;3666.224;73.26;245.634;2150.39;0.0;3460.0;15437.0;32936.486;5878.656;-7411.138;5.163;18;128;[1.0, 1.0, 1.0, 1.0, 1.3];[1.0, 1.0, 1.3]
1;19623.735;538.17;3648.566;66.67;240.378;1973.795;0.0;3460.0;15437.0;32936.486;5878.656;-7434.095;4.429;18;128;[1.0, 1.3, 1.0, 1.0, 1.3];[1.0, 1.3, 1.3]
2;19623.735;538.17;3648.566;66.67;240.378;1973.795;0.0;3460.0;15437.0;32936.486;5878.656;-7434.095;1.379;18;128;[1.0, 1.27, 1.0, 1.0, 1.3];[1.0, 1.3, 1.27]
3;19623.735;538.17;3648.566;66.67;240.378;1973.795;0.0;3460.0;15437.0;32936.486;5878.656;-7434.095;9.412;18;128;[1.2, 1.27, 1.0, 1.0, 1.3];[1.0, 1.47, 1.27]
4;19464.76;497.098;3511.662;60.368;219.13;1788.701;0.0;3698.0;15456.0;32936.486;5878.656;-7593.07;24.701;18;128;[1.2, 1.27, 1.0, 1.0, 1.57];[1.0, 1.723, 1.27]
5;19464.76;497.098;3511.662;60.368;219.13;1788.701;0.0;3698.0;15456.0;32936.486;5878.656;-7593.07;3.388;18;128;[1.2, 1.27, 1.0, 1.0, 1.57];[1.0, 1.723, 1.243]
6;19464.76;497.098;3511.662;60.368;219.13;1788.701;0.0;3698.0;15456.0;32936.486;5878.656;-7593.07;12.638;18;128;[1.2, 1.243, 1.0, 1.0, 1.57];[1.0, 1.651, 1.243]
7;19464.76;497.098;3511.662;60.368;219.13;1788.701;0.0;3698.0;15456.0;32936.486;5878.656;-7593.07;3.54;18;128;[1.2, 1.243, 1.0, 1.0, 1.57];[1.0, 1.651, 1.219]
8;18964.782;476.95;3432.832;51.901;204.47;1553.894;0.0;3243.0;15055.0;32756.906;6058.236;-7733.888;9.408;19;128;[1.2, 1.243, 1.3, 1.0, 1.57];[1.3, 1.651, 1.219]
9;18935.576;479.441;3441.136;58.64;208.861;1733.503;0.0;3204.0;15015.0;32756.906;6058.236;-7763.094;3.119;19;128;[1.2, 1.519, 1.3, 1.0, 1.57];[1.57, 1.651, 1.219]
10;18935.576;479.441;3441.136;58.64;208.861;1733.503;0.0;3204.0;15015.0;32756.906;6058.236;-7763.094;4.751;19;128;[1.2, 1.519, 1.3, 1.0, 1.513];[1.57, 1.651, 1.197]
11;18935.576;479.441;3441.136;58.64;208.861;1733.503;0.0;3204.0;15015.0;32756.906;6058.236;-7763.094;7.562;19;128;[1.18, 1.519, 1.3, 1.0, 1.513];[1.513, 1.651, 1.197]
12;18935.576;479.441;3441.136;58.64;208.861;1733.503;0.0;3204.0;15015.0;32756.906;6058.236;-7763.094;3.516;19;128;[1.18, 1.519, 1.3, 1.0, 1.513];[1.513, 1.651, 1.177]
13;18935.576;479.441;3441.136;58.64;208.861;1733.503;0.0;3204.0;15015.0;32756.906;6058.236;-7763.094;9.292;19;128;[1.18, 1.519, 1.47, 1.0, 1.513];[1.513, 1.786, 1.177]
14;18935.576;479.441;3441.136;58.64;208.861;1733.503;0.0;3204.0;15015.0;32756.906;6058.236;-7763.094;8.418;19;128;[1.18, 1.519, 1.423, 1.0, 1.513];[1.462, 1.786, 1.177]
15;18935.576;479.441;3441.136;58.64;208.861;1733.503;0.0;3204.0;15015.0;32756.906;6058.236;-7763.094;3.251;19;128;[1.362, 1.519, 1.423, 1.0, 1.513];[1.462, 1.786, 1.359]
16;18935.576;479.441;3441.136;58.64;208.861;1733.503;0.0;3204.0;15015.0;32756.906;6058.236;-7763.094;2.223;19;128;[1.362, 1.667, 1.423, 1.0, 1.513];[1.616, 1.786, 1.359]
17;18918.422;479.867;3442.555;79.698;224.742;2296.891;0.0;3264.0;14996.0;32756.906;6058.236;-7780.248;9.087;19;128;[1.362, 1.667, 1.681, 1.0, 1.513];[1.854, 1.786, 1.359]
18;18918.422;479.867;3442.555;79.698;224.742;2296.891;0.0;3264.0;14996.0;32756.906;6058.236;-7780.248;6.283;19;128;[1.362, 1.8, 1.681, 1.0, 1.513];[1.854, 1.907, 1.359]
19;18888.953;473.066;3419.887;65.407;213.095;1913.687;0.0;3264.0;14996.0;32756.906;6058.236;-7809.717;22.99;19;128;[1.362, 1.8, 1.681, 1.0, 1.762];[1.854, 2.116, 1.359]
20;18885.997;472.384;3417.613;65.407;212.912;1913.504;0.0;3264.0;14996.0;32756.906;6058.236;-7812.673;4.78;19;128;[1.362, 2.02, 1.681, 1.0, 1.762];[2.069, 2.116, 1.359]
21;18721.974;466.84;3399.134;73.378;216.497;2124.322;0.0;3125.0;14856.0;32756.906;6058.236;-7976.696;2.448;19;128;[1.362, 2.218, 1.681, 1.0, 1.762];[2.069, 2.304, 1.359]
22;18721.974;466.84;3399.134;73.378;216.497;2124.322;0.0;3125.0;14856.0;32756.906;6058.236;-7976.696;3.754;19;128;[1.362, 2.218, 1.613, 1.0, 1.762];[2.069, 2.304, 1.323]
23;18721.974;466.84;3399.134;73.378;216.497;2124.322;0.0;3125.0;14856.0;32756.906;6058.236;-7976.696;3.922;19;128;[1.362, 2.218, 1.613, 1.0, 1.686];[2.069, 2.304, 1.291]
24;18701.426;457.483;3367.943;63.848;206.016;1866.075;0.0;3281.0;14876.0;32756.906;6058.236;-7997.244;4.546;19;128;[1.362, 2.396, 1.613, 1.0, 1.686];[2.262, 2.304, 1.291]
25;18701.426;457.483;3367.943;63.848;206.016;1866.075;0.0;3281.0;14876.0;32756.906;6058.236;-7997.244;3.159;19;128;[1.326, 2.396, 1.613, 1.0, 1.686];[2.262, 2.304, 1.262]
26;18701.426;457.483;3367.943;63.848;206.016;1866.075;0.0;3281.0;14876.0;32756.906;6058.236;-7997.244;1.814;19;128;[1.326, 2.256, 1.613, 1.0, 1.686];[2.262, 2.304, 1.236]
27;18607.23;472.899;3419.331;68.466;215.734;1995.846;0.0;2986.0;14715.0;32756.906;6058.236;-8091.44;8.558;19;128;[1.326, 2.256, 1.852, 1.0, 1.686];[2.436, 2.304, 1.236]
28;18577.52;466.505;3398.016;66.738;212.025;1947.226;0.0;2828.0;14713.0;32756.906;6058.236;-8121.15;9.53;19;128;[1.326, 2.256, 2.067, 1.0, 1.686];[2.436, 2.474, 1.236]
29;18577.52;466.505;3398.016;66.738;212.025;1947.226;0.0;2828.0;14713.0;32756.906;6058.236;-8121.15;1.044;19;128;[1.326, 2.33, 2.067, 1.0, 1.686];[2.436, 2.527, 1.236]
30;18456.847;452.503;3351.344;69.279;205.804;2007.057;0.0;2769.0;14653.0;32756.906;6058.236;-8241.823;9.741;19;128;[1.326, 2.33, 2.067, 1.3, 1.686];[2.592, 2.527, 1.236]
31;18456.847;452.503;3351.344;69.279;205.804;2007.057;0.0;2769.0;14653.0;32756.906;6058.236;-8241.823;8.029;19;128;[1.326, 2.33, 1.96, 1.3, 1.686];[2.433, 2.527, 1.236]
32;18456.847;452.503;3351.344;69.279;205.804;2007.057;0.0;2769.0;14653.0;32756.906;6058.236;-8241.823;8.272;19;128;[1.326, 2.33, 2.064, 1.3, 1.686];[2.433, 2.574, 1.236]
33;18456.847;452.503;3351.344;69.279;205.804;2007.057;0.0;2769.0;14653.0;32756.906;6058.236;-8241.823;8.155;19;128;[1.326, 2.33, 1.958, 1.3, 1.686];[2.433, 2.417, 1.236]
34;18456.847;452.503;3351.344;69.279;205.804;2007.057;0.0;2769.0;14653.0;32756.906;6058.236;-8241.823;8.369;19;128;[1.326, 2.33, 1.958, 1.27, 1.686];[2.433, 2.275, 1.236]
35;18456.847;452.503;3351.344;69.279;205.804;2007.057;0.0;2769.0;14653.0;32756.906;6058.236;-8241.823;24.27;19;128;[1.326, 2.33, 1.958, 1.27, 1.817];[2.49, 2.275, 1.236]
36;18456.847;452.503;3351.344;69.279;205.804;2007.057;0.0;2769.0;14653.0;32756.906;6058.236;-8241.823;5.249;19;128;[1.326, 2.33, 1.958, 1.27, 1.735];[2.49, 2.275, 1.212]
37;18456.847;452.503;3351.344;69.279;205.804;2007.057;0.0;2769.0;14653.0;32756.906;6058.236;-8241.823;4.029;19;128;[1.326, 2.33, 1.958, 1.27, 1.662];[2.49, 2.275, 1.191]
38;18456.847;452.503;3351.344;69.279;205.804;2007.057;0.0;2769.0;14653.0;32756.906;6058.236;-8241.823;9.477;19;128;[1.293, 2.33, 1.958, 1.27, 1.662];[2.341, 2.275, 1.191]
39;18456.847;452.503;3351.344;69.279;205.804;2007.057;0.0;2769.0;14653.0;32756.906;6058.236;-8241.823;5.293;19;128;[1.293, 2.33, 1.958, 1.27, 1.596];[2.341, 2.275, 1.172]
40;18456.847;452.503;3351.344;69.279;205.804;2007.057;0.0;2769.0;14653.0;32756.906;6058.236;-8241.823;2.88;19;128;[1.293, 2.397, 1.958, 1.27, 1.596];[2.407, 2.275, 1.172]
41;18456.847;452.503;3351.344;69.279;205.804;2007.057;0.0;2769.0;14653.0;32756.906;6058.236;-8241.823;1.901;19;128;[1.293, 2.457, 1.958, 1.27, 1.596];[2.407, 2.275, 1.355]
42;18456.847;452.503;3351.344;69.279;205.804;2007.057;0.0;2769.0;14653.0;32756.906;6058.236;-8241.823;8.835;19;128;[1.293, 2.457, 1.958, 1.443, 1.596];[2.407, 2.348, 1.355]
43;18456.847;452.503;3351.344;69.279;205.804;2007.057;0.0;2769.0;14653.0;32756.906;6058.236;-8241.823;9.123;19;128;[1.293, 2.457, 1.862, 1.443, 1.596];[2.407, 2.213, 1.355]
44;18426.521;454.967;3359.555;81.883;216.202;2345.171;0.0;2966.0;14612.0;32756.906;6058.236;-8272.148;1.843;19;128;[1.293, 2.611, 1.862, 1.443, 1.596];[2.407, 2.392, 1.355]
45;18426.521;454.967;3359.555;81.883;216.202;2345.171;0.0;2966.0;14612.0;32756.906;6058.236;-8272.148;7.131;19;128;[1.264, 2.611, 1.862, 1.443, 1.596];[2.407, 2.253, 1.355]
46;18426.521;454.967;3359.555;81.883;216.202;2345.171;0.0;2966.0;14612.0;32756.906;6058.236;-8272.148;8.238;19;128;[1.264, 2.45, 1.862, 1.443, 1.596];[2.266, 2.253, 1.355]
47;18426.521;454.967;3359.555;81.883;216.202;2345.171;0.0;2966.0;14612.0;32756.906;6058.236;-8272.148;5.96;19;128;[1.264, 2.305, 1.862, 1.443, 1.596];[2.139, 2.253, 1.355]
48;18426.521;454.967;3359.555;81.883;216.202;2345.171;0.0;2966.0;14612.0;32756.906;6058.236;-8272.148;17.813;19;128;[1.264, 2.305, 1.862, 1.443, 1.736];[2.139, 2.328, 1.355]
49;18426.521;454.967;3359.555;81.883;216.202;2345.171;0.0;2966.0;14612.0;32756.906;6058.236;-8272.148;5.284;19;128;[1.264, 2.305, 1.862, 1.399, 1.736];[2.139, 2.195, 1.355]
626constructshop:False depot:True weather:False;19904.783;554.258;3698.525;60.988;237.242;1822.942;0.0;3029.0;15652.0;32781.158;6033.984;-6842.392;26.322;19;128;[1.0, 1.0, 1.0, 1.0, 1.0];[1.0, 1.0, 1.0]
0;20068.788;567.797;3749.991;61.71;245.962;1850.418;0.0;3069.0;15751.0;33082.886;5732.256;-7281.842;3.938;18;128;[1.0, 1.0, 1.0, 1.3, 1.0];[1.0, 1.0, 1.3]
1;20010.018;554.235;3704.783;62.727;240.959;1871.86;0.0;3069.0;15751.0;33082.886;5732.256;-7340.612;7.605;18;128;[1.0, 1.3, 1.0, 1.3, 1.0];[1.3, 1.0, 1.3]
2;19857.228;569.745;3756.483;59.405;244.323;1788.851;0.0;2970.0;15531.0;33082.886;5732.256;-7493.402;4.517;18;128;[1.0, 1.3, 1.0, 1.3, 1.3];[1.3, 1.0, 1.57]
3;19790.641;554.609;3706.032;64.499;238.259;1915.245;0.0;2871.0;15530.0;33082.886;5732.256;-7559.989;8.085;18;128;[1.0, 1.3, 1.0, 1.57, 1.3];[1.57, 1.0, 1.57]
4;19790.641;554.609;3706.032;64.499;238.259;1915.245;0.0;2871.0;15530.0;33082.886;5732.256;-7559.989;1.199;18;128;[1.0, 1.47, 1.0, 1.57, 1.3];[1.57, 1.2, 1.57]
5;19790.641;554.609;3706.032;64.499;238.259;1915.245;0.0;2871.0;15530.0;33082.886;5732.256;-7559.989;5.762;18;128;[1.0, 1.47, 1.0, 1.713, 1.3];[1.713, 1.2, 1.57]
6;19790.641;554.609;3706.032;64.499;238.259;1915.245;0.0;2871.0;15530.0;33082.886;5732.256;-7559.989;3.907;18;128;[1.0, 1.47, 1.0, 1.713, 1.27];[1.713, 1.2, 1.513]
7;19790.641;554.609;3706.032;64.499;238.259;1915.245;0.0;2871.0;15530.0;33082.886;5732.256;-7559.989;8.393;18;128;[1.0, 1.47, 1.0, 1.713, 1.27];[1.713, 1.18, 1.513]
8;19546.954;553.759;3703.196;79.244;250.184;2310.539;0.0;2693.0;15290.0;33082.886;5732.256;-7803.676;17.27;18;128;[1.0, 1.47, 1.0, 1.713, 1.543];[1.942, 1.18, 1.513]
9;19453.844;546.118;3677.726;77.014;242.446;2244.807;0.0;2634.0;15230.0;33082.886;5732.256;-7896.786;1.741;18;128;[1.0, 1.723, 1.0, 1.713, 1.543];[2.148, 1.18, 1.513]
10;19408.757;553.944;3703.813;71.13;243.076;2092.454;0.0;2594.0;15151.0;33082.886;5732.256;-7941.873;3.429;18;128;[1.0, 1.723, 1.0, 1.942, 1.543];[2.148, 1.18, 1.762]
11;19408.757;553.944;3703.813;71.13;243.076;2092.454;0.0;2594.0;15151.0;33082.886;5732.256;-7941.873;10.433;18;128;[1.0, 1.723, 1.0, 1.942, 1.543];[2.033, 1.18, 1.762]
12;19248.785;535.72;3643.066;77.927;240.845;2266.956;0.0;2515.0;15070.0;33082.886;5732.256;-8101.845;10.085;18;128;[1.0, 1.723, 1.3, 1.942, 1.543];[2.23, 1.18, 1.762]
13;19171.166;536.269;3644.897;75.562;239.779;2204.4;0.0;2515.0;14990.0;33082.886;5732.256;-8179.464;5.466;18;128;[1.0, 1.951, 1.3, 1.942, 1.543];[2.23, 1.462, 1.762]
14;18863.196;497.507;3515.689;64.731;217.703;1900.7;0.0;2376.0;14850.0;33082.886;5732.256;-8487.434;17.133;18;128;[1.0, 1.951, 1.3, 1.942, 1.789];[2.407, 1.462, 1.762]
15;18863.196;497.507;3515.689;64.731;217.703;1900.7;0.0;2376.0;14850.0;33082.886;5732.256;-8487.434;18.62;18;128;[1.0, 1.951, 1.3, 1.942, 1.71];[2.407, 1.416, 1.762]
16;18863.196;497.507;3515.689;64.731;217.703;1900.7;0.0;2376.0;14850.0;33082.886;5732.256;-8487.434;2.743;18;128;[1.0, 1.951, 1.3, 1.942, 1.71];[2.407, 1.416, 1.686]
17;18863.196;497.507;3515.689;64.731;217.703;1900.7;0.0;2376.0;14850.0;33082.886;5732.256;-8487.434;5.835;18;128;[1.0, 1.951, 1.3, 1.942, 1.639];[2.407, 1.416, 1.617]
18;18863.196;497.507;3515.689;64.731;217.703;1900.7;0.0;2376.0;14850.0;33082.886;5732.256;-8487.434;6.086;18;128;[1.0, 2.056, 1.3, 1.942, 1.639];[2.466, 1.416, 1.617]
19;18863.196;497.507;3515.689;64.731;217.703;1900.7;0.0;2376.0;14850.0;33082.886;5732.256;-8487.434;2.879;18;128;[1.0, 2.056, 1.3, 1.848, 1.639];[2.466, 1.416, 1.555]
20;18863.196;497.507;3515.689;64.731;217.703;1900.7;0.0;2376.0;14850.0;33082.886;5732.256;-8487.434;12.689;18;128;[1.0, 2.056, 1.27, 1.848, 1.639];[2.466, 1.374, 1.555]
21;18863.196;497.507;3515.689;64.731;217.703;1900.7;0.0;2376.0;14850.0;33082.886;5732.256;-8487.434;9.009;18;128;[1.0, 2.056, 1.27, 1.763, 1.639];[2.319, 1.374, 1.555]
22;18863.196;497.507;3515.689;64.731;217.703;1900.7;0.0;2376.0;14850.0;33082.886;5732.256;-8487.434;7.62;18;128;[1.0, 2.056, 1.27, 1.887, 1.639];[2.387, 1.374, 1.555]
23;18863.196;497.507;3515.689;64.731;217.703;1900.7;0.0;2376.0;14850.0;33082.886;5732.256;-8487.434;5.162;18;128;[1.0, 2.056, 1.27, 1.887, 1.575];[2.387, 1.374, 1.5]
24;18863.196;497.507;3515.689;64.731;217.703;1900.7;0.0;2376.0;14850.0;33082.886;5732.256;-8487.434;1.59;18;128;[1.0, 2.15, 1.27, 1.887, 1.575];[2.387, 1.537, 1.5]
25;18863.196;497.507;3515.689;64.731;217.703;1900.7;0.0;2376.0;14850.0;33082.886;5732.256;-8487.434;17.165;18;128;[1.0, 2.15, 1.27, 1.887, 1.718];[2.448, 1.537, 1.5]
26;18863.196;497.507;3515.689;64.731;217.703;1900.7;0.0;2376.0;14850.0;33082.886;5732.256;-8487.434;15.325;18;128;[1.0, 2.15, 1.27, 1.887, 1.646];[2.303, 1.537, 1.5]
27;18863.196;497.507;3515.689;64.731;217.703;1900.7;0.0;2376.0;14850.0;33082.886;5732.256;-8487.434;8.068;18;128;[1.0, 2.15, 1.27, 1.998, 1.646];[2.373, 1.537, 1.5]
28;18863.196;497.507;3515.689;64.731;217.703;1900.7;0.0;2376.0;14850.0;33082.886;5732.256;-8487.434;3.315;18;128;[1.0, 2.15, 1.27, 1.998, 1.581];[2.373, 1.537, 1.45]
29;18863.196;497.507;3515.689;64.731;217.703;1900.7;0.0;2376.0;14850.0;33082.886;5732.256;-8487.434;7.533;18;128;[1.0, 2.15, 1.443, 1.998, 1.581];[2.373, 1.683, 1.45]
30;18863.196;497.507;3515.689;64.731;217.703;1900.7;0.0;2376.0;14850.0;33082.886;5732.256;-8487.434;3.213;18;128;[1.0, 2.15, 1.443, 1.998, 1.581];[2.373, 1.683, 1.405]
31;18863.196;497.507;3515.689;64.731;217.703;1900.7;0.0;2376.0;14850.0;33082.886;5732.256;-8487.434;1.011;18;128;[1.0, 2.235, 1.443, 1.998, 1.581];[2.436, 1.683, 1.405]
32;18863.196;497.507;3515.689;64.731;217.703;1900.7;0.0;2376.0;14850.0;33082.886;5732.256;-8487.434;1.339;18;128;[1.0, 2.311, 1.443, 1.998, 1.581];[2.492, 1.683, 1.405]
33;18863.196;497.507;3515.689;64.731;217.703;1900.7;0.0;2376.0;14850.0;33082.886;5732.256;-8487.434;10.241;18;128;[1.0, 2.311, 1.599, 1.998, 1.581];[2.492, 1.815, 1.405]
34;18863.196;497.507;3515.689;64.731;217.703;1900.7;0.0;2376.0;14850.0;33082.886;5732.256;-8487.434;6.528;18;128;[1.0, 2.311, 1.599, 2.098, 1.581];[2.543, 1.815, 1.405]
35;18863.196;497.507;3515.689;64.731;217.703;1900.7;0.0;2376.0;14850.0;33082.886;5732.256;-8487.434;8.33;18;128;[1.0, 2.311, 1.739, 2.098, 1.581];[2.589, 1.815, 1.405]
36;18863.196;497.507;3515.689;64.731;217.703;1900.7;0.0;2376.0;14850.0;33082.886;5732.256;-8487.434;4.94;18;128;[1.0, 2.38, 1.739, 2.098, 1.581];[2.63, 1.815, 1.405]
37;18863.196;497.507;3515.689;64.731;217.703;1900.7;0.0;2376.0;14850.0;33082.886;5732.256;-8487.434;8.445;18;128;[1.0, 2.38, 1.865, 2.098, 1.581];[2.667, 1.815, 1.405]
38;18863.196;497.507;3515.689;64.731;217.703;1900.7;0.0;2376.0;14850.0;33082.886;5732.256;-8487.434;5.57;18;128;[1.0, 2.38, 1.865, 1.988, 1.581];[2.5, 1.815, 1.405]
39;18863.196;497.507;3515.689;64.731;217.703;1900.7;0.0;2376.0;14850.0;33082.886;5732.256;-8487.434;3.637;18;128;[1.0, 2.442, 1.865, 1.988, 1.581];[2.55, 1.815, 1.405]
40;18863.196;497.507;3515.689;64.731;217.703;1900.7;0.0;2376.0;14850.0;33082.886;5732.256;-8487.434;4.677;18;128;[1.0, 2.442, 1.865, 1.889, 1.581];[2.395, 1.815, 1.405]
41;18863.196;497.507;3515.689;64.731;217.703;1900.7;0.0;2376.0;14850.0;33082.886;5732.256;-8487.434;5.498;18;128;[1.0, 2.442, 1.865, 1.8, 1.581];[2.395, 1.734, 1.405]
42;18863.196;497.507;3515.689;64.731;217.703;1900.7;0.0;2376.0;14850.0;33082.886;5732.256;-8487.434;5.914;18;128;[1.0, 2.298, 1.865, 1.8, 1.581];[2.395, 1.661, 1.405]
43;18863.196;497.507;3515.689;64.731;217.703;1900.7;0.0;2376.0;14850.0;33082.886;5732.256;-8487.434;21.239;18;128;[1.0, 2.298, 1.865, 1.8, 1.523];[2.395, 1.595, 1.405]
44;18863.196;497.507;3515.689;64.731;217.703;1900.7;0.0;2376.0;14850.0;33082.886;5732.256;-8487.434;18.46;18;128;[1.0, 2.298, 1.865, 1.8, 1.671];[2.455, 1.595, 1.405]
45;18863.196;497.507;3515.689;64.731;217.703;1900.7;0.0;2376.0;14850.0;33082.886;5732.256;-8487.434;7.766;18;128;[1.0, 2.298, 1.779, 1.8, 1.671];[2.31, 1.595, 1.405]
46;18863.196;497.507;3515.689;64.731;217.703;1900.7;0.0;2376.0;14850.0;33082.886;5732.256;-8487.434;5.219;18;128;[1.0, 2.298, 1.779, 1.92, 1.671];[2.379, 1.595, 1.405]
47;18863.196;497.507;3515.689;64.731;217.703;1900.7;0.0;2376.0;14850.0;33082.886;5732.256;-8487.434;16.355;18;128;[1.0, 2.298, 1.779, 1.92, 1.604];[2.241, 1.595, 1.405]
48;18863.196;497.507;3515.689;64.731;217.703;1900.7;0.0;2376.0;14850.0;33082.886;5732.256;-8487.434;1.722;18;128;[1.0, 2.368, 1.779, 1.92, 1.604];[2.317, 1.595, 1.405]
49;18863.196;497.507;3515.689;64.731;217.703;1900.7;0.0;2376.0;14850.0;33082.886;5732.256;-8487.434;10.051;18;128;[1.0, 2.431, 1.779, 1.92, 1.604];[2.385, 1.595, 1.405]
627constructshop:False depot:True weather:False;19680.629;545.222;3660.407;69.813;241.097;2056.231;0.0;2988.0;15475.0;32756.906;6058.236;-7018.041;31.652;19;128;[1.0, 1.0, 1.0, 1.0, 1.0];[1.0, 1.0, 1.0]
0;19417.845;512.503;3551.342;58.091;223.267;1733.645;0.0;2949.0;15354.0;32756.906;6058.236;-7280.825;8.373;19;128;[1.3, 1.0, 1.0, 1.0, 1.0];[1.3, 1.0, 1.0]
1;19328.383;510.55;3544.833;60.675;224.45;1801.999;0.0;2949.0;15273.0;32756.906;6058.236;-7370.287;7.029;19;128;[1.3, 1.3, 1.0, 1.0, 1.0];[1.57, 1.0, 1.0]
2;19255.826;507.883;3535.943;63.002;224.26;1862.317;0.0;2870.0;15212.0;32756.906;6058.236;-7442.844;9.231;19;128;[1.3, 1.3, 1.0, 1.3, 1.0];[1.57, 1.3, 1.0]
3;19255.826;507.883;3535.943;63.002;224.26;1862.317;0.0;2870.0;15212.0;32756.906;6058.236;-7442.844;6.696;19;128;[1.3, 1.3, 1.0, 1.47, 1.0];[1.57, 1.47, 1.0]
4;19116.357;507.775;3535.582;61.278;225.206;1818.439;0.0;2830.0;15073.0;32756.906;6058.236;-7582.313;3.736;19;128;[1.57, 1.3, 1.0, 1.47, 1.0];[1.57, 1.47, 1.3]
5;19106.493;505.498;3527.994;62.721;224.52;1855.271;0.0;2830.0;15073.0;32756.906;6058.236;-7592.177;7.951;19;128;[1.57, 1.3, 1.0, 1.723, 1.0];[1.813, 1.47, 1.3]
6;18995.801;503.262;3520.539;58.67;222.483;1747.893;0.0;2713.0;14972.0;32756.906;6058.236;-7702.869;8.819;19;128;[1.813, 1.3, 1.0, 1.723, 1.0];[2.032, 1.47, 1.3]
7;18995.801;503.262;3520.539;58.67;222.483;1747.893;0.0;2713.0;14972.0;32756.906;6058.236;-7702.869;3.493;19;128;[1.732, 1.3, 1.0, 1.723, 1.0];[2.032, 1.47, 1.27]
8;18995.801;503.262;3520.539;58.67;222.483;1747.893;0.0;2713.0;14972.0;32756.906;6058.236;-7702.869;2.337;19;128;[1.732, 1.3, 1.0, 1.651, 1.0];[2.032, 1.47, 1.243]
9;18995.801;503.262;3520.539;58.67;222.483;1747.893;0.0;2713.0;14972.0;32756.906;6058.236;-7702.869;6.665;19;128;[1.732, 1.3, 1.0, 1.786, 1.0];[2.129, 1.47, 1.243]
10;18993.529;502.738;3518.792;58.67;222.639;1748.048;0.0;2713.0;14972.0;32756.906;6058.236;-7705.141;6.654;19;128;[1.732, 1.3, 1.0, 2.007, 1.0];[2.129, 1.723, 1.243]
11;18993.529;502.738;3518.792;58.67;222.639;1748.048;0.0;2713.0;14972.0;32756.906;6058.236;-7705.141;2.74;19;128;[1.732, 1.3, 1.0, 1.906, 1.0];[2.129, 1.723, 1.219]
12;18993.529;502.738;3518.792;58.67;222.639;1748.048;0.0;2713.0;14972.0;32756.906;6058.236;-7705.141;6.936;19;128;[1.732, 1.3, 1.0, 2.015, 1.0];[2.129, 1.851, 1.219]
13;18993.529;502.738;3518.792;58.67;222.639;1748.048;0.0;2713.0;14972.0;32756.906;6058.236;-7705.141;1.666;19;128;[1.732, 1.47, 1.0, 2.015, 1.0];[2.129, 1.966, 1.219]
14;18989.35;501.773;3515.577;54.031;218.215;1623.011;0.0;2951.0;14972.0;32756.906;6058.236;-7709.32;3.316;19;128;[1.732, 1.723, 1.0, 2.015, 1.0];[2.316, 1.966, 1.219]
15;18768.352;496.927;3499.424;53.929;216.074;1618.22;0.0;2753.0;14772.0;32756.906;6058.236;-7930.318;3.081;19;128;[1.732, 1.723, 1.3, 2.015, 1.0];[2.316, 1.966, 1.497]
16;18764.778;496.103;3496.675;47.468;211.716;1445.885;0.0;2753.0;14772.0;32756.906;6058.236;-7933.892;7.908;19;128;[1.959, 1.723, 1.3, 2.015, 1.0];[2.484, 1.966, 1.497]
17;18764.778;496.103;3496.675;47.468;211.716;1445.885;0.0;2753.0;14772.0;32756.906;6058.236;-7933.892;3.956;19;128;[1.863, 1.723, 1.3, 2.015, 1.0];[2.484, 1.966, 1.447]
18;18764.778;496.103;3496.675;47.468;211.716;1445.885;0.0;2753.0;14772.0;32756.906;6058.236;-7933.892;2.141;19;128;[1.863, 1.651, 1.3, 2.015, 1.0];[2.336, 1.966, 1.447]
19;18764.778;496.103;3496.675;47.468;211.716;1445.885;0.0;2753.0;14772.0;32756.906;6058.236;-7933.892;6.888;19;128;[1.863, 1.651, 1.3, 1.914, 1.0];[2.336, 1.869, 1.447]
20;18764.778;496.103;3496.675;47.468;211.716;1445.885;0.0;2753.0;14772.0;32756.906;6058.236;-7933.892;2.938;19;128;[1.863, 1.651, 1.27, 1.914, 1.0];[2.336, 1.869, 1.402]
21;18764.778;496.103;3496.675;47.468;211.716;1445.885;0.0;2753.0;14772.0;32756.906;6058.236;-7933.892;3.025;19;128;[1.777, 1.651, 1.27, 1.914, 1.0];[2.336, 1.869, 1.362]
22;18764.778;496.103;3496.675;47.468;211.716;1445.885;0.0;2753.0;14772.0;32756.906;6058.236;-7933.892;6.618;19;128;[1.777, 1.651, 1.27, 1.823, 1.0];[2.336, 1.782, 1.362]
23;18764.778;496.103;3496.675;47.468;211.716;1445.885;0.0;2753.0;14772.0;32756.906;6058.236;-7933.892;5.408;19;128;[1.777, 1.651, 1.27, 1.741, 1.0];[2.202, 1.782, 1.362]
24;18764.778;496.103;3496.675;47.468;211.716;1445.885;0.0;2753.0;14772.0;32756.906;6058.236;-7933.892;2.514;19;128;[1.777, 1.586, 1.27, 1.741, 1.0];[2.202, 1.782, 1.326]
25;18764.778;496.103;3496.675;47.468;211.716;1445.885;0.0;2753.0;14772.0;32756.906;6058.236;-7933.892;19.132;19;128;[1.777, 1.586, 1.27, 1.741, 1.2];[2.282, 1.782, 1.326]
26;18704.314;500.38;3510.934;60.597;219.836;1795.371;0.0;2951.0;14693.0;32756.906;6058.236;-7994.356;6.153;19;128;[1.777, 1.586, 1.27, 1.967, 1.2];[2.454, 1.782, 1.326]
27;18672.233;492.746;3485.487;57.849;216.776;1720.857;0.0;3169.0;14694.0;32756.906;6058.236;-8026.437;4.44;19;128;[1.777, 1.827, 1.27, 1.967, 1.2];[2.609, 1.782, 1.326]
28;18669.464;492.107;3483.357;57.849;215.888;1719.969;0.0;3169.0;14694.0;32756.906;6058.236;-8029.206;5.214;19;128;[1.777, 1.827, 1.27, 2.17, 1.2];[2.748, 1.782, 1.326]
29;18571.112;492.487;3484.624;59.646;215.644;1766.427;0.0;3070.0;14594.0;32756.906;6058.236;-8127.558;4.059;19;128;[1.777, 2.044, 1.27, 2.17, 1.2];[2.748, 2.004, 1.326]
30;18546.544;487.049;3466.496;59.646;214.418;1765.201;0.0;2971.0;14593.0;32756.906;6058.236;-8152.126;7.451;19;128;[1.999, 2.044, 1.27, 2.17, 1.2];[2.873, 2.004, 1.326]
31;18546.544;487.049;3466.496;59.646;214.418;1765.201;0.0;2971.0;14593.0;32756.906;6058.236;-8152.126;5.598;19;128;[1.999, 1.94, 1.27, 2.17, 1.2];[2.686, 2.004, 1.326]
32;18546.544;487.049;3466.496;59.646;214.418;1765.201;0.0;2971.0;14593.0;32756.906;6058.236;-8152.126;5.158;19;128;[1.999, 1.94, 1.27, 2.17, 1.18];[2.686, 2.004, 1.293]
33;18546.544;487.049;3466.496;59.646;214.418;1765.201;0.0;2971.0;14593.0;32756.906;6058.236;-8152.126;0.774;19;128;[1.999, 2.046, 1.27, 2.17, 1.18];[2.686, 2.004, 1.464]
34;18546.544;487.049;3466.496;59.646;214.418;1765.201;0.0;2971.0;14593.0;32756.906;6058.236;-8152.126;3.243;19;128;[1.999, 2.046, 1.27, 2.053, 1.18];[2.686, 2.004, 1.418]
35;18546.544;487.049;3466.496;59.646;214.418;1765.201;0.0;2971.0;14593.0;32756.906;6058.236;-8152.126;2.22;19;128;[1.999, 2.141, 1.27, 2.053, 1.18];[2.686, 2.004, 1.576]
36;18546.544;487.049;3466.496;59.646;214.418;1765.201;0.0;2971.0;14593.0;32756.906;6058.236;-8152.126;18.9;19;128;[1.999, 2.141, 1.27, 2.053, 1.362];[2.717, 2.004, 1.576]
37;18427.912;468.903;3406.009;68.83;216.728;2006.311;0.0;2832.0;14553.0;32756.906;6058.236;-8270.758;8.046;19;128;[1.999, 2.141, 1.543, 2.053, 1.362];[2.717, 2.204, 1.576]
38;18427.912;468.903;3406.009;68.83;216.728;2006.311;0.0;2832.0;14553.0;32756.906;6058.236;-8270.758;20.751;19;128;[1.999, 2.141, 1.543, 2.053, 1.326];[2.717, 2.084, 1.576]
39;18340.459;472.029;3416.43;83.365;221.127;2388.61;0.0;2832.0;14452.0;32756.906;6058.236;-8358.211;8.634;19;128;[1.999, 2.141, 1.789, 2.053, 1.326];[2.717, 2.276, 1.576]
40;18340.459;472.029;3416.43;83.365;221.127;2388.61;0.0;2832.0;14452.0;32756.906;6058.236;-8358.211;16.924;19;128;[1.999, 2.141, 1.789, 2.053, 1.493];[2.717, 2.348, 1.576]
41;18340.459;472.029;3416.43;83.365;221.127;2388.61;0.0;2832.0;14452.0;32756.906;6058.236;-8358.211;6.343;19;128;[1.999, 2.027, 1.789, 2.053, 1.493];[2.545, 2.348, 1.576]
42;18304.182;463.658;3388.525;77.17;215.483;2221.91;0.0;2832.0;14452.0;32756.906;6058.236;-8394.487;6.66;19;128;[2.199, 2.027, 1.789, 2.053, 1.493];[2.691, 2.348, 1.576]
43;18301.901;463.131;3386.77;66.06;207.769;1925.34;0.0;2832.0;14452.0;32756.906;6058.236;-8396.769;9.488;19;128;[2.199, 2.027, 2.01, 2.053, 1.493];[2.822, 2.348, 1.576]
44;18299.136;462.493;3384.643;66.06;207.042;1924.613;0.0;2832.0;14452.0;32756.906;6058.236;-8399.534;5.925;19;128;[2.199, 2.027, 2.01, 2.248, 1.493];[2.822, 2.513, 1.576]
45;18299.136;462.493;3384.643;66.06;207.042;1924.613;0.0;2832.0;14452.0;32756.906;6058.236;-8399.534;1.783;19;128;[2.199, 1.924, 2.01, 2.248, 1.493];[2.822, 2.513, 1.518]
46;18299.136;462.493;3384.643;66.06;207.042;1924.613;0.0;2832.0;14452.0;32756.906;6058.236;-8399.534;4.123;19;128;[2.199, 1.924, 1.909, 2.248, 1.493];[2.822, 2.513, 1.466]
47;18299.136;462.493;3384.643;66.06;207.042;1924.613;0.0;2832.0;14452.0;32756.906;6058.236;-8399.534;7.625;19;128;[2.199, 1.924, 1.909, 2.323, 1.493];[2.822, 2.562, 1.466]
48;18299.136;462.493;3384.643;66.06;207.042;1924.613;0.0;2832.0;14452.0;32756.906;6058.236;-8399.534;9.362;19;128;[2.199, 1.924, 2.018, 2.323, 1.493];[2.822, 2.606, 1.466]
49;18299.136;462.493;3384.643;66.06;207.042;1924.613;0.0;2832.0;14452.0;32756.906;6058.236;-8399.534;3.256;19;128;[2.199, 1.924, 2.018, 2.191, 1.493];[2.822, 2.606, 1.419]
628constructshop:False depot:True weather:False;19326.467;524.185;3590.282;63.424;231.567;1880.59;0.0;2595.0;15212.0;32756.906;6058.236;-7372.203;31.404;19;128;[1.0, 1.0, 1.0, 1.0, 1.0];[1.0, 1.0, 1.0]
0;19326.467;524.185;3590.282;63.424;231.567;1880.59;0.0;2595.0;15212.0;32756.906;6058.236;-7372.203;9.744;19;128;[1.0, 1.0, 1.0, 1.0, 1.0];[1.0, 1.0, 1.0]
1;19279.733;522.631;3585.102;65.89;233.713;1946.861;0.0;2555.0;15172.0;32756.906;6058.236;-7418.937;10.737;19;128;[1.0, 1.0, 1.3, 1.0, 1.0];[1.3, 1.0, 1.0]
2;19278.114;536.103;3630.011;65.89;238.797;1951.945;0.0;2496.0;15112.0;32756.906;6058.236;-7420.556;5.714;19;128;[1.0, 1.3, 1.3, 1.0, 1.0];[1.3, 1.3, 1.0]
3;19187.477;529.264;3607.213;65.477;235.517;1937.925;0.0;2536.0;15051.0;32756.906;6058.236;-7511.193;8.611;19;128;[1.3, 1.3, 1.3, 1.0, 1.0];[1.3, 1.57, 1.0]
4;18859.625;517.99;3569.634;69.952;235.027;2053.769;0.0;2853.0;14772.0;32756.906;6058.236;-7839.045;23.558;19;128;[1.3, 1.3, 1.3, 1.0, 1.3];[1.57, 1.57, 1.0]
5;18858.237;517.67;3568.567;69.952;234.939;2053.682;0.0;2853.0;14772.0;32756.906;6058.236;-7840.433;3.409;19;128;[1.3, 1.57, 1.3, 1.0, 1.3];[1.57, 1.813, 1.0]
6;18696.559;512.667;3551.892;67.368;231.798;1983.357;0.0;2853.0;14632.0;32756.906;6058.236;-8002.111;7.797;19;128;[1.3, 1.813, 1.3, 1.0, 1.3];[1.57, 2.032, 1.0]
7;18683.293;509.606;3541.687;66.396;229.168;1955.463;0.0;2853.0;14632.0;32756.906;6058.236;-8015.377;21.065;19;128;[1.3, 1.813, 1.3, 1.0, 1.57];[1.813, 2.032, 1.0]
8;18659.092;504.021;3523.071;67.799;228.28;1991.055;0.0;2853.0;14632.0;32756.906;6058.236;-8039.578;19.13;19;128;[1.3, 1.813, 1.3, 1.0, 1.813];[1.813, 2.229, 1.0]
9;18632.314;498.072;3503.242;67.443;227.168;1980.686;0.0;2853.0;14631.0;32756.906;6058.236;-8066.356;7.854;19;128;[1.3, 1.813, 1.3, 1.3, 1.813];[1.813, 2.406, 1.0]
10;18607.322;492.305;3484.017;68.323;225.447;2001.836;0.0;2853.0;14631.0;32756.906;6058.236;-8091.348;7.181;19;128;[1.57, 1.813, 1.3, 1.3, 1.813];[2.032, 2.406, 1.0]
11;18573.161;484.422;3457.739;72.597;224.731;2112.25;0.0;2853.0;14631.0;32756.906;6058.236;-8125.509;8.859;19;128;[1.813, 1.813, 1.3, 1.3, 1.813];[2.229, 2.406, 1.0]
12;18569.489;483.574;3454.914;74.136;225.012;2152.537;0.0;2853.0;14631.0;32756.906;6058.236;-8129.181;1.938;19;128;[1.813, 2.032, 1.3, 1.3, 1.813];[2.406, 2.406, 1.0]
13;18569.489;483.574;3454.914;74.136;225.012;2152.537;0.0;2853.0;14631.0;32756.906;6058.236;-8129.181;2.384;19;128;[1.813, 1.929, 1.3, 1.3, 1.813];[2.406, 2.406, 1.0]
14;18569.489;483.574;3454.914;74.136;225.012;2152.537;0.0;2853.0;14631.0;32756.906;6058.236;-8129.181;10.713;19;128;[1.813, 1.929, 1.47, 1.3, 1.813];[2.406, 2.465, 1.0]
15;18565.53;491.661;3481.869;66.763;222.502;1958.337;0.0;2733.0;14592.0;32756.906;6058.236;-8133.14;9.803;19;128;[1.813, 1.929, 1.723, 1.3, 1.813];[2.406, 2.619, 1.0]
16;18550.45;488.181;3470.269;66.763;221.007;1956.842;0.0;2733.0;14592.0;32756.906;6058.236;-8148.22;8.012;19;128;[1.813, 2.136, 1.723, 1.3, 1.813];[2.406, 2.757, 1.0]
17;18495.991;480.229;3443.762;68.883;220.92;2011.881;0.0;2852.0;14572.0;32756.906;6058.236;-8202.679;8.909;19;128;[1.813, 2.322, 1.723, 1.3, 1.813];[2.565, 2.757, 1.0]
18;18495.938;480.217;3443.722;68.883;220.595;2011.551;0.0;2852.0;14572.0;32756.906;6058.236;-8202.732;8.429;19;128;[1.813, 2.322, 1.951, 1.3, 1.813];[2.565, 2.881, 1.0]
19;18495.938;480.217;3443.722;68.883;220.595;2011.551;0.0;2852.0;14572.0;32756.906;6058.236;-8202.732;3.612;19;128;[1.813, 2.39, 1.951, 1.3, 1.813];[2.609, 2.881, 1.0]
20;18316.494;466.499;3397.996;68.883;215.765;2006.721;0.0;2852.0;14452.0;32756.906;6058.236;-8382.176;1.936;19;128;[1.813, 2.551, 1.951, 1.3, 1.813];[2.748, 2.881, 1.0]
21;18298.721;462.628;3385.093;68.107;214.172;1984.947;0.0;2852.0;14451.0;32756.906;6058.236;-8399.949;5.556;19;128;[1.813, 2.696, 1.951, 1.3, 1.813];[2.873, 2.881, 1.0]
22;18267.953;455.528;3361.426;68.107;210.167;1980.942;0.0;2852.0;14451.0;32756.906;6058.236;-8430.717;7.746;19;128;[1.813, 2.696, 2.156, 1.3, 1.813];[2.873, 2.993, 1.0]
23;18267.953;455.528;3361.426;68.107;210.167;1980.942;0.0;2852.0;14451.0;32756.906;6058.236;-8430.717;6.189;19;128;[1.732, 2.696, 2.156, 1.3, 1.813];[2.686, 2.993, 1.0]
24;18208.695;441.853;3315.842;63.888;202.101;1863.2;0.0;2852.0;14451.0;32756.906;6058.236;-8489.975;8.913;19;128;[1.732, 2.696, 2.34, 1.3, 1.813];[2.817, 2.993, 1.0]
25;18208.695;441.853;3315.842;63.888;202.101;1863.2;0.0;2852.0;14451.0;32756.906;6058.236;-8489.975;6.737;19;128;[1.732, 2.696, 2.34, 1.27, 1.813];[2.817, 2.794, 1.0]
26;18208.695;441.853;3315.842;63.888;202.101;1863.2;0.0;2852.0;14451.0;32756.906;6058.236;-8489.975;17.648;19;128;[1.732, 2.696, 2.34, 1.27, 1.932];[2.817, 2.815, 1.0]
27;18137.879;425.51;3261.368;60.456;191.978;1763.844;0.0;2852.0;14451.0;32756.906;6058.236;-8560.791;16.393;19;128;[1.732, 2.696, 2.34, 1.27, 2.139];[2.935, 2.815, 1.0]
28;18137.879;425.51;3261.368;60.456;191.978;1763.844;0.0;2852.0;14451.0;32756.906;6058.236;-8560.791;3.052;19;128;[1.732, 2.696, 2.34, 1.243, 2.139];[2.935, 2.815, 1.0]
29;18137.879;425.51;3261.368;60.456;191.978;1763.844;0.0;2852.0;14451.0;32756.906;6058.236;-8560.791;5.478;19;128;[1.659, 2.696, 2.34, 1.243, 2.139];[2.935, 2.634, 1.0]
30;18131.805;424.109;3256.696;61.645;191.32;1794.089;0.0;2852.0;14451.0;32756.906;6058.236;-8566.865;6.985;19;128;[1.659, 2.696, 2.506, 1.243, 2.139];[3.042, 2.634, 1.0]
31;18131.805;424.109;3256.696;61.645;191.32;1794.089;0.0;2852.0;14451.0;32756.906;6058.236;-8566.865;15.531;19;128;[1.659, 2.696, 2.506, 1.243, 2.225];[3.038, 2.634, 1.0]
32;18131.805;424.109;3256.696;61.645;191.32;1794.089;0.0;2852.0;14451.0;32756.906;6058.236;-8566.865;7.876;19;128;[1.659, 2.696, 2.355, 1.243, 2.225];[3.038, 2.471, 1.0]
33;18131.805;424.109;3256.696;61.645;191.32;1794.089;0.0;2852.0;14451.0;32756.906;6058.236;-8566.865;16.979;19;128;[1.659, 2.696, 2.355, 1.243, 2.103];[3.038, 2.324, 1.0]
34;18131.805;424.109;3256.696;61.645;191.32;1794.089;0.0;2852.0;14451.0;32756.906;6058.236;-8566.865;6.03;19;128;[1.659, 2.526, 2.355, 1.243, 2.103];[2.834, 2.324, 1.0]
35;18131.805;424.109;3256.696;61.645;191.32;1794.089;0.0;2852.0;14451.0;32756.906;6058.236;-8566.865;17.089;19;128;[1.659, 2.526, 2.355, 1.243, 2.193];[2.851, 2.324, 1.0]
36;18131.805;424.109;3256.696;61.645;191.32;1794.089;0.0;2852.0;14451.0;32756.906;6058.236;-8566.865;1.263;19;128;[1.659, 2.573, 2.355, 1.243, 2.193];[2.866, 2.324, 1.0]
37;18131.805;424.109;3256.696;61.645;191.32;1794.089;0.0;2852.0;14451.0;32756.906;6058.236;-8566.865;6.795;19;128;[1.793, 2.573, 2.355, 1.243, 2.193];[2.879, 2.324, 1.0]
38;18324.887;424.666;3271.221;57.81;188.016;1691.066;0.0;2792.0;14629.0;33147.002;5668.14;-9153.975;10.314;18;128;[1.793, 2.716, 2.355, 1.243, 2.193];[2.991, 2.324, 1.0]
39;18324.887;424.666;3271.221;57.81;188.016;1691.066;0.0;2792.0;14629.0;33147.002;5668.14;-9153.975;18.866;18;128;[1.793, 2.716, 2.355, 1.243, 2.074];[2.792, 2.324, 1.0]
40;18324.887;424.666;3271.221;57.81;188.016;1691.066;0.0;2792.0;14629.0;33147.002;5668.14;-9153.975;2.301;18;128;[1.793, 2.544, 2.355, 1.243, 2.074];[2.792, 2.192, 1.0]
41;18324.887;424.666;3271.221;57.81;188.016;1691.066;0.0;2792.0;14629.0;33147.002;5668.14;-9153.975;4.097;18;128;[1.793, 2.544, 2.355, 1.243, 1.967];[2.792, 2.192, 1.0]
42;18324.887;424.666;3271.221;57.81;188.016;1691.066;0.0;2792.0;14629.0;33147.002;5668.14;-9153.975;3.404;18;128;[1.793, 2.59, 2.355, 1.243, 1.967];[2.813, 2.192, 1.0]
43;18324.887;424.666;3271.221;57.81;188.016;1691.066;0.0;2792.0;14629.0;33147.002;5668.14;-9153.975;2.043;18;128;[1.793, 2.631, 2.355, 1.243, 1.967];[2.813, 2.273, 1.0]
44;18275.451;413.258;3233.193;54.848;178.879;1604.933;0.0;2792.0;14629.0;33147.002;5668.14;-9203.411;9.137;18;128;[1.793, 2.631, 2.519, 1.243, 1.967];[2.932, 2.273, 1.0]
45;18275.451;413.258;3233.193;54.848;178.879;1604.933;0.0;2792.0;14629.0;33147.002;5668.14;-9203.411;8.295;18;128;[1.793, 2.631, 2.519, 1.219, 1.967];[2.932, 2.146, 1.0]
46;18275.451;413.258;3233.193;54.848;178.879;1604.933;0.0;2792.0;14629.0;33147.002;5668.14;-9203.411;7.786;18;128;[1.793, 2.631, 2.367, 1.219, 1.967];[2.739, 2.146, 1.0]
47;18275.451;413.258;3233.193;54.848;178.879;1604.933;0.0;2792.0;14629.0;33147.002;5668.14;-9203.411;15.008;18;128;[1.793, 2.631, 2.367, 1.219, 2.07];[2.765, 2.146, 1.0]
48;18275.451;413.258;3233.193;54.848;178.879;1604.933;0.0;2792.0;14629.0;33147.002;5668.14;-9203.411;2.882;18;128;[1.793, 2.668, 2.367, 1.219, 2.07];[2.765, 2.231, 1.0]
49;18275.451;413.258;3233.193;54.848;178.879;1604.933;0.0;2792.0;14629.0;33147.002;5668.14;-9203.411;15.584;18;128;[1.793, 2.668, 2.367, 1.219, 1.963];[2.765, 2.108, 1.0]
629constructshop:False depot:True weather:False;19298.072;518.709;3586.363;83.399;237.567;2405.947;0.0;2730.0;15193.0;33082.886;5732.256;-8052.558;30.554;19;128;[1.0, 1.0, 1.0, 1.0, 1.0];[1.0, 1.0, 1.0]
0;19087.91;516.595;3579.316;69.722;228.641;2041.416;0.0;2433.0;14992.0;33082.886;5732.256;-8262.72;19.028;18;128;[1.0, 1.0, 1.0, 1.0, 1.3];[1.0, 1.3, 1.0]
1;19087.91;516.595;3579.316;69.722;228.641;2041.416;0.0;2433.0;14992.0;33082.886;5732.256;-8262.72;10.464;18;128;[1.0, 1.0, 1.0, 1.0, 1.3];[1.0, 1.27, 1.0]
2;19087.91;516.595;3579.316;69.722;228.641;2041.416;0.0;2433.0;14992.0;33082.886;5732.256;-8262.72;7.543;18;128;[1.0, 1.0, 1.2, 1.0, 1.3];[1.2, 1.27, 1.0]
3;19087.91;516.595;3579.316;69.722;228.641;2041.416;0.0;2433.0;14992.0;33082.886;5732.256;-8262.72;3.273;18;128;[1.0, 1.0, 1.2, 1.0, 1.3];[1.2, 1.27, 1.0]
4;19087.91;516.595;3579.316;69.722;228.641;2041.416;0.0;2433.0;14992.0;33082.886;5732.256;-8262.72;6.969;18;128;[1.0, 1.0, 1.18, 1.0, 1.3];[1.18, 1.27, 1.0]
5;19087.91;516.595;3579.316;69.722;228.641;2041.416;0.0;2433.0;14992.0;33082.886;5732.256;-8262.72;6.475;18;128;[1.0, 1.0, 1.162, 1.0, 1.3];[1.18, 1.243, 1.0]
6;19087.91;516.595;3579.316;69.722;228.641;2041.416;0.0;2433.0;14992.0;33082.886;5732.256;-8262.72;2.649;18;128;[1.0, 1.0, 1.162, 1.0, 1.3];[1.18, 1.243, 1.0]
7;19087.91;516.595;3579.316;69.722;228.641;2041.416;0.0;2433.0;14992.0;33082.886;5732.256;-8262.72;3.811;18;128;[1.0, 1.0, 1.162, 1.0, 1.3];[1.18, 1.243, 1.0]
8;19087.91;516.595;3579.316;69.722;228.641;2041.416;0.0;2433.0;14992.0;33082.886;5732.256;-8262.72;1.86;18;128;[1.0, 1.2, 1.162, 1.0, 1.3];[1.18, 1.243, 1.2]
9;19087.91;516.595;3579.316;69.722;228.641;2041.416;0.0;2433.0;14992.0;33082.886;5732.256;-8262.72;17.067;18;128;[1.0, 1.2, 1.162, 1.0, 1.27];[1.18, 1.219, 1.2]
10;19087.91;516.595;3579.316;69.722;228.641;2041.416;0.0;2433.0;14992.0;33082.886;5732.256;-8262.72;3.707;18;128;[1.0, 1.2, 1.162, 1.0, 1.243];[1.18, 1.219, 1.18]
11;19087.91;516.595;3579.316;69.722;228.641;2041.416;0.0;2433.0;14992.0;33082.886;5732.256;-8262.72;15.699;18;128;[1.0, 1.2, 1.162, 1.0, 1.219];[1.18, 1.197, 1.18]
12;19057.227;500.976;3527.252;71.932;227.104;2097.343;0.0;2472.0;15029.0;33082.886;5732.256;-8293.403;18.058;18;128;[1.0, 1.2, 1.162, 1.0, 1.497];[1.462, 1.197, 1.18]
13;19047.265;498.677;3519.588;71.932;226.209;2096.449;0.0;2472.0;15029.0;33082.886;5732.256;-8303.365;16.652;18;128;[1.0, 1.2, 1.162, 1.0, 1.747];[1.716, 1.197, 1.18]
14;19047.265;498.677;3519.588;71.932;226.209;2096.449;0.0;2472.0;15029.0;33082.886;5732.256;-8303.365;3.154;18;128;[1.0, 1.2, 1.162, 1.0, 1.672];[1.716, 1.197, 1.162]
15;19047.265;498.677;3519.588;71.932;226.209;2096.449;0.0;2472.0;15029.0;33082.886;5732.256;-8303.365;17.628;18;128;[1.0, 1.2, 1.162, 1.0, 1.605];[1.716, 1.177, 1.162]
16;18989.534;480.739;3459.796;56.97;207.016;1688.238;0.0;2492.0;15049.0;33082.886;5732.256;-8361.096;16.857;18;128;[1.0, 1.2, 1.162, 1.0, 1.845];[1.944, 1.177, 1.162]
17;18989.534;480.739;3459.796;56.97;207.016;1688.238;0.0;2492.0;15049.0;33082.886;5732.256;-8361.096;3.627;18;128;[1.0, 1.2, 1.162, 1.0, 1.761];[1.944, 1.177, 1.146]
18;18989.534;480.739;3459.796;56.97;207.016;1688.238;0.0;2492.0;15049.0;33082.886;5732.256;-8361.096;2.622;18;128;[1.0, 1.18, 1.162, 1.0, 1.761];[1.944, 1.177, 1.131]
19;18989.534;480.739;3459.796;56.97;207.016;1688.238;0.0;2492.0;15049.0;33082.886;5732.256;-8361.096;16.057;18;128;[1.0, 1.18, 1.162, 1.0, 1.685];[1.85, 1.177, 1.131]
20;18989.534;480.739;3459.796;56.97;207.016;1688.238;0.0;2492.0;15049.0;33082.886;5732.256;-8361.096;3.744;18;128;[1.0, 1.362, 1.162, 1.0, 1.685];[1.965, 1.177, 1.131]
21;18989.534;480.739;3459.796;56.97;207.016;1688.238;0.0;2492.0;15049.0;33082.886;5732.256;-8361.096;7.238;18;128;[1.0, 1.362, 1.162, 1.2, 1.685];[2.069, 1.177, 1.131]
22;18989.534;480.739;3459.796;56.97;207.016;1688.238;0.0;2492.0;15049.0;33082.886;5732.256;-8361.096;2.945;18;128;[1.0, 1.362, 1.146, 1.2, 1.685];[2.069, 1.177, 1.118]
23;18989.534;480.739;3459.796;56.97;207.016;1688.238;0.0;2492.0;15049.0;33082.886;5732.256;-8361.096;15.735;18;128;[1.0, 1.362, 1.146, 1.2, 1.617];[1.962, 1.177, 1.118]
24;18989.534;480.739;3459.796;56.97;207.016;1688.238;0.0;2492.0;15049.0;33082.886;5732.256;-8361.096;3.256;18;128;[1.0, 1.362, 1.146, 1.2, 1.555];[1.962, 1.177, 1.106]
25;18989.534;480.739;3459.796;56.97;207.016;1688.238;0.0;2492.0;15049.0;33082.886;5732.256;-8361.096;7.002;18;128;[1.0, 1.362, 1.331, 1.2, 1.555];[2.066, 1.177, 1.106]
26;18989.534;480.739;3459.796;56.97;207.016;1688.238;0.0;2492.0;15049.0;33082.886;5732.256;-8361.096;6.754;18;128;[1.0, 1.526, 1.331, 1.2, 1.555];[2.066, 1.359, 1.106]
27;18989.534;480.739;3459.796;56.97;207.016;1688.238;0.0;2492.0;15049.0;33082.886;5732.256;-8361.096;6.472;18;128;[1.0, 1.526, 1.331, 1.38, 1.555];[2.159, 1.359, 1.106]
28;18989.534;480.739;3459.796;56.97;207.016;1688.238;0.0;2492.0;15049.0;33082.886;5732.256;-8361.096;5.712;18;128;[1.0, 1.526, 1.331, 1.542, 1.555];[2.243, 1.359, 1.106]
29;18989.534;480.739;3459.796;56.97;207.016;1688.238;0.0;2492.0;15049.0;33082.886;5732.256;-8361.096;2.618;18;128;[1.0, 1.526, 1.298, 1.542, 1.555];[2.243, 1.359, 1.095]
30;18989.534;480.739;3459.796;56.97;207.016;1688.238;0.0;2492.0;15049.0;33082.886;5732.256;-8361.096;16.447;18;128;[1.0, 1.526, 1.298, 1.542, 1.5];[2.119, 1.359, 1.095]
31;18989.534;480.739;3459.796;56.97;207.016;1688.238;0.0;2492.0;15049.0;33082.886;5732.256;-8361.096;18.689;18;128;[1.0, 1.526, 1.298, 1.542, 1.45];[2.007, 1.359, 1.095]
32;18989.534;480.739;3459.796;56.97;207.016;1688.238;0.0;2492.0;15049.0;33082.886;5732.256;-8361.096;2.608;18;128;[1.0, 1.526, 1.268, 1.542, 1.45];[2.007, 1.359, 1.086]
33;18989.534;480.739;3459.796;56.97;207.016;1688.238;0.0;2492.0;15049.0;33082.886;5732.256;-8361.096;5.653;18;128;[1.0, 1.526, 1.268, 1.488, 1.45];[1.906, 1.359, 1.086]
34;18989.534;480.739;3459.796;56.97;207.016;1688.238;0.0;2492.0;15049.0;33082.886;5732.256;-8361.096;4.517;18;128;[1.0, 1.526, 1.268, 1.439, 1.45];[1.815, 1.359, 1.086]
35;18989.534;480.739;3459.796;56.97;207.016;1688.238;0.0;2492.0;15049.0;33082.886;5732.256;-8361.096;1.754;18;128;[1.0, 1.673, 1.268, 1.439, 1.45];[1.815, 1.359, 1.277]
36;18989.534;480.739;3459.796;56.97;207.016;1688.238;0.0;2492.0;15049.0;33082.886;5732.256;-8361.096;5.536;18;128;[1.0, 1.673, 1.268, 1.595, 1.45];[1.933, 1.359, 1.277]
37;18989.534;480.739;3459.796;56.97;207.016;1688.238;0.0;2492.0;15049.0;33082.886;5732.256;-8361.096;5.159;18;128;[1.0, 1.673, 1.268, 1.736, 1.45];[2.04, 1.359, 1.277]
38;18989.534;480.739;3459.796;56.97;207.016;1688.238;0.0;2492.0;15049.0;33082.886;5732.256;-8361.096;3.609;18;128;[1.0, 1.673, 1.268, 1.736, 1.405];[2.04, 1.359, 1.249]
39;18989.534;480.739;3459.796;56.97;207.016;1688.238;0.0;2492.0;15049.0;33082.886;5732.256;-8361.096;17.807;18;128;[1.0, 1.673, 1.268, 1.736, 1.565];[2.136, 1.359, 1.249]
40;18989.534;480.739;3459.796;56.97;207.016;1688.238;0.0;2492.0;15049.0;33082.886;5732.256;-8361.096;19.126;18;128;[1.0, 1.673, 1.268, 1.736, 1.509];[2.136, 1.323, 1.249]
41;18989.534;480.739;3459.796;56.97;207.016;1688.238;0.0;2492.0;15049.0;33082.886;5732.256;-8361.096;17.13;18;128;[1.0, 1.673, 1.268, 1.736, 1.658];[2.222, 1.323, 1.249]
42;18989.534;480.739;3459.796;56.97;207.016;1688.238;0.0;2492.0;15049.0;33082.886;5732.256;-8361.096;5.911;18;128;[1.0, 1.673, 1.268, 1.662, 1.658];[2.1, 1.323, 1.249]
43;18989.534;480.739;3459.796;56.97;207.016;1688.238;0.0;2492.0;15049.0;33082.886;5732.256;-8361.096;21.174;18;128;[1.0, 1.673, 1.268, 1.662, 1.792];[2.1, 1.491, 1.249]
44;18989.534;480.739;3459.796;56.97;207.016;1688.238;0.0;2492.0;15049.0;33082.886;5732.256;-8361.096;2.705;18;128;[1.0, 1.806, 1.268, 1.662, 1.792];[2.1, 1.491, 1.424]
45;18989.534;480.739;3459.796;56.97;207.016;1688.238;0.0;2492.0;15049.0;33082.886;5732.256;-8361.096;2.153;18;128;[1.0, 1.725, 1.268, 1.662, 1.792];[2.1, 1.442, 1.424]
46;18989.534;480.739;3459.796;56.97;207.016;1688.238;0.0;2492.0;15049.0;33082.886;5732.256;-8361.096;7.738;18;128;[1.2, 1.725, 1.268, 1.662, 1.792];[2.19, 1.442, 1.424]
47;18333.532;470.661;3411.871;83.728;222.103;2399.022;0.0;2196.0;14451.0;32756.906;6058.236;-8365.138;6.833;19;128;[1.2, 1.725, 1.541, 1.662, 1.792];[2.371, 1.442, 1.424]
48;18333.532;470.661;3411.871;83.728;222.103;2399.022;0.0;2196.0;14451.0;32756.906;6058.236;-8365.138;19.818;19;128;[1.2, 1.725, 1.541, 1.662, 1.713];[2.371, 1.398, 1.424]
49;18521.676;483.925;3468.751;80.712;227.568;2326.072;0.0;2196.0;14569.0;33075.002;5740.14;-8813.186;1.519;18;128;[1.2, 1.953, 1.541, 1.662, 1.713];[2.371, 1.398, 1.682]
630constructshop:False depot:True weather:False;19508.435;505.947;3523.488;69.137;228.813;2026.362;0.0;3382.0;15479.0;32566.478;6248.664;-6809.379;29.986;19;128;[1.0, 1.0, 1.0, 1.0, 1.0];[1.0, 1.0, 1.0]
0;19508.435;505.947;3523.488;69.137;228.813;2026.362;0.0;3382.0;15479.0;32566.478;6248.664;-6809.379;11.085;19;128;[1.0, 1.0, 1.0, 1.0, 1.0];[1.0, 1.0, 1.0]
1;19508.435;505.947;3523.488;69.137;228.813;2026.362;0.0;3382.0;15479.0;32566.478;6248.664;-6809.379;3.595;19;128;[1.0, 1.0, 1.0, 1.0, 1.0];[1.0, 1.0, 1.0]
2;19563.875;512.74;3552.135;68.181;226.663;1999.371;0.0;3363.0;15499.0;32756.906;6058.236;-7134.795;43.632;19;128;[1.0, 1.0, 1.0, 1.0, 1.3];[1.3, 1.0, 1.0]
3;19506.677;531.848;3615.828;78.452;240.659;2280.409;0.0;3224.0;15359.0;32756.906;6058.236;-7191.993;31.428;19;128;[1.0, 1.0, 1.0, 1.0, 1.57];[1.3, 1.3, 1.0]
4;19252.245;523.903;3589.342;71.771;233.281;2099.327;0.0;3006.0;15139.0;32756.906;6058.236;-7446.425;2.826;19;128;[1.0, 1.0, 1.3, 1.0, 1.57];[1.3, 1.3, 1.3]
5;19252.245;523.903;3589.342;71.771;233.281;2099.327;0.0;3006.0;15139.0;32756.906;6058.236;-7446.425;9.117;19;128;[1.0, 1.0, 1.27, 1.0, 1.57];[1.3, 1.27, 1.3]
6;19104.945;517.833;3569.112;74.768;230.614;2174.582;0.0;2850.0;15018.0;32756.906;6058.236;-7593.725;10.376;19;128;[1.3, 1.0, 1.27, 1.0, 1.57];[1.3, 1.543, 1.3]
7;19104.945;517.833;3569.112;74.768;230.614;2174.582;0.0;2850.0;15018.0;32756.906;6058.236;-7593.725;3.699;19;128;[1.3, 1.0, 1.27, 1.0, 1.57];[1.3, 1.543, 1.27]
8;19104.945;517.833;3569.112;74.768;230.614;2174.582;0.0;2850.0;15018.0;32756.906;6058.236;-7593.725;2.864;19;128;[1.3, 1.0, 1.243, 1.0, 1.57];[1.3, 1.543, 1.243]
9;19055.189;520.197;3576.992;68.933;231.678;2023.936;0.0;2791.0;14958.0;32756.906;6058.236;-7643.481;27.357;19;128;[1.3, 1.0, 1.243, 1.0, 1.813];[1.3, 1.789, 1.243]
10;19055.189;520.197;3576.992;68.933;231.678;2023.936;0.0;2791.0;14958.0;32756.906;6058.236;-7643.481;3.999;19;128;[1.27, 1.0, 1.243, 1.0, 1.813];[1.3, 1.789, 1.219]
11;19055.189;520.197;3576.992;68.933;231.678;2023.936;0.0;2791.0;14958.0;32756.906;6058.236;-7643.481;10.515;19;128;[1.443, 1.0, 1.243, 1.0, 1.813];[1.3, 1.91, 1.219]
12;19007.118;508.873;3539.244;68.463;227.428;2007.453;0.0;2910.0;14959.0;32756.906;6058.236;-7691.552;8.045;19;128;[1.443, 1.0, 1.519, 1.0, 1.813];[1.3, 2.119, 1.219]
13;19007.118;508.873;3539.244;68.463;227.428;2007.453;0.0;2910.0;14959.0;32756.906;6058.236;-7691.552;8.685;19;128;[1.443, 1.0, 1.467, 1.0, 1.813];[1.27, 2.119, 1.219]
14;18958.227;493.668;3488.559;75.126;227.007;2180.271;0.0;2791.0;14976.0;32756.906;6058.236;-7740.443;4.067;19;128;[1.443, 1.3, 1.467, 1.0, 1.813];[1.543, 2.119, 1.219]
15;18890.124;496.413;3497.711;75.878;228.472;2201.298;0.0;2654.0;14896.0;32756.906;6058.236;-7808.546;19.443;19;128;[1.443, 1.3, 1.467, 1.0, 2.032];[1.543, 2.307, 1.219]
16;18861.228;490.207;3477.022;77.07;228.442;2232.251;0.0;2654.0;14894.0;32756.906;6058.236;-7837.442;7.176;19;128;[1.443, 1.57, 1.467, 1.0, 2.032];[1.789, 2.307, 1.219]
17;18861.228;490.207;3477.022;77.07;228.442;2232.251;0.0;2654.0;14894.0;32756.906;6058.236;-7837.442;2.672;19;128;[1.443, 1.513, 1.467, 1.0, 2.032];[1.71, 2.307, 1.219]
18;18861.228;490.207;3477.022;77.07;228.442;2232.251;0.0;2654.0;14894.0;32756.906;6058.236;-7837.442;4.809;19;128;[1.443, 1.513, 1.467, 1.2, 2.032];[1.839, 2.307, 1.219]
19;18861.228;490.207;3477.022;77.07;228.442;2232.251;0.0;2654.0;14894.0;32756.906;6058.236;-7837.442;4.073;19;128;[1.443, 1.513, 1.467, 1.38, 2.032];[1.955, 2.307, 1.219]
20;18861.228;490.207;3477.022;77.07;228.442;2232.251;0.0;2654.0;14894.0;32756.906;6058.236;-7837.442;6.325;19;128;[1.399, 1.513, 1.467, 1.38, 2.032];[1.955, 2.176, 1.219]
21;18861.228;490.207;3477.022;77.07;228.442;2232.251;0.0;2654.0;14894.0;32756.906;6058.236;-7837.442;15.67;19;128;[1.399, 1.513, 1.467, 1.38, 1.929];[1.955, 2.058, 1.219]
22;18861.228;490.207;3477.022;77.07;228.442;2232.251;0.0;2654.0;14894.0;32756.906;6058.236;-7837.442;3.664;19;128;[1.399, 1.513, 1.467, 1.342, 1.929];[1.86, 2.058, 1.219]
23;18861.228;490.207;3477.022;77.07;228.442;2232.251;0.0;2654.0;14894.0;32756.906;6058.236;-7837.442;14.26;19;128;[1.399, 1.513, 1.467, 1.342, 2.036];[1.974, 2.058, 1.219]
24;18861.228;490.207;3477.022;77.07;228.442;2232.251;0.0;2654.0;14894.0;32756.906;6058.236;-7837.442;5.896;19;128;[1.359, 1.513, 1.467, 1.342, 2.036];[1.877, 2.058, 1.219]
25;18861.228;490.207;3477.022;77.07;228.442;2232.251;0.0;2654.0;14894.0;32756.906;6058.236;-7837.442;6.193;19;128;[1.359, 1.513, 1.42, 1.342, 2.036];[1.789, 2.058, 1.219]
26;18861.228;490.207;3477.022;77.07;228.442;2232.251;0.0;2654.0;14894.0;32756.906;6058.236;-7837.442;13.715;19;128;[1.359, 1.513, 1.42, 1.342, 1.932];[1.71, 2.058, 1.219]
27;18861.228;490.207;3477.022;77.07;228.442;2232.251;0.0;2654.0;14894.0;32756.906;6058.236;-7837.442;6.471;19;128;[1.359, 1.513, 1.578, 1.342, 1.932];[1.71, 2.152, 1.219]
28;18861.228;490.207;3477.022;77.07;228.442;2232.251;0.0;2654.0;14894.0;32756.906;6058.236;-7837.442;2.908;19;128;[1.359, 1.662, 1.578, 1.342, 1.932];[1.839, 2.152, 1.219]
29;18799.025;499.852;3509.173;75.932;233.851;2208.07;0.0;3109.0;14790.0;32756.906;6058.236;-7899.645;5.591;19;128;[1.623, 1.662, 1.578, 1.342, 1.932];[2.055, 2.152, 1.219]
30;18712.297;479.838;3442.459;72.978;225.602;2123.025;0.0;3109.0;14790.0;32756.906;6058.236;-7986.373;6.169;19;128;[1.623, 1.662, 1.82, 1.342, 1.932];[2.055, 2.337, 1.219]
31;18692.268;475.216;3427.052;74.87;225.574;2172.203;0.0;3109.0;14790.0;32756.906;6058.236;-8006.402;4.991;19;128;[1.623, 1.662, 1.82, 1.608, 1.932];[2.055, 2.503, 1.219]
32;18561.464;463.261;3387.203;71.039;217.159;2064.172;0.0;3129.0;14711.0;32756.906;6058.236;-8137.206;5.603;19;128;[1.623, 1.662, 2.038, 1.608, 1.932];[2.055, 2.653, 1.219]
33;18553.989;461.536;3381.453;72.386;218.678;2100.726;0.0;3129.0;14711.0;32756.906;6058.236;-8144.681;5.563;19;128;[1.861, 1.662, 2.038, 1.608, 1.932];[2.25, 2.653, 1.219]
34;18553.989;461.536;3381.453;72.386;218.678;2100.726;0.0;3129.0;14711.0;32756.906;6058.236;-8144.681;6.442;19;128;[1.775, 1.662, 2.038, 1.608, 1.932];[2.25, 2.488, 1.219]
35;18526.757;455.252;3360.506;81.422;218.888;2335.866;0.0;3129.0;14711.0;32756.906;6058.236;-8171.913;5.88;19;128;[1.998, 1.662, 2.038, 1.608, 1.932];[2.425, 2.488, 1.219]
36;18526.757;455.252;3360.506;81.422;218.888;2335.866;0.0;3129.0;14711.0;32756.906;6058.236;-8171.913;3.581;19;128;[1.998, 1.662, 2.038, 1.608, 1.839];[2.425, 2.488, 1.197]
37;18526.757;455.252;3360.506;81.422;218.888;2335.866;0.0;3129.0;14711.0;32756.906;6058.236;-8171.913;2.012;19;128;[1.998, 1.662, 2.038, 1.547, 1.839];[2.425, 2.488, 1.177]
38;18525.67;455.001;3359.669;80.898;219.81;2323.169;0.0;3129.0;14711.0;32756.906;6058.236;-8173.0;4.495;19;128;[1.998, 1.662, 2.038, 1.792, 1.839];[2.583, 2.488, 1.177]
39;18361.865;449.507;3341.358;84.056;216.659;2402.123;0.0;2990.0;14571.0;32756.906;6058.236;-8336.805;6.586;19;128;[2.198, 1.662, 2.038, 1.792, 1.839];[2.725, 2.488, 1.177]
40;18361.865;449.507;3341.358;84.056;216.659;2402.123;0.0;2990.0;14571.0;32756.906;6058.236;-8336.805;3.418;19;128;[2.198, 1.662, 2.038, 1.792, 1.755];[2.725, 2.488, 1.159]
41;18340.84;444.655;3325.184;75.096;208.713;2161.203;0.0;2990.0;14571.0;32756.906;6058.236;-8357.83;7.414;19;128;[2.198, 1.662, 2.234, 1.792, 1.755];[2.853, 2.488, 1.159]
42;18330.295;442.222;3317.073;70.259;204.49;2031.235;0.0;2990.0;14571.0;32756.906;6058.236;-8368.375;6.406;19;128;[2.378, 1.662, 2.234, 1.792, 1.755];[2.968, 2.488, 1.159]
43;18330.295;442.222;3317.073;70.259;204.49;2031.235;0.0;2990.0;14571.0;32756.906;6058.236;-8368.375;5.927;19;128;[2.24, 1.662, 2.234, 1.792, 1.755];[2.771, 2.488, 1.159]
44;18330.295;442.222;3317.073;70.259;204.49;2031.235;0.0;2990.0;14571.0;32756.906;6058.236;-8368.375;2.896;19;128;[2.24, 1.662, 2.234, 1.792, 1.679];[2.771, 2.488, 1.143]
45;18330.295;442.222;3317.073;70.259;204.49;2031.235;0.0;2990.0;14571.0;32756.906;6058.236;-8368.375;5.437;19;128;[2.116, 1.662, 2.234, 1.792, 1.679];[2.594, 2.488, 1.143]
46;18330.295;442.222;3317.073;70.259;204.49;2031.235;0.0;2990.0;14571.0;32756.906;6058.236;-8368.375;3.166;19;128;[2.116, 1.662, 2.234, 1.792, 1.611];[2.594, 2.488, 1.129]
47;18261.868;449.508;3341.36;64.782;202.977;1887.31;0.0;2891.0;14471.0;32756.906;6058.236;-8436.802;6.196;19;128;[2.304, 1.662, 2.234, 1.792, 1.611];[2.735, 2.488, 1.129]
48;18252.112;447.257;3333.856;62.967;202.757;1839.909;0.0;2891.0;14471.0;32756.906;6058.236;-8446.558;5.207;19;128;[2.304, 1.662, 2.234, 2.013, 1.611];[2.735, 2.639, 1.129]
49;18252.112;447.257;3333.856;62.967;202.757;1839.909;0.0;2891.0;14471.0;32756.906;6058.236;-8446.558;6.642;19;128;[2.174, 1.662, 2.234, 2.013, 1.611];[2.735, 2.475, 1.129]
