iteration;totalMonetaryCost;totalPathCost;totalTimeCost;totalWeatherExtraTime;totalWeatherSafetyRiskKm;totalWeatherCost;totalShopCost;totalDepotCost;totalResourceCost;totalIncome;forgottenTaskCost;weight;time;unassigned_tasks;total_tasks;destroy;repair
constructshop:True depot:False weather:True;22105.649;554.301;3690.669;83.858;263.372;2443.679;3748.8;0.0;15417.0;32756.906;6058.236;-4593.021;202.437;19;128;[1.0, 1.0, 1.0, 1.0, 1.0];[1.0, 1.0, 1.0]
0;22105.649;554.301;3690.669;83.858;263.372;2443.679;3748.8;0.0;15417.0;32756.906;6058.236;-4593.021;179.656;19;128;[1.0, 1.0, 1.0, 1.0, 1.0];[1.0, 1.0, 1.0]
1;21788.256;524.883;3592.61;82.585;246.542;2393.763;3583.2;0.0;15277.0;32756.906;6058.236;-4910.414;145.664;19;128;[1.0, 1.0, 1.3, 1.0, 1.0];[1.3, 1.0, 1.0]
2;20868.234;513.85;3555.833;65.747;232.128;1941.552;3655.2;0.0;14857.0;32756.906;6058.236;-5830.436;212.261;19;128;[1.0, 1.0, 1.3, 1.0, 1.3];[1.57, 1.0, 1.0]
3;20615.202;504.657;3525.191;60.988;223.658;1809.354;3465.6;0.0;14776.0;32756.906;6058.236;-6083.468;97.769;19;128;[1.0, 1.0, 1.3, 1.3, 1.3];[1.57, 1.3, 1.0]
4;20599.754;501.367;3514.224;60.988;222.467;1808.162;3465.6;0.0;14776.0;32756.906;6058.236;-6098.916;19.185;19;128;[1.0, 1.3, 1.3, 1.3, 1.3];[1.57, 1.3, 1.3]
5;20599.754;501.367;3514.224;60.988;222.467;1808.162;3465.6;0.0;14776.0;32756.906;6058.236;-6098.916;18.724;19;128;[1.0, 1.27, 1.3, 1.3, 1.3];[1.57, 1.3, 1.27]
6;20599.754;501.367;3514.224;60.988;222.467;1808.162;3465.6;0.0;14776.0;32756.906;6058.236;-6098.916;93.506;19;128;[1.0, 1.27, 1.3, 1.3, 1.27];[1.57, 1.27, 1.27]
7;20599.754;501.367;3514.224;60.988;222.467;1808.162;3465.6;0.0;14776.0;32756.906;6058.236;-6098.916;65.919;19;128;[1.0, 1.27, 1.47, 1.3, 1.27];[1.713, 1.27, 1.27]
8;20599.754;501.367;3514.224;60.988;222.467;1808.162;3465.6;0.0;14776.0;32756.906;6058.236;-6098.916;64.924;19;128;[1.0, 1.443, 1.47, 1.3, 1.27];[1.713, 1.443, 1.27]
9;20599.754;501.367;3514.224;60.988;222.467;1808.162;3465.6;0.0;14776.0;32756.906;6058.236;-6098.916;82.873;19;128;[1.2, 1.443, 1.47, 1.3, 1.27];[1.713, 1.599, 1.27]
10;20599.754;501.367;3514.224;60.988;222.467;1808.162;3465.6;0.0;14776.0;32756.906;6058.236;-6098.916;18.72;19;128;[1.2, 1.443, 1.47, 1.27, 1.27];[1.713, 1.599, 1.243]
11;20599.754;501.367;3514.224;60.988;222.467;1808.162;3465.6;0.0;14776.0;32756.906;6058.236;-6098.916;53.931;19;128;[1.2, 1.443, 1.47, 1.27, 1.243];[1.642, 1.599, 1.243]
12;20599.754;501.367;3514.224;60.988;222.467;1808.162;3465.6;0.0;14776.0;32756.906;6058.236;-6098.916;9.424;19;128;[1.2, 1.443, 1.47, 1.243, 1.243];[1.642, 1.599, 1.219]
13;20599.754;501.367;3514.224;60.988;222.467;1808.162;3465.6;0.0;14776.0;32756.906;6058.236;-6098.916;20.32;19;128;[1.18, 1.443, 1.47, 1.243, 1.243];[1.642, 1.599, 1.197]
14;20599.754;501.367;3514.224;60.988;222.467;1808.162;3465.6;0.0;14776.0;32756.906;6058.236;-6098.916;40.205;19;128;[1.18, 1.443, 1.47, 1.243, 1.219];[1.642, 1.539, 1.197]
15;20599.754;501.367;3514.224;60.988;222.467;1808.162;3465.6;0.0;14776.0;32756.906;6058.236;-6098.916;28.064;19;128;[1.18, 1.443, 1.423, 1.243, 1.219];[1.578, 1.539, 1.197]
16;20599.754;501.367;3514.224;60.988;222.467;1808.162;3465.6;0.0;14776.0;32756.906;6058.236;-6098.916;44.869;19;128;[1.18, 1.443, 1.581, 1.243, 1.219];[1.72, 1.539, 1.197]
17;20599.754;501.367;3514.224;60.988;222.467;1808.162;3465.6;0.0;14776.0;32756.906;6058.236;-6098.916;46.863;19;128;[1.18, 1.443, 1.581, 1.243, 1.197];[1.72, 1.485, 1.197]
18;20459.293;501.345;3514.151;55.031;216.98;1647.797;3441.6;0.0;14796.0;32756.906;6058.236;-6239.377;10.861;19;128;[1.18, 1.699, 1.581, 1.243, 1.197];[1.72, 1.485, 1.477]
19;20459.293;501.345;3514.151;55.031;216.98;1647.797;3441.6;0.0;14796.0;32756.906;6058.236;-6239.377;5.326;19;128;[1.18, 1.829, 1.581, 1.243, 1.197];[1.848, 1.485, 1.477]
20;20459.293;501.345;3514.151;55.031;216.98;1647.797;3441.6;0.0;14796.0;32756.906;6058.236;-6239.377;45.345;19;128;[1.18, 1.829, 1.581, 1.243, 1.177];[1.763, 1.485, 1.477]
21;20356.62;498.263;3503.878;54.763;214.64;1638.479;3514.8;0.0;14716.0;32756.906;6058.236;-6342.05;59.789;19;128;[1.462, 1.829, 1.581, 1.243, 1.177];[1.987, 1.485, 1.477]
22;20183.111;487.831;3469.104;50.031;209.37;1510.176;3514.8;0.0;14716.0;32756.906;6058.236;-6515.559;37.999;19;128;[1.462, 1.829, 1.823, 1.243, 1.177];[2.188, 1.485, 1.477]
23;20146.677;482.692;3451.973;49.611;206.131;1496.013;3514.8;0.0;14716.0;32756.906;6058.236;-6551.993;26.956;19;128;[1.462, 2.046, 1.823, 1.243, 1.177];[2.188, 1.736, 1.477]
24;20131.181;480.13;3443.434;49.611;204.735;1494.616;3514.8;0.0;14713.0;32756.906;6058.236;-6567.489;75.648;19;128;[1.462, 2.241, 1.823, 1.243, 1.177];[2.369, 1.736, 1.477]
25;20131.181;480.13;3443.434;49.611;204.735;1494.616;3514.8;0.0;14713.0;32756.906;6058.236;-6567.489;55.424;19;128;[1.416, 2.241, 1.823, 1.243, 1.177];[2.232, 1.736, 1.477]
26;20131.181;480.13;3443.434;49.611;204.735;1494.616;3514.8;0.0;14713.0;32756.906;6058.236;-6567.489;27.161;19;128;[1.416, 2.117, 1.823, 1.243, 1.177];[2.232, 1.736, 1.429]
27;20131.181;480.13;3443.434;49.611;204.735;1494.616;3514.8;0.0;14713.0;32756.906;6058.236;-6567.489;35.164;19;128;[1.416, 2.117, 1.823, 1.219, 1.177];[2.232, 1.662, 1.429]
28;20131.181;480.13;3443.434;49.611;204.735;1494.616;3514.8;0.0;14713.0;32756.906;6058.236;-6567.489;46.593;19;128;[1.416, 2.117, 1.941, 1.219, 1.177];[2.309, 1.662, 1.429]
29;20131.181;480.13;3443.434;49.611;204.735;1494.616;3514.8;0.0;14713.0;32756.906;6058.236;-6567.489;77.262;19;128;[1.416, 2.205, 1.941, 1.219, 1.177];[2.309, 1.796, 1.429]
30;20131.181;480.13;3443.434;49.611;204.735;1494.616;3514.8;0.0;14713.0;32756.906;6058.236;-6567.489;45.735;19;128;[1.416, 2.285, 1.941, 1.219, 1.177];[2.378, 1.796, 1.429]
31;20131.181;480.13;3443.434;49.611;204.735;1494.616;3514.8;0.0;14713.0;32756.906;6058.236;-6567.489;26.609;19;128;[1.416, 2.285, 2.047, 1.219, 1.177];[2.44, 1.796, 1.429]
32;20131.181;480.13;3443.434;49.611;204.735;1494.616;3514.8;0.0;14713.0;32756.906;6058.236;-6567.489;23.156;19;128;[1.416, 2.285, 2.047, 1.219, 1.159];[2.44, 1.796, 1.386]
33;20131.181;480.13;3443.434;49.611;204.735;1494.616;3514.8;0.0;14713.0;32756.906;6058.236;-6567.489;21.955;19;128;[1.416, 2.285, 2.047, 1.219, 1.343];[2.44, 1.796, 1.547]
34;20131.181;480.13;3443.434;49.611;204.735;1494.616;3514.8;0.0;14713.0;32756.906;6058.236;-6567.489;76.097;19;128;[1.574, 2.285, 2.047, 1.219, 1.343];[2.44, 1.916, 1.547]
35;20131.181;480.13;3443.434;49.611;204.735;1494.616;3514.8;0.0;14713.0;32756.906;6058.236;-6567.489;33.454;18;128;[1.574, 2.357, 2.047, 1.219, 1.343];[2.496, 1.916, 1.547]
36;20131.181;480.13;3443.434;49.611;204.735;1494.616;3514.8;0.0;14713.0;32756.906;6058.236;-6567.489;23.258;18;128;[1.574, 2.221, 2.047, 1.219, 1.343];[2.346, 1.916, 1.547]
37;20599.735;493.4;3500.335;66.642;223.315;1955.999;3324.0;0.0;14650.0;33147.002;5668.14;-6879.127;42.719;18;128;[1.574, 2.221, 2.242, 1.219, 1.343];[2.511, 1.916, 1.547]
38;20339.774;480.791;3458.303;59.15;213.786;1751.68;3324.0;0.0;14649.0;33147.002;5668.14;-7139.088;32.256;18;128;[1.574, 2.221, 2.418, 1.219, 1.343];[2.66, 1.916, 1.547]
39;20339.774;480.791;3458.303;59.15;213.786;1751.68;3324.0;0.0;14649.0;33147.002;5668.14;-7139.088;77.886;18;128;[1.574, 2.099, 2.418, 1.219, 1.343];[2.66, 1.824, 1.547]
40;20108.403;487.704;3481.345;51.583;209.198;1550.355;3252.0;0.0;14589.0;33147.002;5668.14;-7370.459;12.558;18;128;[1.817, 2.099, 2.418, 1.219, 1.343];[2.66, 1.824, 1.792]
41;20108.403;487.704;3481.345;51.583;209.198;1550.355;3252.0;0.0;14589.0;33147.002;5668.14;-7370.459;44.991;18;128;[1.817, 2.099, 2.418, 1.197, 1.343];[2.66, 1.742, 1.792]
42;20108.403;487.704;3481.345;51.583;209.198;1550.355;3252.0;0.0;14589.0;33147.002;5668.14;-7370.459;9.458;18;128;[1.817, 1.989, 2.418, 1.197, 1.343];[2.66, 1.742, 1.713]
43;20108.403;487.704;3481.345;51.583;209.198;1550.355;3252.0;0.0;14589.0;33147.002;5668.14;-7370.459;6.917;18;128;[1.817, 1.989, 2.276, 1.197, 1.343];[2.66, 1.742, 1.642]
44;20108.403;487.704;3481.345;51.583;209.198;1550.355;3252.0;0.0;14589.0;33147.002;5668.14;-7370.459;9.506;18;128;[1.817, 1.89, 2.276, 1.197, 1.343];[2.66, 1.742, 1.578]
45;20108.403;487.704;3481.345;51.583;209.198;1550.355;3252.0;0.0;14589.0;33147.002;5668.14;-7370.459;13.947;18;128;[1.817, 1.89, 2.276, 1.197, 1.309];[2.66, 1.742, 1.52]
46;20024.378;481.417;3460.391;49.532;204.738;1492.57;3253.2;0.0;14590.0;33147.002;5668.14;-7454.484;73.341;18;128;[1.817, 1.89, 2.276, 1.197, 1.578];[2.794, 1.742, 1.52]
47;19974.066;485.647;3474.49;46.177;203.318;1403.929;3277.2;0.0;14610.0;33147.002;5668.14;-7504.796;43.268;18;128;[2.035, 1.89, 2.276, 1.197, 1.578];[2.915, 1.742, 1.52]
48;19974.066;485.647;3474.49;46.177;203.318;1403.929;3277.2;0.0;14610.0;33147.002;5668.14;-7504.796;35.12;18;128;[2.035, 1.89, 2.276, 1.177, 1.578];[2.724, 1.742, 1.52]
49;19974.066;485.647;3474.49;46.177;203.318;1403.929;3277.2;0.0;14610.0;33147.002;5668.14;-7504.796;51.614;18;128;[1.932, 1.89, 2.276, 1.177, 1.578];[2.552, 1.742, 1.52]
602constructshop:True depot:False weather:True;22189.374;535.442;3642.139;83.54;244.741;2416.793;3871.2;0.0;15595.0;33082.886;5732.256;-5161.256;255.257;19;128;[1.0, 1.0, 1.0, 1.0, 1.0];[1.0, 1.0, 1.0]
0;22095.159;510.16;3557.866;84.457;236.242;2432.133;4014.0;0.0;15595.0;33082.886;5732.256;-5255.471;63.846;18;128;[1.0, 1.3, 1.0, 1.0, 1.0];[1.0, 1.0, 1.3]
1;22095.159;510.16;3557.866;84.457;236.242;2432.133;4014.0;0.0;15595.0;33082.886;5732.256;-5255.471;25.145;18;128;[1.0, 1.3, 1.0, 1.0, 1.0];[1.0, 1.0, 1.27]
2;22095.159;510.16;3557.866;84.457;236.242;2432.133;4014.0;0.0;15595.0;33082.886;5732.256;-5255.471;158.513;18;128;[1.0, 1.3, 1.0, 1.2, 1.0];[1.0, 1.2, 1.27]
3;21237.605;511.968;3549.56;72.573;233.192;2120.077;3682.8;0.0;15056.0;32756.906;6058.236;-5461.065;34.109;19;128;[1.0, 1.57, 1.0, 1.2, 1.0];[1.0, 1.2, 1.543]
4;20983.094;510.605;3545.017;69.319;228.186;2030.472;3469.2;0.0;14897.0;32756.906;6058.236;-5715.576;36.618;19;128;[1.3, 1.57, 1.0, 1.2, 1.0];[1.0, 1.2, 1.789]
5;20870.627;515.583;3561.608;67.915;229.643;1995.436;4135.2;0.0;14798.0;32756.906;6058.236;-5828.043;34.884;19;128;[1.3, 1.813, 1.0, 1.2, 1.0];[1.0, 1.2, 2.01]
6;20870.627;515.583;3561.608;67.915;229.643;1995.436;4135.2;0.0;14798.0;32756.906;6058.236;-5828.043;26.175;19;128;[1.3, 1.732, 1.0, 1.2, 1.0];[1.0, 1.18, 2.01]
7;20870.627;515.583;3561.608;67.915;229.643;1995.436;4135.2;0.0;14798.0;32756.906;6058.236;-5828.043;52.936;19;128;[1.3, 1.732, 1.0, 1.38, 1.0];[1.2, 1.18, 2.01]
8;20870.627;515.583;3561.608;67.915;229.643;1995.436;4135.2;0.0;14798.0;32756.906;6058.236;-5828.043;11.917;19;128;[1.3, 1.859, 1.0, 1.38, 1.0];[1.2, 1.18, 2.109]
9;20870.627;515.583;3561.608;67.915;229.643;1995.436;4135.2;0.0;14798.0;32756.906;6058.236;-5828.043;307.955;19;128;[1.3, 1.859, 1.0, 1.38, 1.0];[1.2, 1.162, 2.109]
10;20870.627;515.583;3561.608;67.915;229.643;1995.436;4135.2;0.0;14798.0;32756.906;6058.236;-5828.043;14.447;19;128;[1.27, 1.859, 1.0, 1.38, 1.0];[1.2, 1.162, 1.998]
11;20840.874;527.95;3602.834;60.86;229.737;1812.089;3657.6;0.0;14898.0;32756.906;6058.236;-5857.796;7.107;19;128;[1.27, 1.859, 1.0, 1.642, 1.0];[1.2, 1.162, 2.198]
12;20840.874;527.95;3602.834;60.86;229.737;1812.089;3657.6;0.0;14898.0;32756.906;6058.236;-5857.796;25.941;19;128;[1.243, 1.859, 1.0, 1.642, 1.0];[1.2, 1.162, 2.078]
13;20840.874;527.95;3602.834;60.86;229.737;1812.089;3657.6;0.0;14898.0;32756.906;6058.236;-5857.796;13.14;19;128;[1.243, 1.859, 1.0, 1.578, 1.0];[1.2, 1.162, 1.97]
14;20840.874;527.95;3602.834;60.86;229.737;1812.089;3657.6;0.0;14898.0;32756.906;6058.236;-5857.796;72.02;19;128;[1.243, 1.773, 1.0, 1.578, 1.0];[1.18, 1.162, 1.97]
15;21486.521;533.473;3633.911;73.078;243.113;2143.137;3993.6;0.0;15176.0;33147.002;5668.14;-5992.341;15.1;18;128;[1.519, 1.773, 1.0, 1.578, 1.0];[1.18, 1.162, 2.173]
16;21443.892;534.423;3637.076;71.37;240.776;2096.393;3993.6;0.0;15176.0;33147.002;5668.14;-6034.97;8.785;18;128;[1.519, 1.996, 1.0, 1.578, 1.0];[1.18, 1.162, 2.356]
17;21382.109;530.233;3623.11;69.8;237.956;2052.766;3993.6;0.0;15176.0;33147.002;5668.14;-6096.753;6.583;18;128;[1.519, 2.196, 1.0, 1.578, 1.0];[1.18, 1.162, 2.52]
18;21144.438;537.848;3648.494;62.445;238.517;1862.095;3588.0;0.0;15096.0;33147.002;5668.14;-6334.424;16.736;18;128;[1.519, 2.196, 1.0, 1.82, 1.0];[1.18, 1.162, 2.668]
19;21126.067;534.15;3636.166;58.651;236.819;1761.752;3660.0;0.0;15194.0;33147.002;5668.14;-6352.795;12.134;18;128;[1.519, 2.196, 1.0, 2.038, 1.0];[1.18, 1.162, 2.801]
20;21098.386;530.172;3622.907;58.438;231.913;1751.308;3660.0;0.0;15194.0;33147.002;5668.14;-6380.476;5.441;18;128;[1.519, 2.376, 1.0, 2.038, 1.0];[1.18, 1.162, 2.921]
21;21098.386;530.172;3622.907;58.438;231.913;1751.308;3660.0;0.0;15194.0;33147.002;5668.14;-6380.476;18.798;18;128;[1.467, 2.376, 1.0, 2.038, 1.0];[1.18, 1.162, 2.729]
22;21098.386;530.172;3622.907;58.438;231.913;1751.308;3660.0;0.0;15194.0;33147.002;5668.14;-6380.476;22.435;18;128;[1.467, 2.376, 1.2, 2.038, 1.0];[1.18, 1.162, 2.756]
23;21098.386;530.172;3622.907;58.438;231.913;1751.308;3660.0;0.0;15194.0;33147.002;5668.14;-6380.476;11.284;18;128;[1.467, 2.238, 1.2, 2.038, 1.0];[1.18, 1.162, 2.58]
24;21098.386;530.172;3622.907;58.438;231.913;1751.308;3660.0;0.0;15194.0;33147.002;5668.14;-6380.476;96.263;18;128;[1.467, 2.238, 1.18, 2.038, 1.0];[1.162, 1.162, 2.58]
25;21098.386;530.172;3622.907;58.438;231.913;1751.308;3660.0;0.0;15194.0;33147.002;5668.14;-6380.476;20.66;18;128;[1.467, 2.114, 1.18, 2.038, 1.0];[1.162, 1.162, 2.422]
26;21098.386;530.172;3622.907;58.438;231.913;1751.308;3660.0;0.0;15194.0;33147.002;5668.14;-6380.476;19.054;18;128;[1.467, 2.114, 1.18, 2.038, 1.0];[1.162, 1.162, 2.28]
27;20900.526;464.945;3405.485;59.613;207.166;1757.096;3636.0;0.0;15273.0;33147.002;5668.14;-6578.336;81.969;18;128;[1.72, 2.114, 1.18, 2.038, 1.0];[1.446, 1.162, 2.28]
28;20900.526;464.945;3405.485;59.613;207.166;1757.096;3636.0;0.0;15273.0;33147.002;5668.14;-6578.336;116.579;18;128;[1.648, 2.114, 1.18, 2.038, 1.0];[1.446, 1.146, 2.28]
29;20679.337;449.77;3354.899;62.369;201.068;1822.668;3374.4;0.0;15052.0;33147.002;5668.14;-6799.525;81.346;18;128;[1.648, 2.114, 1.18, 2.234, 1.0];[1.446, 1.431, 2.28]
30;20679.337;449.77;3354.899;62.369;201.068;1822.668;3374.4;0.0;15052.0;33147.002;5668.14;-6799.525;172.879;18;128;[1.648, 2.114, 1.18, 2.234, 1.0];[1.446, 1.388, 2.28]
31;20679.337;449.77;3354.899;62.369;201.068;1822.668;3374.4;0.0;15052.0;33147.002;5668.14;-6799.525;9.379;18;128;[1.648, 2.114, 1.18, 2.111, 1.0];[1.446, 1.388, 2.152]
32;20479.876;445.972;3342.24;58.541;196.588;1718.664;3636.0;0.0;14973.0;33147.002;5668.14;-6998.986;134.27;18;128;[1.883, 2.114, 1.18, 2.111, 1.0];[1.701, 1.388, 2.152]
33;20479.876;445.972;3342.24;58.541;196.588;1718.664;3636.0;0.0;14973.0;33147.002;5668.14;-6998.986;56.535;18;128;[1.883, 2.114, 1.18, 2.111, 1.0];[1.701, 1.349, 2.152]
34;20280.834;454.127;3369.424;56.442;195.784;1663.282;3540.0;0.0;14794.0;33147.002;5668.14;-7198.028;15.842;18;128;[1.883, 2.114, 1.18, 2.3, 1.0];[1.701, 1.349, 2.337]
35;20156.967;452.058;3362.527;57.394;196.14;1688.382;3373.2;0.0;14654.0;33147.002;5668.14;-7321.895;57.201;18;128;[1.883, 2.114, 1.462, 2.3, 1.0];[1.931, 1.349, 2.337]
36;20156.967;452.058;3362.527;57.394;196.14;1688.382;3373.2;0.0;14654.0;33147.002;5668.14;-7321.895;55.113;18;128;[1.883, 2.114, 1.462, 2.17, 1.0];[1.931, 1.314, 2.337]
37;20156.967;452.058;3362.527;57.394;196.14;1688.382;3373.2;0.0;14654.0;33147.002;5668.14;-7321.895;44.528;18;128;[1.883, 2.003, 1.462, 2.17, 1.0];[1.931, 1.283, 2.337]
38;20145.916;441.829;3328.429;63.4;194.247;1842.658;3183.6;0.0;14533.0;33147.002;5668.14;-7332.946;61.275;18;128;[1.883, 2.203, 1.462, 2.17, 1.0];[2.138, 1.283, 2.337]
39;20145.916;441.829;3328.429;63.4;194.247;1842.658;3183.6;0.0;14533.0;33147.002;5668.14;-7332.946;92.714;18;128;[1.883, 2.083, 1.462, 2.17, 1.0];[2.024, 1.283, 2.337]
40;20145.916;441.829;3328.429;63.4;194.247;1842.658;3183.6;0.0;14533.0;33147.002;5668.14;-7332.946;7.262;18;128;[1.883, 2.083, 1.462, 2.053, 1.0];[2.024, 1.283, 2.203]
41;20145.916;441.829;3328.429;63.4;194.247;1842.658;3183.6;0.0;14533.0;33147.002;5668.14;-7332.946;14.402;18;128;[1.795, 2.083, 1.462, 2.053, 1.0];[2.024, 1.283, 2.083]
42;20145.916;441.829;3328.429;63.4;194.247;1842.658;3183.6;0.0;14533.0;33147.002;5668.14;-7332.946;20.175;18;128;[1.795, 2.083, 1.462, 1.948, 1.0];[1.922, 1.283, 2.083]
43;20077.451;434.394;3303.647;62.161;190.227;1806.41;3183.6;0.0;14533.0;33147.002;5668.14;-7401.411;29.275;18;128;[1.795, 2.083, 1.716, 1.948, 1.0];[2.13, 1.283, 2.083]
44;20077.451;434.394;3303.647;62.161;190.227;1806.41;3183.6;0.0;14533.0;33147.002;5668.14;-7401.411;20.05;18;128;[1.795, 2.083, 1.644, 1.948, 1.0];[2.017, 1.283, 2.083]
45;19934.836;417.92;3248.734;59.729;182.233;1735.181;3183.6;0.0;14533.0;33147.002;5668.14;-7544.026;60.882;18;128;[2.015, 2.083, 1.644, 1.948, 1.0];[2.017, 1.555, 2.083]
46;19934.836;417.92;3248.734;59.729;182.233;1735.181;3183.6;0.0;14533.0;33147.002;5668.14;-7544.026;13.974;18;128;[2.015, 1.975, 1.644, 1.948, 1.0];[2.017, 1.555, 1.975]
47;19900.189;410.654;3224.512;59.729;179.074;1732.023;3183.6;0.0;14533.0;33147.002;5668.14;-7578.673;24.849;18;128;[2.015, 1.975, 1.644, 2.153, 1.0];[2.017, 1.8, 1.975]
48;19900.189;410.654;3224.512;59.729;179.074;1732.023;3183.6;0.0;14533.0;33147.002;5668.14;-7578.673;44.395;18;128;[1.914, 1.975, 1.644, 2.153, 1.0];[2.017, 1.72, 1.975]
49;19900.189;410.654;3224.512;59.729;179.074;1732.023;3183.6;0.0;14533.0;33147.002;5668.14;-7578.673;17.999;18;128;[1.823, 1.975, 1.644, 2.153, 1.0];[2.017, 1.72, 1.878]
603constructshop:True depot:False weather:True;21837.497;536.408;3642.694;57.241;237.124;1725.394;4160.4;0.0;15933.0;32936.486;5878.656;-5220.333;239.199;19;128;[1.0, 1.0, 1.0, 1.0, 1.0];[1.0, 1.0, 1.0]
0;21837.497;536.408;3642.694;57.241;237.124;1725.394;4160.4;0.0;15933.0;32936.486;5878.656;-5220.333;172.014;19;128;[1.0, 1.0, 1.0, 1.0, 1.0];[1.0, 1.0, 1.0]
1;21837.497;536.408;3642.694;57.241;237.124;1725.394;4160.4;0.0;15933.0;32936.486;5878.656;-5220.333;44.212;19;128;[1.0, 1.0, 1.0, 1.0, 1.0];[1.0, 1.0, 1.0]
2;21799.917;550.034;3688.114;61.093;241.35;1829.768;3921.6;0.0;15732.0;32936.486;5878.656;-5257.913;30.31;18;128;[1.3, 1.0, 1.0, 1.0, 1.0];[1.0, 1.0, 1.3]
3;21446.853;557.156;3711.854;63.876;246.057;1906.842;3279.6;0.0;15271.0;32936.486;5878.656;-5610.977;152.597;18;128;[1.57, 1.0, 1.0, 1.0, 1.0];[1.0, 1.3, 1.3]
4;21282.783;551.378;3692.594;65.482;245.283;1947.81;3066.0;0.0;15091.0;32936.486;5878.656;-5775.047;115.846;18;128;[1.813, 1.0, 1.0, 1.0, 1.0];[1.3, 1.3, 1.3]
5;21041.0;541.393;3659.309;62.025;236.636;1849.297;3160.8;0.0;14991.0;32936.486;5878.656;-6016.83;19.259;18;128;[1.813, 1.3, 1.0, 1.0, 1.0];[1.3, 1.3, 1.57]
6;21041.0;541.393;3659.309;62.025;236.636;1849.297;3160.8;0.0;14991.0;32936.486;5878.656;-6016.83;126.674;18;128;[1.813, 1.3, 1.0, 1.0, 1.0];[1.3, 1.27, 1.57]
7;21041.0;541.393;3659.309;62.025;236.636;1849.297;3160.8;0.0;14991.0;32936.486;5878.656;-6016.83;31.843;18;128;[1.732, 1.3, 1.0, 1.0, 1.0];[1.3, 1.27, 1.513]
8;20873.168;534.164;3635.214;56.213;230.257;1691.79;3278.4;0.0;15012.0;32936.486;5878.656;-6184.662;225.814;18;128;[1.732, 1.3, 1.0, 1.0, 1.3];[1.3, 1.543, 1.513]
9;20754.133;527.98;3614.601;55.089;227.248;1659.551;3207.6;0.0;14952.0;32936.486;5878.656;-6303.697;108.655;18;128;[1.732, 1.57, 1.0, 1.0, 1.3];[1.3, 1.789, 1.513]
10;20658.771;521.985;3594.615;52.516;224.766;1590.172;3374.4;0.0;14952.0;32936.486;5878.656;-6399.059;4.879;18;128;[1.732, 1.813, 1.0, 1.0, 1.3];[1.57, 1.789, 1.513]
11;20650.562;523.968;3601.226;56.363;227.925;1693.368;3374.4;0.0;14832.0;32936.486;5878.656;-6407.268;43.922;18;128;[1.732, 2.032, 1.0, 1.0, 1.3];[1.57, 2.01, 1.513]
12;20650.562;523.968;3601.226;56.363;227.925;1693.368;3374.4;0.0;14832.0;32936.486;5878.656;-6407.268;19.649;18;128;[1.732, 2.032, 1.0, 1.0, 1.3];[1.57, 2.01, 1.462]
13;20650.562;523.968;3601.226;56.363;227.925;1693.368;3374.4;0.0;14832.0;32936.486;5878.656;-6407.268;100.641;18;128;[1.732, 1.929, 1.0, 1.0, 1.3];[1.57, 1.909, 1.462]
14;20631.019;502.191;3528.636;59.577;220.194;1769.192;3351.6;0.0;14831.0;32936.486;5878.656;-6426.811;35.725;18;128;[1.732, 1.929, 1.3, 1.0, 1.3];[1.813, 1.909, 1.462]
15;20631.019;502.191;3528.636;59.577;220.194;1769.192;3351.6;0.0;14831.0;32936.486;5878.656;-6426.811;98.028;18;128;[1.732, 1.929, 1.3, 1.0, 1.27];[1.813, 1.818, 1.462]
16;20631.019;502.191;3528.636;59.577;220.194;1769.192;3351.6;0.0;14831.0;32936.486;5878.656;-6426.811;37.131;18;128;[1.732, 1.929, 1.3, 1.0, 1.27];[1.732, 1.818, 1.462]
17;20631.019;502.191;3528.636;59.577;220.194;1769.192;3351.6;0.0;14831.0;32936.486;5878.656;-6426.811;73.298;18;128;[1.732, 1.929, 1.27, 1.0, 1.27];[1.659, 1.818, 1.462]
18;20631.019;502.191;3528.636;59.577;220.194;1769.192;3351.6;0.0;14831.0;32936.486;5878.656;-6426.811;48.105;18;128;[1.859, 1.929, 1.27, 1.0, 1.27];[1.793, 1.818, 1.462]
19;20631.019;502.191;3528.636;59.577;220.194;1769.192;3351.6;0.0;14831.0;32936.486;5878.656;-6426.811;17.276;18;128;[1.859, 1.929, 1.27, 1.0, 1.27];[1.793, 1.818, 1.416]
20;20631.019;502.191;3528.636;59.577;220.194;1769.192;3351.6;0.0;14831.0;32936.486;5878.656;-6426.811;83.602;18;128;[1.859, 1.929, 1.443, 1.0, 1.27];[1.793, 1.936, 1.416]
21;20631.019;502.191;3528.636;59.577;220.194;1769.192;3351.6;0.0;14831.0;32936.486;5878.656;-6426.811;56.204;18;128;[1.973, 1.929, 1.443, 1.0, 1.27];[1.914, 1.936, 1.416]
22;20631.019;502.191;3528.636;59.577;220.194;1769.192;3351.6;0.0;14831.0;32936.486;5878.656;-6426.811;58.97;18;128;[2.076, 1.929, 1.443, 1.0, 1.27];[1.914, 2.042, 1.416]
23;20121.53;448.219;3337.064;56.357;199.97;1665.247;3327.6;0.0;14671.0;32756.906;6058.236;-6577.14;80.172;19;128;[2.076, 1.929, 1.443, 1.0, 1.543];[1.914, 2.238, 1.416]
24;20077.807;438.93;3306.099;56.357;196.501;1661.777;3327.6;0.0;14671.0;32756.906;6058.236;-6620.863;70.935;19;128;[2.076, 1.929, 1.443, 1.0, 1.789];[1.914, 2.414, 1.416]
25;20077.807;438.93;3306.099;56.357;196.501;1661.777;3327.6;0.0;14671.0;32756.906;6058.236;-6620.863;65.462;19;128;[1.968, 1.929, 1.443, 1.0, 1.789];[1.823, 2.414, 1.416]
26;20060.737;435.505;3294.684;56.357;194.271;1659.547;3327.6;0.0;14671.0;32756.906;6058.236;-6637.933;38.512;19;128;[1.968, 1.929, 1.443, 1.0, 2.01];[1.823, 2.573, 1.416]
27;20060.737;435.505;3294.684;56.357;194.271;1659.547;3327.6;0.0;14671.0;32756.906;6058.236;-6637.933;17.14;19;128;[1.968, 1.929, 1.443, 1.0, 1.909];[1.823, 2.573, 1.374]
28;20060.737;435.505;3294.684;56.357;194.271;1659.547;3327.6;0.0;14671.0;32756.906;6058.236;-6637.933;37.041;19;128;[1.968, 1.929, 1.443, 1.0, 2.018];[1.823, 2.616, 1.374]
29;20060.737;435.505;3294.684;56.357;194.271;1659.547;3327.6;0.0;14671.0;32756.906;6058.236;-6637.933;30.361;19;128;[1.968, 1.929, 1.443, 1.0, 1.916];[1.741, 2.616, 1.374]
30;20060.737;435.505;3294.684;56.357;194.271;1659.547;3327.6;0.0;14671.0;32756.906;6058.236;-6637.933;40.901;19;128;[1.968, 1.929, 1.443, 1.0, 2.024];[1.867, 2.616, 1.374]
31;20060.737;435.505;3294.684;56.357;194.271;1659.547;3327.6;0.0;14671.0;32756.906;6058.236;-6637.933;49.211;19;128;[1.968, 1.929, 1.599, 1.0, 2.024];[1.867, 2.654, 1.374]
32;20060.737;435.505;3294.684;56.357;194.271;1659.547;3327.6;0.0;14671.0;32756.906;6058.236;-6637.933;23.317;19;128;[1.968, 1.929, 1.539, 1.0, 2.024];[1.78, 2.654, 1.374]
33;20046.833;434.188;3290.294;57.588;194.061;1691.35;3279.6;0.0;14631.0;32756.906;6058.236;-6651.837;49.411;19;128;[1.968, 1.929, 1.539, 1.0, 2.222];[1.78, 2.789, 1.374]
34;20046.833;434.188;3290.294;57.588;194.061;1691.35;3279.6;0.0;14631.0;32756.906;6058.236;-6651.837;16.912;19;128;[1.871, 1.929, 1.539, 1.0, 2.222];[1.78, 2.789, 1.337]
35;20046.833;434.188;3290.294;57.588;194.061;1691.35;3279.6;0.0;14631.0;32756.906;6058.236;-6651.837;33.217;19;128;[1.871, 1.836, 1.539, 1.0, 2.222];[1.78, 2.61, 1.337]
36;20046.833;434.188;3290.294;57.588;194.061;1691.35;3279.6;0.0;14631.0;32756.906;6058.236;-6651.837;7.836;19;128;[1.871, 1.952, 1.539, 1.0, 2.222];[1.78, 2.61, 1.503]
37;20046.833;434.188;3290.294;57.588;194.061;1691.35;3279.6;0.0;14631.0;32756.906;6058.236;-6651.837;44.564;19;128;[1.984, 1.952, 1.539, 1.0, 2.222];[1.902, 2.61, 1.503]
38;20046.833;434.188;3290.294;57.588;194.061;1691.35;3279.6;0.0;14631.0;32756.906;6058.236;-6651.837;19.689;19;128;[1.984, 1.952, 1.539, 1.0, 2.1];[1.902, 2.61, 1.453]
39;20030.708;446.888;3332.627;56.873;201.508;1680.193;3326.4;0.0;14571.0;32756.906;6058.236;-6667.962;61.755;19;128;[1.984, 2.157, 1.539, 1.0, 2.1];[1.902, 2.749, 1.453]
40;20030.708;446.888;3332.627;56.873;201.508;1680.193;3326.4;0.0;14571.0;32756.906;6058.236;-6667.962;16.388;19;128;[1.984, 2.041, 1.539, 1.0, 2.1];[1.902, 2.749, 1.408]
41;20030.708;446.888;3332.627;56.873;201.508;1680.193;3326.4;0.0;14571.0;32756.906;6058.236;-6667.962;38.652;19;128;[1.984, 2.041, 1.485, 1.0, 2.1];[1.812, 2.749, 1.408]
42;20030.708;446.888;3332.627;56.873;201.508;1680.193;3326.4;0.0;14571.0;32756.906;6058.236;-6667.962;20.474;19;128;[1.886, 2.041, 1.485, 1.0, 2.1];[1.812, 2.749, 1.367]
43;19990.813;440.722;3312.072;56.468;198.859;1667.019;3326.4;0.0;14571.0;32756.906;6058.236;-6707.857;80.037;19;128;[1.886, 2.041, 1.485, 1.0, 2.29];[2.031, 2.749, 1.367]
44;19990.813;440.722;3312.072;56.468;198.859;1667.019;3326.4;0.0;14571.0;32756.906;6058.236;-6707.857;11.741;19;128;[1.886, 2.041, 1.485, 1.0, 2.161];[2.031, 2.749, 1.33]
45;19990.813;440.722;3312.072;56.468;198.859;1667.019;3326.4;0.0;14571.0;32756.906;6058.236;-6707.857;10.345;19;128;[1.886, 2.041, 1.485, 1.0, 2.045];[2.031, 2.749, 1.297]
46;19990.813;440.722;3312.072;56.468;198.859;1667.019;3326.4;0.0;14571.0;32756.906;6058.236;-6707.857;51.571;19;128;[1.797, 2.041, 1.485, 1.0, 2.045];[1.928, 2.749, 1.297]
47;19990.813;440.722;3312.072;56.468;198.859;1667.019;3326.4;0.0;14571.0;32756.906;6058.236;-6707.857;11.207;19;128;[1.717, 2.041, 1.485, 1.0, 2.045];[1.928, 2.749, 1.267]
48;19990.813;440.722;3312.072;56.468;198.859;1667.019;3326.4;0.0;14571.0;32756.906;6058.236;-6707.857;8.278;19;128;[1.717, 2.041, 1.485, 1.0, 1.941];[1.928, 2.749, 1.24]
49;19990.813;440.722;3312.072;56.468;198.859;1667.019;3326.4;0.0;14571.0;32756.906;6058.236;-6707.857;44.239;19;128;[1.717, 2.041, 1.485, 1.0, 1.847];[1.835, 2.749, 1.24]
604constructshop:True depot:False weather:True;22044.299;523.366;3632.22;81.783;246.354;2372.713;3892.8;0.0;15516.0;32952.266;5862.876;-5045.091;253.558;19;128;[1.0, 1.0, 1.0, 1.0, 1.0];[1.0, 1.0, 1.0]
0;21708.139;522.87;3630.566;81.231;246.697;2358.704;3892.8;0.0;15196.0;32952.266;5862.876;-5381.251;127.605;18;128;[1.0, 1.3, 1.0, 1.0, 1.0];[1.0, 1.3, 1.0]
1;21656.802;503.569;3566.228;82.9;237.612;2393.005;3727.2;0.0;15194.0;32952.266;5862.876;-5432.588;172.056;18;128;[1.0, 1.3, 1.0, 1.3, 1.0];[1.0, 1.57, 1.0]
2;21656.802;503.569;3566.228;82.9;237.612;2393.005;3727.2;0.0;15194.0;32952.266;5862.876;-5432.588;20.662;18;128;[1.0, 1.27, 1.0, 1.3, 1.0];[1.0, 1.57, 1.0]
3;21695.782;517.229;3579.763;82.482;241.254;2385.79;3608.4;0.0;15213.0;33147.002;5668.14;-5783.08;200.705;18;128;[1.0, 1.27, 1.3, 1.3, 1.0];[1.3, 1.57, 1.0]
4;21695.782;517.229;3579.763;82.482;241.254;2385.79;3608.4;0.0;15213.0;33147.002;5668.14;-5783.08;20.102;18;128;[1.0, 1.27, 1.3, 1.3, 1.0];[1.3, 1.57, 1.0]
5;21695.782;517.229;3579.763;82.482;241.254;2385.79;3608.4;0.0;15213.0;33147.002;5668.14;-5783.08;15.585;18;128;[1.0, 1.27, 1.3, 1.27, 1.0];[1.3, 1.57, 1.0]
6;21489.129;504.871;3538.572;75.352;233.535;2192.686;3987.6;0.0;15253.0;33147.002;5668.14;-5989.733;124.646;18;128;[1.3, 1.27, 1.3, 1.27, 1.0];[1.57, 1.57, 1.0]
7;20928.529;496.675;3511.251;60.981;222.092;1807.603;3892.8;0.0;15113.0;33147.002;5668.14;-6550.333;174.75;18;128;[1.3, 1.27, 1.3, 1.27, 1.3];[1.813, 1.57, 1.0]
8;20928.529;496.675;3511.251;60.981;222.092;1807.603;3892.8;0.0;15113.0;33147.002;5668.14;-6550.333;23.104;18;128;[1.3, 1.27, 1.3, 1.27, 1.27];[1.813, 1.57, 1.0]
9;20928.529;496.675;3511.251;60.981;222.092;1807.603;3892.8;0.0;15113.0;33147.002;5668.14;-6550.333;87.056;18;128;[1.27, 1.27, 1.3, 1.27, 1.27];[1.813, 1.513, 1.0]
10;20850.186;485.374;3473.58;60.215;214.651;1780.232;3679.2;0.0;15111.0;33147.002;5668.14;-6628.676;100.586;18;128;[1.27, 1.27, 1.3, 1.27, 1.543];[2.032, 1.513, 1.0]
11;20850.186;485.374;3473.58;60.215;214.651;1780.232;3679.2;0.0;15111.0;33147.002;5668.14;-6628.676;50.047;18;128;[1.27, 1.27, 1.3, 1.243, 1.543];[1.929, 1.513, 1.0]
12;20832.517;484.778;3471.594;66.408;218.546;1945.145;3466.8;0.0;14931.0;33147.002;5668.14;-6646.345;74.497;18;128;[1.27, 1.27, 1.57, 1.243, 1.543];[1.929, 1.762, 1.0]
13;20832.517;484.778;3471.594;66.408;218.546;1945.145;3466.8;0.0;14931.0;33147.002;5668.14;-6646.345;12.602;18;128;[1.27, 1.27, 1.513, 1.243, 1.543];[1.929, 1.762, 1.0]
14;20832.517;484.778;3471.594;66.408;218.546;1945.145;3466.8;0.0;14931.0;33147.002;5668.14;-6646.345;23.316;18;128;[1.243, 1.27, 1.513, 1.243, 1.543];[1.929, 1.762, 1.0]
15;20832.517;484.778;3471.594;66.408;218.546;1945.145;3466.8;0.0;14931.0;33147.002;5668.14;-6646.345;135.112;18;128;[1.219, 1.27, 1.513, 1.243, 1.543];[1.836, 1.762, 1.0]
16;20832.517;484.778;3471.594;66.408;218.546;1945.145;3466.8;0.0;14931.0;33147.002;5668.14;-6646.345;19.928;18;128;[1.219, 1.27, 1.513, 1.243, 1.489];[1.836, 1.762, 1.0]
17;20832.517;484.778;3471.594;66.408;218.546;1945.145;3466.8;0.0;14931.0;33147.002;5668.14;-6646.345;23.22;18;128;[1.219, 1.27, 1.513, 1.243, 1.44];[1.836, 1.762, 1.0]
18;20832.517;484.778;3471.594;66.408;218.546;1945.145;3466.8;0.0;14931.0;33147.002;5668.14;-6646.345;153.865;18;128;[1.219, 1.27, 1.513, 1.243, 1.596];[1.836, 1.886, 1.0]
19;20832.517;484.778;3471.594;66.408;218.546;1945.145;3466.8;0.0;14931.0;33147.002;5668.14;-6646.345;49.331;18;128;[1.219, 1.27, 1.513, 1.419, 1.596];[1.952, 1.886, 1.0]
20;20832.517;484.778;3471.594;66.408;218.546;1945.145;3466.8;0.0;14931.0;33147.002;5668.14;-6646.345;52.082;18;128;[1.219, 1.27, 1.513, 1.419, 1.536];[1.857, 1.886, 1.0]
21;20832.517;484.778;3471.594;66.408;218.546;1945.145;3466.8;0.0;14931.0;33147.002;5668.14;-6646.345;29.306;18;128;[1.219, 1.27, 1.513, 1.577, 1.536];[1.971, 1.886, 1.0]
22;20832.517;484.778;3471.594;66.408;218.546;1945.145;3466.8;0.0;14931.0;33147.002;5668.14;-6646.345;32.137;18;128;[1.219, 1.27, 1.513, 1.577, 1.682];[2.074, 1.886, 1.0]
23;20832.517;484.778;3471.594;66.408;218.546;1945.145;3466.8;0.0;14931.0;33147.002;5668.14;-6646.345;65.478;18;128;[1.219, 1.27, 1.462, 1.577, 1.682];[2.074, 1.797, 1.0]
24;20832.517;484.778;3471.594;66.408;218.546;1945.145;3466.8;0.0;14931.0;33147.002;5668.14;-6646.345;58.657;18;128;[1.219, 1.27, 1.462, 1.577, 1.614];[2.074, 1.717, 1.0]
25;20832.517;484.778;3471.594;66.408;218.546;1945.145;3466.8;0.0;14931.0;33147.002;5668.14;-6646.345;61.833;18;128;[1.397, 1.27, 1.462, 1.577, 1.614];[2.074, 1.845, 1.0]
26;20728.447;497.561;3514.204;61.671;219.227;1822.681;2799.6;0.0;14894.0;33147.002;5668.14;-6750.415;57.558;18;128;[1.397, 1.27, 1.716, 1.577, 1.614];[2.074, 2.061, 1.0]
27;20728.447;497.561;3514.204;61.671;219.227;1822.681;2799.6;0.0;14894.0;33147.002;5668.14;-6750.415;18.164;18;128;[1.357, 1.27, 1.716, 1.577, 1.614];[2.074, 2.061, 1.0]
28;20728.447;497.561;3514.204;61.671;219.227;1822.681;2799.6;0.0;14894.0;33147.002;5668.14;-6750.415;24.276;18;128;[1.357, 1.27, 1.716, 1.519, 1.614];[1.967, 2.061, 1.0]
29;20612.174;501.356;3526.852;61.918;220.092;1829.967;2634.0;0.0;14754.0;33147.002;5668.14;-6866.688;50.113;18;128;[1.621, 1.27, 1.716, 1.519, 1.614];[2.17, 2.061, 1.0]
30;20591.722;497.366;3513.554;61.918;217.927;1827.802;2611.2;0.0;14753.0;33147.002;5668.14;-6887.14;21.92;18;128;[1.621, 1.27, 1.716, 1.767, 1.614];[2.353, 2.061, 1.0]
31;20585.441;492.543;3497.478;59.537;214.458;1762.419;2706.0;0.0;14833.0;33147.002;5668.14;-6893.421;41.931;18;128;[1.621, 1.27, 1.944, 1.767, 1.614];[2.353, 2.255, 1.0]
32;20579.563;491.137;3492.791;59.537;213.674;1761.635;2728.8;0.0;14834.0;33147.002;5668.14;-6899.299;16.488;18;128;[1.621, 1.27, 1.944, 1.99, 1.614];[2.518, 2.255, 1.0]
33;20403.642;475.943;3442.144;55.597;205.035;1650.555;2847.6;0.0;14835.0;33147.002;5668.14;-7075.22;15.411;18;128;[1.621, 1.27, 2.15, 1.99, 1.614];[2.518, 2.429, 1.0]
34;20403.642;475.943;3442.144;55.597;205.035;1650.555;2847.6;0.0;14835.0;33147.002;5668.14;-7075.22;20.535;18;128;[1.621, 1.27, 2.035, 1.99, 1.614];[2.366, 2.429, 1.0]
35;20204.64;472.39;3430.3;53.189;205.036;1587.95;2800.8;0.0;14714.0;33147.002;5668.14;-7274.222;85.785;18;128;[1.859, 1.27, 2.035, 1.99, 1.614];[2.529, 2.429, 1.0]
36;20180.633;467.417;3413.723;53.189;203.579;1586.493;2778.0;0.0;14713.0;33147.002;5668.14;-7298.229;25.631;18;128;[1.859, 1.27, 2.035, 2.191, 1.614];[2.529, 2.586, 1.0]
37;20180.633;467.417;3413.723;53.189;203.579;1586.493;2778.0;0.0;14713.0;33147.002;5668.14;-7298.229;18.238;18;128;[1.859, 1.27, 2.035, 2.272, 1.614];[2.529, 2.627, 1.0]
38;20180.633;467.417;3413.723;53.189;203.579;1586.493;2778.0;0.0;14713.0;33147.002;5668.14;-7298.229;61.693;18;128;[1.773, 1.27, 2.035, 2.272, 1.614];[2.376, 2.627, 1.0]
39;20180.633;467.417;3413.723;53.189;203.579;1586.493;2778.0;0.0;14713.0;33147.002;5668.14;-7298.229;23.614;18;128;[1.773, 1.27, 2.035, 2.345, 1.614];[2.438, 2.627, 1.0]
40;20180.633;467.417;3413.723;53.189;203.579;1586.493;2778.0;0.0;14713.0;33147.002;5668.14;-7298.229;31.052;18;128;[1.773, 1.27, 1.932, 2.345, 1.614];[2.438, 2.464, 1.0]
41;20180.633;467.417;3413.723;53.189;203.579;1586.493;2778.0;0.0;14713.0;33147.002;5668.14;-7298.229;6.626;18;128;[1.773, 1.27, 1.839, 2.345, 1.614];[2.438, 2.318, 1.0]
42;20180.633;467.417;3413.723;53.189;203.579;1586.493;2778.0;0.0;14713.0;33147.002;5668.14;-7298.229;6.964;18;128;[1.773, 1.27, 1.839, 2.345, 1.553];[2.438, 2.318, 1.0]
43;20180.633;467.417;3413.723;53.189;203.579;1586.493;2778.0;0.0;14713.0;33147.002;5668.14;-7298.229;6.44;18;128;[1.773, 1.27, 1.755, 2.345, 1.553];[2.438, 2.186, 1.0]
44;20180.633;467.417;3413.723;53.189;203.579;1586.493;2778.0;0.0;14713.0;33147.002;5668.14;-7298.229;19.486;18;128;[1.773, 1.243, 1.755, 2.345, 1.553];[2.438, 2.186, 1.0]
45;20180.633;467.417;3413.723;53.189;203.579;1586.493;2778.0;0.0;14713.0;33147.002;5668.14;-7298.229;15.648;18;128;[1.773, 1.243, 1.879, 2.345, 1.553];[2.438, 2.267, 1.0]
46;20180.633;467.417;3413.723;53.189;203.579;1586.493;2778.0;0.0;14713.0;33147.002;5668.14;-7298.229;20.988;18;128;[1.773, 1.243, 1.879, 2.211, 1.553];[2.294, 2.267, 1.0]
47;20180.633;467.417;3413.723;53.189;203.579;1586.493;2778.0;0.0;14713.0;33147.002;5668.14;-7298.229;11.149;18;128;[1.773, 1.243, 1.879, 2.29, 1.553];[2.365, 2.267, 1.0]
48;20180.633;467.417;3413.723;53.189;203.579;1586.493;2778.0;0.0;14713.0;33147.002;5668.14;-7298.229;26.053;18;128;[1.773, 1.243, 1.991, 2.29, 1.553];[2.429, 2.267, 1.0]
49;20180.633;467.417;3413.723;53.189;203.579;1586.493;2778.0;0.0;14713.0;33147.002;5668.14;-7298.229;22.661;18;128;[1.773, 1.243, 1.892, 2.29, 1.553];[2.286, 2.267, 1.0]
605constructshop:True depot:False weather:True;21859.073;541.174;3640.913;67.374;246.258;1997.985;4155.6;0.0;15679.0;32566.478;6248.664;-4458.741;256.499;19;128;[1.0, 1.0, 1.0, 1.0, 1.0];[1.0, 1.0, 1.0]
0;21931.156;542.133;3650.111;63.759;242.169;1899.912;4369.2;0.0;15839.0;32756.906;6058.236;-4767.514;78.213;19;128;[1.0, 1.0, 1.0, 1.3, 1.0];[1.0, 1.0, 1.3]
1;21482.869;535.865;3629.218;63.297;236.062;1881.785;4322.4;0.0;15436.0;32756.906;6058.236;-5215.801;294.086;19;128;[1.0, 1.0, 1.0, 1.3, 1.3];[1.0, 1.3, 1.3]
2;21277.294;522.118;3583.393;63.297;230.06;1875.783;4155.6;0.0;15296.0;32756.906;6058.236;-5421.376;105.226;19;128;[1.0, 1.3, 1.0, 1.3, 1.3];[1.0, 1.57, 1.3]
3;21098.177;518.093;3569.977;63.297;228.383;1874.106;3966.0;0.0;15136.0;32756.906;6058.236;-5600.493;117.772;19;128;[1.0, 1.3, 1.0, 1.3, 1.57];[1.0, 1.813, 1.3]
4;20840.473;507.449;3534.498;57.032;220.695;1703.526;4156.8;0.0;15095.0;32756.906;6058.236;-5858.197;23.342;19;128;[1.0, 1.57, 1.0, 1.3, 1.57];[1.0, 1.813, 1.57]
5;20840.473;507.449;3534.498;57.032;220.695;1703.526;4156.8;0.0;15095.0;32756.906;6058.236;-5858.197;75.866;19;128;[1.0, 1.57, 1.0, 1.3, 1.57];[1.0, 1.732, 1.57]
6;20840.473;507.449;3534.498;57.032;220.695;1703.526;4156.8;0.0;15095.0;32756.906;6058.236;-5858.197;91.092;19;128;[1.0, 1.57, 1.0, 1.3, 1.513];[1.0, 1.732, 1.57]
7;20840.473;507.449;3534.498;57.032;220.695;1703.526;4156.8;0.0;15095.0;32756.906;6058.236;-5858.197;23.993;19;128;[1.0, 1.513, 1.0, 1.3, 1.513];[1.0, 1.732, 1.513]
8;20840.473;507.449;3534.498;57.032;220.695;1703.526;4156.8;0.0;15095.0;32756.906;6058.236;-5858.197;27.375;19;128;[1.0, 1.513, 1.0, 1.3, 1.513];[1.0, 1.732, 1.462]
9;20840.473;507.449;3534.498;57.032;220.695;1703.526;4156.8;0.0;15095.0;32756.906;6058.236;-5858.197;17.258;19;128;[1.0, 1.462, 1.0, 1.3, 1.513];[1.0, 1.732, 1.416]
10;20840.473;507.449;3534.498;57.032;220.695;1703.526;4156.8;0.0;15095.0;32756.906;6058.236;-5858.197;124.851;19;128;[1.0, 1.462, 1.0, 1.3, 1.662];[1.2, 1.732, 1.416]
11;20711.863;514.577;3558.256;63.05;227.727;1867.031;3302.4;0.0;14772.0;32756.906;6058.236;-5986.807;104.836;19;128;[1.0, 1.462, 1.3, 1.3, 1.662];[1.48, 1.732, 1.416]
12;20479.611;504.863;3525.876;59.126;220.604;1757.872;3088.8;0.0;14691.0;32756.906;6058.236;-6219.059;23.888;19;128;[1.0, 1.462, 1.3, 1.3, 1.896];[1.48, 1.732, 1.674]
13;20479.611;504.863;3525.876;59.126;220.604;1757.872;3088.8;0.0;14691.0;32756.906;6058.236;-6219.059;86.032;19;128;[1.0, 1.462, 1.3, 1.27, 1.896];[1.432, 1.732, 1.674]
14;20479.611;504.863;3525.876;59.126;220.604;1757.872;3088.8;0.0;14691.0;32756.906;6058.236;-6219.059;9.262;19;128;[1.0, 1.462, 1.3, 1.243, 1.896];[1.389, 1.732, 1.674]
15;20479.611;504.863;3525.876;59.126;220.604;1757.872;3088.8;0.0;14691.0;32756.906;6058.236;-6219.059;77.425;19;128;[1.0, 1.462, 1.3, 1.243, 1.896];[1.35, 1.732, 1.674]
16;20479.611;504.863;3525.876;59.126;220.604;1757.872;3088.8;0.0;14691.0;32756.906;6058.236;-6219.059;22.223;19;128;[1.0, 1.462, 1.27, 1.243, 1.896];[1.35, 1.732, 1.607]
17;20422.046;510.79;3545.632;43.809;214.589;1353.624;3729.6;0.0;15012.0;32756.906;6058.236;-6276.624;13.199;19;128;[1.0, 1.462, 1.27, 1.243, 2.106];[1.35, 1.732, 1.846]
18;20287.731;494.51;3491.368;43.902;208.406;1349.853;3658.8;0.0;14952.0;32756.906;6058.236;-6410.939;32.801;19;128;[1.0, 1.716, 1.27, 1.243, 2.106];[1.35, 1.959, 1.846]
19;20287.731;494.51;3491.368;43.902;208.406;1349.853;3658.8;0.0;14952.0;32756.906;6058.236;-6410.939;15.025;19;128;[1.0, 1.716, 1.27, 1.219, 2.106];[1.35, 1.959, 1.761]
20;20287.731;494.51;3491.368;43.902;208.406;1349.853;3658.8;0.0;14952.0;32756.906;6058.236;-6410.939;17.966;19;128;[1.0, 1.716, 1.27, 1.219, 1.995];[1.35, 1.959, 1.685]
21;20287.731;494.51;3491.368;43.902;208.406;1349.853;3658.8;0.0;14952.0;32756.906;6058.236;-6410.939;18.878;19;128;[1.0, 1.716, 1.27, 1.219, 1.896];[1.35, 1.959, 1.617]
22;20287.731;494.51;3491.368;43.902;208.406;1349.853;3658.8;0.0;14952.0;32756.906;6058.236;-6410.939;7.895;19;128;[1.0, 1.644, 1.27, 1.219, 1.896];[1.35, 1.959, 1.555]
23;20287.731;494.51;3491.368;43.902;208.406;1349.853;3658.8;0.0;14952.0;32756.906;6058.236;-6410.939;24.028;19;128;[1.0, 1.644, 1.27, 1.219, 1.896];[1.35, 1.959, 1.5]
24;20287.731;494.51;3491.368;43.902;208.406;1349.853;3658.8;0.0;14952.0;32756.906;6058.236;-6410.939;11.642;19;128;[1.0, 1.644, 1.27, 1.197, 1.896];[1.35, 1.959, 1.45]
25;20287.731;494.51;3491.368;43.902;208.406;1349.853;3658.8;0.0;14952.0;32756.906;6058.236;-6410.939;15.108;19;128;[1.0, 1.644, 1.27, 1.197, 1.806];[1.35, 1.959, 1.405]
26;20287.731;494.51;3491.368;43.902;208.406;1349.853;3658.8;0.0;14952.0;32756.906;6058.236;-6410.939;63.01;19;128;[1.0, 1.644, 1.243, 1.197, 1.806];[1.35, 1.863, 1.405]
27;20287.731;494.51;3491.368;43.902;208.406;1349.853;3658.8;0.0;14952.0;32756.906;6058.236;-6410.939;141.167;19;128;[1.0, 1.58, 1.243, 1.197, 1.806];[1.35, 1.777, 1.405]
28;20287.731;494.51;3491.368;43.902;208.406;1349.853;3658.8;0.0;14952.0;32756.906;6058.236;-6410.939;27.03;19;128;[1.0, 1.58, 1.243, 1.197, 1.725];[1.35, 1.777, 1.365]
29;20287.731;494.51;3491.368;43.902;208.406;1349.853;3658.8;0.0;14952.0;32756.906;6058.236;-6410.939;101.998;19;128;[1.0, 1.58, 1.243, 1.197, 1.653];[1.315, 1.777, 1.365]
30;20287.731;494.51;3491.368;43.902;208.406;1349.853;3658.8;0.0;14952.0;32756.906;6058.236;-6410.939;47.518;19;128;[1.0, 1.58, 1.219, 1.197, 1.653];[1.284, 1.777, 1.365]
31;20287.731;494.51;3491.368;43.902;208.406;1349.853;3658.8;0.0;14952.0;32756.906;6058.236;-6410.939;10.009;19;128;[1.0, 1.58, 1.219, 1.197, 1.653];[1.284, 1.777, 1.329]
32;20287.731;494.51;3491.368;43.902;208.406;1349.853;3658.8;0.0;14952.0;32756.906;6058.236;-6410.939;22.843;19;128;[1.0, 1.58, 1.219, 1.197, 1.588];[1.256, 1.777, 1.329]
33;20287.731;494.51;3491.368;43.902;208.406;1349.853;3658.8;0.0;14952.0;32756.906;6058.236;-6410.939;22.636;19;128;[1.0, 1.58, 1.219, 1.197, 1.529];[1.23, 1.777, 1.329]
34;20287.731;494.51;3491.368;43.902;208.406;1349.853;3658.8;0.0;14952.0;32756.906;6058.236;-6410.939;22.817;19;128;[1.0, 1.58, 1.219, 1.197, 1.476];[1.207, 1.777, 1.329]
35;20287.731;494.51;3491.368;43.902;208.406;1349.853;3658.8;0.0;14952.0;32756.906;6058.236;-6410.939;36.376;19;128;[1.0, 1.58, 1.219, 1.177, 1.476];[1.186, 1.777, 1.329]
36;20287.731;494.51;3491.368;43.902;208.406;1349.853;3658.8;0.0;14952.0;32756.906;6058.236;-6410.939;11.396;19;128;[1.0, 1.58, 1.197, 1.177, 1.476];[1.186, 1.699, 1.329]
37;20287.731;494.51;3491.368;43.902;208.406;1349.853;3658.8;0.0;14952.0;32756.906;6058.236;-6410.939;10.096;19;128;[1.0, 1.58, 1.177, 1.177, 1.476];[1.167, 1.699, 1.329]
38;20287.731;494.51;3491.368;43.902;208.406;1349.853;3658.8;0.0;14952.0;32756.906;6058.236;-6410.939;51.474;19;128;[1.0, 1.58, 1.177, 1.177, 1.476];[1.15, 1.699, 1.329]
39;20287.731;494.51;3491.368;43.902;208.406;1349.853;3658.8;0.0;14952.0;32756.906;6058.236;-6410.939;41.249;19;128;[1.0, 1.58, 1.177, 1.177, 1.428];[1.15, 1.629, 1.329]
40;20287.731;494.51;3491.368;43.902;208.406;1349.853;3658.8;0.0;14952.0;32756.906;6058.236;-6410.939;6.372;19;128;[1.0, 1.58, 1.177, 1.177, 1.385];[1.15, 1.629, 1.296]
41;20287.731;494.51;3491.368;43.902;208.406;1349.853;3658.8;0.0;14952.0;32756.906;6058.236;-6410.939;8.243;19;128;[1.0, 1.58, 1.177, 1.159, 1.385];[1.135, 1.629, 1.296]
42;20287.731;494.51;3491.368;43.902;208.406;1349.853;3658.8;0.0;14952.0;32756.906;6058.236;-6410.939;67.892;19;128;[1.0, 1.58, 1.177, 1.159, 1.385];[1.122, 1.629, 1.296]
43;20287.731;494.51;3491.368;43.902;208.406;1349.853;3658.8;0.0;14952.0;32756.906;6058.236;-6410.939;6.532;19;128;[1.0, 1.58, 1.177, 1.159, 1.347];[1.122, 1.629, 1.266]
44;20287.731;494.51;3491.368;43.902;208.406;1349.853;3658.8;0.0;14952.0;32756.906;6058.236;-6410.939;25.525;19;128;[1.0, 1.722, 1.177, 1.159, 1.347];[1.122, 1.766, 1.266]
45;20287.731;494.51;3491.368;43.902;208.406;1349.853;3658.8;0.0;14952.0;32756.906;6058.236;-6410.939;47.696;19;128;[1.0, 1.722, 1.177, 1.159, 1.512];[1.122, 1.889, 1.266]
46;20287.731;494.51;3491.368;43.902;208.406;1349.853;3658.8;0.0;14952.0;32756.906;6058.236;-6410.939;39.301;19;128;[1.0, 1.722, 1.359, 1.159, 1.512];[1.31, 1.889, 1.266]
47;20287.731;494.51;3491.368;43.902;208.406;1349.853;3658.8;0.0;14952.0;32756.906;6058.236;-6410.939;50.656;19;128;[1.0, 1.65, 1.359, 1.159, 1.512];[1.31, 1.8, 1.266]
48;20287.731;494.51;3491.368;43.902;208.406;1349.853;3658.8;0.0;14952.0;32756.906;6058.236;-6410.939;35.477;19;128;[1.0, 1.65, 1.323, 1.159, 1.512];[1.279, 1.8, 1.266]
49;20287.731;494.51;3491.368;43.902;208.406;1349.853;3658.8;0.0;14952.0;32756.906;6058.236;-6410.939;73.745;19;128;[1.0, 1.585, 1.323, 1.159, 1.512];[1.279, 1.72, 1.266]
606constructshop:True depot:False weather:True;21161.326;511.047;3562.823;53.721;219.698;1616.456;3422.4;0.0;15471.0;33105.602;5709.54;-6234.736;228.184;19;128;[1.0, 1.0, 1.0, 1.0, 1.0];[1.0, 1.0, 1.0]
0;21161.326;511.047;3562.823;53.721;219.698;1616.456;3422.4;0.0;15471.0;33105.602;5709.54;-6234.736;241.207;19;128;[1.0, 1.0, 1.0, 1.0, 1.0];[1.0, 1.0, 1.0]
1;21095.291;508.458;3554.192;58.427;221.531;1740.641;3255.6;0.0;15292.0;33105.602;5709.54;-6300.771;43.781;18;128;[1.0, 1.0, 1.0, 1.0, 1.3];[1.0, 1.0, 1.3]
2;21085.948;500.526;3527.753;59.518;218.198;1765.669;3422.4;0.0;15292.0;33105.602;5709.54;-6310.114;136.949;18;128;[1.0, 1.3, 1.0, 1.0, 1.3];[1.3, 1.0, 1.3]
3;20882.528;500.702;3528.341;57.096;217.002;1701.486;3422.4;0.0;15152.0;33105.602;5709.54;-6513.534;145.299;18;128;[1.0, 1.57, 1.0, 1.0, 1.3];[1.3, 1.3, 1.3]
4;20508.795;494.471;3507.569;56.238;212.561;1674.755;3042.0;0.0;14832.0;33105.602;5709.54;-6887.267;153.688;18;128;[1.0, 1.813, 1.0, 1.0, 1.3];[1.57, 1.3, 1.3]
5;20508.795;494.471;3507.569;56.238;212.561;1674.755;3042.0;0.0;14832.0;33105.602;5709.54;-6887.267;22.035;18;128;[1.0, 1.813, 1.0, 1.0, 1.3];[1.57, 1.3, 1.27]
6;20508.795;494.471;3507.569;56.238;212.561;1674.755;3042.0;0.0;14832.0;33105.602;5709.54;-6887.267;19.088;18;128;[1.0, 1.813, 1.0, 1.0, 1.3];[1.57, 1.3, 1.243]
7;20508.795;494.471;3507.569;56.238;212.561;1674.755;3042.0;0.0;14832.0;33105.602;5709.54;-6887.267;37.399;18;128;[1.0, 1.732, 1.0, 1.0, 1.3];[1.57, 1.27, 1.243]
8;20508.795;494.471;3507.569;56.238;212.561;1674.755;3042.0;0.0;14832.0;33105.602;5709.54;-6887.267;129.692;18;128;[1.0, 1.732, 1.0, 1.2, 1.3];[1.57, 1.443, 1.243]
9;20508.795;494.471;3507.569;56.238;212.561;1674.755;3042.0;0.0;14832.0;33105.602;5709.54;-6887.267;17.491;18;128;[1.0, 1.732, 1.0, 1.18, 1.3];[1.57, 1.443, 1.219]
10;20508.795;494.471;3507.569;56.238;212.561;1674.755;3042.0;0.0;14832.0;33105.602;5709.54;-6887.267;138.574;18;128;[1.0, 1.859, 1.0, 1.18, 1.3];[1.713, 1.443, 1.219]
11;20508.795;494.471;3507.569;56.238;212.561;1674.755;3042.0;0.0;14832.0;33105.602;5709.54;-6887.267;13.025;18;128;[1.0, 1.973, 1.0, 1.18, 1.3];[1.713, 1.443, 1.397]
12;20508.795;494.471;3507.569;56.238;212.561;1674.755;3042.0;0.0;14832.0;33105.602;5709.54;-6887.267;18.13;18;128;[1.0, 1.973, 1.0, 1.18, 1.3];[1.713, 1.443, 1.357]
13;20508.795;494.471;3507.569;56.238;212.561;1674.755;3042.0;0.0;14832.0;33105.602;5709.54;-6887.267;16.213;18;128;[1.0, 1.876, 1.0, 1.18, 1.3];[1.713, 1.443, 1.321]
14;20508.795;494.471;3507.569;56.238;212.561;1674.755;3042.0;0.0;14832.0;33105.602;5709.54;-6887.267;69.337;18;128;[1.0, 1.876, 1.0, 1.162, 1.3];[1.713, 1.399, 1.321]
15;20508.795;494.471;3507.569;56.238;212.561;1674.755;3042.0;0.0;14832.0;33105.602;5709.54;-6887.267;158.353;18;128;[1.0, 1.876, 1.0, 1.162, 1.27];[1.713, 1.359, 1.321]
16;20508.795;494.471;3507.569;56.238;212.561;1674.755;3042.0;0.0;14832.0;33105.602;5709.54;-6887.267;92.801;18;128;[1.0, 1.876, 1.2, 1.162, 1.27];[1.713, 1.523, 1.321]
17;20508.795;494.471;3507.569;56.238;212.561;1674.755;3042.0;0.0;14832.0;33105.602;5709.54;-6887.267;137.834;18;128;[1.2, 1.876, 1.2, 1.162, 1.27];[1.713, 1.671, 1.321]
18;20508.795;494.471;3507.569;56.238;212.561;1674.755;3042.0;0.0;14832.0;33105.602;5709.54;-6887.267;49.538;18;128;[1.2, 1.988, 1.2, 1.162, 1.27];[1.842, 1.671, 1.321]
19;20508.795;494.471;3507.569;56.238;212.561;1674.755;3042.0;0.0;14832.0;33105.602;5709.54;-6887.267;51.663;18;128;[1.2, 1.988, 1.2, 1.146, 1.27];[1.842, 1.604, 1.321]
20;20508.795;494.471;3507.569;56.238;212.561;1674.755;3042.0;0.0;14832.0;33105.602;5709.54;-6887.267;24.742;18;128;[1.2, 2.089, 1.2, 1.146, 1.27];[1.842, 1.744, 1.321]
21;20369.097;489.78;3491.934;63.971;215.132;1878.383;2925.6;0.0;14509.0;33105.602;5709.54;-7026.965;91.4;18;128;[1.2, 2.089, 1.2, 1.146, 1.543];[2.058, 1.744, 1.321]
22;20369.097;489.78;3491.934;63.971;215.132;1878.383;2925.6;0.0;14509.0;33105.602;5709.54;-7026.965;21.729;18;128;[1.2, 2.089, 1.2, 1.146, 1.489];[2.058, 1.744, 1.289]
23;20328.809;482.544;3467.812;61.4;211.045;1807.453;2996.4;0.0;14571.0;33105.602;5709.54;-7067.253;23.656;18;128;[1.2, 2.089, 1.48, 1.146, 1.489];[2.058, 1.744, 1.56]
24;20207.592;478.719;3455.064;57.564;208.133;1704.809;2877.6;0.0;14569.0;33105.602;5709.54;-7188.47;127.52;18;128;[1.2, 2.089, 1.48, 1.146, 1.74];[2.058, 1.97, 1.56]
25;20207.592;478.719;3455.064;57.564;208.133;1704.809;2877.6;0.0;14569.0;33105.602;5709.54;-7188.47;41.182;18;128;[1.2, 2.089, 1.432, 1.146, 1.74];[1.952, 1.97, 1.56]
26;20207.592;478.719;3455.064;57.564;208.133;1704.809;2877.6;0.0;14569.0;33105.602;5709.54;-7188.47;14.826;18;128;[1.2, 2.089, 1.432, 1.146, 1.666];[1.952, 1.97, 1.504]
27;20207.592;478.719;3455.064;57.564;208.133;1704.809;2877.6;0.0;14569.0;33105.602;5709.54;-7188.47;63.802;18;128;[1.2, 2.089, 1.432, 1.131, 1.666];[1.952, 1.873, 1.504]
28;20207.592;478.719;3455.064;57.564;208.133;1704.809;2877.6;0.0;14569.0;33105.602;5709.54;-7188.47;34.488;18;128;[1.2, 1.98, 1.432, 1.131, 1.666];[1.952, 1.786, 1.504]
29;20207.592;478.719;3455.064;57.564;208.133;1704.809;2877.6;0.0;14569.0;33105.602;5709.54;-7188.47;54.686;18;128;[1.18, 1.98, 1.432, 1.131, 1.666];[1.857, 1.786, 1.504]
30;20207.592;478.719;3455.064;57.564;208.133;1704.809;2877.6;0.0;14569.0;33105.602;5709.54;-7188.47;76.376;18;128;[1.18, 1.98, 1.432, 1.131, 1.799];[1.971, 1.786, 1.504]
31;20180.933;461.042;3396.141;58.945;199.188;1731.749;3258.0;0.0;14592.0;33105.602;5709.54;-7215.129;43.676;18;128;[1.18, 1.98, 1.689, 1.131, 1.799];[1.971, 2.007, 1.504]
32;20180.933;461.042;3396.141;58.945;199.188;1731.749;3258.0;0.0;14592.0;33105.602;5709.54;-7215.129;30.359;18;128;[1.18, 1.98, 1.689, 1.118, 1.799];[1.971, 1.906, 1.504]
33;20180.933;461.042;3396.141;58.945;199.188;1731.749;3258.0;0.0;14592.0;33105.602;5709.54;-7215.129;31.675;18;128;[1.18, 1.98, 1.62, 1.118, 1.799];[1.971, 1.815, 1.504]
34;20180.933;461.042;3396.141;58.945;199.188;1731.749;3258.0;0.0;14592.0;33105.602;5709.54;-7215.129;9.239;18;128;[1.18, 1.98, 1.62, 1.106, 1.799];[1.971, 1.815, 1.454]
35;20180.933;461.042;3396.141;58.945;199.188;1731.749;3258.0;0.0;14592.0;33105.602;5709.54;-7215.129;8.962;18;128;[1.162, 1.98, 1.62, 1.106, 1.799];[1.971, 1.815, 1.409]
36;20180.933;461.042;3396.141;58.945;199.188;1731.749;3258.0;0.0;14592.0;33105.602;5709.54;-7215.129;45.853;18;128;[1.162, 1.98, 1.62, 1.106, 1.719];[1.971, 1.734, 1.409]
37;20180.933;461.042;3396.141;58.945;199.188;1731.749;3258.0;0.0;14592.0;33105.602;5709.54;-7215.129;24.74;18;128;[1.162, 1.98, 1.62, 1.106, 1.647];[1.971, 1.661, 1.409]
38;20180.933;461.042;3396.141;58.945;199.188;1731.749;3258.0;0.0;14592.0;33105.602;5709.54;-7215.129;9.129;18;128;[1.162, 2.082, 1.62, 1.106, 1.647];[1.971, 1.661, 1.568]
39;20180.933;461.042;3396.141;58.945;199.188;1731.749;3258.0;0.0;14592.0;33105.602;5709.54;-7215.129;65.754;18;128;[1.146, 2.082, 1.62, 1.106, 1.647];[1.874, 1.661, 1.568]
40;20180.933;461.042;3396.141;58.945;199.188;1731.749;3258.0;0.0;14592.0;33105.602;5709.54;-7215.129;42.966;18;128;[1.131, 2.082, 1.62, 1.106, 1.647];[1.874, 1.595, 1.568]
41;20180.933;461.042;3396.141;58.945;199.188;1731.749;3258.0;0.0;14592.0;33105.602;5709.54;-7215.129;39.88;18;128;[1.131, 2.174, 1.62, 1.106, 1.647];[1.874, 1.736, 1.568]
42;20180.933;461.042;3396.141;58.945;199.188;1731.749;3258.0;0.0;14592.0;33105.602;5709.54;-7215.129;27.088;18;128;[1.131, 2.174, 1.558, 1.106, 1.647];[1.874, 1.662, 1.568]
43;20180.933;461.042;3396.141;58.945;199.188;1731.749;3258.0;0.0;14592.0;33105.602;5709.54;-7215.129;55.014;18;128;[1.318, 2.174, 1.558, 1.106, 1.647];[1.987, 1.662, 1.568]
44;20180.933;461.042;3396.141;58.945;199.188;1731.749;3258.0;0.0;14592.0;33105.602;5709.54;-7215.129;16.12;18;128;[1.318, 2.174, 1.558, 1.106, 1.582];[1.987, 1.662, 1.511]
45;20180.933;461.042;3396.141;58.945;199.188;1731.749;3258.0;0.0;14592.0;33105.602;5709.54;-7215.129;49.259;18;128;[1.286, 2.174, 1.558, 1.106, 1.582];[1.987, 1.596, 1.511]
46;20180.933;461.042;3396.141;58.945;199.188;1731.749;3258.0;0.0;14592.0;33105.602;5709.54;-7215.129;16.659;18;128;[1.286, 2.174, 1.558, 1.095, 1.582];[1.987, 1.596, 1.46]
47;20180.933;461.042;3396.141;58.945;199.188;1731.749;3258.0;0.0;14592.0;33105.602;5709.54;-7215.129;44.816;18;128;[1.286, 2.174, 1.702, 1.095, 1.582];[2.088, 1.596, 1.46]
48;20180.933;461.042;3396.141;58.945;199.188;1731.749;3258.0;0.0;14592.0;33105.602;5709.54;-7215.129;17.959;18;128;[1.286, 2.257, 1.702, 1.095, 1.582];[2.088, 1.596, 1.614]
49;20180.933;461.042;3396.141;58.945;199.188;1731.749;3258.0;0.0;14592.0;33105.602;5709.54;-7215.129;12.387;18;128;[1.286, 2.131, 1.702, 1.095, 1.582];[2.088, 1.536, 1.614]
607constructshop:True depot:False weather:True;21740.376;515.552;3574.173;65.71;229.189;1937.651;3751.2;0.0;15713.0;33052.202;5762.94;-5548.886;265.436;19;128;[1.0, 1.0, 1.0, 1.0, 1.0];[1.0, 1.0, 1.0]
0;21740.376;515.552;3574.173;65.71;229.189;1937.651;3751.2;0.0;15713.0;33052.202;5762.94;-5548.886;195.421;19;128;[1.0, 1.0, 1.0, 1.0, 1.0];[1.0, 1.0, 1.0]
1;21577.892;509.923;3555.409;65.108;227.749;1920.561;3632.4;0.0;15592.0;33052.202;5762.94;-5711.37;163.641;18;128;[1.0, 1.0, 1.0, 1.3, 1.0];[1.0, 1.3, 1.0]
2;21371.741;508.376;3550.252;57.694;220.079;1720.113;3727.2;0.0;15593.0;33052.202;5762.94;-5917.521;28.382;18;128;[1.0, 1.0, 1.0, 1.57, 1.0];[1.3, 1.3, 1.0]
3;21371.741;508.376;3550.252;57.694;220.079;1720.113;3727.2;0.0;15593.0;33052.202;5762.94;-5917.521;33.507;18;128;[1.0, 1.0, 1.0, 1.57, 1.0];[1.3, 1.3, 1.0]
4;21371.741;508.376;3550.252;57.694;220.079;1720.113;3727.2;0.0;15593.0;33052.202;5762.94;-5917.521;209.493;18;128;[1.0, 1.0, 1.0, 1.57, 1.0];[1.27, 1.3, 1.0]
5;21371.741;508.376;3550.252;57.694;220.079;1720.113;3727.2;0.0;15593.0;33052.202;5762.94;-5917.521;158.273;18;128;[1.0, 1.0, 1.0, 1.57, 1.0];[1.27, 1.27, 1.0]
6;21371.741;508.376;3550.252;57.694;220.079;1720.113;3727.2;0.0;15593.0;33052.202;5762.94;-5917.521;55.11;18;128;[1.0, 1.0, 1.0, 1.713, 1.0];[1.27, 1.443, 1.0]
7;21371.741;508.376;3550.252;57.694;220.079;1720.113;3727.2;0.0;15593.0;33052.202;5762.94;-5917.521;83.309;18;128;[1.0, 1.0, 1.0, 1.713, 1.0];[1.27, 1.399, 1.0]
8;21371.741;508.376;3550.252;57.694;220.079;1720.113;3727.2;0.0;15593.0;33052.202;5762.94;-5917.521;102.101;18;128;[1.0, 1.0, 1.0, 1.713, 1.2];[1.443, 1.399, 1.0]
9;21371.741;508.376;3550.252;57.694;220.079;1720.113;3727.2;0.0;15593.0;33052.202;5762.94;-5917.521;20.816;18;128;[1.0, 1.0, 1.0, 1.713, 1.2];[1.443, 1.399, 1.0]
10;21049.879;498.094;3515.981;50.549;210.543;1524.804;3465.6;0.0;15511.0;33052.202;5762.94;-6239.383;121.891;18;128;[1.0, 1.0, 1.0, 1.713, 1.48];[1.443, 1.659, 1.0]
11;21017.054;481.349;3460.162;52.3;204.741;1564.543;3465.6;0.0;15511.0;33052.202;5762.94;-6272.208;45.728;18;128;[1.0, 1.0, 1.0, 1.942, 1.48];[1.443, 1.893, 1.0]
12;21017.054;481.349;3460.162;52.3;204.741;1564.543;3465.6;0.0;15511.0;33052.202;5762.94;-6272.208;27.131;18;128;[1.0, 1.0, 1.0, 1.942, 1.48];[1.443, 1.893, 1.0]
13;21017.054;481.349;3460.162;52.3;204.741;1564.543;3465.6;0.0;15511.0;33052.202;5762.94;-6272.208;12.292;18;128;[1.0, 1.0, 1.0, 2.048, 1.48];[1.443, 2.004, 1.0]
14;21017.054;481.349;3460.162;52.3;204.741;1564.543;3465.6;0.0;15511.0;33052.202;5762.94;-6272.208;12.845;18;128;[1.0, 1.0, 1.0, 2.048, 1.48];[1.443, 2.004, 1.0]
15;21017.054;481.349;3460.162;52.3;204.741;1564.543;3465.6;0.0;15511.0;33052.202;5762.94;-6272.208;97.772;18;128;[1.0, 1.0, 1.0, 2.048, 1.48];[1.443, 1.904, 1.0]
16;21017.054;481.349;3460.162;52.3;204.741;1564.543;3465.6;0.0;15511.0;33052.202;5762.94;-6272.208;58.998;18;128;[1.0, 1.0, 1.0, 2.048, 1.432];[1.443, 1.814, 1.0]
17;21017.054;481.349;3460.162;52.3;204.741;1564.543;3465.6;0.0;15511.0;33052.202;5762.94;-6272.208;6.381;18;128;[1.0, 1.0, 1.0, 2.048, 1.432];[1.443, 1.814, 1.0]
18;21017.054;481.349;3460.162;52.3;204.741;1564.543;3465.6;0.0;15511.0;33052.202;5762.94;-6272.208;11.517;18;128;[1.0, 1.0, 1.0, 2.048, 1.389];[1.443, 1.814, 1.0]
19;21017.054;481.349;3460.162;52.3;204.741;1564.543;3465.6;0.0;15511.0;33052.202;5762.94;-6272.208;82.174;18;128;[1.0, 1.0, 1.0, 2.048, 1.389];[1.443, 1.733, 1.0]
20;21017.054;481.349;3460.162;52.3;204.741;1564.543;3465.6;0.0;15511.0;33052.202;5762.94;-6272.208;11.588;18;128;[1.0, 1.0, 1.0, 1.943, 1.389];[1.443, 1.733, 1.0]
21;21017.054;481.349;3460.162;52.3;204.741;1564.543;3465.6;0.0;15511.0;33052.202;5762.94;-6272.208;13.843;18;128;[1.0, 1.0, 1.0, 1.943, 1.389];[1.443, 1.733, 1.0]
22;21017.054;481.349;3460.162;52.3;204.741;1564.543;3465.6;0.0;15511.0;33052.202;5762.94;-6272.208;23.028;18;128;[1.0, 1.0, 1.0, 1.849, 1.389];[1.399, 1.733, 1.0]
23;21017.054;481.349;3460.162;52.3;204.741;1564.543;3465.6;0.0;15511.0;33052.202;5762.94;-6272.208;17.562;18;128;[1.0, 1.0, 1.0, 1.849, 1.55];[1.399, 1.733, 1.2]
24;21017.054;481.349;3460.162;52.3;204.741;1564.543;3465.6;0.0;15511.0;33052.202;5762.94;-6272.208;34.905;18;128;[1.0, 1.0, 1.0, 1.849, 1.55];[1.359, 1.733, 1.2]
25;21017.054;481.349;3460.162;52.3;204.741;1564.543;3465.6;0.0;15511.0;33052.202;5762.94;-6272.208;83.22;18;128;[1.0, 1.0, 1.0, 1.849, 1.495];[1.359, 1.66, 1.2]
26;21017.054;481.349;3460.162;52.3;204.741;1564.543;3465.6;0.0;15511.0;33052.202;5762.94;-6272.208;24.846;18;128;[1.0, 1.0, 1.0, 1.764, 1.495];[1.323, 1.66, 1.2]
27;21017.054;481.349;3460.162;52.3;204.741;1564.543;3465.6;0.0;15511.0;33052.202;5762.94;-6272.208;46.518;18;128;[1.0, 1.0, 1.0, 1.764, 1.446];[1.323, 1.594, 1.2]
28;21017.054;481.349;3460.162;52.3;204.741;1564.543;3465.6;0.0;15511.0;33052.202;5762.94;-6272.208;10.706;18;128;[1.0, 1.0, 1.0, 1.888, 1.446];[1.323, 1.594, 1.38]
29;21017.054;481.349;3460.162;52.3;204.741;1564.543;3465.6;0.0;15511.0;33052.202;5762.94;-6272.208;86.438;18;128;[1.0, 1.0, 1.0, 1.888, 1.446];[1.323, 1.535, 1.38]
30;21017.054;481.349;3460.162;52.3;204.741;1564.543;3465.6;0.0;15511.0;33052.202;5762.94;-6272.208;69.77;18;128;[1.0, 1.0, 1.0, 1.888, 1.446];[1.291, 1.535, 1.38]
31;21017.054;481.349;3460.162;52.3;204.741;1564.543;3465.6;0.0;15511.0;33052.202;5762.94;-6272.208;12.624;18;128;[1.0, 1.0, 1.0, 1.888, 1.401];[1.291, 1.535, 1.342]
32;21017.054;481.349;3460.162;52.3;204.741;1564.543;3465.6;0.0;15511.0;33052.202;5762.94;-6272.208;12.209;18;128;[1.0, 1.0, 1.0, 1.799, 1.401];[1.291, 1.535, 1.308]
33;21017.054;481.349;3460.162;52.3;204.741;1564.543;3465.6;0.0;15511.0;33052.202;5762.94;-6272.208;22.567;18;128;[1.0, 1.2, 1.0, 1.799, 1.401];[1.291, 1.681, 1.308]
34;21017.054;481.349;3460.162;52.3;204.741;1564.543;3465.6;0.0;15511.0;33052.202;5762.94;-6272.208;29.864;18;128;[1.0, 1.2, 1.0, 1.919, 1.401];[1.291, 1.813, 1.308]
35;21017.054;481.349;3460.162;52.3;204.741;1564.543;3465.6;0.0;15511.0;33052.202;5762.94;-6272.208;68.709;18;128;[1.0, 1.2, 1.0, 1.919, 1.361];[1.291, 1.732, 1.308]
36;21017.054;481.349;3460.162;52.3;204.741;1564.543;3465.6;0.0;15511.0;33052.202;5762.94;-6272.208;61.887;18;128;[1.0, 1.2, 1.2, 1.919, 1.361];[1.462, 1.732, 1.308]
37;21017.054;481.349;3460.162;52.3;204.741;1564.543;3465.6;0.0;15511.0;33052.202;5762.94;-6272.208;24.374;18;128;[1.0, 1.18, 1.2, 1.919, 1.361];[1.462, 1.732, 1.277]
38;20829.852;470.378;3423.595;45.54;199.847;1383.879;3655.2;0.0;15552.0;33052.202;5762.94;-6459.41;30.144;18;128;[1.0, 1.18, 1.48, 1.919, 1.361];[1.462, 1.959, 1.277]
39;20829.852;470.378;3423.595;45.54;199.847;1383.879;3655.2;0.0;15552.0;33052.202;5762.94;-6459.41;13.989;18;128;[1.0, 1.18, 1.432, 1.919, 1.361];[1.462, 1.959, 1.249]
40;20829.852;470.378;3423.595;45.54;199.847;1383.879;3655.2;0.0;15552.0;33052.202;5762.94;-6459.41;25.905;18;128;[1.0, 1.18, 1.432, 1.827, 1.361];[1.416, 1.959, 1.249]
41;20829.852;470.378;3423.595;45.54;199.847;1383.879;3655.2;0.0;15552.0;33052.202;5762.94;-6459.41;2.453;18;128;[1.0, 1.18, 1.432, 1.744, 1.361];[1.416, 1.959, 1.224]
42;20809.886;466.114;3409.381;45.54;198.359;1382.392;3655.2;0.0;15552.0;33052.202;5762.94;-6479.376;54.751;18;128;[1.3, 1.18, 1.432, 1.744, 1.361];[1.674, 1.959, 1.224]
43;20737.036;467.651;3414.503;45.54;198.851;1382.883;3560.4;0.0;15472.0;33052.202;5762.94;-6552.226;65.322;18;128;[1.57, 1.18, 1.432, 1.744, 1.361];[1.907, 1.959, 1.224]
44;20737.036;467.651;3414.503;45.54;198.851;1382.883;3560.4;0.0;15472.0;33052.202;5762.94;-6552.226;32.097;18;128;[1.57, 1.162, 1.432, 1.744, 1.361];[1.816, 1.959, 1.224]
45;20737.036;467.651;3414.503;45.54;198.851;1382.883;3560.4;0.0;15472.0;33052.202;5762.94;-6552.226;37.082;18;128;[1.57, 1.162, 1.389, 1.744, 1.361];[1.734, 1.959, 1.224]
46;20737.036;467.651;3414.503;45.54;198.851;1382.883;3560.4;0.0;15472.0;33052.202;5762.94;-6552.226;33.108;18;128;[1.57, 1.162, 1.389, 1.87, 1.361];[1.861, 1.959, 1.224]
47;20737.036;467.651;3414.503;45.54;198.851;1382.883;3560.4;0.0;15472.0;33052.202;5762.94;-6552.226;75.877;18;128;[1.713, 1.162, 1.389, 1.87, 1.361];[1.975, 1.959, 1.224]
48;20737.036;467.651;3414.503;45.54;198.851;1382.883;3560.4;0.0;15472.0;33052.202;5762.94;-6552.226;31.554;18;128;[1.713, 1.162, 1.35, 1.87, 1.361];[1.878, 1.959, 1.224]
49;20737.036;467.651;3414.503;45.54;198.851;1382.883;3560.4;0.0;15472.0;33052.202;5762.94;-6552.226;31.975;18;128;[1.713, 1.162, 1.35, 1.783, 1.361];[1.878, 1.863, 1.224]
608constructshop:True depot:False weather:True;21855.875;543.408;3699.027;62.969;241.239;1878.439;3966.0;0.0;15735.0;32933.266;5881.876;-5195.515;254.991;19;128;[1.0, 1.0, 1.0, 1.0, 1.0];[1.0, 1.0, 1.0]
0;21855.875;543.408;3699.027;62.969;241.239;1878.439;3966.0;0.0;15735.0;32933.266;5881.876;-5195.515;188.089;19;128;[1.0, 1.0, 1.0, 1.0, 1.0];[1.0, 1.0, 1.0]
1;21804.784;533.715;3666.716;62.001;237.334;1849.353;4298.4;0.0;15755.0;32933.266;5881.876;-5246.606;23.029;18;128;[1.0, 1.3, 1.0, 1.0, 1.0];[1.0, 1.0, 1.3]
2;21610.442;539.702;3686.672;66.437;241.712;1969.068;3609.6;0.0;15415.0;32933.266;5881.876;-5440.948;22.914;18;128;[1.3, 1.3, 1.0, 1.0, 1.0];[1.0, 1.0, 1.57]
3;21799.702;545.557;3681.189;70.541;244.878;2078.955;3609.6;0.0;15494.0;33093.686;5721.456;-5572.528;122.284;18;128;[1.3, 1.3, 1.3, 1.0, 1.0];[1.0, 1.3, 1.57]
4;21750.28;542.083;3669.609;69.27;243.563;2044.588;3609.6;0.0;15494.0;33093.686;5721.456;-5621.95;63.02;18;128;[1.3, 1.57, 1.3, 1.0, 1.0];[1.0, 1.57, 1.57]
5;21750.28;542.083;3669.609;69.27;243.563;2044.588;3609.6;0.0;15494.0;33093.686;5721.456;-5621.95;20.227;18;128;[1.3, 1.57, 1.27, 1.0, 1.0];[1.0, 1.57, 1.513]
6;21633.153;531.433;3634.108;67.582;237.493;1994.612;3370.8;0.0;15473.0;33093.686;5721.456;-5739.077;18.584;18;128;[1.3, 1.57, 1.27, 1.3, 1.0];[1.0, 1.57, 1.762]
7;21554.384;510.379;3563.93;76.687;234.213;2228.075;3087.6;0.0;15252.0;33093.686;5721.456;-5817.846;110.801;18;128;[1.3, 1.57, 1.543, 1.3, 1.0];[1.3, 1.57, 1.762]
8;21554.384;510.379;3563.93;76.687;234.213;2228.075;3087.6;0.0;15252.0;33093.686;5721.456;-5817.846;24.98;18;128;[1.3, 1.57, 1.489, 1.3, 1.0];[1.3, 1.57, 1.686]
9;21554.384;510.379;3563.93;76.687;234.213;2228.075;3087.6;0.0;15252.0;33093.686;5721.456;-5817.846;12.852;18;128;[1.3, 1.57, 1.44, 1.3, 1.0];[1.3, 1.57, 1.617]
10;21411.456;508.89;3558.966;71.482;233.056;2091.6;3134.4;0.0;15252.0;33093.686;5721.456;-5960.774;108.614;18;128;[1.3, 1.57, 1.44, 1.57, 1.0];[1.3, 1.813, 1.617]
11;21411.456;508.89;3558.966;71.482;233.056;2091.6;3134.4;0.0;15252.0;33093.686;5721.456;-5960.774;25.323;18;128;[1.27, 1.57, 1.44, 1.57, 1.0];[1.3, 1.813, 1.555]
12;21411.456;508.89;3558.966;71.482;233.056;2091.6;3134.4;0.0;15252.0;33093.686;5721.456;-5960.774;14.583;18;128;[1.27, 1.513, 1.44, 1.57, 1.0];[1.3, 1.813, 1.5]
13;21374.826;518.062;3589.54;66.23;233.237;1955.224;3182.4;0.0;15312.0;33093.686;5721.456;-5997.404;9.042;18;128;[1.27, 1.513, 1.44, 1.813, 1.0];[1.3, 1.813, 1.75]
14;21275.612;524.399;3610.662;67.429;236.386;1989.551;2920.8;0.0;15151.0;33093.686;5721.456;-6096.618;15.064;18;128;[1.27, 1.513, 1.696, 1.813, 1.0];[1.3, 1.813, 1.975]
15;21116.191;519.641;3594.803;64.505;232.611;1909.747;3134.4;0.0;15092.0;33093.686;5721.456;-6256.039;14.93;18;128;[1.27, 1.762, 1.696, 1.813, 1.0];[1.3, 1.813, 2.178]
16;21086.236;514.398;3577.327;69.684;231.735;2043.511;2850.0;0.0;14951.0;33093.686;5721.456;-6285.994;55.627;18;128;[1.27, 1.762, 1.696, 2.032, 1.0];[1.3, 2.032, 2.178]
17;21023.162;503.538;3541.126;74.465;230.4;2166.499;2755.2;0.0;14812.0;33093.686;5721.456;-6349.068;63.323;18;128;[1.27, 1.762, 1.926, 2.032, 1.0];[1.3, 2.229, 2.178]
18;21023.162;503.538;3541.126;74.465;230.4;2166.499;2755.2;0.0;14812.0;33093.686;5721.456;-6349.068;84.824;18;128;[1.27, 1.686, 1.926, 2.032, 1.0];[1.3, 2.106, 2.178]
19;21023.162;503.538;3541.126;74.465;230.4;2166.499;2755.2;0.0;14812.0;33093.686;5721.456;-6349.068;9.468;18;128;[1.27, 1.686, 1.926, 1.929, 1.0];[1.3, 2.106, 2.06]
20;20826.707;511.019;3566.062;63.522;227.062;1878.627;3468.0;0.0;14871.0;33093.686;5721.456;-6545.523;132.575;18;128;[1.27, 1.686, 1.926, 1.929, 1.3];[1.57, 2.106, 2.06]
21;20826.707;511.019;3566.062;63.522;227.062;1878.627;3468.0;0.0;14871.0;33093.686;5721.456;-6545.523;61.089;18;128;[1.27, 1.617, 1.926, 1.929, 1.3];[1.513, 2.106, 2.06]
22;20826.707;511.019;3566.062;63.522;227.062;1878.627;3468.0;0.0;14871.0;33093.686;5721.456;-6545.523;9.405;18;128;[1.243, 1.617, 1.926, 1.929, 1.3];[1.513, 2.106, 1.954]
23;20713.207;510.551;3564.504;62.992;228.352;1866.151;3396.0;0.0;14772.0;33093.686;5721.456;-6659.023;61.212;18;128;[1.243, 1.617, 2.133, 1.929, 1.3];[1.513, 2.295, 1.954]
24;20572.926;503.71;3541.699;62.712;225.006;1855.517;3277.2;0.0;14672.0;33093.686;5721.456;-6799.304;50.888;18;128;[1.243, 1.617, 2.32, 1.929, 1.3];[1.762, 2.295, 1.954]
25;20572.926;503.71;3541.699;62.712;225.006;1855.517;3277.2;0.0;14672.0;33093.686;5721.456;-6799.304;19.164;18;128;[1.243, 1.555, 2.32, 1.929, 1.3];[1.686, 2.295, 1.954]
26;20572.926;503.71;3541.699;62.712;225.006;1855.517;3277.2;0.0;14672.0;33093.686;5721.456;-6799.304;10.753;18;128;[1.219, 1.555, 2.32, 1.929, 1.3];[1.686, 2.295, 1.859]
27;20572.926;503.71;3541.699;62.712;225.006;1855.517;3277.2;0.0;14672.0;33093.686;5721.456;-6799.304;9.294;18;128;[1.219, 1.555, 2.32, 1.836, 1.3];[1.686, 2.295, 1.773]
28;20413.004;499.027;3526.089;64.41;221.232;1895.888;3277.2;0.0;14492.0;33093.686;5721.456;-6959.226;54.206;18;128;[1.219, 1.8, 2.32, 1.836, 1.3];[1.686, 2.466, 1.773]
29;20413.004;499.027;3526.089;64.41;221.232;1895.888;3277.2;0.0;14492.0;33093.686;5721.456;-6959.226;11.674;18;128;[1.219, 1.8, 2.188, 1.836, 1.3];[1.686, 2.466, 1.696]
30;20413.004;499.027;3526.089;64.41;221.232;1895.888;3277.2;0.0;14492.0;33093.686;5721.456;-6959.226;28.121;18;128;[1.219, 1.8, 2.188, 1.752, 1.3];[1.686, 2.319, 1.696]
31;20295.833;491.788;3501.959;61.303;216.219;1810.086;3277.2;0.0;14492.0;33093.686;5721.456;-7076.397;59.313;18;128;[1.497, 1.8, 2.188, 1.752, 1.3];[1.686, 2.487, 1.696]
32;20180.776;498.095;3522.984;58.926;216.622;1748.697;3159.6;0.0;14411.0;33093.686;5721.456;-7191.454;39.044;18;128;[1.497, 1.8, 2.369, 1.752, 1.3];[1.686, 2.638, 1.696]
33;20180.241;497.981;3522.604;58.926;216.581;1748.656;3159.6;0.0;14411.0;33093.686;5721.456;-7191.989;24.495;18;128;[1.497, 2.02, 2.369, 1.752, 1.3];[1.917, 2.638, 1.696]
34;20180.241;497.981;3522.604;58.926;216.581;1748.656;3159.6;0.0;14411.0;33093.686;5721.456;-7191.989;11.84;18;128;[1.497, 2.02, 2.369, 1.677, 1.3];[1.917, 2.638, 1.626]
35;20180.241;497.981;3522.604;58.926;216.581;1748.656;3159.6;0.0;14411.0;33093.686;5721.456;-7191.989;54.175;18;128;[1.447, 2.02, 2.369, 1.677, 1.3];[1.917, 2.474, 1.626]
36;20180.241;497.981;3522.604;58.926;216.581;1748.656;3159.6;0.0;14411.0;33093.686;5721.456;-7191.989;26.516;18;128;[1.447, 1.918, 2.369, 1.677, 1.3];[1.917, 2.327, 1.626]
37;20180.241;497.981;3522.604;58.926;216.581;1748.656;3159.6;0.0;14411.0;33093.686;5721.456;-7191.989;8.99;18;128;[1.447, 1.918, 2.232, 1.677, 1.3];[1.917, 2.327, 1.563]
38;20180.241;497.981;3522.604;58.926;216.581;1748.656;3159.6;0.0;14411.0;33093.686;5721.456;-7191.989;32.719;18;128;[1.447, 1.918, 2.109, 1.677, 1.3];[1.825, 2.327, 1.563]
39;20180.241;497.981;3522.604;58.926;216.581;1748.656;3159.6;0.0;14411.0;33093.686;5721.456;-7191.989;71.916;18;128;[1.447, 2.026, 2.109, 1.677, 1.3];[1.825, 2.394, 1.563]
40;20163.776;482.132;3469.774;58.08;210.789;1720.87;3254.4;0.0;14491.0;33093.686;5721.456;-7208.454;5.952;18;128;[1.447, 2.026, 2.298, 1.677, 1.3];[1.825, 2.394, 1.807]
41;20064.845;468.594;3424.647;56.743;206.276;1681.604;3135.6;0.0;14490.0;33093.686;5721.456;-7307.385;78.889;18;128;[1.447, 2.026, 2.298, 1.677, 1.57];[2.042, 2.394, 1.807]
42;19906.149;452.379;3370.596;53.694;197.124;1593.174;3135.6;0.0;14490.0;33093.686;5721.456;-7466.081;60.614;18;128;[1.447, 2.026, 2.298, 1.677, 1.813];[2.238, 2.394, 1.807]
43;19906.149;452.379;3370.596;53.694;197.124;1593.174;3135.6;0.0;14490.0;33093.686;5721.456;-7466.081;11.476;18;128;[1.447, 2.123, 2.298, 1.677, 1.813];[2.238, 2.455, 1.807]
44;19906.149;452.379;3370.596;53.694;197.124;1593.174;3135.6;0.0;14490.0;33093.686;5721.456;-7466.081;7.865;18;128;[1.447, 2.123, 2.168, 1.677, 1.813];[2.238, 2.455, 1.726]
45;19906.149;452.379;3370.596;53.694;197.124;1593.174;3135.6;0.0;14490.0;33093.686;5721.456;-7466.081;24.127;18;128;[1.447, 2.123, 2.051, 1.677, 1.813];[2.114, 2.455, 1.726]
46;19906.149;452.379;3370.596;53.694;197.124;1593.174;3135.6;0.0;14490.0;33093.686;5721.456;-7466.081;11.304;18;128;[1.447, 2.123, 2.051, 1.677, 1.732];[2.114, 2.455, 1.653]
47;19803.13;449.884;3362.279;51.793;195.35;1541.968;3018.0;0.0;14449.0;33093.686;5721.456;-7569.1;72.44;18;128;[1.702, 2.123, 2.051, 1.677, 1.732];[2.114, 2.61, 1.653]
48;19803.13;449.884;3362.279;51.793;195.35;1541.968;3018.0;0.0;14449.0;33093.686;5721.456;-7569.1;61.308;18;128;[1.702, 2.123, 2.051, 1.677, 1.659];[2.114, 2.449, 1.653]
49;19803.13;449.884;3362.279;51.793;195.35;1541.968;3018.0;0.0;14449.0;33093.686;5721.456;-7569.1;38.309;18;128;[1.632, 2.123, 2.051, 1.677, 1.659];[2.003, 2.449, 1.653]
609constructshop:True depot:False weather:True;22487.095;557.462;3720.873;89.554;264.344;2592.76;3824.4;0.0;15616.0;33069.686;5745.456;-4837.135;253.139;19;128;[1.0, 1.0, 1.0, 1.0, 1.0];[1.0, 1.0, 1.0]
0;22384.448;555.672;3714.907;86.619;265.783;2517.869;3920.4;0.0;15596.0;33069.686;5745.456;-4939.782;95.27;18;128;[1.0, 1.0, 1.0, 1.3, 1.0];[1.0, 1.0, 1.3]
1;22280.679;545.224;3680.081;92.203;262.083;2659.374;3682.8;0.0;15396.0;33069.686;5745.456;-5043.551;170.118;18;128;[1.3, 1.0, 1.0, 1.3, 1.0];[1.3, 1.0, 1.3]
2;22248.99;543.087;3672.957;89.288;257.454;2578.945;3468.0;0.0;15454.0;33069.686;5745.456;-5075.24;156.003;18;128;[1.3, 1.0, 1.0, 1.57, 1.0];[1.57, 1.0, 1.3]
3;22248.99;543.087;3672.957;89.288;257.454;2578.945;3468.0;0.0;15454.0;33069.686;5745.456;-5075.24;37.425;18;128;[1.27, 1.0, 1.0, 1.57, 1.0];[1.57, 1.0, 1.27]
4;21967.628;519.884;3595.613;82.853;243.949;2398.131;3468.0;0.0;15454.0;33069.686;5745.456;-5356.602;5.942;18;128;[1.27, 1.3, 1.0, 1.57, 1.0];[1.57, 1.0, 1.543]
5;21765.44;499.461;3527.535;84.06;237.891;2423.444;3537.6;0.0;15315.0;33069.686;5745.456;-5558.79;44.149;18;128;[1.27, 1.3, 1.0, 1.57, 1.3];[1.57, 1.0, 1.789]
6;21707.954;524.904;3612.348;81.819;247.399;2374.702;3417.6;0.0;15196.0;33069.686;5745.456;-5616.276;22.214;18;128;[1.27, 1.3, 1.0, 1.813, 1.3];[1.57, 1.0, 2.01]
7;21433.656;530.369;3630.563;76.677;245.118;2238.725;3086.4;0.0;15034.0;33069.686;5745.456;-5890.574;58.524;18;128;[1.27, 1.3, 1.0, 2.032, 1.3];[1.813, 1.0, 2.01]
8;21433.656;530.369;3630.563;76.677;245.118;2238.725;3086.4;0.0;15034.0;33069.686;5745.456;-5890.574;123.717;18;128;[1.243, 1.3, 1.0, 2.032, 1.3];[1.813, 1.0, 2.01]
9;21433.656;530.369;3630.563;76.677;245.118;2238.725;3086.4;0.0;15034.0;33069.686;5745.456;-5890.574;22.508;18;128;[1.243, 1.3, 1.0, 2.032, 1.27];[1.813, 1.0, 1.909]
10;20891.362;513.714;3575.046;56.269;222.612;1685.602;3513.6;0.0;15117.0;33069.686;5745.456;-6432.868;16.277;18;128;[1.243, 1.3, 1.0, 2.032, 1.543];[1.813, 1.0, 2.118]
11;20671.733;482.723;3471.744;59.58;211.183;1760.266;3300.0;0.0;14957.0;33069.686;5745.456;-6652.497;19.403;18;128;[1.243, 1.3, 1.3, 2.032, 1.543];[1.813, 1.0, 2.306]
12;20671.733;482.723;3471.744;59.58;211.183;1760.266;3300.0;0.0;14957.0;33069.686;5745.456;-6652.497;11.638;18;128;[1.243, 1.3, 1.3, 1.929, 1.543];[1.813, 1.0, 2.175]
13;20541.116;485.0;3479.334;57.997;211.863;1719.782;3181.2;0.0;14857.0;33069.686;5745.456;-6783.114;83.805;18;128;[1.243, 1.3, 1.57, 1.929, 1.543];[1.813, 1.3, 2.175]
14;20541.116;485.0;3479.334;57.997;211.863;1719.782;3181.2;0.0;14857.0;33069.686;5745.456;-6783.114;73.193;18;128;[1.243, 1.27, 1.57, 1.929, 1.543];[1.732, 1.3, 2.175]
15;20541.116;485.0;3479.334;57.997;211.863;1719.782;3181.2;0.0;14857.0;33069.686;5745.456;-6783.114;29.569;18;128;[1.243, 1.27, 1.513, 1.929, 1.543];[1.732, 1.3, 2.057]
16;20541.116;485.0;3479.334;57.997;211.863;1719.782;3181.2;0.0;14857.0;33069.686;5745.456;-6783.114;111.826;18;128;[1.219, 1.27, 1.513, 1.929, 1.543];[1.732, 1.27, 2.057]
17;20322.772;497.966;3522.554;50.481;213.748;1526.251;3039.6;0.0;14776.0;33069.686;5745.456;-7001.458;135.933;18;128;[1.497, 1.27, 1.513, 1.929, 1.543];[1.732, 1.543, 2.057]
18;20322.772;497.966;3522.554;50.481;213.748;1526.251;3039.6;0.0;14776.0;33069.686;5745.456;-7001.458;24.55;18;128;[1.497, 1.27, 1.513, 1.929, 1.489];[1.732, 1.543, 1.951]
19;20322.772;497.966;3522.554;50.481;213.748;1526.251;3039.6;0.0;14776.0;33069.686;5745.456;-7001.458;131.444;18;128;[1.497, 1.27, 1.513, 1.929, 1.44];[1.732, 1.489, 1.951]
20;20322.772;497.966;3522.554;50.481;213.748;1526.251;3039.6;0.0;14776.0;33069.686;5745.456;-7001.458;97.519;18;128;[1.497, 1.27, 1.462, 1.929, 1.44];[1.732, 1.44, 1.951]
21;20322.772;497.966;3522.554;50.481;213.748;1526.251;3039.6;0.0;14776.0;33069.686;5745.456;-7001.458;7.501;18;128;[1.497, 1.27, 1.462, 1.836, 1.44];[1.732, 1.44, 1.856]
22;20322.772;497.966;3522.554;50.481;213.748;1526.251;3039.6;0.0;14776.0;33069.686;5745.456;-7001.458;13.538;18;128;[1.497, 1.27, 1.416, 1.836, 1.44];[1.732, 1.396, 1.856]
23;20322.772;497.966;3522.554;50.481;213.748;1526.251;3039.6;0.0;14776.0;33069.686;5745.456;-7001.458;16.293;18;128;[1.447, 1.27, 1.416, 1.836, 1.44];[1.732, 1.396, 1.77]
24;20322.772;497.966;3522.554;50.481;213.748;1526.251;3039.6;0.0;14776.0;33069.686;5745.456;-7001.458;6.65;18;128;[1.447, 1.27, 1.416, 1.836, 1.396];[1.732, 1.396, 1.693]
25;20322.772;497.966;3522.554;50.481;213.748;1526.251;3039.6;0.0;14776.0;33069.686;5745.456;-7001.458;33.785;18;128;[1.447, 1.27, 1.416, 1.752, 1.396];[1.659, 1.396, 1.693]
26;20322.772;497.966;3522.554;50.481;213.748;1526.251;3039.6;0.0;14776.0;33069.686;5745.456;-7001.458;18.252;18;128;[1.447, 1.243, 1.416, 1.752, 1.396];[1.659, 1.396, 1.624]
27;20322.772;497.966;3522.554;50.481;213.748;1526.251;3039.6;0.0;14776.0;33069.686;5745.456;-7001.458;55.33;18;128;[1.447, 1.419, 1.416, 1.752, 1.396];[1.793, 1.396, 1.624]
28;20322.772;497.966;3522.554;50.481;213.748;1526.251;3039.6;0.0;14776.0;33069.686;5745.456;-7001.458;29.031;18;128;[1.447, 1.419, 1.416, 1.677, 1.396];[1.714, 1.396, 1.624]
29;20322.772;497.966;3522.554;50.481;213.748;1526.251;3039.6;0.0;14776.0;33069.686;5745.456;-7001.458;39.129;18;128;[1.447, 1.419, 1.374, 1.677, 1.396];[1.714, 1.356, 1.624]
30;20322.772;497.966;3522.554;50.481;213.748;1526.251;3039.6;0.0;14776.0;33069.686;5745.456;-7001.458;12.944;18;128;[1.447, 1.419, 1.374, 1.609, 1.396];[1.643, 1.356, 1.624]
31;20322.772;497.966;3522.554;50.481;213.748;1526.251;3039.6;0.0;14776.0;33069.686;5745.456;-7001.458;15.535;18;128;[1.447, 1.377, 1.374, 1.609, 1.396];[1.643, 1.356, 1.562]
32;20322.772;497.966;3522.554;50.481;213.748;1526.251;3039.6;0.0;14776.0;33069.686;5745.456;-7001.458;65.358;18;128;[1.402, 1.377, 1.374, 1.609, 1.396];[1.579, 1.356, 1.562]
33;20322.772;497.966;3522.554;50.481;213.748;1526.251;3039.6;0.0;14776.0;33069.686;5745.456;-7001.458;14.317;18;128;[1.562, 1.377, 1.374, 1.609, 1.396];[1.579, 1.356, 1.706]
34;20322.772;497.966;3522.554;50.481;213.748;1526.251;3039.6;0.0;14776.0;33069.686;5745.456;-7001.458;19.104;18;128;[1.706, 1.377, 1.374, 1.609, 1.396];[1.579, 1.356, 1.835]
35;20322.772;497.966;3522.554;50.481;213.748;1526.251;3039.6;0.0;14776.0;33069.686;5745.456;-7001.458;114.962;18;128;[1.706, 1.377, 1.374, 1.609, 1.556];[1.579, 1.52, 1.835]
36;20322.772;497.966;3522.554;50.481;213.748;1526.251;3039.6;0.0;14776.0;33069.686;5745.456;-7001.458;57.656;18;128;[1.706, 1.377, 1.374, 1.548, 1.556];[1.579, 1.468, 1.835]
37;20322.772;497.966;3522.554;50.481;213.748;1526.251;3039.6;0.0;14776.0;33069.686;5745.456;-7001.458;70.526;18;128;[1.706, 1.377, 1.374, 1.548, 1.7];[1.579, 1.621, 1.835]
38;20322.772;497.966;3522.554;50.481;213.748;1526.251;3039.6;0.0;14776.0;33069.686;5745.456;-7001.458;13.898;18;128;[1.706, 1.377, 1.337, 1.548, 1.7];[1.579, 1.621, 1.752]
39;20322.772;497.966;3522.554;50.481;213.748;1526.251;3039.6;0.0;14776.0;33069.686;5745.456;-7001.458;18.628;18;128;[1.706, 1.377, 1.337, 1.493, 1.7];[1.579, 1.559, 1.752]
40;20297.383;486.882;3478.606;60.165;215.615;1779.896;3111.6;0.0;14552.0;33075.002;5740.14;-7037.479;59.66;18;128;[1.935, 1.377, 1.337, 1.493, 1.7];[1.821, 1.559, 1.752]
41;20220.527;486.603;3477.677;57.393;213.034;1705.248;3493.2;0.0;14551.0;33075.002;5740.14;-7114.335;40.013;18;128;[1.935, 1.377, 1.337, 1.493, 1.93];[2.039, 1.559, 1.752]
42;20220.527;486.603;3477.677;57.393;213.034;1705.248;3493.2;0.0;14551.0;33075.002;5740.14;-7114.335;23.335;18;128;[1.935, 1.377, 1.337, 1.444, 1.93];[1.935, 1.559, 1.752]
43;20220.527;486.603;3477.677;57.393;213.034;1705.248;3493.2;0.0;14551.0;33075.002;5740.14;-7114.335;40.197;18;128;[1.935, 1.377, 1.337, 1.444, 2.037];[2.042, 1.559, 1.752]
44;20220.527;486.603;3477.677;57.393;213.034;1705.248;3493.2;0.0;14551.0;33075.002;5740.14;-7114.335;63.785;18;128;[1.842, 1.377, 1.337, 1.444, 2.037];[2.042, 1.503, 1.752]
45;20220.527;486.603;3477.677;57.393;213.034;1705.248;3493.2;0.0;14551.0;33075.002;5740.14;-7114.335;12.636;18;128;[1.758, 1.377, 1.337, 1.444, 2.037];[2.042, 1.503, 1.677]
46;20220.527;486.603;3477.677;57.393;213.034;1705.248;3493.2;0.0;14551.0;33075.002;5740.14;-7114.335;29.41;18;128;[1.758, 1.377, 1.303, 1.444, 2.037];[2.042, 1.453, 1.677]
47;20220.527;486.603;3477.677;57.393;213.034;1705.248;3493.2;0.0;14551.0;33075.002;5740.14;-7114.335;52.921;18;128;[1.682, 1.377, 1.303, 1.444, 2.037];[1.938, 1.453, 1.677]
48;20220.527;486.603;3477.677;57.393;213.034;1705.248;3493.2;0.0;14551.0;33075.002;5740.14;-7114.335;5.164;18;128;[1.682, 1.377, 1.303, 1.4, 2.037];[1.938, 1.453, 1.609]
49;20220.527;486.603;3477.677;57.393;213.034;1705.248;3493.2;0.0;14551.0;33075.002;5740.14;-7114.335;11.573;18;128;[1.814, 1.377, 1.303, 1.4, 2.037];[1.938, 1.453, 1.748]
610constructshop:True depot:False weather:True;20839.109;527.107;3600.024;52.694;225.939;1595.978;3348.0;0.0;15116.0;32756.906;6058.236;-5859.561;264.399;19;128;[1.0, 1.0, 1.0, 1.0, 1.0];[1.0, 1.0, 1.0]
0;20820.273;512.752;3552.172;57.563;222.7;1719.349;3205.2;0.0;15036.0;32756.906;6058.236;-5878.397;62.029;19;128;[1.0, 1.0, 1.0, 1.3, 1.0];[1.0, 1.0, 1.3]
1;20820.273;512.752;3552.172;57.563;222.7;1719.349;3205.2;0.0;15036.0;32756.906;6058.236;-5878.397;23.743;19;128;[1.0, 1.0, 1.0, 1.27, 1.0];[1.0, 1.0, 1.27]
2;20820.273;512.752;3552.172;57.563;222.7;1719.349;3205.2;0.0;15036.0;32756.906;6058.236;-5878.397;170.136;19;128;[1.0, 1.0, 1.0, 1.27, 1.0];[1.0, 1.0, 1.27]
3;20820.273;512.752;3552.172;57.563;222.7;1719.349;3205.2;0.0;15036.0;32756.906;6058.236;-5878.397;103.274;19;128;[1.0, 1.0, 1.0, 1.443, 1.0];[1.2, 1.0, 1.27]
4;20820.273;512.752;3552.172;57.563;222.7;1719.349;3205.2;0.0;15036.0;32756.906;6058.236;-5878.397;22.239;19;128;[1.0, 1.0, 1.0, 1.443, 1.0];[1.2, 1.0, 1.243]
5;20810.785;523.851;3589.169;59.08;226.696;1762.765;3087.6;0.0;14935.0;32756.906;6058.236;-5887.885;167.402;19;128;[1.3, 1.0, 1.0, 1.443, 1.0];[1.2, 1.3, 1.243]
6;20789.609;519.357;3574.19;59.08;224.993;1761.062;3087.6;0.0;14935.0;32756.906;6058.236;-5909.061;29.398;19;128;[1.3, 1.0, 1.0, 1.699, 1.0];[1.48, 1.3, 1.243]
7;20732.858;516.013;3563.042;60.439;227.391;1798.803;3015.6;0.0;14855.0;32756.906;6058.236;-5965.812;134.775;19;128;[1.57, 1.0, 1.0, 1.699, 1.0];[1.732, 1.3, 1.243]
8;20473.854;509.124;3540.081;56.525;220.987;1690.648;3015.6;0.0;14734.0;32756.906;6058.236;-6224.816;221.676;19;128;[1.57, 1.0, 1.0, 1.699, 1.3];[1.959, 1.3, 1.243]
9;20396.119;507.438;3534.459;53.977;217.832;1621.222;2992.8;0.0;14733.0;32756.906;6058.236;-6302.551;111.439;19;128;[1.813, 1.0, 1.0, 1.699, 1.3];[2.163, 1.3, 1.243]
10;20356.98;510.037;3543.125;55.733;220.757;1669.817;3087.6;0.0;14634.0;32756.906;6058.236;-6341.69;20.144;19;128;[2.032, 1.0, 1.0, 1.699, 1.3];[2.163, 1.3, 1.519]
11;20356.98;510.037;3543.125;55.733;220.757;1669.817;3087.6;0.0;14634.0;32756.906;6058.236;-6341.69;11.137;19;128;[2.032, 1.0, 1.0, 1.699, 1.3];[2.163, 1.3, 1.467]
12;20356.98;510.037;3543.125;55.733;220.757;1669.817;3087.6;0.0;14634.0;32756.906;6058.236;-6341.69;97.783;19;128;[2.032, 1.0, 1.0, 1.699, 1.3];[2.163, 1.27, 1.467]
13;20318.133;512.89;3552.634;57.436;224.272;1717.609;3182.4;0.0;14535.0;32756.906;6058.236;-6380.537;55.741;19;128;[2.032, 1.0, 1.0, 1.929, 1.3];[2.163, 1.543, 1.467]
14;20318.133;512.89;3552.634;57.436;224.272;1717.609;3182.4;0.0;14535.0;32756.906;6058.236;-6380.537;24.458;19;128;[2.032, 1.0, 1.0, 2.036, 1.3];[2.163, 1.689, 1.467]
15;20318.133;512.89;3552.634;57.436;224.272;1717.609;3182.4;0.0;14535.0;32756.906;6058.236;-6380.537;10.079;19;128;[2.032, 1.0, 1.0, 1.932, 1.3];[2.163, 1.689, 1.42]
16;20318.133;512.89;3552.634;57.436;224.272;1717.609;3182.4;0.0;14535.0;32756.906;6058.236;-6380.537;24.56;19;128;[2.032, 1.0, 1.0, 2.039, 1.3];[2.163, 1.82, 1.42]
17;20174.953;487.968;3469.561;58.745;216.043;1743.424;2683.2;0.0;14474.0;32756.906;6058.236;-6523.717;106.916;19;128;[2.032, 1.0, 1.3, 2.039, 1.3];[2.163, 2.038, 1.42]
18;20174.953;487.968;3469.561;58.745;216.043;1743.424;2683.2;0.0;14474.0;32756.906;6058.236;-6523.717;56.885;19;128;[1.929, 1.0, 1.3, 2.039, 1.3];[2.163, 1.934, 1.42]
19;20171.261;499.567;3508.224;61.183;218.713;1809.47;2683.2;0.0;14354.0;32756.906;6058.236;-6527.409;23.234;19;128;[1.929, 1.3, 1.3, 2.039, 1.3];[2.347, 1.934, 1.42]
20;20171.261;499.567;3508.224;61.183;218.713;1809.47;2683.2;0.0;14354.0;32756.906;6058.236;-6527.409;82.569;19;128;[1.929, 1.3, 1.3, 2.039, 1.27];[2.347, 1.841, 1.42]
21;20171.261;499.567;3508.224;61.183;218.713;1809.47;2683.2;0.0;14354.0;32756.906;6058.236;-6527.409;59.048;19;128;[1.836, 1.3, 1.3, 2.039, 1.27];[2.212, 1.841, 1.42]
22;19829.625;490.645;3478.484;55.916;212.671;1666.496;2493.6;0.0;14194.0;32756.906;6058.236;-6869.045;51.083;19;128;[1.836, 1.57, 1.3, 2.039, 1.27];[2.391, 1.841, 1.42]
23;19829.625;490.645;3478.484;55.916;212.671;1666.496;2493.6;0.0;14194.0;32756.906;6058.236;-6869.045;35.025;19;128;[1.836, 1.57, 1.3, 2.039, 1.243];[2.391, 1.757, 1.42]
24;19829.625;490.645;3478.484;55.916;212.671;1666.496;2493.6;0.0;14194.0;32756.906;6058.236;-6869.045;29.51;19;128;[1.836, 1.57, 1.3, 1.935, 1.243];[2.252, 1.757, 1.42]
25;19829.625;490.645;3478.484;55.916;212.671;1666.496;2493.6;0.0;14194.0;32756.906;6058.236;-6869.045;18.926;19;128;[1.836, 1.57, 1.27, 1.935, 1.243];[2.252, 1.757, 1.378]
26;19829.625;490.645;3478.484;55.916;212.671;1666.496;2493.6;0.0;14194.0;32756.906;6058.236;-6869.045;4.775;19;128;[1.836, 1.57, 1.27, 1.842, 1.243];[2.252, 1.757, 1.34]
27;19829.625;490.645;3478.484;55.916;212.671;1666.496;2493.6;0.0;14194.0;32756.906;6058.236;-6869.045;39.024;19;128;[1.836, 1.57, 1.243, 1.842, 1.243];[2.252, 1.681, 1.34]
28;19829.625;490.645;3478.484;55.916;212.671;1666.496;2493.6;0.0;14194.0;32756.906;6058.236;-6869.045;71.662;19;128;[1.752, 1.57, 1.243, 1.842, 1.243];[2.252, 1.613, 1.34]
29;19829.625;490.645;3478.484;55.916;212.671;1666.496;2493.6;0.0;14194.0;32756.906;6058.236;-6869.045;65.574;19;128;[1.677, 1.57, 1.243, 1.842, 1.243];[2.252, 1.552, 1.34]
30;19829.625;490.645;3478.484;55.916;212.671;1666.496;2493.6;0.0;14194.0;32756.906;6058.236;-6869.045;19.444;19;128;[1.677, 1.713, 1.243, 1.842, 1.243];[2.252, 1.697, 1.34]
31;19829.625;490.645;3478.484;55.916;212.671;1666.496;2493.6;0.0;14194.0;32756.906;6058.236;-6869.045;12.123;19;128;[1.609, 1.713, 1.243, 1.842, 1.243];[2.252, 1.697, 1.306]
32;19829.625;490.645;3478.484;55.916;212.671;1666.496;2493.6;0.0;14194.0;32756.906;6058.236;-6869.045;13.118;19;128;[1.609, 1.713, 1.243, 1.842, 1.219];[2.252, 1.697, 1.275]
33;19829.625;490.645;3478.484;55.916;212.671;1666.496;2493.6;0.0;14194.0;32756.906;6058.236;-6869.045;19.178;19;128;[1.609, 1.713, 1.243, 1.958, 1.219];[2.327, 1.697, 1.275]
34;19829.625;490.645;3478.484;55.916;212.671;1666.496;2493.6;0.0;14194.0;32756.906;6058.236;-6869.045;69.176;19;128;[1.609, 1.713, 1.243, 1.958, 1.197];[2.327, 1.627, 1.275]
35;19829.625;490.645;3478.484;55.916;212.671;1666.496;2493.6;0.0;14194.0;32756.906;6058.236;-6869.045;8.776;19;128;[1.609, 1.713, 1.243, 1.862, 1.197];[2.194, 1.627, 1.275]
36;19829.625;490.645;3478.484;55.916;212.671;1666.496;2493.6;0.0;14194.0;32756.906;6058.236;-6869.045;59.854;19;128;[1.609, 1.842, 1.243, 1.862, 1.197];[2.275, 1.627, 1.275]
37;19829.625;490.645;3478.484;55.916;212.671;1666.496;2493.6;0.0;14194.0;32756.906;6058.236;-6869.045;37.614;19;128;[1.609, 1.842, 1.243, 1.862, 1.177];[2.275, 1.564, 1.275]
38;19829.625;490.645;3478.484;55.916;212.671;1666.496;2493.6;0.0;14194.0;32756.906;6058.236;-6869.045;9.751;19;128;[1.609, 1.958, 1.243, 1.862, 1.177];[2.348, 1.564, 1.275]
39;19829.625;490.645;3478.484;55.916;212.671;1666.496;2493.6;0.0;14194.0;32756.906;6058.236;-6869.045;30.427;19;128;[1.609, 1.958, 1.243, 1.862, 1.159];[2.213, 1.564, 1.275]
40;19829.625;490.645;3478.484;55.916;212.671;1666.496;2493.6;0.0;14194.0;32756.906;6058.236;-6869.045;8.48;19;128;[1.548, 1.958, 1.243, 1.862, 1.159];[2.213, 1.564, 1.248]
41;19829.625;490.645;3478.484;55.916;212.671;1666.496;2493.6;0.0;14194.0;32756.906;6058.236;-6869.045;35.502;19;128;[1.693, 1.958, 1.243, 1.862, 1.159];[2.292, 1.564, 1.248]
42;19829.625;490.645;3478.484;55.916;212.671;1666.496;2493.6;0.0;14194.0;32756.906;6058.236;-6869.045;9.6;19;128;[1.693, 2.062, 1.243, 1.862, 1.159];[2.363, 1.564, 1.248]
43;19829.625;490.645;3478.484;55.916;212.671;1666.496;2493.6;0.0;14194.0;32756.906;6058.236;-6869.045;28.88;19;128;[1.693, 2.156, 1.243, 1.862, 1.159];[2.427, 1.564, 1.248]
44;19829.625;490.645;3478.484;55.916;212.671;1666.496;2493.6;0.0;14194.0;32756.906;6058.236;-6869.045;38.785;19;128;[1.624, 2.156, 1.243, 1.862, 1.159];[2.427, 1.508, 1.248]
45;19829.625;490.645;3478.484;55.916;212.671;1666.496;2493.6;0.0;14194.0;32756.906;6058.236;-6869.045;40.617;19;128;[1.762, 2.156, 1.243, 1.862, 1.159];[2.484, 1.508, 1.248]
46;19829.625;490.645;3478.484;55.916;212.671;1666.496;2493.6;0.0;14194.0;32756.906;6058.236;-6869.045;34.909;19;128;[1.762, 2.24, 1.243, 1.862, 1.159];[2.536, 1.508, 1.248]
47;19829.625;490.645;3478.484;55.916;212.671;1666.496;2493.6;0.0;14194.0;32756.906;6058.236;-6869.045;56.375;19;128;[1.762, 2.24, 1.243, 1.862, 1.143];[2.382, 1.508, 1.248]
48;19829.625;490.645;3478.484;55.916;212.671;1666.496;2493.6;0.0;14194.0;32756.906;6058.236;-6869.045;18.517;19;128;[1.762, 2.24, 1.243, 1.976, 1.143];[2.444, 1.508, 1.248]
49;19829.625;490.645;3478.484;55.916;212.671;1666.496;2493.6;0.0;14194.0;32756.906;6058.236;-6869.045;40.609;19;128;[1.886, 2.24, 1.243, 1.976, 1.143];[2.444, 1.657, 1.248]
611constructshop:True depot:False weather:True;20798.288;502.395;3532.652;51.368;212.661;1548.241;3322.8;0.0;15215.0;33032.402;5782.74;-6451.374;249.251;19;128;[1.0, 1.0, 1.0, 1.0, 1.0];[1.0, 1.0, 1.0]
0;20798.288;502.395;3532.652;51.368;212.661;1548.241;3322.8;0.0;15215.0;33032.402;5782.74;-6451.374;391.315;19;128;[1.0, 1.0, 1.0, 1.0, 1.0];[1.0, 1.0, 1.0]
1;20798.288;502.395;3532.652;51.368;212.661;1548.241;3322.8;0.0;15215.0;33032.402;5782.74;-6451.374;110.287;19;128;[1.0, 1.0, 1.0, 1.0, 1.0];[1.0, 1.0, 1.0]
2;20798.288;502.395;3532.652;51.368;212.661;1548.241;3322.8;0.0;15215.0;33032.402;5782.74;-6451.374;24.539;19;128;[1.0, 1.2, 1.0, 1.0, 1.0];[1.0, 1.0, 1.2]
3;20798.288;502.395;3532.652;51.368;212.661;1548.241;3322.8;0.0;15215.0;33032.402;5782.74;-6451.374;26.853;19;128;[1.0, 1.2, 1.0, 1.0, 1.0];[1.0, 1.0, 1.18]
4;20798.288;502.395;3532.652;51.368;212.661;1548.241;3322.8;0.0;15215.0;33032.402;5782.74;-6451.374;144.199;19;128;[1.0, 1.2, 1.0, 1.0, 1.0];[1.0, 1.0, 1.18]
5;20798.288;502.395;3532.652;51.368;212.661;1548.241;3322.8;0.0;15215.0;33032.402;5782.74;-6451.374;24.775;19;128;[1.0, 1.2, 1.0, 1.0, 1.0];[1.0, 1.0, 1.162]
6;20798.288;502.395;3532.652;51.368;212.661;1548.241;3322.8;0.0;15215.0;33032.402;5782.74;-6451.374;27.045;19;128;[1.2, 1.2, 1.0, 1.0, 1.0];[1.0, 1.0, 1.346]
7;20798.288;502.395;3532.652;51.368;212.661;1548.241;3322.8;0.0;15215.0;33032.402;5782.74;-6451.374;86.973;19;128;[1.2, 1.2, 1.0, 1.0, 1.0];[1.0, 1.0, 1.346]
8;20798.288;502.395;3532.652;51.368;212.661;1548.241;3322.8;0.0;15215.0;33032.402;5782.74;-6451.374;22.312;19;128;[1.38, 1.2, 1.0, 1.0, 1.0];[1.0, 1.0, 1.511]
9;20798.288;502.395;3532.652;51.368;212.661;1548.241;3322.8;0.0;15215.0;33032.402;5782.74;-6451.374;116.533;19;128;[1.342, 1.2, 1.0, 1.0, 1.0];[1.0, 1.0, 1.511]
10;20798.288;502.395;3532.652;51.368;212.661;1548.241;3322.8;0.0;15215.0;33032.402;5782.74;-6451.374;19.26;19;128;[1.342, 1.2, 1.0, 1.0, 1.0];[1.0, 1.0, 1.46]
11;21420.888;502.599;3552.996;68.091;222.932;1993.294;3608.4;0.0;15372.0;33345.182;5469.96;-6454.334;102.283;17;128;[1.342, 1.2, 1.0, 1.3, 1.0];[1.3, 1.0, 1.46]
12;21409.707;500.284;3545.28;68.091;221.781;1992.143;3608.4;0.0;15372.0;33345.182;5469.96;-6465.515;16.147;17;128;[1.342, 1.2, 1.0, 1.57, 1.0];[1.57, 1.0, 1.46]
13;21409.707;500.284;3545.28;68.091;221.781;1992.143;3608.4;0.0;15372.0;33345.182;5469.96;-6465.515;104.994;17;128;[1.342, 1.2, 1.0, 1.57, 1.0];[1.57, 1.0, 1.46]
14;21409.707;500.284;3545.28;68.091;221.781;1992.143;3608.4;0.0;15372.0;33345.182;5469.96;-6465.515;14.84;17;128;[1.342, 1.2, 1.0, 1.57, 1.0];[1.57, 1.0, 1.414]
15;21409.707;500.284;3545.28;68.091;221.781;1992.143;3608.4;0.0;15372.0;33345.182;5469.96;-6465.515;103.537;17;128;[1.342, 1.38, 1.0, 1.57, 1.0];[1.713, 1.0, 1.414]
16;21295.55;478.001;3504.003;65.667;212.211;1919.545;4132.8;0.0;15394.0;33423.698;5391.444;-6736.704;19.062;17;128;[1.342, 1.642, 1.0, 1.57, 1.0];[1.713, 1.0, 1.673]
17;21295.55;478.001;3504.003;65.667;212.211;1919.545;4132.8;0.0;15394.0;33423.698;5391.444;-6736.704;10.395;17;128;[1.342, 1.642, 1.0, 1.57, 1.0];[1.713, 1.0, 1.606]
18;20991.213;474.14;3491.135;61.714;208.382;1812.938;4132.8;0.0;15213.0;33423.698;5391.444;-7041.041;88.801;17;128;[1.342, 1.878, 1.0, 1.57, 1.0];[1.942, 1.0, 1.606]
19;20991.213;474.14;3491.135;61.714;208.382;1812.938;4132.8;0.0;15213.0;33423.698;5391.444;-7041.041;167.778;17;128;[1.342, 1.878, 1.0, 1.57, 1.0];[1.942, 1.0, 1.606]
20;20991.213;474.14;3491.135;61.714;208.382;1812.938;4132.8;0.0;15213.0;33423.698;5391.444;-7041.041;78.141;17;128;[1.342, 1.79, 1.0, 1.57, 1.0];[1.848, 1.0, 1.606]
21;20991.213;474.14;3491.135;61.714;208.382;1812.938;4132.8;0.0;15213.0;33423.698;5391.444;-7041.041;35.992;17;128;[1.342, 1.79, 1.0, 1.57, 1.0];[1.763, 1.0, 1.606]
22;20991.213;474.14;3491.135;61.714;208.382;1812.938;4132.8;0.0;15213.0;33423.698;5391.444;-7041.041;3.408;17;128;[1.342, 1.911, 1.0, 1.57, 1.0];[1.763, 1.0, 1.745]
23;20991.213;474.14;3491.135;61.714;208.382;1812.938;4132.8;0.0;15213.0;33423.698;5391.444;-7041.041;25.724;17;128;[1.342, 2.02, 1.0, 1.57, 1.0];[1.763, 1.2, 1.745]
24;20900.387;486.344;3491.813;58.488;212.549;1733.231;3944.4;0.0;15189.0;33422.498;5392.644;-7129.467;68.728;17;128;[1.608, 2.02, 1.0, 1.57, 1.0];[1.763, 1.48, 1.745]
25;20900.387;486.344;3491.813;58.488;212.549;1733.231;3944.4;0.0;15189.0;33422.498;5392.644;-7129.467;50.478;17;128;[1.608, 2.02, 1.0, 1.513, 1.0];[1.763, 1.432, 1.745]
26;20900.387;486.344;3491.813;58.488;212.549;1733.231;3944.4;0.0;15189.0;33422.498;5392.644;-7129.467;77.37;17;128;[1.608, 2.02, 1.0, 1.513, 1.2];[1.887, 1.432, 1.745]
27;20900.387;486.344;3491.813;58.488;212.549;1733.231;3944.4;0.0;15189.0;33422.498;5392.644;-7129.467;19.348;17;128;[1.608, 2.02, 1.0, 1.662, 1.2];[1.887, 1.432, 1.871]
28;20705.259;463.69;3416.3;59.723;202.474;1755.269;4063.2;0.0;15070.0;33422.498;5392.644;-7324.595;38.816;17;128;[1.608, 2.02, 1.0, 1.896, 1.2];[1.887, 1.689, 1.871]
29;20439.837;473.464;3448.879;47.814;201.343;1444.494;3753.6;0.0;15073.0;33422.498;5392.644;-7590.017;14.549;17;128;[1.608, 2.218, 1.0, 1.896, 1.2];[1.887, 1.689, 2.084]
30;20439.837;473.464;3448.879;47.814;201.343;1444.494;3753.6;0.0;15073.0;33422.498;5392.644;-7590.017;56.148;17;128;[1.547, 2.218, 1.0, 1.896, 1.2];[1.798, 1.689, 2.084]
31;20439.837;473.464;3448.879;47.814;201.343;1444.494;3753.6;0.0;15073.0;33422.498;5392.644;-7590.017;37.494;17;128;[1.547, 2.096, 1.0, 1.896, 1.2];[1.798, 1.62, 2.084]
32;20439.837;473.464;3448.879;47.814;201.343;1444.494;3753.6;0.0;15073.0;33422.498;5392.644;-7590.017;41.641;17;128;[1.547, 2.096, 1.0, 1.896, 1.2];[1.798, 1.558, 2.084]
33;20439.837;473.464;3448.879;47.814;201.343;1444.494;3753.6;0.0;15073.0;33422.498;5392.644;-7590.017;54.162;17;128;[1.492, 2.096, 1.0, 1.896, 1.2];[1.718, 1.558, 2.084]
34;20439.837;473.464;3448.879;47.814;201.343;1444.494;3753.6;0.0;15073.0;33422.498;5392.644;-7590.017;19.113;17;128;[1.492, 2.096, 1.0, 1.806, 1.2];[1.646, 1.558, 2.084]
35;20439.837;473.464;3448.879;47.814;201.343;1444.494;3753.6;0.0;15073.0;33422.498;5392.644;-7590.017;17.51;17;128;[1.492, 2.096, 1.0, 1.806, 1.18];[1.646, 1.558, 1.976]
36;20439.837;473.464;3448.879;47.814;201.343;1444.494;3753.6;0.0;15073.0;33422.498;5392.644;-7590.017;53.077;17;128;[1.492, 2.096, 1.0, 1.806, 1.162];[1.646, 1.502, 1.976]
37;20439.837;473.464;3448.879;47.814;201.343;1444.494;3753.6;0.0;15073.0;33422.498;5392.644;-7590.017;46.781;17;128;[1.643, 2.096, 1.0, 1.806, 1.162];[1.781, 1.502, 1.976]
38;20439.837;473.464;3448.879;47.814;201.343;1444.494;3753.6;0.0;15073.0;33422.498;5392.644;-7590.017;82.794;17;128;[1.643, 2.186, 1.0, 1.806, 1.162];[1.781, 1.652, 1.976]
39;20430.863;487.652;3496.173;61.576;215.054;1816.038;3397.2;0.0;14631.0;33422.498;5392.644;-7598.991;53.644;17;128;[1.879, 2.186, 1.0, 1.806, 1.162];[1.781, 1.887, 1.976]
40;20430.863;487.652;3496.173;61.576;215.054;1816.038;3397.2;0.0;14631.0;33422.498;5392.644;-7598.991;17.273;17;128;[1.879, 2.267, 1.0, 1.806, 1.162];[1.903, 1.887, 1.976]
41;20430.863;487.652;3496.173;61.576;215.054;1816.038;3397.2;0.0;14631.0;33422.498;5392.644;-7598.991;16.511;17;128;[1.879, 2.267, 1.0, 1.806, 1.162];[1.903, 1.798, 1.976]
42;20430.863;487.652;3496.173;61.576;215.054;1816.038;3397.2;0.0;14631.0;33422.498;5392.644;-7598.991;11.145;17;128;[1.879, 2.14, 1.0, 1.806, 1.162];[1.813, 1.798, 1.976]
43;20430.863;487.652;3496.173;61.576;215.054;1816.038;3397.2;0.0;14631.0;33422.498;5392.644;-7598.991;46.459;17;128;[1.879, 2.14, 1.0, 1.806, 1.146];[1.813, 1.718, 1.976]
44;20430.863;487.652;3496.173;61.576;215.054;1816.038;3397.2;0.0;14631.0;33422.498;5392.644;-7598.991;14.094;17;128;[1.879, 2.14, 1.0, 1.806, 1.146];[1.813, 1.718, 1.878]
45;20430.863;487.652;3496.173;61.576;215.054;1816.038;3397.2;0.0;14631.0;33422.498;5392.644;-7598.991;6.853;17;128;[1.879, 2.14, 1.0, 1.806, 1.131];[1.813, 1.718, 1.79]
46;20430.863;487.652;3496.173;61.576;215.054;1816.038;3397.2;0.0;14631.0;33422.498;5392.644;-7598.991;3.343;17;128;[1.879, 2.14, 1.0, 1.806, 1.131];[1.813, 1.718, 1.711]
47;20077.806;475.974;3457.248;50.38;203.714;1513.584;3397.2;0.0;14631.0;33422.498;5392.644;-7952.048;15.155;17;128;[1.879, 2.14, 1.3, 1.806, 1.131];[2.032, 1.718, 1.711]
48;20077.806;475.974;3457.248;50.38;203.714;1513.584;3397.2;0.0;14631.0;33422.498;5392.644;-7952.048;42.538;17;128;[1.879, 2.026, 1.3, 1.806, 1.131];[1.929, 1.718, 1.711]
49;20077.806;475.974;3457.248;50.38;203.714;1513.584;3397.2;0.0;14631.0;33422.498;5392.644;-7952.048;54.276;17;128;[1.791, 2.026, 1.3, 1.806, 1.131];[1.836, 1.718, 1.711]
612constructshop:True depot:False weather:True;20838.003;511.995;3588.317;66.608;225.895;1957.691;2988.0;0.0;14780.0;32742.838;6072.304;-5832.531;270.779;19;128;[1.0, 1.0, 1.0, 1.0, 1.0];[1.0, 1.0, 1.0]
0;20927.315;531.205;3652.35;72.559;239.224;2125.76;2703.6;0.0;14618.0;32801.838;6013.304;-5861.219;243.78;19;128;[1.0, 1.0, 1.3, 1.0, 1.0];[1.0, 1.3, 1.0]
1;20893.053;520.389;3622.296;70.247;228.951;2055.368;2682.0;0.0;14695.0;32992.266;5822.876;-6276.337;129.997;18;128;[1.0, 1.0, 1.3, 1.3, 1.0];[1.0, 1.57, 1.0]
2;20893.053;520.389;3622.296;70.247;228.951;2055.368;2682.0;0.0;14695.0;32992.266;5822.876;-6276.337;154.554;18;128;[1.0, 1.0, 1.27, 1.3, 1.0];[1.0, 1.513, 1.0]
3;20893.053;520.389;3622.296;70.247;228.951;2055.368;2682.0;0.0;14695.0;32992.266;5822.876;-6276.337;63.703;18;128;[1.0, 1.0, 1.243, 1.3, 1.0];[1.0, 1.513, 1.0]
4;20893.053;520.389;3622.296;70.247;228.951;2055.368;2682.0;0.0;14695.0;32992.266;5822.876;-6276.337;13.354;18;128;[1.0, 1.0, 1.243, 1.27, 1.0];[1.0, 1.513, 1.0]
5;20893.053;520.389;3622.296;70.247;228.951;2055.368;2682.0;0.0;14695.0;32992.266;5822.876;-6276.337;26.456;18;128;[1.2, 1.0, 1.243, 1.27, 1.0];[1.0, 1.513, 1.2]
6;20893.053;520.389;3622.296;70.247;228.951;2055.368;2682.0;0.0;14695.0;32992.266;5822.876;-6276.337;109.179;18;128;[1.2, 1.2, 1.243, 1.27, 1.0];[1.0, 1.662, 1.2]
7;20893.053;520.389;3622.296;70.247;228.951;2055.368;2682.0;0.0;14695.0;32992.266;5822.876;-6276.337;177.127;18;128;[1.2, 1.2, 1.243, 1.27, 1.2];[1.2, 1.662, 1.2]
8;20893.053;520.389;3622.296;70.247;228.951;2055.368;2682.0;0.0;14695.0;32992.266;5822.876;-6276.337;58.234;18;128;[1.2, 1.2, 1.243, 1.443, 1.2];[1.38, 1.662, 1.2]
9;20893.053;520.389;3622.296;70.247;228.951;2055.368;2682.0;0.0;14695.0;32992.266;5822.876;-6276.337;10.922;18;128;[1.2, 1.2, 1.243, 1.399, 1.2];[1.38, 1.662, 1.18]
10;20893.053;520.389;3622.296;70.247;228.951;2055.368;2682.0;0.0;14695.0;32992.266;5822.876;-6276.337;67.796;18;128;[1.2, 1.38, 1.243, 1.399, 1.2];[1.542, 1.662, 1.18]
11;20252.572;489.294;3473.981;57.771;212.252;1714.296;2589.6;0.0;14575.0;32756.906;6058.236;-6446.098;99.359;19;128;[1.48, 1.38, 1.243, 1.399, 1.2];[1.788, 1.662, 1.18]
12;20252.572;489.294;3473.981;57.771;212.252;1714.296;2589.6;0.0;14575.0;32756.906;6058.236;-6446.098;58.677;19;128;[1.48, 1.342, 1.243, 1.399, 1.2];[1.788, 1.596, 1.18]
13;20037.302;471.834;3415.781;56.715;202.104;1676.687;2352.0;0.0;14473.0;32756.906;6058.236;-6661.368;69.163;19;128;[1.48, 1.342, 1.519, 1.399, 1.2];[2.009, 1.596, 1.18]
14;20031.461;467.104;3400.012;57.368;200.777;1692.345;2281.2;0.0;14472.0;32756.906;6058.236;-6667.209;103.624;19;128;[1.732, 1.342, 1.519, 1.399, 1.2];[2.009, 1.836, 1.18]
15;19940.081;462.608;3385.026;59.349;197.377;1740.447;2138.4;0.0;14352.0;32756.906;6058.236;-6758.589;77.027;19;128;[1.959, 1.342, 1.519, 1.399, 1.2];[2.009, 2.052, 1.18]
16;19940.081;462.608;3385.026;59.349;197.377;1740.447;2138.4;0.0;14352.0;32756.906;6058.236;-6758.589;52.302;19;128;[1.959, 1.342, 1.467, 1.399, 1.2];[2.009, 1.947, 1.18]
17;19940.081;462.608;3385.026;59.349;197.377;1740.447;2138.4;0.0;14352.0;32756.906;6058.236;-6758.589;10.467;19;128;[1.959, 1.342, 1.62, 1.399, 1.2];[2.009, 2.052, 1.18]
18;19907.293;454.945;3359.483;59.474;194.54;1740.865;2138.4;0.0;14352.0;32756.906;6058.236;-6791.377;63.558;19;128;[1.959, 1.342, 1.62, 1.399, 1.48];[2.208, 2.052, 1.18]
19;19907.293;454.945;3359.483;59.474;194.54;1740.865;2138.4;0.0;14352.0;32756.906;6058.236;-6791.377;91.465;19;128;[1.863, 1.342, 1.62, 1.399, 1.48];[2.208, 1.947, 1.18]
20;19907.293;454.945;3359.483;59.474;194.54;1740.865;2138.4;0.0;14352.0;32756.906;6058.236;-6791.377;26.239;19;128;[1.863, 1.342, 1.62, 1.359, 1.48];[2.208, 1.852, 1.18]
21;19907.293;454.945;3359.483;59.474;194.54;1740.865;2138.4;0.0;14352.0;32756.906;6058.236;-6791.377;11.927;19;128;[1.863, 1.342, 1.558, 1.359, 1.48];[2.087, 1.852, 1.18]
22;19907.293;454.945;3359.483;59.474;194.54;1740.865;2138.4;0.0;14352.0;32756.906;6058.236;-6791.377;7.632;19;128;[1.863, 1.342, 1.702, 1.359, 1.48];[2.178, 1.852, 1.18]
23;19837.455;472.583;3418.278;53.548;202.342;1594.594;2138.4;0.0;14352.0;32756.906;6058.236;-6861.215;8.83;19;128;[1.863, 1.342, 1.702, 1.623, 1.48];[2.178, 1.852, 1.462]
24;19837.455;472.583;3418.278;53.548;202.342;1594.594;2138.4;0.0;14352.0;32756.906;6058.236;-6861.215;14.977;19;128;[1.863, 1.342, 1.702, 1.561, 1.48];[2.178, 1.767, 1.462]
25;19780.648;452.726;3352.086;55.089;191.526;1623.837;2138.4;0.0;14352.0;32756.906;6058.236;-6918.022;10.473;19;128;[1.863, 1.342, 1.702, 1.805, 1.48];[2.36, 1.767, 1.462]
26;19780.648;452.726;3352.086;55.089;191.526;1623.837;2138.4;0.0;14352.0;32756.906;6058.236;-6918.022;41.526;19;128;[1.863, 1.342, 1.702, 1.805, 1.432];[2.224, 1.767, 1.462]
27;19780.648;452.726;3352.086;55.089;191.526;1623.837;2138.4;0.0;14352.0;32756.906;6058.236;-6918.022;55.05;19;128;[1.977, 1.342, 1.702, 1.805, 1.432];[2.224, 1.89, 1.462]
28;19636.934;436.55;3298.165;54.684;188.438;1610.219;2210.4;0.0;14292.0;32756.906;6058.236;-7061.736;82.79;19;128;[2.179, 1.342, 1.702, 1.805, 1.432];[2.224, 2.101, 1.462]
29;19636.934;436.55;3298.165;54.684;188.438;1610.219;2210.4;0.0;14292.0;32756.906;6058.236;-7061.736;28.482;19;128;[2.179, 1.342, 1.702, 1.725, 1.432];[2.102, 2.101, 1.462]
30;19636.934;436.55;3298.165;54.684;188.438;1610.219;2210.4;0.0;14292.0;32756.906;6058.236;-7061.736;16.48;19;128;[2.179, 1.342, 1.632, 1.725, 1.432];[2.102, 2.101, 1.416]
31;19636.934;436.55;3298.165;54.684;188.438;1610.219;2210.4;0.0;14292.0;32756.906;6058.236;-7061.736;12.357;19;128;[2.179, 1.308, 1.632, 1.725, 1.432];[2.102, 1.991, 1.416]
32;19636.934;436.55;3298.165;54.684;188.438;1610.219;2210.4;0.0;14292.0;32756.906;6058.236;-7061.736;52.994;19;128;[2.061, 1.308, 1.632, 1.725, 1.432];[2.102, 1.892, 1.416]
33;19636.934;436.55;3298.165;54.684;188.438;1610.219;2210.4;0.0;14292.0;32756.906;6058.236;-7061.736;59.38;19;128;[2.061, 1.308, 1.632, 1.725, 1.589];[2.192, 1.892, 1.416]
34;19636.934;436.55;3298.165;54.684;188.438;1610.219;2210.4;0.0;14292.0;32756.906;6058.236;-7061.736;30.11;19;128;[2.061, 1.308, 1.632, 1.853, 1.589];[2.192, 2.003, 1.416]
35;19636.934;436.55;3298.165;54.684;188.438;1610.219;2210.4;0.0;14292.0;32756.906;6058.236;-7061.736;45.729;19;128;[2.061, 1.277, 1.632, 1.853, 1.589];[2.073, 2.003, 1.416]
36;19636.934;436.55;3298.165;54.684;188.438;1610.219;2210.4;0.0;14292.0;32756.906;6058.236;-7061.736;14.664;19;128;[2.061, 1.277, 1.632, 1.968, 1.589];[2.166, 2.003, 1.416]
37;19636.934;436.55;3298.165;54.684;188.438;1610.219;2210.4;0.0;14292.0;32756.906;6058.236;-7061.736;8.149;19;128;[2.061, 1.277, 1.632, 2.071, 1.589];[2.166, 2.103, 1.416]
38;19636.934;436.55;3298.165;54.684;188.438;1610.219;2210.4;0.0;14292.0;32756.906;6058.236;-7061.736;8.214;19;128;[2.061, 1.277, 1.632, 2.164, 1.589];[2.249, 2.103, 1.416]
39;19636.934;436.55;3298.165;54.684;188.438;1610.219;2210.4;0.0;14292.0;32756.906;6058.236;-7061.736;58.141;19;128;[2.061, 1.277, 1.632, 2.164, 1.53];[2.249, 1.993, 1.416]
40;19636.934;436.55;3298.165;54.684;188.438;1610.219;2210.4;0.0;14292.0;32756.906;6058.236;-7061.736;45.138;19;128;[2.155, 1.277, 1.632, 2.164, 1.53];[2.324, 1.993, 1.416]
41;19636.934;436.55;3298.165;54.684;188.438;1610.219;2210.4;0.0;14292.0;32756.906;6058.236;-7061.736;10.295;19;128;[2.155, 1.277, 1.632, 2.248, 1.53];[2.324, 2.094, 1.416]
42;19636.934;436.55;3298.165;54.684;188.438;1610.219;2210.4;0.0;14292.0;32756.906;6058.236;-7061.736;25.872;19;128;[2.155, 1.277, 1.632, 2.248, 1.477];[2.192, 2.094, 1.416]
43;19602.052;451.013;3346.375;50.915;188.887;1512.665;2210.4;0.0;14292.0;32756.906;6058.236;-7096.618;11.816;19;128;[2.155, 1.277, 1.632, 2.423, 1.477];[2.192, 2.094, 1.674]
44;19536.075;437.426;3301.086;50.893;182.335;1505.564;2210.4;0.0;14292.0;32756.906;6058.236;-7162.595;36.336;19;128;[2.155, 1.277, 1.869, 2.423, 1.477];[2.192, 2.285, 1.674]
45;19324.458;431.147;3280.156;40.99;175.408;1241.156;2305.2;0.0;14372.0;32756.906;6058.236;-7374.212;39.831;19;128;[2.155, 1.277, 1.869, 2.423, 1.729];[2.373, 2.285, 1.674]
46;19324.458;431.147;3280.156;40.99;175.408;1241.156;2305.2;0.0;14372.0;32756.906;6058.236;-7374.212;15.605;19;128;[2.155, 1.277, 1.782, 2.423, 1.729];[2.373, 2.285, 1.607]
47;19324.458;431.147;3280.156;40.99;175.408;1241.156;2305.2;0.0;14372.0;32756.906;6058.236;-7374.212;7.255;19;128;[2.155, 1.277, 1.782, 2.281, 1.729];[2.373, 2.285, 1.546]
48;19324.458;431.147;3280.156;40.99;175.408;1241.156;2305.2;0.0;14372.0;32756.906;6058.236;-7374.212;7.097;19;128;[2.155, 1.249, 1.782, 2.281, 1.729];[2.373, 2.285, 1.491]
49;19324.458;431.147;3280.156;40.99;175.408;1241.156;2305.2;0.0;14372.0;32756.906;6058.236;-7374.212;10.572;19;128;[2.155, 1.249, 1.704, 2.281, 1.729];[2.373, 2.285, 1.442]
613constructshop:True depot:False weather:True;22056.153;518.339;3570.796;76.599;237.444;2229.019;4081.2;0.0;15738.0;32756.906;6058.236;-4642.517;258.017;19;128;[1.0, 1.0, 1.0, 1.0, 1.0];[1.0, 1.0, 1.0]
0;22056.153;518.339;3570.796;76.599;237.444;2229.019;4081.2;0.0;15738.0;32756.906;6058.236;-4642.517;182.67;19;128;[1.0, 1.0, 1.0, 1.0, 1.0];[1.0, 1.0, 1.0]
1;22056.153;518.339;3570.796;76.599;237.444;2229.019;4081.2;0.0;15738.0;32756.906;6058.236;-4642.517;11.292;19;128;[1.0, 1.0, 1.0, 1.0, 1.0];[1.0, 1.0, 1.0]
2;22056.153;518.339;3570.796;76.599;237.444;2229.019;4081.2;0.0;15738.0;32756.906;6058.236;-4642.517;11.023;19;128;[1.0, 1.0, 1.0, 1.0, 1.0];[1.0, 1.0, 1.0]
3;21961.637;520.775;3578.916;76.564;236.282;2226.946;3798.0;0.0;15635.0;32756.906;6058.236;-4737.033;127.046;19;128;[1.0, 1.3, 1.0, 1.0, 1.0];[1.3, 1.0, 1.0]
4;21455.888;503.967;3522.89;65.138;221.454;1915.031;3798.0;0.0;15514.0;32756.906;6058.236;-5242.782;69.625;19;128;[1.0, 1.57, 1.0, 1.0, 1.0];[1.57, 1.0, 1.0]
5;21455.888;503.967;3522.89;65.138;221.454;1915.031;3798.0;0.0;15514.0;32756.906;6058.236;-5242.782;25.869;19;128;[1.0, 1.57, 1.0, 1.0, 1.0];[1.513, 1.0, 1.0]
6;21455.888;503.967;3522.89;65.138;221.454;1915.031;3798.0;0.0;15514.0;32756.906;6058.236;-5242.782;18.802;19;128;[1.0, 1.57, 1.0, 1.0, 1.0];[1.513, 1.0, 1.0]
7;21455.888;503.967;3522.89;65.138;221.454;1915.031;3798.0;0.0;15514.0;32756.906;6058.236;-5242.782;19.232;19;128;[1.0, 1.713, 1.0, 1.0, 1.0];[1.662, 1.0, 1.0]
8;21455.888;503.967;3522.89;65.138;221.454;1915.031;3798.0;0.0;15514.0;32756.906;6058.236;-5242.782;12.914;19;128;[1.0, 1.713, 1.0, 1.0, 1.0];[1.596, 1.0, 1.0]
9;21246.226;473.713;3422.042;63.253;210.904;1855.472;3868.8;0.0;15495.0;32756.906;6058.236;-5452.444;70.595;19;128;[1.0, 1.713, 1.3, 1.0, 1.0];[1.836, 1.0, 1.0]
10;21133.388;464.553;3391.51;53.97;198.095;1601.325;4082.4;0.0;15676.0;32756.906;6058.236;-5565.282;31.323;19;128;[1.0, 1.713, 1.3, 1.0, 1.3];[1.836, 1.0, 1.3]
11;21133.388;464.553;3391.51;53.97;198.095;1601.325;4082.4;0.0;15676.0;32756.906;6058.236;-5565.282;18.96;19;128;[1.0, 1.713, 1.27, 1.0, 1.3];[1.836, 1.0, 1.27]
12;20523.963;437.553;3301.509;46.401;184.478;1390.902;3846.0;0.0;15394.0;32756.906;6058.236;-6174.707;182.899;19;128;[1.0, 1.713, 1.27, 1.0, 1.57];[2.052, 1.0, 1.27]
13;20523.963;437.553;3301.509;46.401;184.478;1390.902;3846.0;0.0;15394.0;32756.906;6058.236;-6174.707;21.277;19;128;[1.0, 1.713, 1.27, 1.0, 1.57];[2.052, 1.0, 1.243]
14;20481.695;434.648;3291.825;46.15;181.315;1381.222;4322.4;0.0;15374.0;32756.906;6058.236;-6216.975;20.918;19;128;[1.0, 1.942, 1.27, 1.0, 1.57];[2.052, 1.0, 1.519]
15;20481.695;434.648;3291.825;46.15;181.315;1381.222;4322.4;0.0;15374.0;32756.906;6058.236;-6216.975;45.472;19;128;[1.0, 2.048, 1.27, 1.0, 1.57];[2.052, 1.2, 1.519]
16;20481.695;434.648;3291.825;46.15;181.315;1381.222;4322.4;0.0;15374.0;32756.906;6058.236;-6216.975;14.533;19;128;[1.0, 2.048, 1.27, 1.0, 1.513];[2.052, 1.2, 1.467]
17;20481.695;434.648;3291.825;46.15;181.315;1381.222;4322.4;0.0;15374.0;32756.906;6058.236;-6216.975;41.093;19;128;[1.0, 2.048, 1.27, 1.0, 1.513];[1.947, 1.2, 1.467]
18;20481.69;434.648;3291.825;46.15;181.315;1381.218;4322.4;0.0;15374.0;32756.906;6058.236;-6216.98;30.534;19;128;[1.0, 2.243, 1.27, 1.0, 1.513];[1.947, 1.48, 1.467]
19;20481.69;434.648;3291.825;46.15;181.315;1381.218;4322.4;0.0;15374.0;32756.906;6058.236;-6216.98;13.422;19;128;[1.0, 2.319, 1.27, 1.0, 1.513];[2.052, 1.48, 1.467]
20;20481.69;434.648;3291.825;46.15;181.315;1381.218;4322.4;0.0;15374.0;32756.906;6058.236;-6216.98;6.309;19;128;[1.0, 2.319, 1.27, 1.0, 1.462];[2.052, 1.48, 1.42]
21;20215.212;433.06;3286.534;44.767;179.685;1343.618;4132.8;0.0;15152.0;32756.906;6058.236;-6483.458;79.849;19;128;[1.3, 2.319, 1.27, 1.0, 1.462];[2.247, 1.48, 1.42]
22;20215.212;433.06;3286.534;44.767;179.685;1343.618;4132.8;0.0;15152.0;32756.906;6058.236;-6483.458;53.134;19;128;[1.3, 2.319, 1.27, 1.0, 1.416];[2.122, 1.48, 1.42]
23;20215.212;433.06;3286.534;44.767;179.685;1343.618;4132.8;0.0;15152.0;32756.906;6058.236;-6483.458;45.944;19;128;[1.3, 2.319, 1.243, 1.0, 1.416];[2.01, 1.48, 1.42]
24;20215.212;433.06;3286.534;44.767;179.685;1343.618;4132.8;0.0;15152.0;32756.906;6058.236;-6483.458;5.889;19;128;[1.3, 2.319, 1.243, 1.0, 1.416];[2.01, 1.48, 1.378]
25;20184.871;438.549;3304.83;42.663;180.247;1289.492;4132.8;0.0;15152.0;32756.906;6058.236;-6513.799;75.322;19;128;[1.57, 2.319, 1.243, 1.0, 1.416];[2.209, 1.48, 1.378]
26;20184.871;438.549;3304.83;42.663;180.247;1289.492;4132.8;0.0;15152.0;32756.906;6058.236;-6513.799;27.327;19;128;[1.57, 2.319, 1.219, 1.0, 1.416];[2.088, 1.48, 1.378]
27;20184.871;438.549;3304.83;42.663;180.247;1289.492;4132.8;0.0;15152.0;32756.906;6058.236;-6513.799;10.134;19;128;[1.57, 2.319, 1.219, 1.0, 1.416];[2.088, 1.48, 1.34]
28;20184.871;438.549;3304.83;42.663;180.247;1289.492;4132.8;0.0;15152.0;32756.906;6058.236;-6513.799;2.986;19;128;[1.57, 2.319, 1.219, 1.0, 1.416];[2.088, 1.48, 1.306]
29;20184.871;438.549;3304.83;42.663;180.247;1289.492;4132.8;0.0;15152.0;32756.906;6058.236;-6513.799;84.829;19;128;[1.513, 2.319, 1.219, 1.0, 1.416];[2.088, 1.432, 1.306]
30;20184.871;438.549;3304.83;42.663;180.247;1289.492;4132.8;0.0;15152.0;32756.906;6058.236;-6513.799;20.476;19;128;[1.513, 2.319, 1.197, 1.0, 1.416];[1.979, 1.432, 1.306]
31;20184.871;438.549;3304.83;42.663;180.247;1289.492;4132.8;0.0;15152.0;32756.906;6058.236;-6513.799;8.958;19;128;[1.513, 2.387, 1.197, 1.0, 1.416];[1.979, 1.589, 1.306]
32;20184.871;438.549;3304.83;42.663;180.247;1289.492;4132.8;0.0;15152.0;32756.906;6058.236;-6513.799;8.214;19;128;[1.513, 2.387, 1.177, 1.0, 1.416];[1.979, 1.589, 1.275]
33;20184.871;438.549;3304.83;42.663;180.247;1289.492;4132.8;0.0;15152.0;32756.906;6058.236;-6513.799;70.931;19;128;[1.513, 2.387, 1.177, 1.0, 1.374];[1.979, 1.53, 1.275]
34;20184.871;438.549;3304.83;42.663;180.247;1289.492;4132.8;0.0;15152.0;32756.906;6058.236;-6513.799;19.242;19;128;[1.513, 2.248, 1.177, 1.0, 1.374];[1.881, 1.53, 1.275]
35;20184.871;438.549;3304.83;42.663;180.247;1289.492;4132.8;0.0;15152.0;32756.906;6058.236;-6513.799;6.156;19;128;[1.513, 2.123, 1.177, 1.0, 1.374];[1.881, 1.477, 1.275]
36;20184.871;438.549;3304.83;42.663;180.247;1289.492;4132.8;0.0;15152.0;32756.906;6058.236;-6513.799;5.329;19;128;[1.513, 2.123, 1.177, 1.0, 1.374];[1.881, 1.477, 1.248]
37;20184.871;438.549;3304.83;42.663;180.247;1289.492;4132.8;0.0;15152.0;32756.906;6058.236;-6513.799;40.698;19;128;[1.513, 2.123, 1.159, 1.0, 1.374];[1.793, 1.477, 1.248]
38;20184.871;438.549;3304.83;42.663;180.247;1289.492;4132.8;0.0;15152.0;32756.906;6058.236;-6513.799;13.466;19;128;[1.513, 2.011, 1.159, 1.0, 1.374];[1.793, 1.477, 1.223]
39;20184.871;438.549;3304.83;42.663;180.247;1289.492;4132.8;0.0;15152.0;32756.906;6058.236;-6513.799;39.586;19;128;[1.513, 2.11, 1.159, 1.0, 1.374];[1.793, 1.629, 1.223]
40;20184.871;438.549;3304.83;42.663;180.247;1289.492;4132.8;0.0;15152.0;32756.906;6058.236;-6513.799;8.878;19;128;[1.513, 2.199, 1.159, 1.0, 1.374];[1.793, 1.629, 1.401]
41;20184.871;438.549;3304.83;42.663;180.247;1289.492;4132.8;0.0;15152.0;32756.906;6058.236;-6513.799;29.969;19;128;[1.513, 2.279, 1.159, 1.0, 1.374];[1.914, 1.629, 1.401]
42;20184.871;438.549;3304.83;42.663;180.247;1289.492;4132.8;0.0;15152.0;32756.906;6058.236;-6513.799;51.747;19;128;[1.513, 2.279, 1.143, 1.0, 1.374];[1.823, 1.629, 1.401]
43;20184.871;438.549;3304.83;42.663;180.247;1289.492;4132.8;0.0;15152.0;32756.906;6058.236;-6513.799;77.879;19;128;[1.513, 2.279, 1.143, 1.0, 1.337];[1.823, 1.566, 1.401]
44;20184.871;438.549;3304.83;42.663;180.247;1289.492;4132.8;0.0;15152.0;32756.906;6058.236;-6513.799;57.583;19;128;[1.513, 2.279, 1.143, 1.0, 1.303];[1.823, 1.509, 1.401]
45;20184.871;438.549;3304.83;42.663;180.247;1289.492;4132.8;0.0;15152.0;32756.906;6058.236;-6513.799;5.768;19;128;[1.513, 2.279, 1.143, 1.0, 1.273];[1.823, 1.509, 1.361]
46;20184.871;438.549;3304.83;42.663;180.247;1289.492;4132.8;0.0;15152.0;32756.906;6058.236;-6513.799;58.008;19;128;[1.462, 2.279, 1.143, 1.0, 1.273];[1.823, 1.458, 1.361]
47;20184.871;438.549;3304.83;42.663;180.247;1289.492;4132.8;0.0;15152.0;32756.906;6058.236;-6513.799;11.723;19;128;[1.416, 2.279, 1.143, 1.0, 1.273];[1.823, 1.458, 1.325]
48;20184.871;438.549;3304.83;42.663;180.247;1289.492;4132.8;0.0;15152.0;32756.906;6058.236;-6513.799;1.341;19;128;[1.416, 2.351, 1.143, 1.0, 1.273];[1.823, 1.612, 1.325]
49;20184.871;438.549;3304.83;42.663;180.247;1289.492;4132.8;0.0;15152.0;32756.906;6058.236;-6513.799;9.97;19;128;[1.374, 2.351, 1.143, 1.0, 1.273];[1.823, 1.612, 1.292]
614constructshop:True depot:False weather:True;21828.405;540.501;3644.672;80.793;250.623;2351.232;3206.4;0.0;15292.0;32756.906;6058.236;-4870.265;278.816;19;128;[1.0, 1.0, 1.0, 1.0, 1.0];[1.0, 1.0, 1.0]
0;21828.405;540.501;3644.672;80.793;250.623;2351.232;3206.4;0.0;15292.0;32756.906;6058.236;-4870.265;174.964;19;128;[1.0, 1.0, 1.0, 1.0, 1.0];[1.0, 1.0, 1.0]
1;21725.761;547.747;3668.823;77.161;250.995;2257.191;3159.6;0.0;15252.0;32756.906;6058.236;-4972.909;26.148;19;128;[1.3, 1.0, 1.0, 1.0, 1.0];[1.0, 1.0, 1.3]
2;21414.238;549.831;3675.768;75.572;251.774;2216.64;2827.2;0.0;14972.0;32756.906;6058.236;-5284.432;103.329;19;128;[1.3, 1.3, 1.0, 1.0, 1.0];[1.3, 1.0, 1.3]
3;21274.976;522.294;3583.979;70.021;234.158;2054.703;3087.6;0.0;15114.0;32756.906;6058.236;-5423.694;51.422;19;128;[1.3, 1.3, 1.0, 1.0, 1.3];[1.3, 1.0, 1.57]
4;21274.976;522.294;3583.979;70.021;234.158;2054.703;3087.6;0.0;15114.0;32756.906;6058.236;-5423.694;46.394;19;128;[1.3, 1.27, 1.0, 1.0, 1.3];[1.3, 1.0, 1.57]
5;21274.976;522.294;3583.979;70.021;234.158;2054.703;3087.6;0.0;15114.0;32756.906;6058.236;-5423.694;102.525;19;128;[1.27, 1.27, 1.0, 1.0, 1.3];[1.27, 1.0, 1.57]
6;21274.976;522.294;3583.979;70.021;234.158;2054.703;3087.6;0.0;15114.0;32756.906;6058.236;-5423.694;88.515;19;128;[1.27, 1.27, 1.0, 1.0, 1.3];[1.243, 1.0, 1.57]
7;21231.522;517.233;3567.11;77.666;235.868;2255.179;2947.2;0.0;14892.0;32756.906;6058.236;-5467.148;113.899;19;128;[1.543, 1.27, 1.0, 1.0, 1.3];[1.243, 1.3, 1.57]
8;21108.316;520.312;3577.372;76.225;236.772;2218.633;2947.2;0.0;14792.0;32756.906;6058.236;-5590.354;47.861;19;128;[1.543, 1.543, 1.0, 1.0, 1.3];[1.519, 1.3, 1.57]
9;21108.316;520.312;3577.372;76.225;236.772;2218.633;2947.2;0.0;14792.0;32756.906;6058.236;-5590.354;132.546;19;128;[1.543, 1.543, 1.0, 1.0, 1.27];[1.519, 1.27, 1.57]
10;21083.851;510.072;3543.238;80.062;236.94;2318.542;2947.2;0.0;14712.0;32756.906;6058.236;-5614.819;123.077;19;128;[1.543, 1.789, 1.0, 1.0, 1.27];[1.767, 1.27, 1.57]
11;20443.489;466.474;3397.914;63.76;209.35;1867.1;2947.2;0.0;14712.0;32756.906;6058.236;-6255.181;80.691;19;128;[1.543, 1.789, 1.3, 1.0, 1.27];[1.767, 1.543, 1.57]
12;20425.4;441.223;3313.743;63.778;200.195;1858.435;3066.0;0.0;14812.0;32756.906;6058.236;-6273.27;108.327;19;128;[1.789, 1.789, 1.3, 1.0, 1.27];[1.99, 1.543, 1.57]
13;20296.442;445.111;3326.704;62.012;200.314;1812.627;2995.2;0.0;14712.0;32756.906;6058.236;-6402.228;97.68;19;128;[2.01, 1.789, 1.3, 1.0, 1.27];[2.191, 1.543, 1.57]
14;20296.442;445.111;3326.704;62.012;200.314;1812.627;2995.2;0.0;14712.0;32756.906;6058.236;-6402.228;60.529;19;128;[2.01, 1.789, 1.27, 1.0, 1.27];[2.072, 1.543, 1.57]
15;20296.442;445.111;3326.704;62.012;200.314;1812.627;2995.2;0.0;14712.0;32756.906;6058.236;-6402.228;77.195;19;128;[2.01, 1.789, 1.27, 1.0, 1.243];[2.072, 1.489, 1.57]
16;20201.061;459.435;3374.451;56.58;203.089;1674.176;3090.0;0.0;14693.0;32756.906;6058.236;-6497.609;8.222;19;128;[2.01, 1.789, 1.27, 1.3, 1.243];[2.072, 1.489, 1.813]
17;20201.061;459.435;3374.451;56.58;203.089;1674.176;3090.0;0.0;14693.0;32756.906;6058.236;-6497.609;73.048;19;128;[1.909, 1.789, 1.27, 1.3, 1.243];[1.965, 1.489, 1.813]
18;20201.061;459.435;3374.451;56.58;203.089;1674.176;3090.0;0.0;14693.0;32756.906;6058.236;-6497.609;17.941;19;128;[1.909, 1.789, 1.27, 1.3, 1.219];[1.965, 1.489, 1.732]
19;20201.061;459.435;3374.451;56.58;203.089;1674.176;3090.0;0.0;14693.0;32756.906;6058.236;-6497.609;69.686;19;128;[1.909, 1.789, 1.27, 1.3, 1.197];[1.965, 1.44, 1.732]
20;20058.658;459.821;3375.736;57.131;206.687;1692.101;2662.8;0.0;14531.0;32756.906;6058.236;-6640.012;53.421;19;128;[2.118, 1.789, 1.27, 1.3, 1.197];[1.965, 1.696, 1.732]
21;19624.112;448.256;3337.187;53.454;198.865;1588.669;2329.2;0.0;14250.0;32756.906;6058.236;-7074.558;94.229;19;128;[2.306, 1.789, 1.27, 1.3, 1.197];[2.169, 1.696, 1.732]
22;19624.112;448.256;3337.187;53.454;198.865;1588.669;2329.2;0.0;14250.0;32756.906;6058.236;-7074.558;64.854;19;128;[2.306, 1.789, 1.27, 1.3, 1.177];[2.052, 1.696, 1.732]
23;19624.112;448.256;3337.187;53.454;198.865;1588.669;2329.2;0.0;14250.0;32756.906;6058.236;-7074.558;25.676;19;128;[2.306, 1.789, 1.27, 1.3, 1.159];[1.947, 1.696, 1.732]
24;19624.112;448.256;3337.187;53.454;198.865;1588.669;2329.2;0.0;14250.0;32756.906;6058.236;-7074.558;33.081;19;128;[2.306, 1.71, 1.27, 1.3, 1.159];[1.852, 1.696, 1.732]
25;19624.112;448.256;3337.187;53.454;198.865;1588.669;2329.2;0.0;14250.0;32756.906;6058.236;-7074.558;13.74;19;128;[2.306, 1.639, 1.27, 1.3, 1.159];[1.852, 1.696, 1.659]
26;19624.112;448.256;3337.187;53.454;198.865;1588.669;2329.2;0.0;14250.0;32756.906;6058.236;-7074.558;10.318;19;128;[2.306, 1.575, 1.27, 1.3, 1.159];[1.852, 1.696, 1.593]
27;19624.112;448.256;3337.187;53.454;198.865;1588.669;2329.2;0.0;14250.0;32756.906;6058.236;-7074.558;21.915;19;128;[2.306, 1.718, 1.27, 1.3, 1.159];[1.967, 1.696, 1.593]
28;19624.112;448.256;3337.187;53.454;198.865;1588.669;2329.2;0.0;14250.0;32756.906;6058.236;-7074.558;15.718;19;128;[2.306, 1.718, 1.27, 1.27, 1.159];[1.967, 1.696, 1.534]
29;19624.112;448.256;3337.187;53.454;198.865;1588.669;2329.2;0.0;14250.0;32756.906;6058.236;-7074.558;62.65;19;128;[2.306, 1.646, 1.27, 1.27, 1.159];[1.967, 1.626, 1.534]
30;19624.112;448.256;3337.187;53.454;198.865;1588.669;2329.2;0.0;14250.0;32756.906;6058.236;-7074.558;56.059;19;128;[2.306, 1.581, 1.27, 1.27, 1.159];[1.967, 1.563, 1.534]
31;19624.112;448.256;3337.187;53.454;198.865;1588.669;2329.2;0.0;14250.0;32756.906;6058.236;-7074.558;82.892;19;128;[2.306, 1.723, 1.27, 1.27, 1.159];[2.07, 1.563, 1.534]
32;19624.112;448.256;3337.187;53.454;198.865;1588.669;2329.2;0.0;14250.0;32756.906;6058.236;-7074.558;111.588;19;128;[2.306, 1.651, 1.27, 1.27, 1.159];[1.963, 1.563, 1.534]
33;19624.112;448.256;3337.187;53.454;198.865;1588.669;2329.2;0.0;14250.0;32756.906;6058.236;-7074.558;33.787;19;128;[2.175, 1.651, 1.27, 1.27, 1.159];[1.963, 1.507, 1.534]
34;19624.112;448.256;3337.187;53.454;198.865;1588.669;2329.2;0.0;14250.0;32756.906;6058.236;-7074.558;40.632;19;128;[2.257, 1.651, 1.27, 1.27, 1.159];[1.963, 1.656, 1.534]
35;19624.112;448.256;3337.187;53.454;198.865;1588.669;2329.2;0.0;14250.0;32756.906;6058.236;-7074.558;39.537;19;128;[2.257, 1.651, 1.27, 1.243, 1.159];[1.963, 1.59, 1.534]
36;19624.112;448.256;3337.187;53.454;198.865;1588.669;2329.2;0.0;14250.0;32756.906;6058.236;-7074.558;48.368;19;128;[2.257, 1.786, 1.27, 1.243, 1.159];[2.067, 1.59, 1.534]
37;19624.112;448.256;3337.187;53.454;198.865;1588.669;2329.2;0.0;14250.0;32756.906;6058.236;-7074.558;13.585;19;128;[2.257, 1.707, 1.27, 1.243, 1.159];[2.067, 1.59, 1.481]
38;19624.112;448.256;3337.187;53.454;198.865;1588.669;2329.2;0.0;14250.0;32756.906;6058.236;-7074.558;44.101;19;128;[2.257, 1.707, 1.243, 1.243, 1.159];[1.96, 1.59, 1.481]
39;19624.112;448.256;3337.187;53.454;198.865;1588.669;2329.2;0.0;14250.0;32756.906;6058.236;-7074.558;82.226;19;128;[2.257, 1.707, 1.243, 1.243, 1.343];[1.96, 1.731, 1.481]
40;19624.112;448.256;3337.187;53.454;198.865;1588.669;2329.2;0.0;14250.0;32756.906;6058.236;-7074.558;30.017;19;128;[2.257, 1.836, 1.243, 1.243, 1.343];[1.96, 1.858, 1.481]
41;19624.112;448.256;3337.187;53.454;198.865;1588.669;2329.2;0.0;14250.0;32756.906;6058.236;-7074.558;56.898;19;128;[2.257, 1.836, 1.243, 1.243, 1.309];[1.96, 1.772, 1.481]
42;19624.112;448.256;3337.187;53.454;198.865;1588.669;2329.2;0.0;14250.0;32756.906;6058.236;-7074.558;49.403;19;128;[2.131, 1.836, 1.243, 1.243, 1.309];[1.864, 1.772, 1.481]
43;19624.112;448.256;3337.187;53.454;198.865;1588.669;2329.2;0.0;14250.0;32756.906;6058.236;-7074.558;14.676;19;128;[2.131, 1.752, 1.243, 1.243, 1.309];[1.864, 1.772, 1.433]
44;19624.112;448.256;3337.187;53.454;198.865;1588.669;2329.2;0.0;14250.0;32756.906;6058.236;-7074.558;7.021;19;128;[2.131, 1.877, 1.243, 1.243, 1.309];[1.978, 1.772, 1.433]
45;19624.112;448.256;3337.187;53.454;198.865;1588.669;2329.2;0.0;14250.0;32756.906;6058.236;-7074.558;35.694;19;128;[2.218, 1.877, 1.243, 1.243, 1.309];[2.08, 1.772, 1.433]
46;19624.112;448.256;3337.187;53.454;198.865;1588.669;2329.2;0.0;14250.0;32756.906;6058.236;-7074.558;9.117;19;128;[2.096, 1.877, 1.243, 1.243, 1.309];[2.08, 1.772, 1.39]
47;19624.112;448.256;3337.187;53.454;198.865;1588.669;2329.2;0.0;14250.0;32756.906;6058.236;-7074.558;59.004;19;128;[2.096, 1.877, 1.243, 1.243, 1.278];[1.972, 1.772, 1.39]
48;19624.112;448.256;3337.187;53.454;198.865;1588.669;2329.2;0.0;14250.0;32756.906;6058.236;-7074.558;23.977;19;128;[2.096, 1.877, 1.243, 1.243, 1.25];[1.875, 1.772, 1.39]
49;19624.112;448.256;3337.187;53.454;198.865;1588.669;2329.2;0.0;14250.0;32756.906;6058.236;-7074.558;12.323;19;128;[2.096, 1.877, 1.243, 1.219, 1.25];[1.875, 1.772, 1.351]
615constructshop:True depot:False weather:True;22627.094;538.277;3681.923;90.594;254.461;2609.895;4230.0;0.0;15797.0;32933.266;5881.876;-4424.296;241.271;19;128;[1.0, 1.0, 1.0, 1.0, 1.0];[1.0, 1.0, 1.0]
0;21956.457;533.113;3635.044;72.391;248.126;2130.299;4158.0;0.0;15658.0;33032.402;5782.74;-5293.205;77.565;18;128;[1.0, 1.0, 1.3, 1.0, 1.0];[1.0, 1.0, 1.3]
1;21956.457;533.113;3635.044;72.391;248.126;2130.299;4158.0;0.0;15658.0;33032.402;5782.74;-5293.205;141.592;18;128;[1.0, 1.0, 1.27, 1.0, 1.0];[1.0, 1.0, 1.3]
2;21956.457;533.113;3635.044;72.391;248.126;2130.299;4158.0;0.0;15658.0;33032.402;5782.74;-5293.205;133.703;18;128;[1.0, 1.0, 1.243, 1.0, 1.0];[1.0, 1.0, 1.3]
3;21956.457;533.113;3635.044;72.391;248.126;2130.299;4158.0;0.0;15658.0;33032.402;5782.74;-5293.205;27.781;18;128;[1.2, 1.0, 1.243, 1.0, 1.0];[1.0, 1.0, 1.47]
4;21956.457;533.113;3635.044;72.391;248.126;2130.299;4158.0;0.0;15658.0;33032.402;5782.74;-5293.205;32.32;18;128;[1.2, 1.0, 1.243, 1.0, 1.0];[1.0, 1.0, 1.423]
5;21956.457;533.113;3635.044;72.391;248.126;2130.299;4158.0;0.0;15658.0;33032.402;5782.74;-5293.205;35.095;18;128;[1.2, 1.0, 1.243, 1.0, 1.2];[1.0, 1.0, 1.581]
6;21956.457;533.113;3635.044;72.391;248.126;2130.299;4158.0;0.0;15658.0;33032.402;5782.74;-5293.205;114.664;18;128;[1.2, 1.0, 1.243, 1.0, 1.2];[1.0, 1.0, 1.581]
7;21956.457;533.113;3635.044;72.391;248.126;2130.299;4158.0;0.0;15658.0;33032.402;5782.74;-5293.205;29.638;18;128;[1.2, 1.0, 1.419, 1.0, 1.2];[1.0, 1.0, 1.723]
8;21956.457;533.113;3635.044;72.391;248.126;2130.299;4158.0;0.0;15658.0;33032.402;5782.74;-5293.205;236.145;18;128;[1.2, 1.0, 1.419, 1.0, 1.38];[1.2, 1.0, 1.723]
9;21956.457;533.113;3635.044;72.391;248.126;2130.299;4158.0;0.0;15658.0;33032.402;5782.74;-5293.205;82.745;18;128;[1.2, 1.0, 1.577, 1.0, 1.38];[1.2, 1.2, 1.723]
10;21956.457;533.113;3635.044;72.391;248.126;2130.299;4158.0;0.0;15658.0;33032.402;5782.74;-5293.205;31.311;18;128;[1.2, 1.0, 1.577, 1.0, 1.342];[1.2, 1.2, 1.651]
11;21373.556;508.279;3537.263;76.11;238.148;2217.014;3493.2;0.0;15111.0;32756.906;6058.236;-5325.114;92.136;19;128;[1.48, 1.0, 1.577, 1.0, 1.342];[1.2, 1.48, 1.651]
12;21184.911;511.354;3547.514;76.754;239.438;2235.043;3231.6;0.0;14891.0;32756.906;6058.236;-5513.759;38.955;19;128;[1.48, 1.3, 1.577, 1.0, 1.342];[1.2, 1.732, 1.651]
13;21083.965;505.691;3528.637;77.717;236.992;2257.636;3517.2;0.0;14792.0;32756.906;6058.236;-5614.705;56.679;19;128;[1.48, 1.3, 1.819, 1.0, 1.342];[1.48, 1.732, 1.651]
14;21083.965;505.691;3528.637;77.717;236.992;2257.636;3517.2;0.0;14792.0;32756.906;6058.236;-5614.705;12.219;19;128;[1.48, 1.3, 1.737, 1.0, 1.342];[1.48, 1.732, 1.586]
15;20793.129;522.219;3583.729;61.627;233.887;1836.181;3112.8;0.0;14851.0;32756.906;6058.236;-5905.541;23.856;19;128;[1.48, 1.3, 1.737, 1.0, 1.608];[1.48, 1.732, 1.827]
16;20793.129;522.219;3583.729;61.627;233.887;1836.181;3112.8;0.0;14851.0;32756.906;6058.236;-5905.541;27.106;19;128;[1.432, 1.3, 1.737, 1.0, 1.608];[1.48, 1.732, 1.744]
17;20793.129;522.219;3583.729;61.627;233.887;1836.181;3112.8;0.0;14851.0;32756.906;6058.236;-5905.541;46.554;19;128;[1.432, 1.3, 1.663, 1.0, 1.608];[1.48, 1.659, 1.744]
18;20746.853;484.547;3458.155;65.896;220.846;1934.151;3278.4;0.0;14870.0;32756.906;6058.236;-5951.817;144.599;19;128;[1.432, 1.3, 1.663, 1.0, 1.847];[1.48, 1.893, 1.744]
19;20746.853;484.547;3458.155;65.896;220.846;1934.151;3278.4;0.0;14870.0;32756.906;6058.236;-5951.817;78.39;19;128;[1.389, 1.3, 1.663, 1.0, 1.847];[1.48, 1.804, 1.744]
20;20324.525;485.156;3460.186;57.369;216.583;1708.183;3159.6;0.0;14671.0;32756.906;6058.236;-6374.145;82.874;19;128;[1.65, 1.3, 1.663, 1.0, 1.847];[1.48, 2.024, 1.744]
21;20324.525;485.156;3460.186;57.369;216.583;1708.183;3159.6;0.0;14671.0;32756.906;6058.236;-6374.145;30.07;19;128;[1.65, 1.47, 1.663, 1.0, 1.847];[1.48, 2.122, 1.744]
22;20262.158;473.594;3421.648;57.111;211.023;1695.916;3159.6;0.0;14671.0;32756.906;6058.236;-6436.512;37.622;19;128;[1.65, 1.47, 1.897, 1.0, 1.847];[1.48, 2.31, 1.744]
23;20262.158;473.594;3421.648;57.111;211.023;1695.916;3159.6;0.0;14671.0;32756.906;6058.236;-6436.512;53.886;19;128;[1.65, 1.423, 1.897, 1.0, 1.847];[1.48, 2.179, 1.744]
24;20152.739;470.651;3411.838;55.845;207.28;1659.25;3159.6;0.0;14611.0;32756.906;6058.236;-6545.931;14.961;19;128;[1.65, 1.681, 1.897, 1.0, 1.847];[1.732, 2.179, 1.744]
25;20152.739;470.651;3411.838;55.845;207.28;1659.25;3159.6;0.0;14611.0;32756.906;6058.236;-6545.931;53.529;19;128;[1.585, 1.681, 1.897, 1.0, 1.847];[1.732, 2.061, 1.744]
26;20152.739;470.651;3411.838;55.845;207.28;1659.25;3159.6;0.0;14611.0;32756.906;6058.236;-6545.931;16.049;19;128;[1.527, 1.681, 1.897, 1.0, 1.847];[1.732, 2.061, 1.67]
27;20152.739;470.651;3411.838;55.845;207.28;1659.25;3159.6;0.0;14611.0;32756.906;6058.236;-6545.931;18.21;19;128;[1.527, 1.813, 1.897, 1.0, 1.847];[1.732, 2.155, 1.67]
28;20152.739;470.651;3411.838;55.845;207.28;1659.25;3159.6;0.0;14611.0;32756.906;6058.236;-6545.931;45.18;19;128;[1.527, 1.732, 1.897, 1.0, 1.847];[1.732, 2.039, 1.67]
29;20152.739;470.651;3411.838;55.845;207.28;1659.25;3159.6;0.0;14611.0;32756.906;6058.236;-6545.931;33.09;19;128;[1.527, 1.732, 1.807, 1.0, 1.847];[1.659, 2.039, 1.67]
30;20152.739;470.651;3411.838;55.845;207.28;1659.25;3159.6;0.0;14611.0;32756.906;6058.236;-6545.931;26.86;19;128;[1.527, 1.659, 1.807, 1.0, 1.847];[1.659, 1.935, 1.67]
31;20152.739;470.651;3411.838;55.845;207.28;1659.25;3159.6;0.0;14611.0;32756.906;6058.236;-6545.931;12.53;19;128;[1.527, 1.659, 1.807, 1.0, 1.847];[1.659, 1.935, 1.603]
32;19993.673;483.236;3453.786;55.195;209.586;1644.651;3540.0;0.0;14412.0;32756.906;6058.236;-6704.997;77.828;19;128;[1.527, 1.659, 1.807, 1.0, 2.062];[1.893, 1.935, 1.603]
33;19993.673;483.236;3453.786;55.195;209.586;1644.651;3540.0;0.0;14412.0;32756.906;6058.236;-6704.997;51.197;19;128;[1.527, 1.659, 1.807, 1.0, 2.062];[1.804, 1.935, 1.603]
34;19984.506;480.074;3443.246;55.377;208.389;1648.187;3586.8;0.0;14413.0;32756.906;6058.236;-6714.164;69.088;19;128;[1.527, 1.659, 1.807, 1.0, 2.256];[1.804, 2.142, 1.603]
35;19984.506;480.074;3443.246;55.377;208.389;1648.187;3586.8;0.0;14413.0;32756.906;6058.236;-6714.164;43.279;19;128;[1.527, 1.659, 1.807, 1.0, 2.13];[1.724, 2.142, 1.603]
36;19984.506;480.074;3443.246;55.377;208.389;1648.187;3586.8;0.0;14413.0;32756.906;6058.236;-6714.164;9.231;19;128;[1.474, 1.659, 1.807, 1.0, 2.13];[1.724, 2.142, 1.543]
37;19984.506;480.074;3443.246;55.377;208.389;1648.187;3586.8;0.0;14413.0;32756.906;6058.236;-6714.164;6.498;19;128;[1.474, 1.659, 1.807, 1.0, 2.017];[1.724, 2.142, 1.489]
38;19984.506;480.074;3443.246;55.377;208.389;1648.187;3586.8;0.0;14413.0;32756.906;6058.236;-6714.164;12.341;19;128;[1.474, 1.593, 1.807, 1.0, 2.017];[1.724, 2.142, 1.44]
39;19984.506;480.074;3443.246;55.377;208.389;1648.187;3586.8;0.0;14413.0;32756.906;6058.236;-6714.164;96.53;19;128;[1.474, 1.593, 1.807, 1.0, 2.115];[1.724, 2.228, 1.44]
40;19984.506;480.074;3443.246;55.377;208.389;1648.187;3586.8;0.0;14413.0;32756.906;6058.236;-6714.164;58.861;19;128;[1.427, 1.593, 1.807, 1.0, 2.115];[1.652, 2.228, 1.44]
41;19984.506;480.074;3443.246;55.377;208.389;1648.187;3586.8;0.0;14413.0;32756.906;6058.236;-6714.164;31.371;19;128;[1.384, 1.593, 1.807, 1.0, 2.115];[1.652, 2.105, 1.44]
42;19984.506;480.074;3443.246;55.377;208.389;1648.187;3586.8;0.0;14413.0;32756.906;6058.236;-6714.164;8.343;19;128;[1.384, 1.593, 1.807, 1.0, 2.115];[1.652, 2.105, 1.396]
43;19984.506;480.074;3443.246;55.377;208.389;1648.187;3586.8;0.0;14413.0;32756.906;6058.236;-6714.164;7.559;19;128;[1.384, 1.534, 1.807, 1.0, 2.115];[1.652, 2.105, 1.356]
44;19984.506;480.074;3443.246;55.377;208.389;1648.187;3586.8;0.0;14413.0;32756.906;6058.236;-6714.164;8.861;19;128;[1.384, 1.534, 1.926, 1.0, 2.115];[1.652, 2.105, 1.52]
45;19984.506;480.074;3443.246;55.377;208.389;1648.187;3586.8;0.0;14413.0;32756.906;6058.236;-6714.164;9.83;19;128;[1.384, 1.534, 1.926, 1.0, 2.115];[1.652, 2.105, 1.468]
46;19984.506;480.074;3443.246;55.377;208.389;1648.187;3586.8;0.0;14413.0;32756.906;6058.236;-6714.164;87.735;19;128;[1.346, 1.534, 1.926, 1.0, 2.115];[1.652, 1.995, 1.468]
47;19984.506;480.074;3443.246;55.377;208.389;1648.187;3586.8;0.0;14413.0;32756.906;6058.236;-6714.164;6.242;19;128;[1.346, 1.534, 1.926, 1.0, 2.115];[1.652, 1.995, 1.421]
48;19984.506;480.074;3443.246;55.377;208.389;1648.187;3586.8;0.0;14413.0;32756.906;6058.236;-6714.164;25.093;19;128;[1.346, 1.681, 1.926, 1.0, 2.115];[1.652, 2.096, 1.421]
49;19984.506;480.074;3443.246;55.377;208.389;1648.187;3586.8;0.0;14413.0;32756.906;6058.236;-6714.164;11.345;19;128;[1.311, 1.681, 1.926, 1.0, 2.115];[1.652, 2.096, 1.379]
616constructshop:True depot:False weather:True;21726.451;535.668;3673.228;64.878;235.729;1922.554;3847.2;0.0;15595.0;32952.266;5862.876;-5362.939;224.835;19;128;[1.0, 1.0, 1.0, 1.0, 1.0];[1.0, 1.0, 1.0]
0;21647.495;531.849;3660.497;68.689;236.229;2022.149;3610.8;0.0;15433.0;32952.266;5862.876;-5441.895;214.373;18;128;[1.3, 1.0, 1.0, 1.0, 1.0];[1.0, 1.3, 1.0]
1;21390.074;528.508;3649.359;67.163;233.979;1980.207;3278.4;0.0;15232.0;32952.266;5862.876;-5699.316;144.299;18;128;[1.57, 1.0, 1.0, 1.0, 1.0];[1.0, 1.57, 1.0]
2;21297.53;521.739;3626.797;70.886;233.954;2076.993;3562.8;0.0;15072.0;32952.266;5862.876;-5791.86;28.978;18;128;[1.57, 1.3, 1.0, 1.0, 1.0];[1.0, 1.57, 1.3]
3;20933.588;523.675;3603.583;54.137;226.763;1634.33;3634.8;0.0;15172.0;33032.402;5782.74;-6316.074;50.388;18;128;[1.57, 1.3, 1.0, 1.0, 1.3];[1.0, 1.57, 1.57]
4;20933.588;523.675;3603.583;54.137;226.763;1634.33;3634.8;0.0;15172.0;33032.402;5782.74;-6316.074;159.728;18;128;[1.57, 1.3, 1.0, 1.0, 1.3];[1.0, 1.57, 1.57]
5;20874.22;512.898;3567.662;55.359;222.329;1661.66;3586.8;0.0;15132.0;33032.402;5782.74;-6375.442;99.799;18;128;[1.57, 1.3, 1.3, 1.0, 1.3];[1.3, 1.57, 1.57]
6;20874.22;512.898;3567.662;55.359;222.329;1661.66;3586.8;0.0;15132.0;33032.402;5782.74;-6375.442;35.598;18;128;[1.57, 1.3, 1.3, 1.0, 1.3];[1.27, 1.57, 1.57]
7;20874.22;512.898;3567.662;55.359;222.329;1661.66;3586.8;0.0;15132.0;33032.402;5782.74;-6375.442;97.724;18;128;[1.513, 1.3, 1.3, 1.0, 1.3];[1.243, 1.57, 1.57]
8;20874.22;512.898;3567.662;55.359;222.329;1661.66;3586.8;0.0;15132.0;33032.402;5782.74;-6375.442;12.804;18;128;[1.513, 1.27, 1.3, 1.0, 1.3];[1.243, 1.57, 1.513]
9;20874.22;512.898;3567.662;55.359;222.329;1661.66;3586.8;0.0;15132.0;33032.402;5782.74;-6375.442;23.594;18;128;[1.513, 1.27, 1.3, 1.0, 1.3];[1.219, 1.57, 1.513]
10;20874.22;512.898;3567.662;55.359;222.329;1661.66;3586.8;0.0;15132.0;33032.402;5782.74;-6375.442;88.985;18;128;[1.513, 1.243, 1.3, 1.0, 1.3];[1.219, 1.513, 1.513]
11;20874.22;512.898;3567.662;55.359;222.329;1661.66;3586.8;0.0;15132.0;33032.402;5782.74;-6375.442;195.182;18;128;[1.513, 1.243, 1.3, 1.0, 1.47];[1.219, 1.662, 1.513]
12;20874.22;512.898;3567.662;55.359;222.329;1661.66;3586.8;0.0;15132.0;33032.402;5782.74;-6375.442;97.05;18;128;[1.662, 1.243, 1.3, 1.0, 1.47];[1.219, 1.796, 1.513]
13;20874.22;512.898;3567.662;55.359;222.329;1661.66;3586.8;0.0;15132.0;33032.402;5782.74;-6375.442;19.376;18;128;[1.662, 1.243, 1.3, 1.0, 1.47];[1.219, 1.796, 1.462]
14;20874.22;512.898;3567.662;55.359;222.329;1661.66;3586.8;0.0;15132.0;33032.402;5782.74;-6375.442;73.483;18;128;[1.596, 1.243, 1.3, 1.0, 1.47];[1.197, 1.796, 1.462]
15;20874.22;512.898;3567.662;55.359;222.329;1661.66;3586.8;0.0;15132.0;33032.402;5782.74;-6375.442;7.953;18;128;[1.596, 1.243, 1.3, 1.2, 1.47];[1.197, 1.796, 1.616]
16;20874.22;512.898;3567.662;55.359;222.329;1661.66;3586.8;0.0;15132.0;33032.402;5782.74;-6375.442;114.546;18;128;[1.596, 1.243, 1.3, 1.2, 1.623];[1.197, 1.916, 1.616]
17;20874.22;512.898;3567.662;55.359;222.329;1661.66;3586.8;0.0;15132.0;33032.402;5782.74;-6375.442;108.891;18;128;[1.596, 1.243, 1.27, 1.2, 1.623];[1.197, 1.824, 1.616]
18;20756.886;473.639;3441.463;55.468;207.616;1649.784;3442.8;0.0;15192.0;33093.686;5721.456;-6615.344;109.239;18;128;[1.836, 1.243, 1.27, 1.2, 1.623];[1.477, 1.824, 1.616]
19;20756.886;473.639;3441.463;55.468;207.616;1649.784;3442.8;0.0;15192.0;33093.686;5721.456;-6615.344;26.263;18;128;[1.752, 1.243, 1.27, 1.2, 1.623];[1.477, 1.824, 1.554]
20;20644.278;466.165;3416.549;52.529;204.806;1570.564;3420.0;0.0;15191.0;33093.686;5721.456;-6727.952;48.656;18;128;[1.752, 1.243, 1.543, 1.2, 1.623];[1.477, 2.042, 1.554]
21;20644.278;466.165;3416.549;52.529;204.806;1570.564;3420.0;0.0;15191.0;33093.686;5721.456;-6727.952;83.858;18;128;[1.752, 1.243, 1.543, 1.2, 1.561];[1.477, 1.938, 1.554]
22;20644.278;466.165;3416.549;52.529;204.806;1570.564;3420.0;0.0;15191.0;33093.686;5721.456;-6727.952;53.625;18;128;[1.752, 1.243, 1.689, 1.2, 1.561];[1.477, 2.044, 1.554]
23;20570.84;462.976;3405.921;51.082;202.804;1530.942;3397.2;0.0;15171.0;33093.686;5721.456;-6801.39;26.725;18;128;[1.752, 1.243, 1.92, 1.2, 1.561];[1.477, 2.24, 1.554]
24;20566.249;461.986;3402.619;51.082;202.506;1530.644;3397.2;0.0;15171.0;33093.686;5721.456;-6805.981;13.92;18;128;[1.752, 1.243, 2.128, 1.2, 1.561];[1.477, 2.416, 1.554]
25;20449.099;462.156;3397.855;46.911;200.406;1420.088;3397.2;0.0;15169.0;33082.886;5732.256;-6901.531;62.176;18;128;[1.977, 1.243, 2.128, 1.2, 1.561];[1.477, 2.574, 1.554]
26;20449.099;462.156;3397.855;46.911;200.406;1420.088;3397.2;0.0;15169.0;33082.886;5732.256;-6901.531;62.861;18;128;[1.977, 1.243, 2.128, 1.2, 1.505];[1.429, 2.574, 1.554]
27;20437.899;459.704;3389.679;46.911;199.834;1419.516;3397.2;0.0;15169.0;33082.886;5732.256;-6912.731;7.506;18;128;[1.977, 1.243, 2.315, 1.2, 1.505];[1.429, 2.717, 1.554]
28;20437.899;459.704;3389.679;46.911;199.834;1419.516;3397.2;0.0;15169.0;33082.886;5732.256;-6912.731;10.005;18;128;[1.977, 1.243, 2.183, 1.2, 1.505];[1.386, 2.717, 1.554]
29;20437.899;459.704;3389.679;46.911;199.834;1419.516;3397.2;0.0;15169.0;33082.886;5732.256;-6912.731;9.787;18;128;[1.977, 1.219, 2.183, 1.2, 1.505];[1.386, 2.717, 1.499]
30;20437.899;459.704;3389.679;46.911;199.834;1419.516;3397.2;0.0;15169.0;33082.886;5732.256;-6912.731;24.076;18;128;[1.977, 1.219, 2.065, 1.2, 1.505];[1.347, 2.717, 1.499]
31;20437.899;459.704;3389.679;46.911;199.834;1419.516;3397.2;0.0;15169.0;33082.886;5732.256;-6912.731;12.235;18;128;[1.977, 1.219, 2.065, 1.2, 1.455];[1.347, 2.717, 1.449]
32;20437.899;459.704;3389.679;46.911;199.834;1419.516;3397.2;0.0;15169.0;33082.886;5732.256;-6912.731;63.76;18;128;[1.879, 1.219, 2.065, 1.2, 1.455];[1.347, 2.545, 1.449]
33;20491.302;447.099;3345.996;51.91;198.559;1548.208;3182.4;0.0;15150.0;33147.002;5668.14;-6987.56;74.127;18;128;[2.091, 1.219, 2.065, 1.2, 1.455];[1.612, 2.545, 1.449]
34;20491.302;447.099;3345.996;51.91;198.559;1548.208;3182.4;0.0;15150.0;33147.002;5668.14;-6987.56;68.963;18;128;[1.982, 1.219, 2.065, 1.2, 1.455];[1.612, 2.391, 1.449]
35;20491.302;447.099;3345.996;51.91;198.559;1548.208;3182.4;0.0;15150.0;33147.002;5668.14;-6987.56;23.047;18;128;[1.982, 1.219, 1.959, 1.2, 1.455];[1.551, 2.391, 1.449]
36;20419.268;438.372;3316.906;53.764;196.131;1593.99;3087.6;0.0;15070.0;33147.002;5668.14;-7059.594;42.683;18;128;[1.982, 1.219, 1.959, 1.48, 1.455];[1.796, 2.391, 1.449]
37;20419.268;438.372;3316.906;53.764;196.131;1593.99;3087.6;0.0;15070.0;33147.002;5668.14;-7059.594;12.664;18;128;[1.982, 1.219, 1.959, 1.632, 1.455];[1.916, 2.391, 1.449]
38;20419.268;438.372;3316.906;53.764;196.131;1593.99;3087.6;0.0;15070.0;33147.002;5668.14;-7059.594;84.03;18;128;[1.982, 1.219, 1.959, 1.632, 1.41];[1.916, 2.252, 1.449]
39;20419.268;438.372;3316.906;53.764;196.131;1593.99;3087.6;0.0;15070.0;33147.002;5668.14;-7059.594;3.858;18;128;[1.982, 1.197, 1.959, 1.632, 1.41];[1.916, 2.252, 1.404]
40;20419.268;438.372;3316.906;53.764;196.131;1593.99;3087.6;0.0;15070.0;33147.002;5668.14;-7059.594;54.779;18;128;[1.884, 1.197, 1.959, 1.632, 1.41];[1.824, 2.252, 1.404]
41;20373.224;438.986;3318.952;51.864;196.835;1545.286;3087.6;0.0;15070.0;33147.002;5668.14;-7105.638;35.214;18;128;[1.884, 1.197, 2.163, 1.632, 1.41];[1.824, 2.427, 1.404]
42;20373.224;438.986;3318.952;51.864;196.835;1545.286;3087.6;0.0;15070.0;33147.002;5668.14;-7105.638;37.214;18;128;[1.884, 1.177, 2.163, 1.632, 1.41];[1.824, 2.284, 1.404]
43;20286.885;432.482;3297.274;52.784;194.748;1567.129;2992.8;0.0;14990.0;33147.002;5668.14;-7191.977;35.76;18;128;[1.884, 1.177, 2.163, 1.869, 1.41];[2.042, 2.284, 1.404]
44;20286.885;432.482;3297.274;52.784;194.748;1567.129;2992.8;0.0;14990.0;33147.002;5668.14;-7191.977;25.501;18;128;[1.884, 1.177, 2.163, 1.982, 1.41];[2.042, 2.356, 1.404]
45;20286.885;432.482;3297.274;52.784;194.748;1567.129;2992.8;0.0;14990.0;33147.002;5668.14;-7191.977;40.545;18;128;[1.884, 1.159, 2.163, 1.982, 1.41];[1.938, 2.356, 1.404]
46;20286.885;432.482;3297.274;52.784;194.748;1567.129;2992.8;0.0;14990.0;33147.002;5668.14;-7191.977;13.744;18;128;[1.884, 1.159, 2.163, 1.982, 1.369];[1.938, 2.356, 1.364]
47;20286.885;432.482;3297.274;52.784;194.748;1567.129;2992.8;0.0;14990.0;33147.002;5668.14;-7191.977;71.786;18;128;[1.884, 1.159, 2.163, 1.982, 1.332];[1.938, 2.22, 1.364]
48;20286.885;432.482;3297.274;52.784;194.748;1567.129;2992.8;0.0;14990.0;33147.002;5668.14;-7191.977;15.033;18;128;[1.884, 1.159, 2.047, 1.982, 1.332];[1.938, 2.22, 1.328]
49;20732.541;440.826;3335.754;55.057;196.484;1627.961;3157.2;0.0;15328.0;33681.182;5133.96;-7814.681;115.626;17;128;[2.096, 1.159, 2.047, 1.982, 1.332];[2.144, 2.22, 1.328]
617constructshop:True depot:False weather:True;22071.69;574.318;3757.392;79.977;266.585;2345.98;3538.8;0.0;15394.0;32756.906;6058.236;-4626.98;261.808;19;128;[1.0, 1.0, 1.0, 1.0, 1.0];[1.0, 1.0, 1.0]
0;21794.123;556.7;3698.668;74.929;254.614;2202.755;3657.6;0.0;15336.0;32756.906;6058.236;-4904.547;180.773;19;128;[1.3, 1.0, 1.0, 1.0, 1.0];[1.0, 1.3, 1.0]
1;21645.928;536.084;3629.948;76.087;245.639;2223.896;3562.8;0.0;15256.0;32756.906;6058.236;-5052.742;155.565;19;128;[1.3, 1.3, 1.0, 1.0, 1.0];[1.3, 1.3, 1.0]
2;21197.778;535.194;3626.981;67.771;238.568;2000.603;3231.6;0.0;15035.0;32756.906;6058.236;-5500.892;222.634;19;128;[1.3, 1.3, 1.0, 1.0, 1.3];[1.3, 1.57, 1.0]
3;21197.778;535.194;3626.981;67.771;238.568;2000.603;3231.6;0.0;15035.0;32756.906;6058.236;-5500.892;119.484;19;128;[1.3, 1.3, 1.0, 1.0, 1.27];[1.3, 1.513, 1.0]
4;20828.936;510.272;3543.907;63.578;226.74;1879.757;3066.0;0.0;14895.0;32756.906;6058.236;-5869.734;79.056;19;128;[1.57, 1.3, 1.0, 1.0, 1.27];[1.57, 1.513, 1.0]
5;20751.568;506.941;3532.805;61.306;222.869;1816.822;3160.8;0.0;14895.0;32756.906;6058.236;-5947.102;53.095;19;128;[1.813, 1.3, 1.0, 1.0, 1.27];[1.813, 1.513, 1.0]
6;20751.568;506.941;3532.805;61.306;222.869;1816.822;3160.8;0.0;14895.0;32756.906;6058.236;-5947.102;84.642;19;128;[1.813, 1.3, 1.0, 1.0, 1.243];[1.813, 1.462, 1.0]
7;20730.231;493.315;3487.382;68.295;220.852;1996.534;3043.2;0.0;14753.0;32756.906;6058.236;-5968.439;88.908;19;128;[1.813, 1.3, 1.3, 1.0, 1.243];[2.032, 1.462, 1.0]
8;20730.231;493.315;3487.382;68.295;220.852;1996.534;3043.2;0.0;14753.0;32756.906;6058.236;-5968.439;69.78;19;128;[1.813, 1.3, 1.3, 1.0, 1.219];[2.032, 1.416, 1.0]
9;20584.99;486.116;3463.387;64.842;219.602;1905.487;2948.4;0.0;14730.0;32756.906;6058.236;-6113.68;53.262;19;128;[2.032, 1.3, 1.3, 1.0, 1.219];[2.229, 1.416, 1.0]
10;20462.28;482.033;3449.777;67.707;219.077;1979.47;2805.6;0.0;14551.0;32756.906;6058.236;-6236.39;51.681;19;128;[2.032, 1.3, 1.57, 1.0, 1.219];[2.229, 1.674, 1.0]
11;20462.28;482.033;3449.777;67.707;219.077;1979.47;2805.6;0.0;14551.0;32756.906;6058.236;-6236.39;36.039;19;128;[2.032, 1.3, 1.513, 1.0, 1.219];[2.229, 1.607, 1.0]
12;20443.935;478.445;3437.818;67.641;218.009;1976.672;2805.6;0.0;14551.0;32756.906;6058.236;-6254.735;105.773;19;128;[2.032, 1.57, 1.513, 1.0, 1.219];[2.229, 1.846, 1.0]
13;20431.151;475.668;3428.562;67.641;217.257;1975.921;2805.6;0.0;14551.0;32756.906;6058.236;-6267.519;74.255;19;128;[2.032, 1.57, 1.513, 1.3, 1.219];[2.229, 2.061, 1.0]
14;20431.151;475.668;3428.562;67.641;217.257;1975.921;2805.6;0.0;14551.0;32756.906;6058.236;-6267.519;18.104;19;128;[2.032, 1.57, 1.513, 1.3, 1.197];[2.229, 2.061, 1.0]
15;20431.151;475.668;3428.562;67.641;217.257;1975.921;2805.6;0.0;14551.0;32756.906;6058.236;-6267.519;10.932;19;128;[2.032, 1.513, 1.513, 1.3, 1.197];[2.229, 2.061, 1.0]
16;20390.198;482.69;3451.967;64.781;219.243;1903.542;2924.4;0.0;14552.0;32756.906;6058.236;-6308.472;7.56;19;128;[2.032, 1.762, 1.513, 1.3, 1.197];[2.229, 2.061, 1.3]
17;20154.939;467.251;3400.504;63.245;210.82;1855.184;2781.6;0.0;14432.0;32756.906;6058.236;-6543.731;41.652;19;128;[2.032, 1.986, 1.513, 1.3, 1.197];[2.229, 2.255, 1.3]
18;20141.048;464.443;3391.142;63.245;209.1;1853.463;2781.6;0.0;14432.0;32756.906;6058.236;-6557.622;72.841;19;128;[2.032, 1.986, 1.762, 1.3, 1.197];[2.406, 2.255, 1.3]
19;20141.048;464.443;3391.142;63.245;209.1;1853.463;2781.6;0.0;14432.0;32756.906;6058.236;-6557.622;20.722;19;128;[2.032, 1.887, 1.762, 1.3, 1.197];[2.406, 2.13, 1.3]
20;20141.048;464.443;3391.142;63.245;209.1;1853.463;2781.6;0.0;14432.0;32756.906;6058.236;-6557.622;77.477;19;128;[1.929, 1.887, 1.762, 1.3, 1.197];[2.265, 2.13, 1.3]
21;20141.048;464.443;3391.142;63.245;209.1;1853.463;2781.6;0.0;14432.0;32756.906;6058.236;-6557.622;39.52;19;128;[1.836, 1.887, 1.762, 1.3, 1.197];[2.139, 2.13, 1.3]
22;20026.343;453.233;3353.778;63.992;204.539;1868.332;2972.4;0.0;14351.0;32756.906;6058.236;-6672.327;23.761;19;128;[1.836, 2.098, 1.762, 1.3, 1.197];[2.325, 2.13, 1.3]
23;20026.343;453.233;3353.778;63.992;204.539;1868.332;2972.4;0.0;14351.0;32756.906;6058.236;-6672.327;17.18;19;128;[1.836, 2.188, 1.762, 1.3, 1.197];[2.325, 2.217, 1.3]
24;20026.343;453.233;3353.778;63.992;204.539;1868.332;2972.4;0.0;14351.0;32756.906;6058.236;-6672.327;4.497;19;128;[1.752, 2.188, 1.762, 1.3, 1.197];[2.325, 2.217, 1.27]
25;20026.343;453.233;3353.778;63.992;204.539;1868.332;2972.4;0.0;14351.0;32756.906;6058.236;-6672.327;13.461;19;128;[1.677, 2.188, 1.762, 1.3, 1.197];[2.325, 2.217, 1.243]
26;20026.343;453.233;3353.778;63.992;204.539;1868.332;2972.4;0.0;14351.0;32756.906;6058.236;-6672.327;9.507;19;128;[1.677, 2.188, 1.762, 1.27, 1.197];[2.325, 2.217, 1.219]
27;20026.343;453.233;3353.778;63.992;204.539;1868.332;2972.4;0.0;14351.0;32756.906;6058.236;-6672.327;31.97;19;128;[1.677, 2.188, 1.762, 1.443, 1.197];[2.393, 2.217, 1.219]
28;20026.343;453.233;3353.778;63.992;204.539;1868.332;2972.4;0.0;14351.0;32756.906;6058.236;-6672.327;11.659;19;128;[1.677, 2.188, 1.762, 1.599, 1.197];[2.454, 2.217, 1.219]
29;20026.343;453.233;3353.778;63.992;204.539;1868.332;2972.4;0.0;14351.0;32756.906;6058.236;-6672.327;11.715;19;128;[1.677, 2.069, 1.762, 1.599, 1.197];[2.454, 2.217, 1.197]
30;20026.343;453.233;3353.778;63.992;204.539;1868.332;2972.4;0.0;14351.0;32756.906;6058.236;-6672.327;93.09;19;128;[1.609, 2.069, 1.762, 1.599, 1.197];[2.454, 2.095, 1.197]
31;20026.343;453.233;3353.778;63.992;204.539;1868.332;2972.4;0.0;14351.0;32756.906;6058.236;-6672.327;18.775;19;128;[1.609, 2.069, 1.762, 1.539, 1.197];[2.454, 1.986, 1.197]
32;20026.343;453.233;3353.778;63.992;204.539;1868.332;2972.4;0.0;14351.0;32756.906;6058.236;-6672.327;79.118;19;128;[1.609, 2.162, 1.762, 1.539, 1.197];[2.454, 2.087, 1.197]
33;20026.343;453.233;3353.778;63.992;204.539;1868.332;2972.4;0.0;14351.0;32756.906;6058.236;-6672.327;14.708;19;128;[1.609, 2.162, 1.762, 1.685, 1.197];[2.509, 2.087, 1.197]
34;20026.343;453.233;3353.778;63.992;204.539;1868.332;2972.4;0.0;14351.0;32756.906;6058.236;-6672.327;12.509;19;128;[1.548, 2.162, 1.762, 1.685, 1.197];[2.509, 2.087, 1.177]
35;20026.343;453.233;3353.778;63.992;204.539;1868.332;2972.4;0.0;14351.0;32756.906;6058.236;-6672.327;12.398;19;128;[1.548, 2.162, 1.762, 1.617, 1.197];[2.509, 1.978, 1.177]
36;20026.343;453.233;3353.778;63.992;204.539;1868.332;2972.4;0.0;14351.0;32756.906;6058.236;-6672.327;27.119;19;128;[1.548, 2.046, 1.762, 1.617, 1.197];[2.358, 1.978, 1.177]
37;20026.343;453.233;3353.778;63.992;204.539;1868.332;2972.4;0.0;14351.0;32756.906;6058.236;-6672.327;70.307;19;128;[1.548, 2.046, 1.886, 1.617, 1.197];[2.358, 2.08, 1.177]
38;20026.343;453.233;3353.778;63.992;204.539;1868.332;2972.4;0.0;14351.0;32756.906;6058.236;-6672.327;91.816;19;128;[1.548, 2.046, 1.886, 1.617, 1.177];[2.358, 1.972, 1.177]
39;19869.108;453.673;3355.245;57.971;200.957;1708.19;3043.2;0.0;14352.0;32756.906;6058.236;-6829.562;50.552;19;128;[1.548, 2.046, 1.886, 1.617, 1.459];[2.522, 1.972, 1.177]
40;19869.108;453.673;3355.245;57.971;200.957;1708.19;3043.2;0.0;14352.0;32756.906;6058.236;-6829.562;63.38;19;128;[1.548, 2.046, 1.886, 1.617, 1.413];[2.522, 1.875, 1.177]
41;19830.646;458.045;3369.816;55.045;199.624;1630.786;3066.0;0.0;14372.0;32756.906;6058.236;-6868.024;9.332;19;128;[1.548, 2.241, 1.886, 1.617, 1.413];[2.522, 1.875, 1.459]
42;19787.84;450.163;3343.543;57.873;197.437;1702.134;2971.2;0.0;14292.0;32756.906;6058.236;-6910.83;32.814;19;128;[1.548, 2.241, 1.886, 1.855, 1.413];[2.67, 1.875, 1.459]
43;19780.843;448.654;3338.514;57.873;196.978;1701.675;2971.2;0.0;14292.0;32756.906;6058.236;-6917.827;16.166;19;128;[1.548, 2.241, 1.886, 2.07, 1.413];[2.67, 2.087, 1.459]
44;19780.843;448.654;3338.514;57.873;196.978;1701.675;2971.2;0.0;14292.0;32756.906;6058.236;-6917.827;10.458;19;128;[1.548, 2.241, 1.886, 2.163, 1.413];[2.67, 2.178, 1.459]
45;19780.843;448.654;3338.514;57.873;196.978;1701.675;2971.2;0.0;14292.0;32756.906;6058.236;-6917.827;6.531;19;128;[1.548, 2.241, 1.797, 2.163, 1.413];[2.67, 2.178, 1.413]
46;19780.843;448.654;3338.514;57.873;196.978;1701.675;2971.2;0.0;14292.0;32756.906;6058.236;-6917.827;13.752;19;128;[1.548, 2.241, 1.717, 2.163, 1.413];[2.67, 2.178, 1.372]
47;19780.843;448.654;3338.514;57.873;196.978;1701.675;2971.2;0.0;14292.0;32756.906;6058.236;-6917.827;49.348;19;128;[1.548, 2.317, 1.717, 2.163, 1.413];[2.67, 2.26, 1.372]
48;19780.843;448.654;3338.514;57.873;196.978;1701.675;2971.2;0.0;14292.0;32756.906;6058.236;-6917.827;41.287;19;128;[1.493, 2.317, 1.717, 2.163, 1.413];[2.67, 2.134, 1.372]
49;19780.843;448.654;3338.514;57.873;196.978;1701.675;2971.2;0.0;14292.0;32756.906;6058.236;-6917.827;22.411;19;128;[1.493, 2.317, 1.717, 2.247, 1.413];[2.703, 2.134, 1.372]
618constructshop:True depot:False weather:True;21732.107;538.157;3649.524;66.775;236.263;1972.425;3445.2;0.0;15572.0;33123.002;5692.14;-5698.755;257.188;19;128;[1.0, 1.0, 1.0, 1.0, 1.0];[1.0, 1.0, 1.0]
0;21306.946;542.264;3663.215;58.834;236.784;1766.467;3420.0;0.0;15335.0;33123.002;5692.14;-6123.916;71.144;18;128;[1.0, 1.0, 1.0, 1.0, 1.3];[1.0, 1.0, 1.3]
1;21249.06;545.369;3673.562;59.237;235.969;1776.129;3279.6;0.0;15254.0;33123.002;5692.14;-6181.802;40.348;18;128;[1.0, 1.0, 1.3, 1.0, 1.3];[1.0, 1.0, 1.57]
2;21145.724;527.593;3614.312;56.281;225.514;1688.818;3373.2;0.0;15315.0;33123.002;5692.14;-6285.138;39.202;18;128;[1.3, 1.0, 1.3, 1.0, 1.3];[1.0, 1.0, 1.813]
3;21145.724;527.593;3614.312;56.281;225.514;1688.818;3373.2;0.0;15315.0;33123.002;5692.14;-6285.138;33.034;18;128;[1.3, 1.0, 1.3, 1.0, 1.3];[1.0, 1.0, 1.732]
4;21145.724;527.593;3614.312;56.281;225.514;1688.818;3373.2;0.0;15315.0;33123.002;5692.14;-6285.138;154.532;18;128;[1.27, 1.0, 1.3, 1.0, 1.3];[1.0, 1.0, 1.732]
5;21145.724;527.593;3614.312;56.281;225.514;1688.818;3373.2;0.0;15315.0;33123.002;5692.14;-6285.138;26.149;18;128;[1.27, 1.0, 1.3, 1.0, 1.3];[1.0, 1.0, 1.659]
6;21145.724;527.593;3614.312;56.281;225.514;1688.818;3373.2;0.0;15315.0;33123.002;5692.14;-6285.138;27.252;18;128;[1.243, 1.0, 1.3, 1.0, 1.3];[1.0, 1.0, 1.593]
7;21145.724;527.593;3614.312;56.281;225.514;1688.818;3373.2;0.0;15315.0;33123.002;5692.14;-6285.138;14.174;18;128;[1.243, 1.2, 1.3, 1.0, 1.3];[1.0, 1.0, 1.734]
8;21145.724;527.593;3614.312;56.281;225.514;1688.818;3373.2;0.0;15315.0;33123.002;5692.14;-6285.138;97.891;18;128;[1.219, 1.2, 1.3, 1.0, 1.3];[1.0, 1.0, 1.734]
9;21145.724;527.593;3614.312;56.281;225.514;1688.818;3373.2;0.0;15315.0;33123.002;5692.14;-6285.138;97.68;18;128;[1.219, 1.2, 1.3, 1.0, 1.3];[1.0, 1.0, 1.734]
10;21145.724;527.593;3614.312;56.281;225.514;1688.818;3373.2;0.0;15315.0;33123.002;5692.14;-6285.138;71.98;18;128;[1.197, 1.2, 1.3, 1.0, 1.3];[1.0, 1.0, 1.734]
11;21014.698;517.437;3580.456;56.905;226.276;1705.806;3136.8;0.0;15211.0;33123.002;5692.14;-6416.164;114.479;18;128;[1.197, 1.48, 1.3, 1.0, 1.3];[1.0, 1.3, 1.734]
12;21014.698;517.437;3580.456;56.905;226.276;1705.806;3136.8;0.0;15211.0;33123.002;5692.14;-6416.164;26.668;18;128;[1.197, 1.48, 1.27, 1.0, 1.3];[1.0, 1.3, 1.661]
13;21014.698;517.437;3580.456;56.905;226.276;1705.806;3136.8;0.0;15211.0;33123.002;5692.14;-6416.164;33.367;18;128;[1.197, 1.632, 1.27, 1.0, 1.3];[1.2, 1.3, 1.661]
14;21014.698;517.437;3580.456;56.905;226.276;1705.806;3136.8;0.0;15211.0;33123.002;5692.14;-6416.164;13.178;18;128;[1.177, 1.632, 1.27, 1.0, 1.3];[1.2, 1.3, 1.595]
15;21014.698;517.437;3580.456;56.905;226.276;1705.806;3136.8;0.0;15211.0;33123.002;5692.14;-6416.164;18.788;18;128;[1.159, 1.632, 1.27, 1.0, 1.3];[1.2, 1.3, 1.536]
16;21014.698;517.437;3580.456;56.905;226.276;1705.806;3136.8;0.0;15211.0;33123.002;5692.14;-6416.164;99.536;18;128;[1.143, 1.632, 1.27, 1.0, 1.3];[1.18, 1.3, 1.536]
17;21014.698;517.437;3580.456;56.905;226.276;1705.806;3136.8;0.0;15211.0;33123.002;5692.14;-6416.164;148.954;18;128;[1.143, 1.632, 1.27, 1.0, 1.47];[1.362, 1.3, 1.536]
18;21014.698;517.437;3580.456;56.905;226.276;1705.806;3136.8;0.0;15211.0;33123.002;5692.14;-6416.164;19.438;18;128;[1.143, 1.632, 1.27, 1.0, 1.47];[1.362, 1.3, 1.482]
19;21014.698;517.437;3580.456;56.905;226.276;1705.806;3136.8;0.0;15211.0;33123.002;5692.14;-6416.164;98.827;18;128;[1.329, 1.632, 1.27, 1.0, 1.47];[1.362, 1.47, 1.482]
20;20877.495;504.109;3536.029;57.197;220.246;1707.356;3208.8;0.0;15130.0;33123.002;5692.14;-6553.367;9.413;18;128;[1.329, 1.869, 1.27, 1.0, 1.47];[1.362, 1.47, 1.734]
21;20757.841;512.261;3563.203;49.644;218.628;1509.376;3398.4;0.0;15173.0;33123.002;5692.14;-6673.021;20.04;18;128;[1.329, 1.869, 1.27, 1.0, 1.723];[1.362, 1.47, 1.961]
22;20757.841;512.261;3563.203;49.644;218.628;1509.376;3398.4;0.0;15173.0;33123.002;5692.14;-6673.021;27.123;18;128;[1.329, 1.869, 1.27, 1.0, 1.651];[1.362, 1.47, 1.865]
23;20757.841;512.261;3563.203;49.644;218.628;1509.376;3398.4;0.0;15173.0;33123.002;5692.14;-6673.021;13.726;18;128;[1.329, 1.869, 1.27, 1.0, 1.586];[1.362, 1.47, 1.779]
24;20757.841;512.261;3563.203;49.644;218.628;1509.376;3398.4;0.0;15173.0;33123.002;5692.14;-6673.021;21.385;18;128;[1.329, 1.982, 1.27, 1.0, 1.586];[1.362, 1.623, 1.779]
25;21291.411;517.951;3592.836;50.211;226.135;1531.625;3565.2;0.0;15649.0;33657.182;5157.96;-7207.811;14.282;17;128;[1.596, 1.982, 1.27, 1.0, 1.586];[1.362, 1.623, 2.001]
26;21291.411;517.951;3592.836;50.211;226.135;1531.625;3565.2;0.0;15649.0;33657.182;5157.96;-7207.811;134.295;17;128;[1.596, 1.884, 1.27, 1.0, 1.586];[1.362, 1.561, 2.001]
27;21112.629;503.633;3545.11;47.852;214.727;1458.886;3351.6;0.0;15605.0;33657.182;5157.96;-7386.593;46.871;17;128;[1.596, 1.884, 1.27, 1.3, 1.586];[1.626, 1.561, 2.001]
28;21112.629;503.633;3545.11;47.852;214.727;1458.886;3351.6;0.0;15605.0;33657.182;5157.96;-7386.593;72.814;17;128;[1.536, 1.884, 1.27, 1.3, 1.586];[1.563, 1.561, 2.001]
29;21112.629;503.633;3545.11;47.852;214.727;1458.886;3351.6;0.0;15605.0;33657.182;5157.96;-7386.593;23.436;17;128;[1.536, 1.884, 1.27, 1.47, 1.586];[1.707, 1.561, 2.001]
30;21112.629;503.633;3545.11;47.852;214.727;1458.886;3351.6;0.0;15605.0;33657.182;5157.96;-7386.593;76.507;17;128;[1.536, 1.884, 1.243, 1.47, 1.586];[1.707, 1.505, 2.001]
31;21112.629;503.633;3545.11;47.852;214.727;1458.886;3351.6;0.0;15605.0;33657.182;5157.96;-7386.593;13.855;17;128;[1.536, 1.884, 1.243, 1.47, 1.527];[1.707, 1.505, 1.901]
32;21112.629;503.633;3545.11;47.852;214.727;1458.886;3351.6;0.0;15605.0;33657.182;5157.96;-7386.593;15.859;17;128;[1.536, 1.884, 1.243, 1.47, 1.474];[1.707, 1.505, 1.811]
33;21112.629;503.633;3545.11;47.852;214.727;1458.886;3351.6;0.0;15605.0;33657.182;5157.96;-7386.593;50.254;17;128;[1.536, 1.884, 1.419, 1.47, 1.474];[1.836, 1.505, 1.811]
34;21112.629;503.633;3545.11;47.852;214.727;1458.886;3351.6;0.0;15605.0;33657.182;5157.96;-7386.593;96.337;17;128;[1.536, 1.884, 1.419, 1.47, 1.427];[1.836, 1.455, 1.811]
35;21112.629;503.633;3545.11;47.852;214.727;1458.886;3351.6;0.0;15605.0;33657.182;5157.96;-7386.593;71.104;17;128;[1.482, 1.884, 1.419, 1.47, 1.427];[1.752, 1.455, 1.811]
36;21112.629;503.633;3545.11;47.852;214.727;1458.886;3351.6;0.0;15605.0;33657.182;5157.96;-7386.593;10.53;17;128;[1.482, 1.884, 1.419, 1.47, 1.584];[1.752, 1.455, 1.93]
37;21112.629;503.633;3545.11;47.852;214.727;1458.886;3351.6;0.0;15605.0;33657.182;5157.96;-7386.593;13.77;17;128;[1.482, 1.996, 1.419, 1.47, 1.584];[1.752, 1.455, 2.037]
38;21112.629;503.633;3545.11;47.852;214.727;1458.886;3351.6;0.0;15605.0;33657.182;5157.96;-7386.593;11.007;17;128;[1.434, 1.996, 1.419, 1.47, 1.584];[1.752, 1.455, 1.933]
39;21112.629;503.633;3545.11;47.852;214.727;1458.886;3351.6;0.0;15605.0;33657.182;5157.96;-7386.593;53.917;17;128;[1.434, 1.996, 1.377, 1.47, 1.584];[1.677, 1.455, 1.933]
40;21112.629;503.633;3545.11;47.852;214.727;1458.886;3351.6;0.0;15605.0;33657.182;5157.96;-7386.593;3.356;17;128;[1.434, 1.996, 1.339, 1.47, 1.584];[1.677, 1.455, 1.84]
41;21112.629;503.633;3545.11;47.852;214.727;1458.886;3351.6;0.0;15605.0;33657.182;5157.96;-7386.593;9.819;17;128;[1.391, 1.996, 1.339, 1.47, 1.584];[1.677, 1.455, 1.756]
42;21112.629;503.633;3545.11;47.852;214.727;1458.886;3351.6;0.0;15605.0;33657.182;5157.96;-7386.593;16.521;17;128;[1.391, 1.996, 1.305, 1.47, 1.584];[1.677, 1.41, 1.756]
43;21112.629;503.633;3545.11;47.852;214.727;1458.886;3351.6;0.0;15605.0;33657.182;5157.96;-7386.593;47.106;17;128;[1.391, 1.896, 1.305, 1.47, 1.584];[1.677, 1.369, 1.756]
44;21112.629;503.633;3545.11;47.852;214.727;1458.886;3351.6;0.0;15605.0;33657.182;5157.96;-7386.593;4.496;17;128;[1.391, 1.806, 1.305, 1.47, 1.584];[1.677, 1.369, 1.68]
45;21112.629;503.633;3545.11;47.852;214.727;1458.886;3351.6;0.0;15605.0;33657.182;5157.96;-7386.593;3.918;17;128;[1.391, 1.725, 1.305, 1.47, 1.584];[1.677, 1.369, 1.612]
46;21112.629;503.633;3545.11;47.852;214.727;1458.886;3351.6;0.0;15605.0;33657.182;5157.96;-7386.593;2.645;17;128;[1.391, 1.853, 1.305, 1.47, 1.584];[1.677, 1.369, 1.751]
47;21112.629;503.633;3545.11;47.852;214.727;1458.886;3351.6;0.0;15605.0;33657.182;5157.96;-7386.593;81.121;17;128;[1.391, 1.853, 1.305, 1.47, 1.526];[1.677, 1.332, 1.751]
48;21112.629;503.633;3545.11;47.852;214.727;1458.886;3351.6;0.0;15605.0;33657.182;5157.96;-7386.593;4.225;17;128;[1.391, 1.853, 1.274, 1.47, 1.526];[1.677, 1.332, 1.676]
49;21112.629;503.633;3545.11;47.852;214.727;1458.886;3351.6;0.0;15605.0;33657.182;5157.96;-7386.593;19.158;17;128;[1.391, 1.853, 1.247, 1.47, 1.526];[1.677, 1.299, 1.676]
619constructshop:True depot:False weather:True;21733.209;551.118;3699.726;61.313;238.224;1832.366;3442.8;0.0;15650.0;33093.686;5721.456;-5639.021;244.804;19;128;[1.0, 1.0, 1.0, 1.0, 1.0];[1.0, 1.0, 1.0]
0;21461.231;530.939;3632.463;59.907;230.242;1787.829;3277.2;0.0;15510.0;33093.686;5721.456;-5910.999;91.541;18;128;[1.0, 1.0, 1.0, 1.0, 1.3];[1.0, 1.0, 1.3]
1;21461.231;530.939;3632.463;59.907;230.242;1787.829;3277.2;0.0;15510.0;33093.686;5721.456;-5910.999;178.871;18;128;[1.0, 1.0, 1.0, 1.0, 1.3];[1.0, 1.0, 1.3]
2;21435.092;521.509;3601.029;61.352;227.396;1822.554;3254.4;0.0;15490.0;33093.686;5721.456;-5937.138;124.279;18;128;[1.0, 1.3, 1.0, 1.0, 1.3];[1.0, 1.3, 1.3]
3;21435.092;521.509;3601.029;61.352;227.396;1822.554;3254.4;0.0;15490.0;33093.686;5721.456;-5937.138;137.727;18;128;[1.0, 1.3, 1.0, 1.0, 1.3];[1.0, 1.27, 1.3]
4;21435.092;521.509;3601.029;61.352;227.396;1822.554;3254.4;0.0;15490.0;33093.686;5721.456;-5937.138;77.135;18;128;[1.0, 1.47, 1.0, 1.0, 1.3];[1.2, 1.27, 1.3]
5;20641.5;520.854;3579.181;61.562;228.853;1829.466;2635.2;0.0;14712.0;32756.906;6058.236;-6057.17;19.68;19;128;[1.3, 1.47, 1.0, 1.0, 1.3];[1.2, 1.27, 1.57]
6;20641.5;520.854;3579.181;61.562;228.853;1829.466;2635.2;0.0;14712.0;32756.906;6058.236;-6057.17;195.807;19;128;[1.3, 1.47, 1.0, 1.0, 1.27];[1.18, 1.27, 1.57]
7;20641.5;520.854;3579.181;61.562;228.853;1829.466;2635.2;0.0;14712.0;32756.906;6058.236;-6057.17;28.179;19;128;[1.27, 1.47, 1.0, 1.0, 1.27];[1.18, 1.27, 1.513]
8;20641.5;520.854;3579.181;61.562;228.853;1829.466;2635.2;0.0;14712.0;32756.906;6058.236;-6057.17;89.52;19;128;[1.27, 1.423, 1.0, 1.0, 1.27];[1.18, 1.243, 1.513]
9;20560.619;514.712;3558.706;61.904;225.707;1835.201;2706.0;0.0;14652.0;32756.906;6058.236;-6138.051;95.448;19;128;[1.27, 1.423, 1.0, 1.0, 1.543];[1.18, 1.519, 1.513]
10;20503.258;521.63;3581.768;61.48;229.371;1827.859;2706.0;0.0;14572.0;32756.906;6058.236;-6195.412;23.728;19;128;[1.543, 1.423, 1.0, 1.0, 1.543];[1.18, 1.519, 1.762]
11;20392.94;488.526;3471.419;62.518;215.527;1840.994;2848.8;0.0;14592.0;32756.906;6058.236;-6305.73;10.097;19;128;[1.543, 1.681, 1.0, 1.0, 1.543];[1.18, 1.519, 1.986]
12;20392.94;488.526;3471.419;62.518;215.527;1840.994;2848.8;0.0;14592.0;32756.906;6058.236;-6305.73;129.853;19;128;[1.543, 1.613, 1.0, 1.0, 1.543];[1.162, 1.519, 1.986]
13;20392.94;488.526;3471.419;62.518;215.527;1840.994;2848.8;0.0;14592.0;32756.906;6058.236;-6305.73;81.604;19;128;[1.489, 1.613, 1.0, 1.0, 1.543];[1.162, 1.467, 1.986]
14;20392.94;488.526;3471.419;62.518;215.527;1840.994;2848.8;0.0;14592.0;32756.906;6058.236;-6305.73;18.241;19;128;[1.489, 1.613, 1.0, 1.0, 1.543];[1.162, 1.467, 1.887]
15;20392.94;488.526;3471.419;62.518;215.527;1840.994;2848.8;0.0;14592.0;32756.906;6058.236;-6305.73;49.161;19;128;[1.489, 1.752, 1.0, 1.0, 1.543];[1.162, 1.62, 1.887]
16;20392.94;488.526;3471.419;62.518;215.527;1840.994;2848.8;0.0;14592.0;32756.906;6058.236;-6305.73;62.915;19;128;[1.489, 1.677, 1.0, 1.0, 1.543];[1.146, 1.62, 1.887]
17;20392.94;488.526;3471.419;62.518;215.527;1840.994;2848.8;0.0;14592.0;32756.906;6058.236;-6305.73;75.883;19;128;[1.64, 1.677, 1.0, 1.0, 1.543];[1.146, 1.758, 1.887]
18;20392.94;488.526;3471.419;62.518;215.527;1840.994;2848.8;0.0;14592.0;32756.906;6058.236;-6305.73;21.682;19;128;[1.64, 1.609, 1.0, 1.0, 1.543];[1.146, 1.758, 1.798]
19;20392.94;488.526;3471.419;62.518;215.527;1840.994;2848.8;0.0;14592.0;32756.906;6058.236;-6305.73;57.204;19;128;[1.64, 1.609, 1.0, 1.2, 1.543];[1.146, 1.882, 1.798]
20;20392.94;488.526;3471.419;62.518;215.527;1840.994;2848.8;0.0;14592.0;32756.906;6058.236;-6305.73;15.376;19;128;[1.64, 1.748, 1.0, 1.2, 1.543];[1.146, 1.882, 1.918]
21;20392.94;488.526;3471.419;62.518;215.527;1840.994;2848.8;0.0;14592.0;32756.906;6058.236;-6305.73;24.579;19;128;[1.64, 1.748, 1.0, 1.18, 1.543];[1.131, 1.882, 1.918]
22;20392.94;488.526;3471.419;62.518;215.527;1840.994;2848.8;0.0;14592.0;32756.906;6058.236;-6305.73;7.841;19;128;[1.64, 1.748, 1.0, 1.362, 1.543];[1.131, 1.882, 2.026]
23;20392.94;488.526;3471.419;62.518;215.527;1840.994;2848.8;0.0;14592.0;32756.906;6058.236;-6305.73;20.496;19;128;[1.64, 1.748, 1.0, 1.526, 1.543];[1.318, 1.882, 2.026]
24;20392.94;488.526;3471.419;62.518;215.527;1840.994;2848.8;0.0;14592.0;32756.906;6058.236;-6305.73;8.958;19;128;[1.576, 1.748, 1.0, 1.526, 1.543];[1.318, 1.882, 1.923]
25;20392.94;488.526;3471.419;62.518;215.527;1840.994;2848.8;0.0;14592.0;32756.906;6058.236;-6305.73;18.186;19;128;[1.576, 1.673, 1.0, 1.526, 1.543];[1.318, 1.794, 1.923]
26;20392.94;488.526;3471.419;62.518;215.527;1840.994;2848.8;0.0;14592.0;32756.906;6058.236;-6305.73;77.868;19;128;[1.518, 1.673, 1.0, 1.526, 1.543];[1.318, 1.715, 1.923]
27;20392.94;488.526;3471.419;62.518;215.527;1840.994;2848.8;0.0;14592.0;32756.906;6058.236;-6305.73;55.876;19;128;[1.518, 1.606, 1.0, 1.526, 1.543];[1.318, 1.644, 1.923]
28;20392.94;488.526;3471.419;62.518;215.527;1840.994;2848.8;0.0;14592.0;32756.906;6058.236;-6305.73;13.116;19;128;[1.518, 1.606, 1.0, 1.526, 1.543];[1.318, 1.644, 1.831]
29;20392.94;488.526;3471.419;62.518;215.527;1840.994;2848.8;0.0;14592.0;32756.906;6058.236;-6305.73;20.562;19;128;[1.518, 1.606, 1.0, 1.526, 1.689];[1.318, 1.644, 1.948]
30;20392.94;488.526;3471.419;62.518;215.527;1840.994;2848.8;0.0;14592.0;32756.906;6058.236;-6305.73;77.238;19;128;[1.666, 1.606, 1.0, 1.526, 1.689];[1.318, 1.78, 1.948]
31;20392.94;488.526;3471.419;62.518;215.527;1840.994;2848.8;0.0;14592.0;32756.906;6058.236;-6305.73;17.427;19;128;[1.666, 1.545, 1.0, 1.526, 1.689];[1.318, 1.78, 1.853]
32;20269.88;491.457;3481.19;57.358;212.918;1704.233;2685.6;0.0;14593.0;32756.906;6058.236;-6428.79;16.657;19;128;[1.666, 1.545, 1.0, 1.526, 1.92];[1.318, 1.78, 2.068]
33;20269.88;491.457;3481.19;57.358;212.918;1704.233;2685.6;0.0;14593.0;32756.906;6058.236;-6428.79;18.374;19;128;[1.666, 1.545, 1.0, 1.473, 1.92];[1.318, 1.78, 1.961]
34;20269.88;491.457;3481.19;57.358;212.918;1704.233;2685.6;0.0;14593.0;32756.906;6058.236;-6428.79;40.786;19;128;[1.666, 1.545, 1.0, 1.626, 1.92];[1.318, 1.902, 1.961]
35;20060.59;454.289;3357.298;61.288;203.526;1797.003;2400.0;0.0;14452.0;32756.906;6058.236;-6638.08;62.31;19;128;[1.666, 1.545, 1.3, 1.626, 1.92];[1.318, 2.112, 1.961]
36;20060.59;454.289;3357.298;61.288;203.526;1797.003;2400.0;0.0;14452.0;32756.906;6058.236;-6638.08;8.709;19;128;[1.666, 1.545, 1.3, 1.563, 1.92];[1.318, 2.112, 1.865]
37;19926.994;440.575;3311.583;55.815;191.636;1642.836;2494.8;0.0;14532.0;32756.906;6058.236;-6771.676;88.863;19;128;[1.666, 1.545, 1.3, 1.563, 2.128];[1.586, 2.112, 1.865]
38;19786.968;432.101;3283.337;52.094;185.075;1539.53;2494.8;0.0;14532.0;32756.906;6058.236;-6911.702;39.312;19;128;[1.666, 1.545, 1.57, 1.563, 2.128];[1.827, 2.112, 1.865]
39;19786.968;432.101;3283.337;52.094;185.075;1539.53;2494.8;0.0;14532.0;32756.906;6058.236;-6911.702;24.02;19;128;[1.666, 1.545, 1.57, 1.507, 2.128];[1.744, 2.112, 1.865]
40;19743.569;431.296;3280.654;52.094;185.163;1539.618;2448.0;0.0;14492.0;32756.906;6058.236;-6955.101;48.649;19;128;[1.899, 1.545, 1.57, 1.507, 2.128];[1.97, 2.112, 1.865]
41;19722.406;439.026;3306.418;49.907;187.371;1484.962;2448.0;0.0;14492.0;32756.906;6058.236;-6976.264;64.76;19;128;[2.109, 1.545, 1.57, 1.507, 2.128];[2.173, 2.112, 1.865]
42;19722.406;439.026;3306.418;49.907;187.371;1484.962;2448.0;0.0;14492.0;32756.906;6058.236;-6976.264;55.583;19;128;[2.109, 1.545, 1.57, 1.507, 2.015];[2.056, 2.112, 1.865]
43;19632.107;435.847;3295.823;47.041;185.377;1408.436;2448.0;0.0;14492.0;32756.906;6058.236;-7066.563;64.549;19;128;[2.298, 1.545, 1.57, 1.507, 2.015];[2.25, 2.112, 1.865]
44;19632.107;435.847;3295.823;47.041;185.377;1408.436;2448.0;0.0;14492.0;32756.906;6058.236;-7066.563;6.853;19;128;[2.298, 1.691, 1.57, 1.507, 2.015];[2.325, 2.112, 1.865]
45;19632.107;435.847;3295.823;47.041;185.377;1408.436;2448.0;0.0;14492.0;32756.906;6058.236;-7066.563;15.509;19;128;[2.298, 1.691, 1.57, 1.456, 2.015];[2.193, 2.112, 1.865]
46;19632.107;435.847;3295.823;47.041;185.377;1408.436;2448.0;0.0;14492.0;32756.906;6058.236;-7066.563;8.485;19;128;[2.298, 1.691, 1.57, 1.41, 2.015];[2.193, 2.001, 1.865]
47;19632.107;435.847;3295.823;47.041;185.377;1408.436;2448.0;0.0;14492.0;32756.906;6058.236;-7066.563;10.684;19;128;[2.298, 1.691, 1.513, 1.41, 2.015];[2.193, 2.001, 1.779]
48;19632.107;435.847;3295.823;47.041;185.377;1408.436;2448.0;0.0;14492.0;32756.906;6058.236;-7066.563;39.188;19;128;[2.298, 1.691, 1.662, 1.41, 2.015];[2.193, 2.101, 1.779]
49;19632.107;435.847;3295.823;47.041;185.377;1408.436;2448.0;0.0;14492.0;32756.906;6058.236;-7066.563;44.017;19;128;[2.298, 1.691, 1.662, 1.41, 1.914];[2.074, 2.101, 1.779]
620constructshop:True depot:False weather:True;21499.136;543.981;3650.271;78.396;248.58;2286.885;3394.8;0.0;15018.0;32566.478;6248.664;-4818.678;256.404;19;128;[1.0, 1.0, 1.0, 1.0, 1.0];[1.0, 1.0, 1.0]
0;21243.409;512.93;3546.766;78.071;237.86;2267.714;3062.4;0.0;14916.0;32566.478;6248.664;-5074.405;215.256;20;128;[1.0, 1.0, 1.3, 1.0, 1.0];[1.3, 1.0, 1.0]
1;21269.965;497.316;3500.721;83.336;230.18;2396.927;2920.8;0.0;14875.0;32756.906;6058.236;-5428.705;156.494;19;128;[1.0, 1.0, 1.57, 1.0, 1.0];[1.57, 1.0, 1.0]
2;21000.442;493.846;3489.153;74.56;224.879;2163.443;2874.0;0.0;14854.0;32756.906;6058.236;-5698.228;125.969;19;128;[1.0, 1.0, 1.813, 1.0, 1.0];[1.57, 1.3, 1.0]
3;21000.442;493.846;3489.153;74.56;224.879;2163.443;2874.0;0.0;14854.0;32756.906;6058.236;-5698.228;28.149;19;128;[1.0, 1.0, 1.732, 1.0, 1.0];[1.57, 1.3, 1.0]
4;21000.442;493.846;3489.153;74.56;224.879;2163.443;2874.0;0.0;14854.0;32756.906;6058.236;-5698.228;21.0;19;128;[1.0, 1.0, 1.732, 1.0, 1.0];[1.57, 1.3, 1.0]
5;20880.696;496.061;3496.536;60.712;217.58;1796.099;3064.8;0.0;15092.0;32756.906;6058.236;-5817.974;33.738;19;128;[1.0, 1.0, 1.732, 1.0, 1.3];[1.57, 1.3, 1.3]
6;20350.332;459.427;3374.423;57.143;198.757;1684.483;2756.4;0.0;14832.0;32756.906;6058.236;-6348.338;90.678;19;128;[1.0, 1.0, 1.959, 1.0, 1.3];[1.57, 1.57, 1.3]
7;20350.332;459.427;3374.423;57.143;198.757;1684.483;2756.4;0.0;14832.0;32756.906;6058.236;-6348.338;154.36;19;128;[1.0, 1.0, 1.959, 1.0, 1.27];[1.513, 1.57, 1.3]
8;20350.332;459.427;3374.423;57.143;198.757;1684.483;2756.4;0.0;14832.0;32756.906;6058.236;-6348.338;16.138;19;128;[1.0, 1.0, 1.959, 1.0, 1.27];[1.513, 1.57, 1.27]
9;20350.332;459.427;3374.423;57.143;198.757;1684.483;2756.4;0.0;14832.0;32756.906;6058.236;-6348.338;89.751;19;128;[1.0, 1.0, 1.959, 1.0, 1.27];[1.513, 1.513, 1.27]
10;20350.332;459.427;3374.423;57.143;198.757;1684.483;2756.4;0.0;14832.0;32756.906;6058.236;-6348.338;21.024;19;128;[1.0, 1.0, 1.863, 1.0, 1.27];[1.513, 1.513, 1.243]
11;20350.332;459.427;3374.423;57.143;198.757;1684.483;2756.4;0.0;14832.0;32756.906;6058.236;-6348.338;14.132;19;128;[1.0, 1.0, 1.863, 1.0, 1.443];[1.513, 1.513, 1.419]
12;20350.332;459.427;3374.423;57.143;198.757;1684.483;2756.4;0.0;14832.0;32756.906;6058.236;-6348.338;82.447;19;128;[1.0, 1.0, 1.777, 1.0, 1.443];[1.462, 1.513, 1.419]
13;20350.332;459.427;3374.423;57.143;198.757;1684.483;2756.4;0.0;14832.0;32756.906;6058.236;-6348.338;14.513;19;128;[1.0, 1.0, 1.777, 1.0, 1.399];[1.462, 1.513, 1.377]
14;20325.573;462.83;3385.766;50.199;197.8;1502.978;3681.6;0.0;14974.0;32756.906;6058.236;-6373.097;61.778;19;128;[1.0, 1.3, 1.777, 1.0, 1.399];[1.462, 1.762, 1.377]
15;20325.573;462.83;3385.766;50.199;197.8;1502.978;3681.6;0.0;14974.0;32756.906;6058.236;-6373.097;140.103;19;128;[1.0, 1.3, 1.777, 1.0, 1.359];[1.462, 1.686, 1.377]
16;20325.573;462.83;3385.766;50.199;197.8;1502.978;3681.6;0.0;14974.0;32756.906;6058.236;-6373.097;51.984;19;128;[1.0, 1.27, 1.777, 1.0, 1.359];[1.416, 1.686, 1.377]
17;20325.573;462.83;3385.766;50.199;197.8;1502.978;3681.6;0.0;14974.0;32756.906;6058.236;-6373.097;50.095;19;128;[1.0, 1.27, 1.777, 1.0, 1.323];[1.416, 1.617, 1.377]
18;20116.77;465.066;3393.221;46.343;199.576;1404.483;3538.8;0.0;14854.0;32756.906;6058.236;-6581.9;8.947;19;128;[1.3, 1.27, 1.777, 1.0, 1.323];[1.416, 1.617, 1.639]
19;20116.77;465.066;3393.221;46.343;199.576;1404.483;3538.8;0.0;14854.0;32756.906;6058.236;-6581.9;77.377;19;128;[1.3, 1.27, 1.777, 1.0, 1.291];[1.374, 1.617, 1.639]
20;20116.77;465.066;3393.221;46.343;199.576;1404.483;3538.8;0.0;14854.0;32756.906;6058.236;-6581.9;14.224;19;128;[1.3, 1.27, 1.699, 1.0, 1.291];[1.374, 1.617, 1.575]
21;20116.77;465.066;3393.221;46.343;199.576;1404.483;3538.8;0.0;14854.0;32756.906;6058.236;-6581.9;20.435;19;128;[1.3, 1.27, 1.699, 1.0, 1.262];[1.374, 1.617, 1.518]
22;20116.77;465.066;3393.221;46.343;199.576;1404.483;3538.8;0.0;14854.0;32756.906;6058.236;-6581.9;50.93;19;128;[1.3, 1.27, 1.699, 1.2, 1.262];[1.374, 1.755, 1.518]
23;20116.77;465.066;3393.221;46.343;199.576;1404.483;3538.8;0.0;14854.0;32756.906;6058.236;-6581.9;51.78;19;128;[1.3, 1.243, 1.699, 1.2, 1.262];[1.374, 1.679, 1.518]
24;20116.77;465.066;3393.221;46.343;199.576;1404.483;3538.8;0.0;14854.0;32756.906;6058.236;-6581.9;66.477;19;128;[1.3, 1.219, 1.699, 1.2, 1.262];[1.337, 1.679, 1.518]
25;20116.77;465.066;3393.221;46.343;199.576;1404.483;3538.8;0.0;14854.0;32756.906;6058.236;-6581.9;65.943;19;128;[1.27, 1.219, 1.699, 1.2, 1.262];[1.337, 1.611, 1.518]
26;20116.77;465.066;3393.221;46.343;199.576;1404.483;3538.8;0.0;14854.0;32756.906;6058.236;-6581.9;81.176;19;128;[1.27, 1.219, 1.699, 1.2, 1.236];[1.337, 1.55, 1.518]
27;20116.77;465.066;3393.221;46.343;199.576;1404.483;3538.8;0.0;14854.0;32756.906;6058.236;-6581.9;27.772;19;128;[1.27, 1.219, 1.699, 1.38, 1.236];[1.337, 1.695, 1.518]
28;20116.77;465.066;3393.221;46.343;199.576;1404.483;3538.8;0.0;14854.0;32756.906;6058.236;-6581.9;60.758;19;128;[1.27, 1.219, 1.629, 1.38, 1.236];[1.303, 1.695, 1.518]
29;20116.77;465.066;3393.221;46.343;199.576;1404.483;3538.8;0.0;14854.0;32756.906;6058.236;-6581.9;52.755;19;128;[1.27, 1.197, 1.629, 1.38, 1.236];[1.273, 1.695, 1.518]
30;20116.77;465.066;3393.221;46.343;199.576;1404.483;3538.8;0.0;14854.0;32756.906;6058.236;-6581.9;73.181;19;128;[1.243, 1.197, 1.629, 1.38, 1.236];[1.273, 1.626, 1.518]
31;20116.77;465.066;3393.221;46.343;199.576;1404.483;3538.8;0.0;14854.0;32756.906;6058.236;-6581.9;14.289;19;128;[1.243, 1.197, 1.566, 1.38, 1.236];[1.273, 1.626, 1.466]
32;20116.77;465.066;3393.221;46.343;199.576;1404.483;3538.8;0.0;14854.0;32756.906;6058.236;-6581.9;46.682;19;128;[1.219, 1.197, 1.566, 1.38, 1.236];[1.246, 1.626, 1.466]
33;20116.77;465.066;3393.221;46.343;199.576;1404.483;3538.8;0.0;14854.0;32756.906;6058.236;-6581.9;44.967;19;128;[1.219, 1.197, 1.709, 1.38, 1.236];[1.246, 1.763, 1.466]
34;20116.77;465.066;3393.221;46.343;199.576;1404.483;3538.8;0.0;14854.0;32756.906;6058.236;-6581.9;14.497;19;128;[1.219, 1.197, 1.709, 1.38, 1.412];[1.246, 1.763, 1.619]
35;20116.77;465.066;3393.221;46.343;199.576;1404.483;3538.8;0.0;14854.0;32756.906;6058.236;-6581.9;19.901;19;128;[1.219, 1.197, 1.709, 1.542, 1.412];[1.246, 1.763, 1.757]
36;20116.77;465.066;3393.221;46.343;199.576;1404.483;3538.8;0.0;14854.0;32756.906;6058.236;-6581.9;41.033;19;128;[1.219, 1.197, 1.838, 1.542, 1.412];[1.246, 1.887, 1.757]
37;20116.77;465.066;3393.221;46.343;199.576;1404.483;3538.8;0.0;14854.0;32756.906;6058.236;-6581.9;11.656;19;128;[1.219, 1.197, 1.754, 1.542, 1.412];[1.246, 1.887, 1.681]
38;20116.77;465.066;3393.221;46.343;199.576;1404.483;3538.8;0.0;14854.0;32756.906;6058.236;-6581.9;6.671;19;128;[1.197, 1.197, 1.754, 1.542, 1.412];[1.246, 1.887, 1.613]
39;20116.77;465.066;3393.221;46.343;199.576;1404.483;3538.8;0.0;14854.0;32756.906;6058.236;-6581.9;30.548;19;128;[1.197, 1.197, 1.879, 1.542, 1.412];[1.421, 1.887, 1.613]
40;20116.77;465.066;3393.221;46.343;199.576;1404.483;3538.8;0.0;14854.0;32756.906;6058.236;-6581.9;11.936;19;128;[1.197, 1.177, 1.879, 1.542, 1.412];[1.379, 1.887, 1.613]
41;20116.77;465.066;3393.221;46.343;199.576;1404.483;3538.8;0.0;14854.0;32756.906;6058.236;-6581.9;10.457;19;128;[1.197, 1.177, 1.879, 1.542, 1.371];[1.379, 1.887, 1.552]
42;20116.77;465.066;3393.221;46.343;199.576;1404.483;3538.8;0.0;14854.0;32756.906;6058.236;-6581.9;19.941;19;128;[1.197, 1.359, 1.879, 1.542, 1.371];[1.379, 1.998, 1.552]
43;20116.77;465.066;3393.221;46.343;199.576;1404.483;3538.8;0.0;14854.0;32756.906;6058.236;-6581.9;36.923;19;128;[1.197, 1.359, 1.879, 1.488, 1.371];[1.379, 1.898, 1.552]
44;20116.77;465.066;3393.221;46.343;199.576;1404.483;3538.8;0.0;14854.0;32756.906;6058.236;-6581.9;9.372;19;128;[1.197, 1.323, 1.879, 1.488, 1.371];[1.379, 1.898, 1.497]
45;20116.77;465.066;3393.221;46.343;199.576;1404.483;3538.8;0.0;14854.0;32756.906;6058.236;-6581.9;43.173;19;128;[1.197, 1.491, 1.879, 1.488, 1.371];[1.379, 2.008, 1.497]
46;20116.77;465.066;3393.221;46.343;199.576;1404.483;3538.8;0.0;14854.0;32756.906;6058.236;-6581.9;29.32;19;128;[1.197, 1.491, 1.879, 1.639, 1.371];[1.379, 2.107, 1.497]
47;20116.77;465.066;3393.221;46.343;199.576;1404.483;3538.8;0.0;14854.0;32756.906;6058.236;-6581.9;12.569;19;128;[1.197, 1.491, 1.879, 1.775, 1.371];[1.379, 2.196, 1.497]
48;20052.061;437.424;3301.08;69.288;198.062;1999.557;2803.2;0.0;14314.0;32756.906;6058.236;-6646.609;12.975;19;128;[1.197, 1.491, 2.091, 1.775, 1.371];[1.379, 2.196, 1.747]
49;19992.074;437.178;3300.259;67.093;196.214;1940.637;2803.2;0.0;14314.0;32756.906;6058.236;-6706.596;25.0;19;128;[1.197, 1.491, 2.091, 1.998, 1.371];[1.379, 2.376, 1.747]
621constructshop:True depot:False weather:True;22174.158;526.904;3623.348;76.041;234.842;2211.906;3774.0;0.0;15812.0;33190.202;5624.94;-5391.104;233.313;19;128;[1.0, 1.0, 1.0, 1.0, 1.0];[1.0, 1.0, 1.0]
0;22174.158;526.904;3623.348;76.041;234.842;2211.906;3774.0;0.0;15812.0;33190.202;5624.94;-5391.104;208.589;19;128;[1.0, 1.0, 1.0, 1.0, 1.0];[1.0, 1.0, 1.0]
1;22174.158;526.904;3623.348;76.041;234.842;2211.906;3774.0;0.0;15812.0;33190.202;5624.94;-5391.104;18.521;19;128;[1.0, 1.0, 1.0, 1.0, 1.0];[1.0, 1.0, 1.0]
2;22174.158;526.904;3623.348;76.041;234.842;2211.906;3774.0;0.0;15812.0;33190.202;5624.94;-5391.104;15.751;19;128;[1.0, 1.0, 1.0, 1.2, 1.0];[1.0, 1.0, 1.2]
3;22151.247;513.198;3577.659;73.623;234.192;2148.39;4107.6;0.0;15912.0;33190.202;5624.94;-5414.015;196.064;18;128;[1.0, 1.0, 1.3, 1.2, 1.0];[1.3, 1.0, 1.2]
4;22151.247;513.198;3577.659;73.623;234.192;2148.39;4107.6;0.0;15912.0;33190.202;5624.94;-5414.015;141.623;18;128;[1.0, 1.0, 1.3, 1.2, 1.0];[1.3, 1.0, 1.2]
5;21868.556;519.759;3599.529;70.189;233.353;2058.268;4108.8;0.0;15691.0;33190.202;5624.94;-5696.706;196.542;18;128;[1.0, 1.0, 1.3, 1.2, 1.3];[1.57, 1.0, 1.2]
6;21868.556;519.759;3599.529;70.189;233.353;2058.268;4108.8;0.0;15691.0;33190.202;5624.94;-5696.706;26.64;18;128;[1.0, 1.0, 1.3, 1.18, 1.3];[1.57, 1.0, 1.18]
7;21868.556;519.759;3599.529;70.189;233.353;2058.268;4108.8;0.0;15691.0;33190.202;5624.94;-5696.706;32.899;18;128;[1.0, 1.0, 1.3, 1.18, 1.27];[1.57, 1.0, 1.162]
8;21868.556;519.759;3599.529;70.189;233.353;2058.268;4108.8;0.0;15691.0;33190.202;5624.94;-5696.706;108.985;18;128;[1.0, 1.0, 1.3, 1.18, 1.27];[1.57, 1.0, 1.162]
9;21868.556;519.759;3599.529;70.189;233.353;2058.268;4108.8;0.0;15691.0;33190.202;5624.94;-5696.706;49.533;18;128;[1.0, 1.0, 1.3, 1.362, 1.27];[1.713, 1.0, 1.162]
10;21474.205;491.902;3506.672;67.125;220.384;1965.631;3822.0;0.0;15510.0;33190.202;5624.94;-6091.057;149.196;18;128;[1.0, 1.0, 1.3, 1.362, 1.543];[1.713, 1.3, 1.162]
11;21474.205;491.902;3506.672;67.125;220.384;1965.631;3822.0;0.0;15510.0;33190.202;5624.94;-6091.057;94.426;18;128;[1.0, 1.0, 1.27, 1.362, 1.543];[1.642, 1.3, 1.162]
12;21474.205;491.902;3506.672;67.125;220.384;1965.631;3822.0;0.0;15510.0;33190.202;5624.94;-6091.057;7.095;18;128;[1.0, 1.0, 1.243, 1.362, 1.543];[1.642, 1.3, 1.146]
13;21474.205;491.902;3506.672;67.125;220.384;1965.631;3822.0;0.0;15510.0;33190.202;5624.94;-6091.057;63.763;18;128;[1.0, 1.0, 1.243, 1.362, 1.489];[1.578, 1.3, 1.146]
14;21474.205;491.902;3506.672;67.125;220.384;1965.631;3822.0;0.0;15510.0;33190.202;5624.94;-6091.057;72.333;18;128;[1.0, 1.0, 1.243, 1.362, 1.44];[1.52, 1.3, 1.146]
15;21474.205;491.902;3506.672;67.125;220.384;1965.631;3822.0;0.0;15510.0;33190.202;5624.94;-6091.057;26.645;18;128;[1.0, 1.0, 1.243, 1.362, 1.44];[1.52, 1.3, 1.131]
16;21474.205;491.902;3506.672;67.125;220.384;1965.631;3822.0;0.0;15510.0;33190.202;5624.94;-6091.057;82.684;18;128;[1.2, 1.0, 1.243, 1.362, 1.44];[1.52, 1.47, 1.131]
17;21474.205;491.902;3506.672;67.125;220.384;1965.631;3822.0;0.0;15510.0;33190.202;5624.94;-6091.057;102.714;18;128;[1.2, 1.0, 1.243, 1.362, 1.596];[1.52, 1.623, 1.131]
18;21474.205;491.902;3506.672;67.125;220.384;1965.631;3822.0;0.0;15510.0;33190.202;5624.94;-6091.057;59.066;18;128;[1.2, 1.0, 1.243, 1.362, 1.536];[1.468, 1.623, 1.131]
19;21342.655;496.017;3520.391;65.175;220.688;1915.247;3727.2;0.0;15411.0;33190.202;5624.94;-6222.607;47.319;18;128;[1.48, 1.0, 1.243, 1.362, 1.536];[1.721, 1.623, 1.131]
20;21303.596;495.654;3519.179;63.889;217.662;1878.764;3632.4;0.0;15410.0;33190.202;5624.94;-6261.666;49.256;18;128;[1.48, 1.0, 1.243, 1.626, 1.536];[1.721, 1.861, 1.131]
21;21303.596;495.654;3519.179;63.889;217.662;1878.764;3632.4;0.0;15410.0;33190.202;5624.94;-6261.666;16.376;18;128;[1.48, 1.0, 1.243, 1.763, 1.536];[1.721, 1.975, 1.131]
22;21292.302;491.82;3506.399;64.149;216.203;1884.083;3632.4;0.0;15410.0;33190.202;5624.94;-6272.96;54.543;18;128;[1.48, 1.0, 1.243, 1.763, 1.782];[1.949, 1.975, 1.131]
23;21266.808;486.532;3488.774;64.149;213.622;1881.502;3632.4;0.0;15410.0;33190.202;5624.94;-6298.454;19.752;18;128;[1.48, 1.0, 1.243, 1.987, 1.782];[1.949, 2.178, 1.131]
24;21266.808;486.532;3488.774;64.149;213.622;1881.502;3632.4;0.0;15410.0;33190.202;5624.94;-6298.454;61.047;18;128;[1.48, 1.0, 1.243, 1.987, 1.704];[1.949, 2.06, 1.131]
25;21266.808;486.532;3488.774;64.149;213.622;1881.502;3632.4;0.0;15410.0;33190.202;5624.94;-6298.454;8.808;18;128;[1.48, 1.0, 1.243, 1.888, 1.704];[1.949, 2.06, 1.118]
26;21266.808;486.532;3488.774;64.149;213.622;1881.502;3632.4;0.0;15410.0;33190.202;5624.94;-6298.454;33.104;18;128;[1.48, 1.0, 1.243, 1.888, 1.634];[1.949, 1.954, 1.118]
27;21266.808;486.532;3488.774;64.149;213.622;1881.502;3632.4;0.0;15410.0;33190.202;5624.94;-6298.454;13.236;18;128;[1.48, 1.0, 1.243, 1.999, 1.634];[1.949, 2.059, 1.118]
28;21266.808;486.532;3488.774;64.149;213.622;1881.502;3632.4;0.0;15410.0;33190.202;5624.94;-6298.454;27.966;18;128;[1.48, 1.0, 1.243, 1.999, 1.571];[1.949, 1.953, 1.118]
29;21266.808;486.532;3488.774;64.149;213.622;1881.502;3632.4;0.0;15410.0;33190.202;5624.94;-6298.454;36.753;18;128;[1.48, 1.0, 1.243, 1.999, 1.714];[1.949, 2.058, 1.118]
30;21266.808;486.532;3488.774;64.149;213.622;1881.502;3632.4;0.0;15410.0;33190.202;5624.94;-6298.454;38.303;18;128;[1.48, 1.0, 1.419, 1.999, 1.714];[1.949, 2.152, 1.118]
31;21266.808;486.532;3488.774;64.149;213.622;1881.502;3632.4;0.0;15410.0;33190.202;5624.94;-6298.454;7.072;18;128;[1.48, 1.0, 1.419, 1.999, 1.714];[1.949, 2.037, 1.118]
32;21188.799;477.244;3457.812;62.835;210.024;1843.743;3632.4;0.0;15410.0;33190.202;5624.94;-6376.463;77.631;18;128;[1.732, 1.0, 1.419, 1.999, 1.714];[1.949, 2.233, 1.118]
33;21188.799;477.244;3457.812;62.835;210.024;1843.743;3632.4;0.0;15410.0;33190.202;5624.94;-6376.463;26.284;18;128;[1.732, 1.0, 1.419, 1.899, 1.714];[1.854, 2.233, 1.118]
34;21188.799;477.244;3457.812;62.835;210.024;1843.743;3632.4;0.0;15410.0;33190.202;5624.94;-6376.463;7.456;18;128;[1.732, 1.2, 1.419, 1.899, 1.714];[1.969, 2.233, 1.118]
35;21188.799;477.244;3457.812;62.835;210.024;1843.743;3632.4;0.0;15410.0;33190.202;5624.94;-6376.463;48.562;18;128;[1.732, 1.2, 1.419, 1.899, 1.643];[1.969, 2.11, 1.118]
36;21188.799;477.244;3457.812;62.835;210.024;1843.743;3632.4;0.0;15410.0;33190.202;5624.94;-6376.463;47.047;18;128;[1.659, 1.2, 1.419, 1.899, 1.643];[1.872, 2.11, 1.118]
37;21188.799;477.244;3457.812;62.835;210.024;1843.743;3632.4;0.0;15410.0;33190.202;5624.94;-6376.463;17.312;18;128;[1.659, 1.2, 1.419, 2.009, 1.643];[1.985, 2.11, 1.118]
38;21118.151;464.965;3416.883;62.392;204.111;1826.303;3608.4;0.0;15410.0;33190.202;5624.94;-6447.111;36.729;18;128;[1.659, 1.2, 1.419, 2.009, 1.879];[2.187, 2.11, 1.118]
39;21118.151;464.965;3416.883;62.392;204.111;1826.303;3608.4;0.0;15410.0;33190.202;5624.94;-6447.111;22.401;18;128;[1.659, 1.2, 1.419, 1.908, 1.879];[2.068, 2.11, 1.118]
40;21118.151;464.965;3416.883;62.392;204.111;1826.303;3608.4;0.0;15410.0;33190.202;5624.94;-6447.111;38.756;18;128;[1.659, 1.2, 1.419, 1.908, 1.791];[1.961, 2.11, 1.118]
41;21005.228;463.644;3412.479;63.567;207.351;1860.105;3322.8;0.0;15269.0;33190.202;5624.94;-6560.034;87.132;18;128;[1.893, 1.2, 1.419, 1.908, 1.791];[1.961, 2.299, 1.118]
42;21005.228;463.644;3412.479;63.567;207.351;1860.105;3322.8;0.0;15269.0;33190.202;5624.94;-6560.034;23.393;18;128;[1.804, 1.2, 1.419, 1.908, 1.791];[1.961, 2.299, 1.106]
43;20950.482;464.041;3413.803;59.847;205.609;1761.637;3488.4;0.0;15311.0;33190.202;5624.94;-6614.78;22.268;18;128;[1.804, 1.48, 1.419, 1.908, 1.791];[1.961, 2.469, 1.106]
44;20950.482;464.041;3413.803;59.847;205.609;1761.637;3488.4;0.0;15311.0;33190.202;5624.94;-6614.78;76.899;18;128;[1.724, 1.48, 1.419, 1.908, 1.791];[1.961, 2.322, 1.106]
45;20950.482;464.041;3413.803;59.847;205.609;1761.637;3488.4;0.0;15311.0;33190.202;5624.94;-6614.78;32.713;18;128;[1.724, 1.48, 1.419, 1.817, 1.791];[1.865, 2.322, 1.106]
46;20950.482;464.041;3413.803;59.847;205.609;1761.637;3488.4;0.0;15311.0;33190.202;5624.94;-6614.78;72.133;18;128;[1.724, 1.48, 1.419, 1.817, 1.712];[1.865, 2.19, 1.106]
47;20950.482;464.041;3413.803;59.847;205.609;1761.637;3488.4;0.0;15311.0;33190.202;5624.94;-6614.78;9.846;18;128;[1.724, 1.432, 1.419, 1.817, 1.712];[1.865, 2.19, 1.095]
48;20950.482;464.041;3413.803;59.847;205.609;1761.637;3488.4;0.0;15311.0;33190.202;5624.94;-6614.78;66.5;18;128;[1.852, 1.432, 1.419, 1.817, 1.712];[1.865, 2.271, 1.095]
49;20950.482;464.041;3413.803;59.847;205.609;1761.637;3488.4;0.0;15311.0;33190.202;5624.94;-6614.78;13.311;18;128;[1.852, 1.432, 1.419, 1.817, 1.641];[1.865, 2.271, 1.086]
622constructshop:True depot:False weather:True;22112.536;573.363;3754.212;80.637;268.407;2364.961;3963.6;0.0;15420.0;32756.906;6058.236;-4586.134;268.459;19;128;[1.0, 1.0, 1.0, 1.0, 1.0];[1.0, 1.0, 1.0]
0;22019.263;560.538;3711.459;80.981;262.766;2368.267;3724.8;0.0;15379.0;32756.906;6058.236;-4679.407;161.691;19;128;[1.3, 1.0, 1.0, 1.0, 1.0];[1.3, 1.0, 1.0]
1;21814.573;560.339;3710.798;75.651;258.52;2225.435;3606.0;0.0;15318.0;32756.906;6058.236;-4884.097;146.969;19;128;[1.57, 1.0, 1.0, 1.0, 1.0];[1.57, 1.0, 1.0]
2;21398.992;545.826;3662.421;72.466;248.633;2132.744;3369.6;0.0;15058.0;32756.906;6058.236;-5299.678;262.165;19;128;[1.57, 1.0, 1.0, 1.0, 1.3];[1.57, 1.3, 1.0]
3;21292.449;523.789;3588.965;72.466;238.583;2122.694;3346.8;0.0;15057.0;32756.906;6058.236;-5406.221;89.904;19;128;[1.57, 1.0, 1.0, 1.3, 1.3];[1.57, 1.57, 1.0]
4;21291.695;523.398;3587.66;72.466;238.526;2122.637;3369.6;0.0;15058.0;32756.906;6058.236;-5406.975;20.693;19;128;[1.57, 1.0, 1.0, 1.57, 1.3];[1.813, 1.57, 1.0]
5;20927.014;512.407;3551.023;65.224;230.766;1926.584;3298.8;0.0;14937.0;32756.906;6058.236;-5771.656;74.303;19;128;[1.813, 1.0, 1.0, 1.57, 1.3];[2.032, 1.57, 1.0]
6;20912.0;509.025;3539.751;65.224;229.406;1925.224;3321.6;0.0;14938.0;32756.906;6058.236;-5786.67;19.753;19;128;[1.813, 1.0, 1.0, 1.813, 1.3];[2.229, 1.57, 1.0]
7;20912.0;509.025;3539.751;65.224;229.406;1925.224;3321.6;0.0;14938.0;32756.906;6058.236;-5786.67;15.655;19;128;[1.732, 1.0, 1.0, 1.813, 1.3];[2.229, 1.57, 1.0]
8;20912.0;509.025;3539.751;65.224;229.406;1925.224;3321.6;0.0;14938.0;32756.906;6058.236;-5786.67;10.206;19;128;[1.732, 1.0, 1.0, 1.732, 1.3];[2.229, 1.513, 1.0]
9;20912.0;509.025;3539.751;65.224;229.406;1925.224;3321.6;0.0;14938.0;32756.906;6058.236;-5786.67;7.436;19;128;[1.732, 1.0, 1.0, 1.859, 1.3];[2.306, 1.513, 1.0]
10;20912.0;509.025;3539.751;65.224;229.406;1925.224;3321.6;0.0;14938.0;32756.906;6058.236;-5786.67;49.51;19;128;[1.659, 1.0, 1.0, 1.859, 1.3];[2.175, 1.513, 1.0]
11;20912.0;509.025;3539.751;65.224;229.406;1925.224;3321.6;0.0;14938.0;32756.906;6058.236;-5786.67;20.335;19;128;[1.659, 1.0, 1.0, 1.973, 1.3];[2.175, 1.662, 1.0]
12;20887.072;502.449;3517.829;64.816;224.587;1909.794;3440.4;0.0;14957.0;32756.906;6058.236;-5811.598;96.381;19;128;[1.893, 1.0, 1.0, 1.973, 1.3];[2.357, 1.662, 1.0]
13;20778.238;495.615;3495.051;65.064;220.912;1912.573;3274.8;0.0;14875.0;32756.906;6058.236;-5920.432;92.76;19;128;[2.104, 1.0, 1.0, 1.973, 1.3];[2.521, 1.662, 1.0]
14;20657.296;490.893;3479.309;61.393;215.881;1812.094;3274.8;0.0;14875.0;32756.906;6058.236;-6041.374;100.784;19;128;[2.104, 1.0, 1.0, 1.973, 1.57];[2.669, 1.662, 1.0]
15;20657.296;490.893;3479.309;61.393;215.881;1812.094;3274.8;0.0;14875.0;32756.906;6058.236;-6041.374;76.465;19;128;[1.994, 1.0, 1.0, 1.973, 1.57];[2.669, 1.596, 1.0]
16;20646.4;478.261;3437.203;63.178;213.305;1855.936;3465.6;0.0;14875.0;32756.906;6058.236;-6052.27;10.192;19;128;[1.994, 1.3, 1.0, 1.973, 1.57];[2.669, 1.596, 1.3]
17;20521.653;471.817;3415.723;61.899;209.749;1819.114;3394.8;0.0;14815.0;32756.906;6058.236;-6177.017;21.491;19;128;[1.994, 1.57, 1.0, 1.973, 1.57];[2.802, 1.596, 1.3]
18;20399.416;473.664;3421.881;57.108;206.055;1690.872;3349.2;0.0;14813.0;32756.906;6058.236;-6299.254;78.642;19;128;[1.994, 1.57, 1.3, 1.973, 1.57];[2.922, 1.596, 1.3]
19;20256.095;459.267;3373.889;50.555;195.51;1509.938;3468.0;0.0;14913.0;32756.906;6058.236;-6442.575;74.375;19;128;[1.994, 1.57, 1.3, 1.973, 1.813];[2.922, 1.836, 1.3]
20;20256.095;459.267;3373.889;50.555;195.51;1509.938;3468.0;0.0;14913.0;32756.906;6058.236;-6442.575;22.863;19;128;[1.994, 1.57, 1.3, 1.876, 1.813];[2.922, 1.836, 1.27]
21;20120.256;449.078;3339.928;47.265;189.364;1418.25;3468.0;0.0;14913.0;32756.906;6058.236;-6578.414;25.858;19;128;[1.994, 1.57, 1.3, 2.088, 1.813];[3.03, 1.836, 1.27]
22;20120.256;449.078;3339.928;47.265;189.364;1418.25;3468.0;0.0;14913.0;32756.906;6058.236;-6578.414;18.239;19;128;[1.895, 1.57, 1.3, 2.088, 1.813];[3.03, 1.836, 1.243]
23;20027.719;454.311;3357.369;48.164;191.787;1444.04;3397.2;0.0;14772.0;32756.906;6058.236;-6670.951;68.211;19;128;[2.106, 1.57, 1.3, 2.088, 1.813];[3.127, 1.836, 1.243]
24;19951.119;461.021;3379.737;46.317;194.129;1398.361;3326.4;0.0;14712.0;32756.906;6058.236;-6747.551;56.683;19;128;[2.295, 1.57, 1.3, 2.088, 1.813];[3.214, 1.836, 1.243]
25;19951.119;461.021;3379.737;46.317;194.129;1398.361;3326.4;0.0;14712.0;32756.906;6058.236;-6747.551;11.996;19;128;[2.295, 1.713, 1.3, 2.088, 1.813];[3.214, 1.952, 1.243]
26;19937.739;477.74;3435.465;51.129;204.177;1533.534;3326.4;0.0;14491.0;32756.906;6058.236;-6760.931;72.203;19;128;[2.466, 1.713, 1.3, 2.088, 1.813];[3.214, 2.157, 1.243]
27;19884.17;466.59;3398.299;51.129;198.924;1528.281;3326.4;0.0;14491.0;32756.906;6058.236;-6814.5;44.176;19;128;[2.619, 1.713, 1.3, 2.088, 1.813];[3.214, 2.341, 1.243]
28;19884.17;466.59;3398.299;51.129;198.924;1528.281;3326.4;0.0;14491.0;32756.906;6058.236;-6814.5;56.089;19;128;[2.619, 1.642, 1.3, 2.088, 1.813];[3.214, 2.207, 1.243]
29;19824.495;452.368;3350.893;51.374;194.515;1530.234;3326.4;0.0;14491.0;32756.906;6058.236;-6874.175;29.903;19;128;[2.757, 1.642, 1.3, 2.088, 1.813];[3.293, 2.207, 1.243]
30;19824.495;452.368;3350.893;51.374;194.515;1530.234;3326.4;0.0;14491.0;32756.906;6058.236;-6874.175;29.019;19;128;[2.757, 1.642, 1.3, 1.979, 1.813];[3.064, 2.207, 1.243]
31;19824.495;452.368;3350.893;51.374;194.515;1530.234;3326.4;0.0;14491.0;32756.906;6058.236;-6874.175;52.122;19;128;[2.757, 1.642, 1.3, 1.979, 1.732];[2.858, 2.207, 1.243]
32;19824.495;452.368;3350.893;51.374;194.515;1530.234;3326.4;0.0;14491.0;32756.906;6058.236;-6874.175;45.292;19;128;[2.757, 1.778, 1.3, 1.979, 1.732];[2.858, 2.286, 1.243]
33;19824.495;452.368;3350.893;51.374;194.515;1530.234;3326.4;0.0;14491.0;32756.906;6058.236;-6874.175;7.551;19;128;[2.757, 1.9, 1.3, 1.979, 1.732];[2.858, 2.286, 1.419]
34;19824.495;452.368;3350.893;51.374;194.515;1530.234;3326.4;0.0;14491.0;32756.906;6058.236;-6874.175;31.903;19;128;[2.757, 1.9, 1.3, 1.881, 1.732];[2.858, 2.157, 1.419]
35;19824.495;452.368;3350.893;51.374;194.515;1530.234;3326.4;0.0;14491.0;32756.906;6058.236;-6874.175;8.681;19;128;[2.757, 2.01, 1.3, 1.881, 1.732];[2.872, 2.157, 1.419]
36;19824.495;452.368;3350.893;51.374;194.515;1530.234;3326.4;0.0;14491.0;32756.906;6058.236;-6874.175;9.658;19;128;[2.757, 2.01, 1.3, 1.993, 1.732];[2.885, 2.157, 1.419]
37;19779.108;454.211;3357.036;46.403;190.371;1396.862;3110.4;0.0;14571.0;32756.906;6058.236;-6919.562;73.994;19;128;[2.757, 2.01, 1.3, 1.993, 1.959];[2.885, 2.341, 1.419]
38;19779.108;454.211;3357.036;46.403;190.371;1396.862;3110.4;0.0;14571.0;32756.906;6058.236;-6919.562;24.233;19;128;[2.757, 2.01, 1.3, 1.894, 1.959];[2.696, 2.341, 1.419]
39;19779.108;454.211;3357.036;46.403;190.371;1396.862;3110.4;0.0;14571.0;32756.906;6058.236;-6919.562;9.808;19;128;[2.757, 2.01, 1.3, 1.805, 1.959];[2.696, 2.207, 1.419]
40;19779.108;454.211;3357.036;46.403;190.371;1396.862;3110.4;0.0;14571.0;32756.906;6058.236;-6919.562;53.876;19;128;[2.757, 1.909, 1.3, 1.805, 1.959];[2.696, 2.086, 1.419]
41;19779.108;454.211;3357.036;46.403;190.371;1396.862;3110.4;0.0;14571.0;32756.906;6058.236;-6919.562;9.015;19;128;[2.581, 1.909, 1.3, 1.805, 1.959];[2.696, 2.086, 1.377]
42;19779.108;454.211;3357.036;46.403;190.371;1396.862;3110.4;0.0;14571.0;32756.906;6058.236;-6919.562;29.867;19;128;[2.581, 2.018, 1.3, 1.805, 1.959];[2.696, 2.177, 1.377]
43;19779.108;454.211;3357.036;46.403;190.371;1396.862;3110.4;0.0;14571.0;32756.906;6058.236;-6919.562;9.239;19;128;[2.581, 2.018, 1.3, 1.725, 1.959];[2.696, 2.059, 1.377]
44;19779.108;454.211;3357.036;46.403;190.371;1396.862;3110.4;0.0;14571.0;32756.906;6058.236;-6919.562;43.232;19;128;[2.581, 1.916, 1.3, 1.725, 1.959];[2.526, 2.059, 1.377]
45;19779.108;454.211;3357.036;46.403;190.371;1396.862;3110.4;0.0;14571.0;32756.906;6058.236;-6919.562;16.393;19;128;[2.423, 1.916, 1.3, 1.725, 1.959];[2.526, 2.059, 1.339]
46;19779.108;454.211;3357.036;46.403;190.371;1396.862;3110.4;0.0;14571.0;32756.906;6058.236;-6919.562;49.069;19;128;[2.423, 1.916, 1.3, 1.725, 2.063];[2.526, 2.153, 1.339]
47;19779.108;454.211;3357.036;46.403;190.371;1396.862;3110.4;0.0;14571.0;32756.906;6058.236;-6919.562;37.412;19;128;[2.423, 1.916, 1.27, 1.725, 2.063];[2.373, 2.153, 1.339]
48;19779.108;454.211;3357.036;46.403;190.371;1396.862;3110.4;0.0;14571.0;32756.906;6058.236;-6919.562;9.776;19;128;[2.423, 1.916, 1.27, 1.725, 1.957];[2.373, 2.153, 1.305]
49;19779.108;454.211;3357.036;46.403;190.371;1396.862;3110.4;0.0;14571.0;32756.906;6058.236;-6919.562;3.739;19;128;[2.423, 2.024, 1.27, 1.725, 1.957];[2.373, 2.238, 1.305]
623constructshop:True depot:False weather:True;21360.583;508.306;3537.354;50.693;217.901;1535.922;4416.0;0.0;15779.0;32756.906;6058.236;-5338.087;264.034;19;128;[1.0, 1.0, 1.0, 1.0, 1.0];[1.0, 1.0, 1.0]
0;21360.583;508.306;3537.354;50.693;217.901;1535.922;4416.0;0.0;15779.0;32756.906;6058.236;-5338.087;79.038;19;128;[1.0, 1.0, 1.0, 1.0, 1.0];[1.0, 1.0, 1.0]
1;21360.583;508.306;3537.354;50.693;217.901;1535.922;4416.0;0.0;15779.0;32756.906;6058.236;-5338.087;31.837;19;128;[1.0, 1.0, 1.0, 1.0, 1.0];[1.0, 1.0, 1.0]
2;21360.583;508.306;3537.354;50.693;217.901;1535.922;4416.0;0.0;15779.0;32756.906;6058.236;-5338.087;41.886;19;128;[1.0, 1.0, 1.0, 1.0, 1.0];[1.0, 1.0, 1.0]
3;21360.583;508.306;3537.354;50.693;217.901;1535.922;4416.0;0.0;15779.0;32756.906;6058.236;-5338.087;15.001;19;128;[1.0, 1.2, 1.0, 1.0, 1.0];[1.0, 1.2, 1.0]
4;21360.583;508.306;3537.354;50.693;217.901;1535.922;4416.0;0.0;15779.0;32756.906;6058.236;-5338.087;153.961;19;128;[1.0, 1.2, 1.0, 1.0, 1.0];[1.0, 1.18, 1.0]
5;21360.583;508.306;3537.354;50.693;217.901;1535.922;4416.0;0.0;15779.0;32756.906;6058.236;-5338.087;223.711;19;128;[1.0, 1.2, 1.0, 1.0, 1.0];[1.0, 1.162, 1.0]
6;21360.583;508.306;3537.354;50.693;217.901;1535.922;4416.0;0.0;15779.0;32756.906;6058.236;-5338.087;22.921;19;128;[1.0, 1.2, 1.0, 1.0, 1.0];[1.0, 1.162, 1.0]
7;21360.583;508.306;3537.354;50.693;217.901;1535.922;4416.0;0.0;15779.0;32756.906;6058.236;-5338.087;12.124;19;128;[1.0, 1.38, 1.0, 1.0, 1.0];[1.0, 1.162, 1.2]
8;21360.583;508.306;3537.354;50.693;217.901;1535.922;4416.0;0.0;15779.0;32756.906;6058.236;-5338.087;163.748;19;128;[1.0, 1.38, 1.0, 1.0, 1.0];[1.0, 1.146, 1.2]
9;21360.583;508.306;3537.354;50.693;217.901;1535.922;4416.0;0.0;15779.0;32756.906;6058.236;-5338.087;87.502;19;128;[1.0, 1.38, 1.0, 1.2, 1.0];[1.2, 1.146, 1.2]
10;21360.583;508.306;3537.354;50.693;217.901;1535.922;4416.0;0.0;15779.0;32756.906;6058.236;-5338.087;107.341;19;128;[1.0, 1.542, 1.0, 1.2, 1.0];[1.2, 1.331, 1.2]
11;21360.583;508.306;3537.354;50.693;217.901;1535.922;4416.0;0.0;15779.0;32756.906;6058.236;-5338.087;98.181;19;128;[1.0, 1.542, 1.0, 1.2, 1.0];[1.18, 1.331, 1.2]
12;21360.583;508.306;3537.354;50.693;217.901;1535.922;4416.0;0.0;15779.0;32756.906;6058.236;-5338.087;100.044;19;128;[1.0, 1.542, 1.2, 1.2, 1.0];[1.18, 1.498, 1.2]
13;21360.583;508.306;3537.354;50.693;217.901;1535.922;4416.0;0.0;15779.0;32756.906;6058.236;-5338.087;124.656;19;128;[1.0, 1.542, 1.2, 1.2, 1.2];[1.18, 1.648, 1.2]
14;21330.434;468.973;3406.244;57.38;207.344;1699.217;4059.6;0.0;15756.0;32756.906;6058.236;-5368.236;123.298;19;128;[1.0, 1.788, 1.2, 1.2, 1.2];[1.462, 1.648, 1.2]
15;21213.583;472.542;3418.139;55.393;206.692;1646.902;3964.8;0.0;15676.0;32756.906;6058.236;-5485.087;46.376;19;128;[1.0, 1.788, 1.2, 1.48, 1.2];[1.716, 1.648, 1.2]
16;21003.709;491.196;3480.319;58.381;218.282;1736.193;3704.4;0.0;15296.0;32756.906;6058.236;-5694.961;20.72;19;128;[1.3, 1.788, 1.2, 1.48, 1.2];[1.716, 1.648, 1.48]
17;20915.671;494.049;3489.83;56.124;216.568;1675.792;3823.2;0.0;15256.0;32756.906;6058.236;-5782.999;119.725;19;128;[1.3, 1.788, 1.2, 1.48, 1.48];[1.716, 1.883, 1.48]
18;20799.419;484.801;3459.004;53.459;212.686;1602.614;3586.8;0.0;15253.0;32756.906;6058.236;-5899.251;85.347;19;128;[1.57, 1.788, 1.2, 1.48, 1.48];[1.944, 1.883, 1.48]
19;20799.419;484.801;3459.004;53.459;212.686;1602.614;3586.8;0.0;15253.0;32756.906;6058.236;-5899.251;21.142;19;128;[1.513, 1.788, 1.2, 1.48, 1.48];[1.944, 1.883, 1.432]
20;20641.753;493.82;3489.066;53.459;215.94;1605.868;3468.0;0.0;15053.0;32756.906;6058.236;-6056.917;56.745;19;128;[1.762, 1.788, 1.2, 1.48, 1.48];[1.944, 2.095, 1.432]
21;20540.874;481.818;3449.059;57.101;212.384;1696.997;3301.2;0.0;14913.0;32756.906;6058.236;-6157.796;51.873;19;128;[1.762, 1.788, 1.48, 1.48, 1.48];[2.15, 2.095, 1.432]
22;20416.681;475.625;3428.417;53.443;209.13;1598.639;3348.0;0.0;14914.0;32756.906;6058.236;-6281.989;55.417;19;128;[1.762, 1.788, 1.732, 1.48, 1.48];[2.335, 2.095, 1.432]
23;20416.681;475.625;3428.417;53.443;209.13;1598.639;3348.0;0.0;14914.0;32756.906;6058.236;-6281.989;18.451;19;128;[1.762, 1.788, 1.732, 1.48, 1.432];[2.335, 2.095, 1.389]
24;20414.742;475.228;3427.095;53.443;208.91;1598.418;3348.0;0.0;14914.0;32756.906;6058.236;-6283.928;24.87;19;128;[1.762, 2.009, 1.732, 1.48, 1.432];[2.502, 2.095, 1.389]
25;20414.742;475.228;3427.095;53.443;208.91;1598.418;3348.0;0.0;14914.0;32756.906;6058.236;-6283.928;35.571;19;128;[1.762, 2.009, 1.732, 1.432, 1.432];[2.352, 2.095, 1.389]
26;20414.742;475.228;3427.095;53.443;208.91;1598.418;3348.0;0.0;14914.0;32756.906;6058.236;-6283.928;55.807;19;128;[1.762, 2.009, 1.732, 1.432, 1.389];[2.352, 1.986, 1.389]
27;20414.742;475.228;3427.095;53.443;208.91;1598.418;3348.0;0.0;14914.0;32756.906;6058.236;-6283.928;23.779;19;128;[1.762, 2.009, 1.732, 1.389, 1.389];[2.217, 1.986, 1.389]
28;20414.742;475.228;3427.095;53.443;208.91;1598.418;3348.0;0.0;14914.0;32756.906;6058.236;-6283.928;10.108;19;128;[1.762, 1.908, 1.732, 1.389, 1.389];[2.217, 1.986, 1.35]
29;20414.742;475.228;3427.095;53.443;208.91;1598.418;3348.0;0.0;14914.0;32756.906;6058.236;-6283.928;45.366;19;128;[1.762, 2.017, 1.732, 1.389, 1.389];[2.295, 1.986, 1.35]
30;20351.63;459.598;3374.993;53.147;202.218;1584.039;3324.0;0.0;14933.0;32756.906;6058.236;-6347.04;81.196;19;128;[1.762, 2.017, 1.732, 1.389, 1.65];[2.295, 2.187, 1.35]
31;20325.129;468.327;3404.089;52.898;204.357;1579.714;3324.0;0.0;14873.0;32756.906;6058.236;-6373.541;31.454;19;128;[1.762, 2.017, 1.732, 1.65, 1.65];[2.295, 2.368, 1.35]
32;20275.873;468.564;3404.879;51.022;202.856;1529.431;3324.0;0.0;14873.0;32756.906;6058.236;-6422.797;35.481;19;128;[1.762, 2.215, 1.732, 1.65, 1.65];[2.466, 2.368, 1.35]
33;20203.141;445.583;3328.276;47.82;191.953;1435.283;3585.6;0.0;14994.0;32756.906;6058.236;-6495.529;6.766;19;128;[1.762, 2.393, 1.732, 1.65, 1.65];[2.466, 2.368, 1.615]
34;20203.141;445.583;3328.276;47.82;191.953;1435.283;3585.6;0.0;14994.0;32756.906;6058.236;-6495.529;54.136;19;128;[1.686, 2.393, 1.732, 1.65, 1.65];[2.466, 2.231, 1.615]
35;20203.141;445.583;3328.276;47.82;191.953;1435.283;3585.6;0.0;14994.0;32756.906;6058.236;-6495.529;64.492;19;128;[1.686, 2.254, 1.732, 1.65, 1.65];[2.319, 2.231, 1.615]
36;20203.141;445.583;3328.276;47.82;191.953;1435.283;3585.6;0.0;14994.0;32756.906;6058.236;-6495.529;4.354;19;128;[1.686, 2.329, 1.732, 1.65, 1.65];[2.319, 2.308, 1.615]
37;20203.141;445.583;3328.276;47.82;191.953;1435.283;3585.6;0.0;14994.0;32756.906;6058.236;-6495.529;19.98;19;128;[1.686, 2.329, 1.732, 1.65, 1.585];[2.319, 2.308, 1.554]
38;20125.055;431.609;3281.696;43.574;184.827;1317.751;3704.4;0.0;15094.0;32756.906;6058.236;-6573.615;50.827;19;128;[1.686, 2.329, 1.732, 1.65, 1.827];[2.487, 2.308, 1.554]
39;20125.055;431.609;3281.696;43.574;184.827;1317.751;3704.4;0.0;15094.0;32756.906;6058.236;-6573.615;41.938;19;128;[1.686, 2.329, 1.659, 1.65, 1.827];[2.338, 2.308, 1.554]
40;19981.685;434.009;3289.695;37.828;181.459;1164.982;3704.4;0.0;15093.0;32756.906;6058.236;-6716.985;99.086;19;128;[1.686, 2.496, 1.659, 1.65, 1.827];[2.504, 2.308, 1.554]
41;19981.685;434.009;3289.695;37.828;181.459;1164.982;3704.4;0.0;15093.0;32756.906;6058.236;-6716.985;23.361;19;128;[1.686, 2.496, 1.659, 1.585, 1.827];[2.354, 2.308, 1.554]
42;19981.685;434.009;3289.695;37.828;181.459;1164.982;3704.4;0.0;15093.0;32756.906;6058.236;-6716.985;43.774;19;128;[1.817, 2.496, 1.659, 1.585, 1.827];[2.419, 2.308, 1.554]
43;19981.685;434.009;3289.695;37.828;181.459;1164.982;3704.4;0.0;15093.0;32756.906;6058.236;-6716.985;29.044;19;128;[1.817, 2.496, 1.793, 1.585, 1.827];[2.419, 2.377, 1.554]
44;19981.685;434.009;3289.695;37.828;181.459;1164.982;3704.4;0.0;15093.0;32756.906;6058.236;-6716.985;4.329;19;128;[1.817, 2.496, 1.793, 1.527, 1.827];[2.419, 2.377, 1.499]
45;19981.685;434.009;3289.695;37.828;181.459;1164.982;3704.4;0.0;15093.0;32756.906;6058.236;-6716.985;45.674;19;128;[1.935, 2.496, 1.793, 1.527, 1.827];[2.477, 2.377, 1.499]
46;19981.685;434.009;3289.695;37.828;181.459;1164.982;3704.4;0.0;15093.0;32756.906;6058.236;-6716.985;26.591;19;128;[1.935, 2.546, 1.793, 1.527, 1.827];[2.477, 2.439, 1.499]
47;19967.004;451.061;3346.536;50.8;196.615;1517.407;3182.4;0.0;14652.0;32756.906;6058.236;-6731.666;46.686;19;128;[2.142, 2.546, 1.793, 1.527, 1.827];[2.629, 2.439, 1.499]
48;19788.889;441.731;3315.435;48.752;192.165;1459.724;3182.4;0.0;14572.0;32756.906;6058.236;-6909.781;77.089;19;128;[2.142, 2.691, 1.793, 1.527, 1.827];[2.766, 2.439, 1.499]
49;19788.889;441.731;3315.435;48.752;192.165;1459.724;3182.4;0.0;14572.0;32756.906;6058.236;-6909.781;16.151;19;128;[2.142, 2.691, 1.793, 1.527, 1.744];[2.766, 2.439, 1.449]
624constructshop:True depot:False weather:True;21599.231;536.768;3632.227;65.232;240.192;1936.236;3488.4;0.0;15494.0;32756.906;6058.236;-5099.439;262.154;19;128;[1.0, 1.0, 1.0, 1.0, 1.0];[1.0, 1.0, 1.0]
0;21170.728;518.452;3571.174;62.332;227.476;1848.102;3370.8;0.0;15233.0;32756.906;6058.236;-5527.942;355.528;19;128;[1.0, 1.0, 1.0, 1.0, 1.3];[1.0, 1.3, 1.0]
1;21170.728;518.452;3571.174;62.332;227.476;1848.102;3370.8;0.0;15233.0;32756.906;6058.236;-5527.942;42.58;19;128;[1.0, 1.0, 1.0, 1.0, 1.3];[1.0, 1.3, 1.0]
2;20857.666;509.411;3541.036;53.632;217.795;1612.219;3440.4;0.0;15195.0;32756.906;6058.236;-5841.004;47.058;19;128;[1.0, 1.0, 1.0, 1.0, 1.57];[1.0, 1.3, 1.3]
3;20857.666;509.411;3541.036;53.632;217.795;1612.219;3440.4;0.0;15195.0;32756.906;6058.236;-5841.004;28.907;19;128;[1.0, 1.0, 1.0, 1.0, 1.57];[1.0, 1.3, 1.27]
4;20857.666;509.411;3541.036;53.632;217.795;1612.219;3440.4;0.0;15195.0;32756.906;6058.236;-5841.004;15.735;19;128;[1.0, 1.0, 1.0, 1.0, 1.57];[1.0, 1.3, 1.243]
5;20857.666;509.411;3541.036;53.632;217.795;1612.219;3440.4;0.0;15195.0;32756.906;6058.236;-5841.004;13.587;19;128;[1.0, 1.0, 1.0, 1.0, 1.57];[1.0, 1.3, 1.219]
6;20857.666;509.411;3541.036;53.632;217.795;1612.219;3440.4;0.0;15195.0;32756.906;6058.236;-5841.004;26.528;19;128;[1.0, 1.0, 1.0, 1.0, 1.57];[1.0, 1.3, 1.197]
7;20857.666;509.411;3541.036;53.632;217.795;1612.219;3440.4;0.0;15195.0;32756.906;6058.236;-5841.004;85.907;19;128;[1.0, 1.0, 1.0, 1.0, 1.57];[1.0, 1.3, 1.197]
8;20857.666;509.411;3541.036;53.632;217.795;1612.219;3440.4;0.0;15195.0;32756.906;6058.236;-5841.004;10.819;19;128;[1.0, 1.0, 1.0, 1.0, 1.57];[1.0, 1.3, 1.197]
9;20857.666;509.411;3541.036;53.632;217.795;1612.219;3440.4;0.0;15195.0;32756.906;6058.236;-5841.004;126.859;19;128;[1.0, 1.0, 1.0, 1.0, 1.513];[1.0, 1.27, 1.197]
10;20857.666;509.411;3541.036;53.632;217.795;1612.219;3440.4;0.0;15195.0;32756.906;6058.236;-5841.004;14.452;19;128;[1.0, 1.0, 1.0, 1.0, 1.513];[1.0, 1.243, 1.197]
11;20857.666;509.411;3541.036;53.632;217.795;1612.219;3440.4;0.0;15195.0;32756.906;6058.236;-5841.004;10.523;19;128;[1.0, 1.0, 1.0, 1.2, 1.513];[1.2, 1.243, 1.197]
12;20857.666;509.411;3541.036;53.632;217.795;1612.219;3440.4;0.0;15195.0;32756.906;6058.236;-5841.004;16.669;19;128;[1.2, 1.0, 1.0, 1.2, 1.513];[1.2, 1.243, 1.377]
13;20857.666;509.411;3541.036;53.632;217.795;1612.219;3440.4;0.0;15195.0;32756.906;6058.236;-5841.004;36.459;19;128;[1.2, 1.0, 1.0, 1.2, 1.513];[1.2, 1.219, 1.377]
14;20857.666;509.411;3541.036;53.632;217.795;1612.219;3440.4;0.0;15195.0;32756.906;6058.236;-5841.004;162.338;19;128;[1.2, 1.2, 1.0, 1.2, 1.513];[1.38, 1.219, 1.377]
15;20857.666;509.411;3541.036;53.632;217.795;1612.219;3440.4;0.0;15195.0;32756.906;6058.236;-5841.004;20.766;19;128;[1.2, 1.2, 1.0, 1.2, 1.462];[1.38, 1.219, 1.339]
16;20526.682;509.231;3540.436;54.837;218.247;1644.015;3370.8;0.0;14833.0;32756.906;6058.236;-6171.988;76.858;19;128;[1.2, 1.2, 1.3, 1.2, 1.462];[1.38, 1.497, 1.339]
17;20526.682;509.231;3540.436;54.837;218.247;1644.015;3370.8;0.0;14833.0;32756.906;6058.236;-6171.988;31.65;19;128;[1.2, 1.2, 1.27, 1.2, 1.462];[1.38, 1.497, 1.305]
18;20526.682;509.231;3540.436;54.837;218.247;1644.015;3370.8;0.0;14833.0;32756.906;6058.236;-6171.988;17.742;19;128;[1.2, 1.2, 1.27, 1.2, 1.416];[1.38, 1.497, 1.274]
19;20526.682;509.231;3540.436;54.837;218.247;1644.015;3370.8;0.0;14833.0;32756.906;6058.236;-6171.988;16.815;19;128;[1.2, 1.2, 1.243, 1.2, 1.416];[1.38, 1.497, 1.247]
20;20526.682;509.231;3540.436;54.837;218.247;1644.015;3370.8;0.0;14833.0;32756.906;6058.236;-6171.988;18.144;19;128;[1.2, 1.38, 1.243, 1.2, 1.416];[1.38, 1.647, 1.247]
21;20526.682;509.231;3540.436;54.837;218.247;1644.015;3370.8;0.0;14833.0;32756.906;6058.236;-6171.988;87.746;19;128;[1.18, 1.38, 1.243, 1.2, 1.416];[1.342, 1.647, 1.247]
22;20526.682;509.231;3540.436;54.837;218.247;1644.015;3370.8;0.0;14833.0;32756.906;6058.236;-6171.988;71.654;19;128;[1.162, 1.38, 1.243, 1.2, 1.416];[1.342, 1.582, 1.247]
23;20526.682;509.231;3540.436;54.837;218.247;1644.015;3370.8;0.0;14833.0;32756.906;6058.236;-6171.988;8.64;19;128;[1.162, 1.38, 1.243, 1.18, 1.416];[1.342, 1.582, 1.222]
24;20488.013;506.77;3532.233;56.845;218.042;1696.01;3276.0;0.0;14753.0;32756.906;6058.236;-6210.657;27.274;19;128;[1.162, 1.38, 1.243, 1.462, 1.416];[1.342, 1.824, 1.222]
25;20488.013;506.77;3532.233;56.845;218.042;1696.01;3276.0;0.0;14753.0;32756.906;6058.236;-6210.657;82.462;19;128;[1.162, 1.38, 1.219, 1.462, 1.416];[1.308, 1.824, 1.222]
26;20488.013;506.77;3532.233;56.845;218.042;1696.01;3276.0;0.0;14753.0;32756.906;6058.236;-6210.657;18.18;19;128;[1.162, 1.38, 1.197, 1.462, 1.416];[1.308, 1.742, 1.222]
27;20488.013;506.77;3532.233;56.845;218.042;1696.01;3276.0;0.0;14753.0;32756.906;6058.236;-6210.657;28.921;19;128;[1.146, 1.38, 1.197, 1.462, 1.416];[1.308, 1.668, 1.222]
28;20488.013;506.77;3532.233;56.845;218.042;1696.01;3276.0;0.0;14753.0;32756.906;6058.236;-6210.657;81.151;19;128;[1.146, 1.38, 1.197, 1.462, 1.374];[1.277, 1.668, 1.222]
29;20488.013;506.77;3532.233;56.845;218.042;1696.01;3276.0;0.0;14753.0;32756.906;6058.236;-6210.657;51.989;19;128;[1.146, 1.38, 1.197, 1.462, 1.337];[1.277, 1.601, 1.222]
30;20488.013;506.77;3532.233;56.845;218.042;1696.01;3276.0;0.0;14753.0;32756.906;6058.236;-6210.657;9.395;19;128;[1.146, 1.542, 1.197, 1.462, 1.337];[1.277, 1.741, 1.222]
31;20488.013;506.77;3532.233;56.845;218.042;1696.01;3276.0;0.0;14753.0;32756.906;6058.236;-6210.657;41.315;19;128;[1.146, 1.542, 1.197, 1.462, 1.503];[1.449, 1.741, 1.222]
32;20488.013;506.77;3532.233;56.845;218.042;1696.01;3276.0;0.0;14753.0;32756.906;6058.236;-6210.657;7.679;19;128;[1.146, 1.488, 1.197, 1.462, 1.503];[1.449, 1.741, 1.2]
33;20488.013;506.77;3532.233;56.845;218.042;1696.01;3276.0;0.0;14753.0;32756.906;6058.236;-6210.657;8.409;19;128;[1.146, 1.639, 1.197, 1.462, 1.503];[1.604, 1.741, 1.2]
34;20488.013;506.77;3532.233;56.845;218.042;1696.01;3276.0;0.0;14753.0;32756.906;6058.236;-6210.657;52.84;19;128;[1.146, 1.639, 1.197, 1.462, 1.453];[1.604, 1.667, 1.2]
35;20488.013;506.77;3532.233;56.845;218.042;1696.01;3276.0;0.0;14753.0;32756.906;6058.236;-6210.657;26.361;19;128;[1.146, 1.639, 1.197, 1.616, 1.453];[1.744, 1.667, 1.2]
36;20488.013;506.77;3532.233;56.845;218.042;1696.01;3276.0;0.0;14753.0;32756.906;6058.236;-6210.657;73.867;19;128;[1.146, 1.639, 1.197, 1.616, 1.408];[1.744, 1.6, 1.2]
37;20488.013;506.77;3532.233;56.845;218.042;1696.01;3276.0;0.0;14753.0;32756.906;6058.236;-6210.657;52.823;19;128;[1.146, 1.639, 1.177, 1.616, 1.408];[1.744, 1.54, 1.2]
38;20488.013;506.77;3532.233;56.845;218.042;1696.01;3276.0;0.0;14753.0;32756.906;6058.236;-6210.657;44.095;19;128;[1.146, 1.639, 1.177, 1.616, 1.367];[1.744, 1.486, 1.2]
39;20488.013;506.77;3532.233;56.845;218.042;1696.01;3276.0;0.0;14753.0;32756.906;6058.236;-6210.657;40.625;19;128;[1.146, 1.639, 1.159, 1.616, 1.367];[1.67, 1.486, 1.2]
40;20488.013;506.77;3532.233;56.845;218.042;1696.01;3276.0;0.0;14753.0;32756.906;6058.236;-6210.657;15.443;19;128;[1.146, 1.639, 1.159, 1.554, 1.367];[1.67, 1.437, 1.2]
41;20488.013;506.77;3532.233;56.845;218.042;1696.01;3276.0;0.0;14753.0;32756.906;6058.236;-6210.657;31.734;19;128;[1.331, 1.639, 1.159, 1.554, 1.367];[1.67, 1.593, 1.2]
42;20488.013;506.77;3532.233;56.845;218.042;1696.01;3276.0;0.0;14753.0;32756.906;6058.236;-6210.657;13.152;19;128;[1.331, 1.575, 1.159, 1.554, 1.367];[1.67, 1.534, 1.2]
43;20488.013;506.77;3532.233;56.845;218.042;1696.01;3276.0;0.0;14753.0;32756.906;6058.236;-6210.657;76.788;19;128;[1.298, 1.575, 1.159, 1.554, 1.367];[1.67, 1.481, 1.2]
44;20488.013;506.77;3532.233;56.845;218.042;1696.01;3276.0;0.0;14753.0;32756.906;6058.236;-6210.657;58.33;19;128;[1.298, 1.575, 1.159, 1.554, 1.53];[1.803, 1.481, 1.2]
45;20488.013;506.77;3532.233;56.845;218.042;1696.01;3276.0;0.0;14753.0;32756.906;6058.236;-6210.657;52.506;19;128;[1.298, 1.575, 1.159, 1.554, 1.477];[1.803, 1.433, 1.2]
46;20488.013;506.77;3532.233;56.845;218.042;1696.01;3276.0;0.0;14753.0;32756.906;6058.236;-6210.657;31.217;19;128;[1.298, 1.575, 1.159, 1.499, 1.477];[1.803, 1.39, 1.2]
47;20442.103;472.843;3419.143;57.177;208.519;1695.117;3822.0;0.0;14855.0;32756.906;6058.236;-6256.567;16.953;19;128;[1.298, 1.817, 1.159, 1.499, 1.477];[1.803, 1.39, 1.48]
48;20442.103;472.843;3419.143;57.177;208.519;1695.117;3822.0;0.0;14855.0;32756.906;6058.236;-6256.567;19.035;19;128;[1.298, 1.817, 1.159, 1.449, 1.477];[1.803, 1.351, 1.48]
49;20442.103;472.843;3419.143;57.177;208.519;1695.117;3822.0;0.0;14855.0;32756.906;6058.236;-6256.567;13.708;19;128;[1.298, 1.817, 1.143, 1.449, 1.477];[1.803, 1.351, 1.432]
625constructshop:True depot:False weather:True;21969.369;546.707;3677.022;70.951;242.922;2087.641;4033.2;0.0;15658.0;32936.486;5878.656;-5088.461;247.308;19;128;[1.0, 1.0, 1.0, 1.0, 1.0];[1.0, 1.0, 1.0]
0;21742.424;540.352;3655.839;71.589;247.916;2109.233;4152.0;0.0;15437.0;32936.486;5878.656;-5315.406;82.411;18;128;[1.0, 1.0, 1.0, 1.0, 1.3];[1.0, 1.0, 1.3]
1;21542.873;535.054;3638.181;64.999;242.659;1932.638;4152.0;0.0;15437.0;32936.486;5878.656;-5514.957;104.855;18;128;[1.0, 1.3, 1.0, 1.0, 1.3];[1.0, 1.3, 1.3]
2;21542.873;535.054;3638.181;64.999;242.659;1932.638;4152.0;0.0;15437.0;32936.486;5878.656;-5514.957;8.78;18;128;[1.0, 1.27, 1.0, 1.0, 1.3];[1.0, 1.3, 1.27]
3;21542.873;535.054;3638.181;64.999;242.659;1932.638;4152.0;0.0;15437.0;32936.486;5878.656;-5514.957;130.125;18;128;[1.0, 1.27, 1.0, 1.0, 1.3];[1.0, 1.27, 1.27]
4;21542.873;535.054;3638.181;64.999;242.659;1932.638;4152.0;0.0;15437.0;32936.486;5878.656;-5514.957;22.212;18;128;[1.0, 1.443, 1.0, 1.0, 1.3];[1.2, 1.27, 1.27]
5;21228.289;490.677;3490.256;60.436;220.031;1791.356;4437.6;0.0;15456.0;32936.486;5878.656;-5829.541;177.252;18;128;[1.0, 1.443, 1.0, 1.0, 1.57];[1.2, 1.543, 1.27]
6;21181.337;478.653;3450.176;60.844;214.558;1796.508;4437.6;0.0;15456.0;32936.486;5878.656;-5876.493;83.497;18;128;[1.0, 1.443, 1.0, 1.0, 1.813];[1.48, 1.543, 1.27]
7;21181.337;478.653;3450.176;60.844;214.558;1796.508;4437.6;0.0;15456.0;32936.486;5878.656;-5876.493;80.586;18;128;[1.0, 1.399, 1.0, 1.0, 1.813];[1.48, 1.489, 1.27]
8;21181.337;478.653;3450.176;60.844;214.558;1796.508;4437.6;0.0;15456.0;32936.486;5878.656;-5876.493;17.24;18;128;[1.0, 1.399, 1.0, 1.0, 1.732];[1.48, 1.489, 1.243]
9;21152.982;523.265;3598.882;64.682;233.106;1914.836;4153.2;0.0;15116.0;32936.486;5878.656;-5904.848;100.284;18;128;[1.0, 1.399, 1.0, 1.3, 1.732];[1.48, 1.74, 1.243]
10;21100.472;524.112;3601.706;62.555;232.227;1858.654;4153.2;0.0;15116.0;32936.486;5878.656;-5957.358;22.115;18;128;[1.0, 1.659, 1.0, 1.3, 1.732];[1.48, 1.966, 1.243]
11;21100.472;524.112;3601.706;62.555;232.227;1858.654;4153.2;0.0;15116.0;32936.486;5878.656;-5957.358;14.534;18;128;[1.0, 1.659, 1.0, 1.47, 1.732];[1.48, 2.069, 1.243]
12;21088.075;521.511;3593.038;62.555;231.099;1857.526;4153.2;0.0;15116.0;32936.486;5878.656;-5969.755;9.697;18;128;[1.0, 1.659, 1.0, 1.723, 1.732];[1.732, 2.069, 1.243]
13;21088.075;521.511;3593.038;62.555;231.099;1857.526;4153.2;0.0;15116.0;32936.486;5878.656;-5969.755;8.162;18;128;[1.0, 1.659, 1.0, 1.851, 1.732];[1.859, 2.069, 1.243]
14;21088.075;521.511;3593.038;62.555;231.099;1857.526;4153.2;0.0;15116.0;32936.486;5878.656;-5969.755;101.378;18;128;[1.0, 1.659, 1.0, 1.851, 1.732];[1.773, 2.069, 1.243]
15;21060.515;514.768;3570.559;72.456;235.329;2119.188;3843.6;0.0;14856.0;32936.486;5878.656;-5997.315;134.477;18;128;[1.0, 1.893, 1.0, 1.851, 1.732];[1.773, 2.262, 1.243]
16;20905.17;504.438;3536.126;68.385;230.59;2008.607;3843.6;0.0;14856.0;32936.486;5878.656;-6152.66;82.706;18;128;[1.0, 1.893, 1.0, 1.851, 1.959];[1.773, 2.436, 1.243]
17;20829.393;505.111;3538.37;68.385;231.895;2009.912;3748.8;0.0;14776.0;32936.486;5878.656;-6228.437;38.396;18;128;[1.0, 1.893, 1.0, 2.066, 1.959];[1.773, 2.592, 1.243]
18;20829.393;505.111;3538.37;68.385;231.895;2009.912;3748.8;0.0;14776.0;32936.486;5878.656;-6228.437;18.508;18;128;[1.0, 1.893, 1.0, 2.066, 1.959];[1.773, 2.592, 1.219]
19;20829.393;505.111;3538.37;68.385;231.895;2009.912;3748.8;0.0;14776.0;32936.486;5878.656;-6228.437;63.503;18;128;[1.0, 1.893, 1.0, 2.066, 1.863];[1.773, 2.433, 1.219]
20;20829.393;505.111;3538.37;68.385;231.895;2009.912;3748.8;0.0;14776.0;32936.486;5878.656;-6228.437;19.936;18;128;[1.0, 1.893, 1.0, 2.066, 1.777];[1.773, 2.29, 1.219]
21;20829.393;505.111;3538.37;68.385;231.895;2009.912;3748.8;0.0;14776.0;32936.486;5878.656;-6228.437;25.99;18;128;[1.0, 1.893, 1.0, 2.066, 1.699];[1.773, 2.29, 1.197]
22;20829.393;505.111;3538.37;68.385;231.895;2009.912;3748.8;0.0;14776.0;32936.486;5878.656;-6228.437;21.317;18;128;[1.0, 1.893, 1.0, 1.959, 1.699];[1.773, 2.29, 1.177]
23;20829.393;505.111;3538.37;68.385;231.895;2009.912;3748.8;0.0;14776.0;32936.486;5878.656;-6228.437;138.073;18;128;[1.0, 1.893, 1.0, 1.959, 1.829];[1.773, 2.361, 1.177]
24;20829.393;505.111;3538.37;68.385;231.895;2009.912;3748.8;0.0;14776.0;32936.486;5878.656;-6228.437;12.955;18;128;[1.0, 1.893, 1.0, 1.959, 1.746];[1.773, 2.361, 1.159]
25;20214.935;489.241;3473.802;53.281;210.583;1595.893;3396.0;0.0;14656.0;32756.906;6058.236;-6483.735;35.973;19;128;[1.0, 1.893, 1.0, 1.959, 1.971];[1.996, 2.361, 1.159]
26;20214.935;489.241;3473.802;53.281;210.583;1595.893;3396.0;0.0;14656.0;32756.906;6058.236;-6483.735;57.793;19;128;[1.0, 1.893, 1.0, 1.959, 1.971];[1.896, 2.361, 1.159]
27;20214.935;489.241;3473.802;53.281;210.583;1595.893;3396.0;0.0;14656.0;32756.906;6058.236;-6483.735;4.586;19;128;[1.0, 1.804, 1.0, 1.959, 1.971];[1.896, 2.361, 1.143]
28;20159.907;470.182;3410.273;59.732;208.425;1761.452;3372.0;0.0;14518.0;32756.906;6058.236;-6538.763;9.27;19;128;[1.0, 2.024, 1.0, 1.959, 1.971];[1.896, 2.361, 1.429]
29;20159.907;470.182;3410.273;59.732;208.425;1761.452;3372.0;0.0;14518.0;32756.906;6058.236;-6538.763;47.144;19;128;[1.0, 2.024, 1.0, 1.959, 1.874];[1.806, 2.361, 1.429]
30;20159.907;470.182;3410.273;59.732;208.425;1761.452;3372.0;0.0;14518.0;32756.906;6058.236;-6538.763;34.227;19;128;[1.0, 2.024, 1.0, 1.863, 1.874];[1.806, 2.225, 1.429]
31;20159.907;470.182;3410.273;59.732;208.425;1761.452;3372.0;0.0;14518.0;32756.906;6058.236;-6538.763;8.499;19;128;[1.0, 2.024, 1.0, 1.863, 1.787];[1.806, 2.225, 1.386]
32;20159.907;470.182;3410.273;59.732;208.425;1761.452;3372.0;0.0;14518.0;32756.906;6058.236;-6538.763;9.15;19;128;[1.0, 1.922, 1.0, 1.863, 1.787];[1.806, 2.225, 1.347]
33;20159.907;470.182;3410.273;59.732;208.425;1761.452;3372.0;0.0;14518.0;32756.906;6058.236;-6538.763;5.381;19;128;[1.0, 1.922, 1.0, 1.777, 1.787];[1.806, 2.225, 1.312]
34;20159.907;470.182;3410.273;59.732;208.425;1761.452;3372.0;0.0;14518.0;32756.906;6058.236;-6538.763;79.772;19;128;[1.0, 1.922, 1.0, 1.777, 1.708];[1.725, 2.225, 1.312]
35;20159.907;470.182;3410.273;59.732;208.425;1761.452;3372.0;0.0;14518.0;32756.906;6058.236;-6538.763;13.886;19;128;[1.0, 1.922, 1.0, 1.777, 1.637];[1.725, 2.225, 1.281]
36;20159.907;470.182;3410.273;59.732;208.425;1761.452;3372.0;0.0;14518.0;32756.906;6058.236;-6538.763;82.102;19;128;[1.0, 1.83, 1.0, 1.777, 1.637];[1.725, 2.103, 1.281]
37;20159.907;470.182;3410.273;59.732;208.425;1761.452;3372.0;0.0;14518.0;32756.906;6058.236;-6538.763;49.083;19;128;[1.0, 1.83, 1.0, 1.777, 1.637];[1.653, 2.103, 1.281]
38;20159.907;470.182;3410.273;59.732;208.425;1761.452;3372.0;0.0;14518.0;32756.906;6058.236;-6538.763;7.992;19;128;[1.0, 1.83, 1.0, 1.777, 1.573];[1.653, 2.103, 1.253]
39;20159.907;470.182;3410.273;59.732;208.425;1761.452;3372.0;0.0;14518.0;32756.906;6058.236;-6538.763;52.699;19;128;[1.0, 1.83, 1.0, 1.777, 1.716];[1.788, 2.103, 1.253]
40;20159.907;470.182;3410.273;59.732;208.425;1761.452;3372.0;0.0;14518.0;32756.906;6058.236;-6538.763;25.331;19;128;[1.0, 1.83, 1.0, 1.777, 1.844];[1.909, 2.103, 1.253]
41;20159.907;470.182;3410.273;59.732;208.425;1761.452;3372.0;0.0;14518.0;32756.906;6058.236;-6538.763;6.017;19;128;[1.0, 1.947, 1.0, 1.777, 1.844];[2.018, 2.103, 1.253]
42;20159.907;470.182;3410.273;59.732;208.425;1761.452;3372.0;0.0;14518.0;32756.906;6058.236;-6538.763;23.094;19;128;[1.0, 1.947, 1.0, 1.899, 1.844];[2.018, 2.193, 1.253]
43;20159.907;470.182;3410.273;59.732;208.425;1761.452;3372.0;0.0;14518.0;32756.906;6058.236;-6538.763;66.608;19;128;[1.0, 1.947, 1.0, 1.899, 1.844];[1.916, 2.193, 1.253]
44;20159.907;470.182;3410.273;59.732;208.425;1761.452;3372.0;0.0;14518.0;32756.906;6058.236;-6538.763;52.784;19;128;[1.2, 1.947, 1.0, 1.899, 1.844];[1.916, 2.274, 1.253]
45;20159.907;470.182;3410.273;59.732;208.425;1761.452;3372.0;0.0;14518.0;32756.906;6058.236;-6538.763;24.525;19;128;[1.2, 1.947, 1.0, 2.009, 1.844];[1.916, 2.347, 1.253]
46;20159.907;470.182;3410.273;59.732;208.425;1761.452;3372.0;0.0;14518.0;32756.906;6058.236;-6538.763;44.75;19;128;[1.2, 1.947, 1.2, 2.009, 1.844];[2.024, 2.347, 1.253]
47;20159.907;470.182;3410.273;59.732;208.425;1761.452;3372.0;0.0;14518.0;32756.906;6058.236;-6538.763;27.791;19;128;[1.2, 1.947, 1.2, 2.108, 1.844];[2.122, 2.347, 1.253]
48;20159.907;470.182;3410.273;59.732;208.425;1761.452;3372.0;0.0;14518.0;32756.906;6058.236;-6538.763;8.685;19;128;[1.2, 1.947, 1.2, 1.997, 1.844];[2.122, 2.212, 1.253]
49;20159.907;470.182;3410.273;59.732;208.425;1761.452;3372.0;0.0;14518.0;32756.906;6058.236;-6538.763;26.526;19;128;[1.2, 1.947, 1.18, 1.997, 1.844];[2.122, 2.091, 1.253]
626constructshop:True depot:False weather:True;21969.301;549.805;3683.684;70.632;247.377;2083.812;3634.8;0.0;15652.0;32781.158;6033.984;-4777.873;233.515;19;128;[1.0, 1.0, 1.0, 1.0, 1.0];[1.0, 1.0, 1.0]
0;22081.847;565.98;3743.934;67.954;254.134;2020.933;3682.8;0.0;15751.0;33082.886;5732.256;-5268.783;82.839;18;128;[1.0, 1.0, 1.0, 1.3, 1.0];[1.0, 1.0, 1.3]
1;22024.262;553.045;3700.816;68.079;249.347;2019.401;3682.8;0.0;15751.0;33082.886;5732.256;-5326.368;142.668;18;128;[1.0, 1.3, 1.0, 1.3, 1.0];[1.3, 1.0, 1.3]
2;21825.851;568.775;3753.251;66.189;251.916;1972.825;3564.0;0.0;15531.0;33082.886;5732.256;-5524.779;39.92;18;128;[1.0, 1.3, 1.0, 1.3, 1.3];[1.3, 1.0, 1.57]
3;21727.542;543.848;3670.16;67.13;238.161;1983.534;3445.2;0.0;15530.0;33082.886;5732.256;-5623.088;149.362;18;128;[1.0, 1.3, 1.0, 1.57, 1.3];[1.57, 1.0, 1.57]
4;21727.542;543.848;3670.16;67.13;238.161;1983.534;3445.2;0.0;15530.0;33082.886;5732.256;-5623.088;18.789;18;128;[1.0, 1.47, 1.0, 1.57, 1.3];[1.57, 1.2, 1.57]
5;21727.542;543.848;3670.16;67.13;238.161;1983.534;3445.2;0.0;15530.0;33082.886;5732.256;-5623.088;13.762;18;128;[1.0, 1.47, 1.0, 1.713, 1.3];[1.713, 1.2, 1.57]
6;21727.542;543.848;3670.16;67.13;238.161;1983.534;3445.2;0.0;15530.0;33082.886;5732.256;-5623.088;26.79;18;128;[1.0, 1.47, 1.0, 1.713, 1.27];[1.713, 1.2, 1.513]
7;21551.497;542.729;3666.43;71.143;242.625;2092.338;3111.6;0.0;15250.0;33082.886;5732.256;-5799.133;120.861;18;128;[1.0, 1.47, 1.3, 1.713, 1.27];[1.713, 1.48, 1.513]
8;21551.497;542.729;3666.43;71.143;242.625;2092.338;3111.6;0.0;15250.0;33082.886;5732.256;-5799.133;22.583;18;128;[1.0, 1.47, 1.3, 1.642, 1.27];[1.713, 1.48, 1.462]
9;21411.933;535.895;3643.651;70.073;240.493;2062.386;3016.8;0.0;15170.0;33082.886;5732.256;-5938.697;53.072;18;128;[1.0, 1.47, 1.3, 1.878, 1.27];[1.942, 1.48, 1.462]
10;21341.237;534.884;3640.28;72.062;242.458;2116.073;3016.8;0.0;15050.0;33082.886;5732.256;-6009.393;42.11;18;128;[1.0, 1.723, 1.3, 1.878, 1.27];[1.942, 1.732, 1.462]
11;21341.237;534.884;3640.28;72.062;242.458;2116.073;3016.8;0.0;15050.0;33082.886;5732.256;-6009.393;6.405;18;128;[1.0, 1.723, 1.3, 1.79, 1.27];[1.942, 1.732, 1.416]
12;21132.234;531.421;3628.737;68.559;239.542;2022.076;3016.8;0.0;14950.0;33082.886;5732.256;-6218.396;18.061;18;128;[1.0, 1.723, 1.3, 2.011, 1.27];[2.148, 1.732, 1.416]
13;21132.234;531.421;3628.737;68.559;239.542;2022.076;3016.8;0.0;14950.0;33082.886;5732.256;-6218.396;142.214;18;128;[1.0, 1.723, 1.3, 2.011, 1.27];[2.148, 1.659, 1.416]
14;21132.234;531.421;3628.737;68.559;239.542;2022.076;3016.8;0.0;14950.0;33082.886;5732.256;-6218.396;15.623;18;128;[1.0, 1.723, 1.3, 1.91, 1.27];[2.148, 1.593, 1.416]
15;21132.234;531.421;3628.737;68.559;239.542;2022.076;3016.8;0.0;14950.0;33082.886;5732.256;-6218.396;137.155;18;128;[1.2, 1.723, 1.3, 1.91, 1.27];[2.233, 1.593, 1.416]
16;21132.234;531.421;3628.737;68.559;239.542;2022.076;3016.8;0.0;14950.0;33082.886;5732.256;-6218.396;32.046;18;128;[1.2, 1.723, 1.3, 1.91, 1.243];[2.233, 1.593, 1.374]
17;21132.234;531.421;3628.737;68.559;239.542;2022.076;3016.8;0.0;14950.0;33082.886;5732.256;-6218.396;30.504;18;128;[1.2, 1.723, 1.3, 1.91, 1.219];[2.233, 1.593, 1.337]
18;21132.234;531.421;3628.737;68.559;239.542;2022.076;3016.8;0.0;14950.0;33082.886;5732.256;-6218.396;246.206;18;128;[1.2, 1.651, 1.3, 1.91, 1.219];[2.11, 1.593, 1.337]
19;21132.234;531.421;3628.737;68.559;239.542;2022.076;3016.8;0.0;14950.0;33082.886;5732.256;-6218.396;131.626;18;128;[1.18, 1.651, 1.3, 1.91, 1.219];[2.11, 1.534, 1.337]
20;21132.234;531.421;3628.737;68.559;239.542;2022.076;3016.8;0.0;14950.0;33082.886;5732.256;-6218.396;127.667;18;128;[1.18, 1.651, 1.3, 1.91, 1.197];[1.999, 1.534, 1.337]
21;21097.953;491.471;3495.57;76.626;228.645;2220.912;3063.6;0.0;14890.0;33082.886;5732.256;-6252.677;78.259;18;128;[1.18, 1.651, 1.3, 2.119, 1.197];[1.999, 1.781, 1.337]
22;21097.953;491.471;3495.57;76.626;228.645;2220.912;3063.6;0.0;14890.0;33082.886;5732.256;-6252.677;81.839;18;128;[1.18, 1.651, 1.3, 2.119, 1.177];[1.899, 1.781, 1.337]
23;21097.953;491.471;3495.57;76.626;228.645;2220.912;3063.6;0.0;14890.0;33082.886;5732.256;-6252.677;26.708;18;128;[1.18, 1.651, 1.3, 2.007, 1.177];[1.899, 1.703, 1.337]
24;21097.953;491.471;3495.57;76.626;228.645;2220.912;3063.6;0.0;14890.0;33082.886;5732.256;-6252.677;12.078;18;128;[1.18, 1.651, 1.3, 1.906, 1.177];[1.899, 1.633, 1.337]
25;21097.953;491.471;3495.57;76.626;228.645;2220.912;3063.6;0.0;14890.0;33082.886;5732.256;-6252.677;11.598;18;128;[1.18, 1.651, 1.3, 2.015, 1.177];[1.899, 1.77, 1.337]
26;21097.953;491.471;3495.57;76.626;228.645;2220.912;3063.6;0.0;14890.0;33082.886;5732.256;-6252.677;16.688;18;128;[1.18, 1.786, 1.3, 2.015, 1.177];[1.899, 1.893, 1.337]
27;21097.953;491.471;3495.57;76.626;228.645;2220.912;3063.6;0.0;14890.0;33082.886;5732.256;-6252.677;18.49;18;128;[1.18, 1.907, 1.3, 2.015, 1.177];[2.009, 1.893, 1.337]
28;21044.799;493.076;3500.921;71.448;222.142;2079.802;3110.4;0.0;14971.0;33082.886;5732.256;-6305.831;2.578;18;128;[1.18, 2.116, 1.3, 2.015, 1.177];[2.009, 1.893, 1.603]
29;21044.799;493.076;3500.921;71.448;222.142;2079.802;3110.4;0.0;14971.0;33082.886;5732.256;-6305.831;15.865;18;128;[1.18, 2.116, 1.3, 1.914, 1.177];[2.009, 1.893, 1.543]
30;21044.799;493.076;3500.921;71.448;222.142;2079.802;3110.4;0.0;14971.0;33082.886;5732.256;-6305.831;11.141;18;128;[1.18, 2.116, 1.27, 1.914, 1.177];[2.009, 1.893, 1.489]
31;21044.799;493.076;3500.921;71.448;222.142;2079.802;3110.4;0.0;14971.0;33082.886;5732.256;-6305.831;81.048;18;128;[1.18, 2.004, 1.27, 1.914, 1.177];[1.908, 1.893, 1.489]
32;21044.799;493.076;3500.921;71.448;222.142;2079.802;3110.4;0.0;14971.0;33082.886;5732.256;-6305.831;3.529;18;128;[1.18, 1.904, 1.27, 1.914, 1.177];[1.908, 1.893, 1.44]
33;21044.799;493.076;3500.921;71.448;222.142;2079.802;3110.4;0.0;14971.0;33082.886;5732.256;-6305.831;63.107;18;128;[1.18, 1.904, 1.243, 1.914, 1.177];[1.908, 1.804, 1.44]
34;21044.799;493.076;3500.921;71.448;222.142;2079.802;3110.4;0.0;14971.0;33082.886;5732.256;-6305.831;12.556;18;128;[1.18, 1.904, 1.219, 1.914, 1.177];[1.908, 1.724, 1.44]
35;21044.799;493.076;3500.921;71.448;222.142;2079.802;3110.4;0.0;14971.0;33082.886;5732.256;-6305.831;82.393;18;128;[1.18, 1.904, 1.219, 1.914, 1.159];[1.908, 1.652, 1.44]
36;21044.799;493.076;3500.921;71.448;222.142;2079.802;3110.4;0.0;14971.0;33082.886;5732.256;-6305.831;21.069;18;128;[1.18, 1.904, 1.219, 1.823, 1.159];[1.908, 1.587, 1.44]
37;20931.995;492.707;3499.689;70.273;223.497;2050.598;3276.0;0.0;14889.0;33082.886;5732.256;-6418.635;53.292;18;128;[1.18, 2.114, 1.219, 1.823, 1.159];[2.117, 1.587, 1.44]
38;20838.016;496.329;3511.764;66.112;223.021;1941.923;3276.0;0.0;14888.0;33082.886;5732.256;-6512.614;20.462;18;128;[1.18, 2.114, 1.497, 1.823, 1.159];[2.305, 1.587, 1.44]
39;20838.016;496.329;3511.764;66.112;223.021;1941.923;3276.0;0.0;14888.0;33082.886;5732.256;-6512.614;41.271;18;128;[1.18, 2.114, 1.447, 1.823, 1.159];[2.175, 1.587, 1.44]
40;20838.016;496.329;3511.764;66.112;223.021;1941.923;3276.0;0.0;14888.0;33082.886;5732.256;-6512.614;5.889;18;128;[1.18, 2.114, 1.402, 1.823, 1.159];[2.175, 1.587, 1.396]
41;20838.016;496.329;3511.764;66.112;223.021;1941.923;3276.0;0.0;14888.0;33082.886;5732.256;-6512.614;16.149;18;128;[1.18, 2.114, 1.402, 1.823, 1.143];[2.175, 1.587, 1.356]
42;20838.016;496.329;3511.764;66.112;223.021;1941.923;3276.0;0.0;14888.0;33082.886;5732.256;-6512.614;41.732;18;128;[1.18, 2.114, 1.402, 1.823, 1.129];[2.175, 1.528, 1.356]
43;20838.016;496.329;3511.764;66.112;223.021;1941.923;3276.0;0.0;14888.0;33082.886;5732.256;-6512.614;12.844;18;128;[1.18, 2.003, 1.402, 1.823, 1.129];[2.175, 1.528, 1.32]
44;20838.016;496.329;3511.764;66.112;223.021;1941.923;3276.0;0.0;14888.0;33082.886;5732.256;-6512.614;17.768;18;128;[1.18, 2.003, 1.402, 1.741, 1.129];[2.175, 1.475, 1.32]
45;20838.016;496.329;3511.764;66.112;223.021;1941.923;3276.0;0.0;14888.0;33082.886;5732.256;-6512.614;10.475;18;128;[1.18, 2.003, 1.402, 1.667, 1.129];[2.175, 1.475, 1.288]
46;20838.016;496.329;3511.764;66.112;223.021;1941.923;3276.0;0.0;14888.0;33082.886;5732.256;-6512.614;5.552;18;128;[1.18, 2.003, 1.402, 1.6, 1.129];[2.175, 1.475, 1.259]
47;20838.016;496.329;3511.764;66.112;223.021;1941.923;3276.0;0.0;14888.0;33082.886;5732.256;-6512.614;12.05;18;128;[1.18, 2.003, 1.402, 1.74, 1.129];[2.175, 1.628, 1.259]
48;20838.016;496.329;3511.764;66.112;223.021;1941.923;3276.0;0.0;14888.0;33082.886;5732.256;-6512.614;6.421;18;128;[1.18, 1.903, 1.402, 1.74, 1.129];[2.175, 1.628, 1.233]
49;20838.016;496.329;3511.764;66.112;223.021;1941.923;3276.0;0.0;14888.0;33082.886;5732.256;-6512.614;8.211;18;128;[1.18, 1.903, 1.402, 1.866, 1.129];[2.257, 1.628, 1.233]
627constructshop:True depot:False weather:True;21851.458;546.293;3663.978;73.762;248.364;2166.187;3585.6;0.0;15475.0;32756.906;6058.236;-4847.212;219.844;19;128;[1.0, 1.0, 1.0, 1.0, 1.0];[1.0, 1.0, 1.0]
0;21270.441;514.531;3558.104;62.041;230.74;1843.806;3538.8;0.0;15354.0;32756.906;6058.236;-5428.229;185.29;19;128;[1.3, 1.0, 1.0, 1.0, 1.0];[1.3, 1.0, 1.0]
1;21262.53;513.006;3553.021;65.095;231.029;1923.502;3538.8;0.0;15273.0;32756.906;6058.236;-5436.14;165.805;19;128;[1.3, 1.3, 1.0, 1.0, 1.0];[1.57, 1.0, 1.0]
2;21186.928;505.754;3528.847;65.917;226.479;1940.326;3444.0;0.0;15212.0;32756.906;6058.236;-5511.742;99.147;19;128;[1.3, 1.3, 1.0, 1.3, 1.0];[1.57, 1.3, 1.0]
3;21186.928;505.754;3528.847;65.917;226.479;1940.326;3444.0;0.0;15212.0;32756.906;6058.236;-5511.742;24.147;19;128;[1.3, 1.3, 1.0, 1.47, 1.0];[1.57, 1.47, 1.0]
4;20991.394;504.306;3524.021;58.748;222.624;1750.066;3514.8;0.0;15213.0;32756.906;6058.236;-5707.276;22.411;19;128;[1.57, 1.3, 1.0, 1.47, 1.0];[1.57, 1.47, 1.3]
5;20991.394;504.306;3524.021;58.748;222.624;1750.066;3514.8;0.0;15213.0;32756.906;6058.236;-5707.276;16.266;19;128;[1.57, 1.3, 1.0, 1.423, 1.0];[1.57, 1.47, 1.27]
6;20991.394;504.306;3524.021;58.748;222.624;1750.066;3514.8;0.0;15213.0;32756.906;6058.236;-5707.276;10.63;19;128;[1.57, 1.3, 1.0, 1.381, 1.0];[1.57, 1.47, 1.243]
7;20898.737;507.356;3534.187;59.814;228.038;1783.194;3418.8;0.0;15074.0;32756.906;6058.236;-5799.933;115.564;19;128;[1.813, 1.3, 1.0, 1.381, 1.0];[1.57, 1.723, 1.243]
8;20898.737;507.356;3534.187;59.814;228.038;1783.194;3418.8;0.0;15074.0;32756.906;6058.236;-5799.933;174.502;19;128;[1.813, 1.3, 1.0, 1.381, 1.0];[1.513, 1.723, 1.243]
9;20898.737;507.356;3534.187;59.814;228.038;1783.194;3418.8;0.0;15074.0;32756.906;6058.236;-5799.933;26.208;19;128;[1.813, 1.3, 1.0, 1.343, 1.0];[1.513, 1.651, 1.243]
10;20898.737;507.356;3534.187;59.814;228.038;1783.194;3418.8;0.0;15074.0;32756.906;6058.236;-5799.933;16.418;19;128;[1.813, 1.27, 1.0, 1.343, 1.0];[1.513, 1.651, 1.219]
11;20898.737;507.356;3534.187;59.814;228.038;1783.194;3418.8;0.0;15074.0;32756.906;6058.236;-5799.933;17.547;19;128;[1.732, 1.27, 1.0, 1.343, 1.0];[1.513, 1.651, 1.197]
12;20898.737;507.356;3534.187;59.814;228.038;1783.194;3418.8;0.0;15074.0;32756.906;6058.236;-5799.933;120.171;19;128;[1.732, 1.27, 1.0, 1.343, 1.0];[1.513, 1.586, 1.197]
13;20898.737;507.356;3534.187;59.814;228.038;1783.194;3418.8;0.0;15074.0;32756.906;6058.236;-5799.933;24.484;19;128;[1.659, 1.27, 1.0, 1.343, 1.0];[1.513, 1.586, 1.177]
14;20886.95;518.042;3569.807;70.398;235.765;2066.101;3158.4;0.0;14733.0;32756.906;6058.236;-5811.72;88.075;19;128;[1.659, 1.27, 1.3, 1.343, 1.0];[1.762, 1.586, 1.177]
15;20886.95;518.042;3569.807;70.398;235.765;2066.101;3158.4;0.0;14733.0;32756.906;6058.236;-5811.72;12.79;19;128;[1.659, 1.243, 1.3, 1.343, 1.0];[1.762, 1.586, 1.159]
16;20886.95;518.042;3569.807;70.398;235.765;2066.101;3158.4;0.0;14733.0;32756.906;6058.236;-5811.72;36.506;19;128;[1.659, 1.243, 1.3, 1.509, 1.0];[1.762, 1.727, 1.159]
17;20886.95;518.042;3569.807;70.398;235.765;2066.101;3158.4;0.0;14733.0;32756.906;6058.236;-5811.72;66.149;19;128;[1.659, 1.243, 1.27, 1.509, 1.0];[1.762, 1.654, 1.159]
18;20886.95;518.042;3569.807;70.398;235.765;2066.101;3158.4;0.0;14733.0;32756.906;6058.236;-5811.72;29.024;19;128;[1.659, 1.243, 1.27, 1.658, 1.0];[1.762, 1.789, 1.159]
19;20886.95;518.042;3569.807;70.398;235.765;2066.101;3158.4;0.0;14733.0;32756.906;6058.236;-5811.72;34.199;19;128;[1.659, 1.243, 1.443, 1.658, 1.0];[1.886, 1.789, 1.159]
20;20886.95;518.042;3569.807;70.398;235.765;2066.101;3158.4;0.0;14733.0;32756.906;6058.236;-5811.72;88.567;19;128;[1.593, 1.243, 1.443, 1.658, 1.0];[1.886, 1.71, 1.159]
21;20886.95;518.042;3569.807;70.398;235.765;2066.101;3158.4;0.0;14733.0;32756.906;6058.236;-5811.72;48.331;19;128;[1.593, 1.243, 1.599, 1.658, 1.0];[1.997, 1.71, 1.159]
22;20886.95;518.042;3569.807;70.398;235.765;2066.101;3158.4;0.0;14733.0;32756.906;6058.236;-5811.72;25.755;19;128;[1.593, 1.243, 1.599, 1.792, 1.0];[1.997, 1.839, 1.159]
23;20886.95;518.042;3569.807;70.398;235.765;2066.101;3158.4;0.0;14733.0;32756.906;6058.236;-5811.72;64.55;19;128;[1.593, 1.419, 1.599, 1.792, 1.0];[2.097, 1.839, 1.159]
24;20886.95;518.042;3569.807;70.398;235.765;2066.101;3158.4;0.0;14733.0;32756.906;6058.236;-5811.72;83.457;19;128;[1.534, 1.419, 1.599, 1.792, 1.0];[1.987, 1.839, 1.159]
25;20644.32;494.399;3490.996;72.302;226.067;2105.926;3111.6;0.0;14553.0;32756.906;6058.236;-6054.35;54.384;19;128;[1.781, 1.419, 1.599, 1.792, 1.0];[2.188, 1.839, 1.159]
26;20631.0;491.88;3482.601;72.302;223.66;2103.519;3111.6;0.0;14553.0;32756.906;6058.236;-6067.67;34.695;19;128;[1.781, 1.419, 1.839, 1.792, 1.0];[2.369, 1.839, 1.159]
27;20631.0;491.88;3482.601;72.302;223.66;2103.519;3111.6;0.0;14553.0;32756.906;6058.236;-6067.67;38.512;19;128;[1.781, 1.419, 1.755, 1.792, 1.0];[2.232, 1.839, 1.159]
28;20625.597;489.536;3474.788;72.552;221.917;2108.273;3111.6;0.0;14553.0;32756.906;6058.236;-6073.073;34.364;19;128;[1.781, 1.419, 1.979, 1.792, 1.0];[2.232, 2.055, 1.159]
29;20618.297;487.84;3469.134;72.552;221.966;2108.322;3111.6;0.0;14553.0;32756.906;6058.236;-6080.373;46.388;19;128;[2.003, 1.419, 1.979, 1.792, 1.0];[2.409, 2.055, 1.159]
30;20618.297;487.84;3469.134;72.552;221.966;2108.322;3111.6;0.0;14553.0;32756.906;6058.236;-6080.373;30.786;19;128;[2.003, 1.419, 1.881, 1.792, 1.0];[2.268, 2.055, 1.159]
31;20618.297;487.84;3469.134;72.552;221.966;2108.322;3111.6;0.0;14553.0;32756.906;6058.236;-6080.373;21.474;19;128;[2.003, 1.419, 1.881, 1.713, 1.0];[2.268, 1.95, 1.159]
32;20618.297;487.84;3469.134;72.552;221.966;2108.322;3111.6;0.0;14553.0;32756.906;6058.236;-6080.373;113.085;19;128;[2.003, 1.419, 1.881, 1.713, 1.0];[2.141, 1.95, 1.159]
33;20618.297;487.84;3469.134;72.552;221.966;2108.322;3111.6;0.0;14553.0;32756.906;6058.236;-6080.373;15.383;19;128;[2.003, 1.419, 1.993, 1.713, 1.0];[2.227, 1.95, 1.159]
34;20618.297;487.84;3469.134;72.552;221.966;2108.322;3111.6;0.0;14553.0;32756.906;6058.236;-6080.373;21.775;19;128;[2.003, 1.419, 1.894, 1.713, 1.0];[2.104, 1.95, 1.159]
35;20618.297;487.84;3469.134;72.552;221.966;2108.322;3111.6;0.0;14553.0;32756.906;6058.236;-6080.373;59.671;19;128;[2.003, 1.419, 1.894, 1.713, 1.0];[1.994, 1.95, 1.159]
36;20603.338;491.478;3481.26;76.531;227.798;2217.6;3278.4;0.0;14413.0;32756.906;6058.236;-6095.332;38.548;19;128;[2.003, 1.419, 1.894, 1.713, 1.3];[1.994, 2.155, 1.159]
37;20443.767;486.086;3463.288;71.521;221.835;2081.393;3278.4;0.0;14413.0;32756.906;6058.236;-6254.903;13.509;19;128;[2.203, 1.419, 1.894, 1.713, 1.3];[1.994, 2.155, 1.443]
38;20443.767;486.086;3463.288;71.521;221.835;2081.393;3278.4;0.0;14413.0;32756.906;6058.236;-6254.903;31.677;19;128;[2.203, 1.419, 1.894, 1.642, 1.3];[1.994, 2.039, 1.443]
39;20443.767;486.086;3463.288;71.521;221.835;2081.393;3278.4;0.0;14413.0;32756.906;6058.236;-6254.903;63.809;19;128;[2.203, 1.419, 1.894, 1.642, 1.47];[1.994, 2.135, 1.443]
40;20443.767;486.086;3463.288;71.521;221.835;2081.393;3278.4;0.0;14413.0;32756.906;6058.236;-6254.903;44.843;19;128;[2.203, 1.419, 1.894, 1.642, 1.423];[1.895, 2.135, 1.443]
41;20443.767;486.086;3463.288;71.521;221.835;2081.393;3278.4;0.0;14413.0;32756.906;6058.236;-6254.903;17.71;19;128;[2.283, 1.419, 1.894, 1.642, 1.423];[1.895, 2.135, 1.599]
42;20415.275;499.994;3509.648;65.127;220.329;1913.633;3231.6;0.0;14492.0;32756.906;6058.236;-6283.395;58.506;19;128;[2.283, 1.677, 1.894, 1.642, 1.423];[2.106, 2.135, 1.599]
43;20369.35;496.496;3497.987;68.601;219.247;2002.867;3231.6;0.0;14372.0;32756.906;6058.236;-6329.32;54.532;19;128;[2.455, 1.677, 1.894, 1.642, 1.423];[2.106, 2.321, 1.599]
44;20369.35;496.496;3497.987;68.601;219.247;2002.867;3231.6;0.0;14372.0;32756.906;6058.236;-6329.32;7.201;19;128;[2.455, 1.677, 1.894, 1.578, 1.423];[2.106, 2.321, 1.539]
45;20369.35;496.496;3497.987;68.601;219.247;2002.867;3231.6;0.0;14372.0;32756.906;6058.236;-6329.32;46.657;19;128;[2.455, 1.609, 1.894, 1.578, 1.423];[1.995, 2.321, 1.539]
46;19751.43;482.058;3449.861;47.787;203.041;1445.511;3015.6;0.0;14374.0;32756.906;6058.236;-6947.24;48.859;19;128;[2.455, 1.609, 1.894, 1.578, 1.681];[1.995, 2.489, 1.539]
47;19751.43;482.058;3449.861;47.787;203.041;1445.511;3015.6;0.0;14374.0;32756.906;6058.236;-6947.24;16.948;19;128;[2.455, 1.609, 1.805, 1.578, 1.681];[1.995, 2.489, 1.485]
48;19751.43;482.058;3449.861;47.787;203.041;1445.511;3015.6;0.0;14374.0;32756.906;6058.236;-6947.24;5.223;19;128;[2.455, 1.609, 1.805, 1.52, 1.681];[1.995, 2.489, 1.437]
49;19734.356;467.23;3400.433;49.787;198.238;1492.693;3015.6;0.0;14374.0;32756.906;6058.236;-6964.314;35.517;19;128;[2.455, 1.609, 1.805, 1.52, 1.913];[2.196, 2.489, 1.437]
628constructshop:True depot:False weather:True;21455.876;521.143;3580.145;73.253;238.014;2142.587;3114.0;0.0;15212.0;32756.906;6058.236;-5242.794;259.833;19;128;[1.0, 1.0, 1.0, 1.0, 1.0];[1.0, 1.0, 1.0]
0;21455.876;521.143;3580.145;73.253;238.014;2142.587;3114.0;0.0;15212.0;32756.906;6058.236;-5242.794;214.709;19;128;[1.0, 1.0, 1.0, 1.0, 1.0];[1.0, 1.0, 1.0]
1;21455.876;521.143;3580.145;73.253;238.014;2142.587;3114.0;0.0;15212.0;32756.906;6058.236;-5242.794;161.566;19;128;[1.0, 1.0, 1.0, 1.0, 1.0];[1.0, 1.0, 1.0]
2;21321.146;512.833;3552.442;71.051;236.556;2083.871;3042.0;0.0;15172.0;32756.906;6058.236;-5377.524;116.574;19;128;[1.0, 1.0, 1.0, 1.3, 1.0];[1.0, 1.3, 1.0]
3;21321.146;512.833;3552.442;71.051;236.556;2083.871;3042.0;0.0;15172.0;32756.906;6058.236;-5377.524;7.717;19;128;[1.0, 1.0, 1.0, 1.27, 1.0];[1.0, 1.3, 1.0]
4;21321.146;512.833;3552.442;71.051;236.556;2083.871;3042.0;0.0;15172.0;32756.906;6058.236;-5377.524;89.441;19;128;[1.0, 1.0, 1.0, 1.27, 1.0];[1.0, 1.27, 1.0]
5;21298.767;506.302;3530.674;75.898;236.454;2209.791;2899.2;0.0;15052.0;32756.906;6058.236;-5399.903;80.933;19;128;[1.0, 1.0, 1.3, 1.27, 1.0];[1.3, 1.27, 1.0]
6;21296.591;505.826;3529.085;75.898;236.344;2209.68;2899.2;0.0;15052.0;32756.906;6058.236;-5402.079;33.74;19;128;[1.0, 1.3, 1.3, 1.27, 1.0];[1.57, 1.27, 1.0]
7;21296.591;505.826;3529.085;75.898;236.344;2209.68;2899.2;0.0;15052.0;32756.906;6058.236;-5402.079;7.519;19;128;[1.0, 1.3, 1.27, 1.27, 1.0];[1.57, 1.27, 1.0]
8;21296.591;505.826;3529.085;75.898;236.344;2209.68;2899.2;0.0;15052.0;32756.906;6058.236;-5402.079;35.285;19;128;[1.0, 1.3, 1.243, 1.27, 1.0];[1.513, 1.27, 1.0]
9;21268.24;505.888;3529.294;74.885;234.042;2181.057;2899.2;0.0;15052.0;32756.906;6058.236;-5430.43;24.326;19;128;[1.0, 1.3, 1.243, 1.543, 1.0];[1.513, 1.543, 1.0]
10;21268.24;505.888;3529.294;74.885;234.042;2181.057;2899.2;0.0;15052.0;32756.906;6058.236;-5430.43;26.494;19;128;[1.0, 1.3, 1.243, 1.543, 1.0];[1.513, 1.543, 1.0]
11;20857.916;498.489;3504.629;60.784;222.421;1802.798;3040.8;0.0;15052.0;32756.906;6058.236;-5840.754;19.595;19;128;[1.0, 1.57, 1.243, 1.543, 1.0];[1.513, 1.789, 1.0]
12;20857.916;498.489;3504.629;60.784;222.421;1802.798;3040.8;0.0;15052.0;32756.906;6058.236;-5840.754;123.605;19;128;[1.0, 1.57, 1.243, 1.543, 1.0];[1.462, 1.789, 1.0]
13;20684.821;492.546;3484.819;63.747;219.046;1876.455;2684.4;0.0;14831.0;32756.906;6058.236;-6013.849;44.737;19;128;[1.0, 1.57, 1.519, 1.543, 1.0];[1.462, 2.01, 1.0]
14;20684.821;492.546;3484.819;63.747;219.046;1876.455;2684.4;0.0;14831.0;32756.906;6058.236;-6013.849;20.597;19;128;[1.0, 1.57, 1.519, 1.543, 1.0];[1.462, 2.01, 1.0]
15;20684.821;492.546;3484.819;63.747;219.046;1876.455;2684.4;0.0;14831.0;32756.906;6058.236;-6013.849;72.827;19;128;[1.0, 1.57, 1.519, 1.543, 1.0];[1.416, 2.01, 1.0]
16;20684.821;492.546;3484.819;63.747;219.046;1876.455;2684.4;0.0;14831.0;32756.906;6058.236;-6013.849;17.581;19;128;[1.0, 1.57, 1.519, 1.489, 1.0];[1.374, 2.01, 1.0]
17;20684.821;492.546;3484.819;63.747;219.046;1876.455;2684.4;0.0;14831.0;32756.906;6058.236;-6013.849;57.299;19;128;[1.0, 1.713, 1.519, 1.489, 1.0];[1.374, 2.109, 1.0]
18;20601.771;489.286;3473.953;63.336;220.8;1867.533;2613.6;0.0;14771.0;32756.906;6058.236;-6096.899;54.813;19;128;[1.0, 1.713, 1.767, 1.489, 1.0];[1.637, 2.109, 1.0]
19;20435.527;486.958;3466.195;63.494;220.526;1871.373;2446.8;0.0;14611.0;32756.906;6058.236;-6263.143;48.307;19;128;[1.0, 1.713, 1.99, 1.489, 1.0];[1.873, 2.109, 1.0]
20;20329.737;488.249;3470.496;59.308;217.993;1759.993;2446.8;0.0;14611.0;32756.906;6058.236;-6368.933;25.499;19;128;[1.0, 1.713, 1.99, 1.74, 1.0];[2.086, 2.109, 1.0]
21;20249.525;490.597;3478.322;55.89;216.467;1669.606;2446.8;0.0;14611.0;32756.906;6058.236;-6449.145;28.44;19;128;[1.0, 1.713, 2.191, 1.74, 1.0];[2.277, 2.109, 1.0]
22;20249.525;490.597;3478.322;55.89;216.467;1669.606;2446.8;0.0;14611.0;32756.906;6058.236;-6449.145;15.864;19;128;[1.0, 1.713, 2.191, 1.866, 1.0];[2.277, 2.198, 1.0]
23;20014.188;471.654;3415.18;51.99;204.616;1556.354;2564.4;0.0;14571.0;32756.906;6058.236;-6684.482;56.507;19;128;[1.3, 1.713, 2.191, 1.866, 1.0];[2.449, 2.198, 1.0]
24;20014.188;471.654;3415.18;51.99;204.616;1556.354;2564.4;0.0;14571.0;32756.906;6058.236;-6684.482;46.161;19;128;[1.3, 1.642, 2.191, 1.866, 1.0];[2.449, 2.078, 1.0]
25;20014.188;471.654;3415.18;51.99;204.616;1556.354;2564.4;0.0;14571.0;32756.906;6058.236;-6684.482;67.078;19;128;[1.3, 1.642, 2.191, 1.866, 1.2];[2.504, 2.078, 1.0]
26;20008.754;458.323;3370.743;54.282;197.352;1608.688;2850.0;0.0;14571.0;32756.906;6058.236;-6689.916;3.804;19;128;[1.3, 1.878, 2.191, 1.866, 1.2];[2.504, 2.078, 1.3]
27;19882.657;461.135;3380.115;49.074;195.488;1471.407;2827.2;0.0;14570.0;32756.906;6058.236;-6816.013;63.468;19;128;[1.57, 1.878, 2.191, 1.866, 1.2];[2.654, 2.078, 1.3]
28;19850.995;458.504;3371.346;48.395;192.882;1451.145;2827.2;0.0;14570.0;32756.906;6058.236;-6847.675;33.017;19;128;[1.57, 1.878, 2.191, 2.079, 1.2];[2.789, 2.078, 1.3]
29;19850.995;458.504;3371.346;48.395;192.882;1451.145;2827.2;0.0;14570.0;32756.906;6058.236;-6847.675;21.074;19;128;[1.57, 1.878, 2.072, 2.079, 1.2];[2.789, 2.078, 1.27]
30;19850.995;458.504;3371.346;48.395;192.882;1451.145;2827.2;0.0;14570.0;32756.906;6058.236;-6847.675;28.103;19;128;[1.57, 1.79, 2.072, 2.079, 1.2];[2.61, 2.078, 1.27]
31;19850.995;458.504;3371.346;48.395;192.882;1451.145;2827.2;0.0;14570.0;32756.906;6058.236;-6847.675;48.201;19;128;[1.57, 1.711, 2.072, 2.079, 1.2];[2.449, 2.078, 1.27]
32;19850.995;458.504;3371.346;48.395;192.882;1451.145;2827.2;0.0;14570.0;32756.906;6058.236;-6847.675;25.767;19;128;[1.57, 1.84, 2.072, 2.079, 1.2];[2.449, 2.17, 1.27]
33;19701.897;458.616;3371.719;49.488;194.883;1481.561;2804.4;0.0;14390.0;32756.906;6058.236;-6996.773;73.003;19;128;[1.57, 1.84, 2.072, 2.079, 1.48];[2.604, 2.17, 1.27]
34;19294.649;458.685;3371.95;37.111;189.116;1154.014;2520.0;0.0;14310.0;32756.906;6058.236;-7404.021;34.47;19;128;[1.57, 1.84, 2.265, 2.079, 1.48];[2.604, 2.353, 1.27]
35;19294.649;458.685;3371.95;37.111;189.116;1154.014;2520.0;0.0;14310.0;32756.906;6058.236;-7404.021;29.258;19;128;[1.513, 1.84, 2.265, 2.079, 1.48];[2.604, 2.218, 1.27]
36;19294.649;458.685;3371.95;37.111;189.116;1154.014;2520.0;0.0;14310.0;32756.906;6058.236;-7404.021;21.239;19;128;[1.513, 1.84, 2.139, 2.079, 1.48];[2.604, 2.096, 1.27]
37;19294.649;458.685;3371.95;37.111;189.116;1154.014;2520.0;0.0;14310.0;32756.906;6058.236;-7404.021;88.722;19;128;[1.513, 1.956, 2.139, 2.079, 1.48];[2.644, 2.096, 1.27]
38;19264.965;452.562;3351.539;37.111;185.966;1150.864;2520.0;0.0;14310.0;32756.906;6058.236;-7433.705;28.877;19;128;[1.513, 2.16, 2.139, 2.079, 1.48];[2.78, 2.096, 1.27]
39;19264.965;452.562;3351.539;37.111;185.966;1150.864;2520.0;0.0;14310.0;32756.906;6058.236;-7433.705;17.072;19;128;[1.513, 2.16, 2.025, 2.079, 1.48];[2.78, 1.986, 1.27]
40;19264.965;452.562;3351.539;37.111;185.966;1150.864;2520.0;0.0;14310.0;32756.906;6058.236;-7433.705;6.038;19;128;[1.513, 2.16, 2.025, 1.971, 1.48];[2.78, 1.986, 1.243]
41;19264.965;452.562;3351.539;37.111;185.966;1150.864;2520.0;0.0;14310.0;32756.906;6058.236;-7433.705;10.909;19;128;[1.513, 2.16, 2.123, 1.971, 1.48];[2.78, 2.087, 1.243]
42;19264.965;452.562;3351.539;37.111;185.966;1150.864;2520.0;0.0;14310.0;32756.906;6058.236;-7433.705;38.54;19;128;[1.462, 2.16, 2.123, 1.971, 1.48];[2.78, 1.978, 1.243]
43;19159.711;450.243;3343.812;38.058;186.156;1175.656;2520.0;0.0;14190.0;32756.906;6058.236;-7538.959;28.337;19;128;[1.462, 2.344, 2.123, 1.971, 1.48];[2.78, 2.18, 1.243]
44;19159.711;450.243;3343.812;38.058;186.156;1175.656;2520.0;0.0;14190.0;32756.906;6058.236;-7538.959;78.74;19;128;[1.462, 2.344, 2.123, 1.971, 1.432];[2.78, 2.062, 1.243]
45;19159.711;450.243;3343.812;38.058;186.156;1175.656;2520.0;0.0;14190.0;32756.906;6058.236;-7538.959;1.524;19;128;[1.462, 2.41, 2.123, 1.971, 1.432];[2.78, 2.156, 1.243]
46;19159.711;450.243;3343.812;38.058;186.156;1175.656;2520.0;0.0;14190.0;32756.906;6058.236;-7538.959;7.583;19;128;[1.462, 2.41, 2.011, 1.971, 1.432];[2.78, 2.156, 1.219]
47;19159.711;450.243;3343.812;38.058;186.156;1175.656;2520.0;0.0;14190.0;32756.906;6058.236;-7538.959;26.612;19;128;[1.462, 2.269, 2.011, 1.971, 1.432];[2.602, 2.156, 1.219]
48;19146.738;446.117;3330.057;38.182;186.838;1179.565;2638.8;0.0;14191.0;32756.906;6058.236;-7551.932;4.389;19;128;[1.462, 2.442, 2.011, 1.971, 1.432];[2.602, 2.156, 1.497]
49;19146.738;446.117;3330.057;38.182;186.838;1179.565;2638.8;0.0;14191.0;32756.906;6058.236;-7551.932;9.208;19;128;[1.462, 2.442, 1.91, 1.971, 1.432];[2.602, 2.156, 1.447]
629constructshop:True depot:False weather:True;21855.444;507.703;3549.676;87.224;238.249;2506.066;3300.0;0.0;15292.0;33082.886;5732.256;-5495.186;246.401;19;128;[1.0, 1.0, 1.0, 1.0, 1.0];[1.0, 1.0, 1.0]
0;21606.327;495.724;3509.747;80.12;226.743;2309.856;3181.2;0.0;15291.0;33082.886;5732.256;-5744.303;207.322;18;128;[1.3, 1.0, 1.0, 1.0, 1.0];[1.3, 1.0, 1.0]
1;21465.498;487.929;3483.764;76.255;221.164;2203.805;3134.4;0.0;15290.0;33082.886;5732.256;-5885.132;154.694;18;128;[1.3, 1.0, 1.3, 1.0, 1.0];[1.3, 1.3, 1.0]
2;21405.845;487.801;3483.337;76.255;222.066;2204.707;3063.6;0.0;15230.0;33082.886;5732.256;-5944.785;99.384;18;128;[1.57, 1.0, 1.3, 1.0, 1.0];[1.3, 1.57, 1.0]
3;21405.845;487.801;3483.337;76.255;222.066;2204.707;3063.6;0.0;15230.0;33082.886;5732.256;-5944.785;64.703;18;128;[1.57, 1.0, 1.27, 1.0, 1.0];[1.3, 1.513, 1.0]
4;21151.372;484.186;3471.287;67.154;220.901;1966.898;2944.8;0.0;15229.0;33082.886;5732.256;-6199.258;214.257;18;128;[1.57, 1.0, 1.27, 1.0, 1.3];[1.3, 1.762, 1.0]
5;21151.372;484.186;3471.287;67.154;220.901;1966.898;2944.8;0.0;15229.0;33082.886;5732.256;-6199.258;29.434;18;128;[1.57, 1.0, 1.243, 1.0, 1.3];[1.3, 1.762, 1.0]
6;21151.372;484.186;3471.287;67.154;220.901;1966.898;2944.8;0.0;15229.0;33082.886;5732.256;-6199.258;10.062;18;128;[1.57, 1.0, 1.219, 1.0, 1.3];[1.3, 1.762, 1.0]
7;21151.372;484.186;3471.287;67.154;220.901;1966.898;2944.8;0.0;15229.0;33082.886;5732.256;-6199.258;90.971;18;128;[1.57, 1.0, 1.219, 1.0, 1.27];[1.3, 1.686, 1.0]
8;21039.75;479.411;3455.369;63.77;217.94;1875.971;2944.8;0.0;15229.0;33082.886;5732.256;-6310.88;66.762;18;128;[1.813, 1.0, 1.219, 1.0, 1.27];[1.3, 1.917, 1.0]
9;20806.18;471.244;3428.148;60.89;214.64;1797.788;2944.8;0.0;15109.0;33082.886;5732.256;-6544.45;120.152;18;128;[2.032, 1.0, 1.219, 1.0, 1.27];[1.3, 2.125, 1.0]
10;20806.18;471.244;3428.148;60.89;214.64;1797.788;2944.8;0.0;15109.0;33082.886;5732.256;-6544.45;33.988;18;128;[2.032, 1.0, 1.219, 1.0, 1.27];[1.3, 2.125, 1.0]
11;20806.18;471.244;3428.148;60.89;214.64;1797.788;2944.8;0.0;15109.0;33082.886;5732.256;-6544.45;20.801;18;128;[2.032, 1.2, 1.219, 1.0, 1.27];[1.47, 2.125, 1.0]
12;20763.289;473.217;3434.723;58.966;214.222;1747.349;2874.0;0.0;15108.0;33082.886;5732.256;-6587.341;63.052;18;128;[2.032, 1.2, 1.219, 1.3, 1.27];[1.47, 2.312, 1.0]
13;20763.289;473.217;3434.723;58.966;214.222;1747.349;2874.0;0.0;15108.0;33082.886;5732.256;-6587.341;33.315;18;128;[2.032, 1.38, 1.219, 1.3, 1.27];[1.47, 2.381, 1.0]
14;20763.289;473.217;3434.723;58.966;214.222;1747.349;2874.0;0.0;15108.0;33082.886;5732.256;-6587.341;17.03;18;128;[2.032, 1.38, 1.219, 1.47, 1.27];[1.47, 2.443, 1.0]
15;20640.741;462.23;3398.099;59.433;207.154;1752.412;2779.2;0.0;15028.0;33082.886;5732.256;-6709.889;74.82;18;128;[2.032, 1.38, 1.219, 1.47, 1.543];[1.47, 2.599, 1.0]
16;20640.741;462.23;3398.099;59.433;207.154;1752.412;2779.2;0.0;15028.0;33082.886;5732.256;-6709.889;15.248;18;128;[2.032, 1.38, 1.219, 1.423, 1.543];[1.47, 2.599, 1.0]
17;20640.741;462.23;3398.099;59.433;207.154;1752.412;2779.2;0.0;15028.0;33082.886;5732.256;-6709.889;22.441;18;128;[2.032, 1.342, 1.219, 1.423, 1.543];[1.47, 2.439, 1.0]
18;20640.741;462.23;3398.099;59.433;207.154;1752.412;2779.2;0.0;15028.0;33082.886;5732.256;-6709.889;17.237;18;128;[2.032, 1.308, 1.219, 1.423, 1.543];[1.47, 2.439, 1.0]
19;20640.741;462.23;3398.099;59.433;207.154;1752.412;2779.2;0.0;15028.0;33082.886;5732.256;-6709.889;60.936;18;128;[2.032, 1.308, 1.197, 1.423, 1.543];[1.47, 2.295, 1.0]
20;20188.907;453.169;3367.895;53.841;198.976;1598.843;2636.4;0.0;14769.0;33082.886;5732.256;-7161.723;83.625;18;128;[2.229, 1.308, 1.197, 1.423, 1.543];[1.47, 2.466, 1.0]
21;20188.907;453.169;3367.895;53.841;198.976;1598.843;2636.4;0.0;14769.0;33082.886;5732.256;-7161.723;18.858;18;128;[2.229, 1.308, 1.197, 1.381, 1.543];[1.47, 2.466, 1.0]
22;20188.907;453.169;3367.895;53.841;198.976;1598.843;2636.4;0.0;14769.0;33082.886;5732.256;-7161.723;133.04;18;128;[2.229, 1.277, 1.197, 1.381, 1.543];[1.47, 2.319, 1.0]
23;20188.907;453.169;3367.895;53.841;198.976;1598.843;2636.4;0.0;14769.0;33082.886;5732.256;-7161.723;15.862;18;128;[2.229, 1.277, 1.177, 1.381, 1.543];[1.47, 2.319, 1.0]
24;20188.907;453.169;3367.895;53.841;198.976;1598.843;2636.4;0.0;14769.0;33082.886;5732.256;-7161.723;34.919;18;128;[2.229, 1.277, 1.177, 1.343, 1.543];[1.47, 2.187, 1.0]
25;20176.559;440.268;3324.894;55.697;194.275;1642.397;2636.4;0.0;14769.0;33082.886;5732.256;-7174.071;35.23;18;128;[2.229, 1.277, 1.459, 1.343, 1.543];[1.47, 2.368, 1.0]
26;20176.559;440.268;3324.894;55.697;194.275;1642.397;2636.4;0.0;14769.0;33082.886;5732.256;-7174.071;41.554;18;128;[2.229, 1.277, 1.413, 1.343, 1.543];[1.47, 2.231, 1.0]
27;20176.559;440.268;3324.894;55.697;194.275;1642.397;2636.4;0.0;14769.0;33082.886;5732.256;-7174.071;38.372;18;128;[2.106, 1.277, 1.413, 1.343, 1.543];[1.47, 2.108, 1.0]
28;20176.559;440.268;3324.894;55.697;194.275;1642.397;2636.4;0.0;14769.0;33082.886;5732.256;-7174.071;9.408;18;128;[2.106, 1.249, 1.413, 1.343, 1.543];[1.47, 2.108, 1.0]
29;20176.559;440.268;3324.894;55.697;194.275;1642.397;2636.4;0.0;14769.0;33082.886;5732.256;-7174.071;45.196;18;128;[2.106, 1.249, 1.572, 1.343, 1.543];[1.623, 2.108, 1.0]
30;20176.559;440.268;3324.894;55.697;194.275;1642.397;2636.4;0.0;14769.0;33082.886;5732.256;-7174.071;73.103;18;128;[2.106, 1.249, 1.572, 1.343, 1.489];[1.623, 1.997, 1.0]
31;20176.559;440.268;3324.894;55.697;194.275;1642.397;2636.4;0.0;14769.0;33082.886;5732.256;-7174.071;22.628;18;128;[2.106, 1.249, 1.572, 1.309, 1.489];[1.561, 1.997, 1.0]
32;20176.559;440.268;3324.894;55.697;194.275;1642.397;2636.4;0.0;14769.0;33082.886;5732.256;-7174.071;7.506;18;128;[2.106, 1.249, 1.572, 1.278, 1.489];[1.561, 1.997, 1.0]
33;20176.559;440.268;3324.894;55.697;194.275;1642.397;2636.4;0.0;14769.0;33082.886;5732.256;-7174.071;6.015;18;128;[2.106, 1.424, 1.572, 1.278, 1.489];[1.561, 1.997, 1.2]
34;20176.559;440.268;3324.894;55.697;194.275;1642.397;2636.4;0.0;14769.0;33082.886;5732.256;-7174.071;6.999;18;128;[2.106, 1.424, 1.572, 1.25, 1.489];[1.561, 1.997, 1.18]
35;20176.559;440.268;3324.894;55.697;194.275;1642.397;2636.4;0.0;14769.0;33082.886;5732.256;-7174.071;5.054;18;128;[2.106, 1.382, 1.572, 1.25, 1.489];[1.561, 1.997, 1.162]
36;20176.559;440.268;3324.894;55.697;194.275;1642.397;2636.4;0.0;14769.0;33082.886;5732.256;-7174.071;51.163;18;128;[2.106, 1.382, 1.572, 1.25, 1.44];[1.561, 1.897, 1.162]
37;20176.559;440.268;3324.894;55.697;194.275;1642.397;2636.4;0.0;14769.0;33082.886;5732.256;-7174.071;37.311;18;128;[2.195, 1.382, 1.572, 1.25, 1.44];[1.561, 2.007, 1.162]
38;20176.559;440.268;3324.894;55.697;194.275;1642.397;2636.4;0.0;14769.0;33082.886;5732.256;-7174.071;54.58;18;128;[2.075, 1.382, 1.572, 1.25, 1.44];[1.561, 1.906, 1.162]
39;20176.559;440.268;3324.894;55.697;194.275;1642.397;2636.4;0.0;14769.0;33082.886;5732.256;-7174.071;37.786;18;128;[2.075, 1.344, 1.572, 1.25, 1.44];[1.561, 1.815, 1.162]
40;20149.592;439.024;3320.748;54.908;193.217;1620.82;2802.0;0.0;14769.0;33082.886;5732.256;-7201.038;28.171;18;128;[2.075, 1.344, 1.572, 1.525, 1.44];[1.805, 1.815, 1.162]
41;20149.592;439.024;3320.748;54.908;193.217;1620.82;2802.0;0.0;14769.0;33082.886;5732.256;-7201.038;13.852;18;128;[2.075, 1.344, 1.572, 1.673, 1.44];[1.925, 1.815, 1.162]
42;20149.592;439.024;3320.748;54.908;193.217;1620.82;2802.0;0.0;14769.0;33082.886;5732.256;-7201.038;41.684;18;128;[1.968, 1.344, 1.572, 1.673, 1.44];[1.925, 1.734, 1.162]
43;20087.974;437.349;3315.164;52.891;191.3;1566.46;2802.0;0.0;14769.0;33082.886;5732.256;-7262.656;44.999;18;128;[1.968, 1.344, 1.572, 1.673, 1.696];[2.133, 1.734, 1.162]
44;20087.974;437.349;3315.164;52.891;191.3;1566.46;2802.0;0.0;14769.0;33082.886;5732.256;-7262.656;29.317;18;128;[1.968, 1.31, 1.572, 1.673, 1.696];[2.02, 1.734, 1.162]
45;20069.918;436.615;3312.717;52.317;191.358;1551.587;2802.0;0.0;14769.0;33082.886;5732.256;-7280.712;21.553;18;128;[1.968, 1.31, 1.572, 1.906, 1.696];[2.218, 1.734, 1.162]
46;20069.918;436.615;3312.717;52.317;191.358;1551.587;2802.0;0.0;14769.0;33082.886;5732.256;-7280.712;8.605;18;128;[1.968, 1.31, 1.572, 1.906, 1.626];[2.218, 1.734, 1.146]
47;20069.918;436.615;3312.717;52.317;191.358;1551.587;2802.0;0.0;14769.0;33082.886;5732.256;-7280.712;31.135;18;128;[1.968, 1.31, 1.572, 1.906, 1.563];[2.096, 1.734, 1.146]
48;20069.918;436.615;3312.717;52.317;191.358;1551.587;2802.0;0.0;14769.0;33082.886;5732.256;-7280.712;61.385;18;128;[1.871, 1.31, 1.572, 1.906, 1.563];[2.096, 1.661, 1.146]
49;20069.918;436.615;3312.717;52.317;191.358;1551.587;2802.0;0.0;14769.0;33082.886;5732.256;-7280.712;15.143;18;128;[1.871, 1.31, 1.572, 1.815, 1.563];[2.096, 1.595, 1.146]
630constructshop:True depot:False weather:True;21798.753;534.112;3617.375;65.336;235.526;1934.265;3703.2;0.0;15713.0;32566.478;6248.664;-4519.061;254.834;19;128;[1.0, 1.0, 1.0, 1.0, 1.0];[1.0, 1.0, 1.0]
0;21798.753;534.112;3617.375;65.336;235.526;1934.265;3703.2;0.0;15713.0;32566.478;6248.664;-4519.061;177.756;19;128;[1.0, 1.0, 1.0, 1.0, 1.0];[1.0, 1.0, 1.0]
1;21474.715;523.668;3582.561;62.381;232.574;1854.486;3536.4;0.0;15514.0;32566.478;6248.664;-4843.099;35.825;20;128;[1.0, 1.0, 1.3, 1.0, 1.0];[1.0, 1.0, 1.3]
2;21454.547;534.799;3625.664;58.733;233.02;1760.083;3535.2;0.0;15534.0;32756.906;6058.236;-5244.123;23.454;19;128;[1.3, 1.0, 1.3, 1.0, 1.0];[1.0, 1.0, 1.57]
3;21055.844;519.517;3574.725;62.184;228.81;1845.602;3250.8;0.0;15116.0;32756.906;6058.236;-5642.826;268.899;19;128;[1.3, 1.0, 1.3, 1.0, 1.3];[1.0, 1.3, 1.57]
4;21055.844;519.517;3574.725;62.184;228.81;1845.602;3250.8;0.0;15116.0;32756.906;6058.236;-5642.826;33.238;19;128;[1.3, 1.0, 1.27, 1.0, 1.3];[1.0, 1.3, 1.513]
5;21055.844;519.517;3574.725;62.184;228.81;1845.602;3250.8;0.0;15116.0;32756.906;6058.236;-5642.826;32.578;19;128;[1.3, 1.2, 1.27, 1.0, 1.3];[1.0, 1.3, 1.662]
6;21055.844;519.517;3574.725;62.184;228.81;1845.602;3250.8;0.0;15116.0;32756.906;6058.236;-5642.826;123.902;19;128;[1.47, 1.2, 1.27, 1.0, 1.3];[1.2, 1.3, 1.662]
7;21055.844;519.517;3574.725;62.184;228.81;1845.602;3250.8;0.0;15116.0;32756.906;6058.236;-5642.826;32.937;19;128;[1.47, 1.2, 1.27, 1.0, 1.27];[1.2, 1.3, 1.596]
8;21055.844;519.517;3574.725;62.184;228.81;1845.602;3250.8;0.0;15116.0;32756.906;6058.236;-5642.826;35.92;19;128;[1.47, 1.2, 1.27, 1.2, 1.27];[1.2, 1.3, 1.736]
9;20934.923;527.098;3599.993;59.209;231.389;1770.832;3538.8;0.0;15037.0;32756.906;6058.236;-5763.747;30.673;19;128;[1.723, 1.2, 1.27, 1.2, 1.27];[1.2, 1.3, 1.962]
10;20934.923;527.098;3599.993;59.209;231.389;1770.832;3538.8;0.0;15037.0;32756.906;6058.236;-5763.747;32.498;19;128;[1.723, 1.18, 1.27, 1.2, 1.27];[1.2, 1.3, 1.866]
11;20934.923;527.098;3599.993;59.209;231.389;1770.832;3538.8;0.0;15037.0;32756.906;6058.236;-5763.747;16.873;19;128;[1.723, 1.18, 1.243, 1.2, 1.27];[1.2, 1.3, 1.779]
12;20934.923;527.098;3599.993;59.209;231.389;1770.832;3538.8;0.0;15037.0;32756.906;6058.236;-5763.747;6.286;19;128;[1.723, 1.162, 1.243, 1.2, 1.27];[1.2, 1.3, 1.701]
13;20543.708;510.436;3544.454;62.538;225.83;1851.817;3657.6;0.0;14637.0;32756.906;6058.236;-6154.962;143.874;19;128;[1.723, 1.446, 1.243, 1.2, 1.27];[1.48, 1.3, 1.701]
14;20543.708;510.436;3544.454;62.538;225.83;1851.817;3657.6;0.0;14637.0;32756.906;6058.236;-6154.962;121.91;19;128;[1.723, 1.446, 1.219, 1.2, 1.27];[1.48, 1.27, 1.701]
15;20543.708;510.436;3544.454;62.538;225.83;1851.817;3657.6;0.0;14637.0;32756.906;6058.236;-6154.962;23.334;19;128;[1.651, 1.446, 1.219, 1.2, 1.27];[1.48, 1.27, 1.631]
16;20543.708;510.436;3544.454;62.538;225.83;1851.817;3657.6;0.0;14637.0;32756.906;6058.236;-6154.962;102.368;19;128;[1.786, 1.446, 1.219, 1.2, 1.27];[1.48, 1.443, 1.631]
17;20543.708;510.436;3544.454;62.538;225.83;1851.817;3657.6;0.0;14637.0;32756.906;6058.236;-6154.962;11.701;19;128;[1.786, 1.601, 1.219, 1.2, 1.27];[1.48, 1.443, 1.768]
18;20356.117;507.752;3535.508;63.56;224.306;1876.857;3182.4;0.0;14436.0;32756.906;6058.236;-6342.553;104.434;19;128;[2.007, 1.601, 1.219, 1.2, 1.27];[1.732, 1.443, 1.768]
19;20356.117;507.752;3535.508;63.56;224.306;1876.857;3182.4;0.0;14436.0;32756.906;6058.236;-6342.553;118.253;19;128;[2.007, 1.541, 1.219, 1.2, 1.27];[1.659, 1.443, 1.768]
20;20265.532;500.102;3510.007;61.496;220.535;1819.422;3182.4;0.0;14436.0;32756.906;6058.236;-6433.138;83.85;19;128;[2.206, 1.541, 1.219, 1.2, 1.27];[1.893, 1.443, 1.768]
21;20265.532;500.102;3510.007;61.496;220.535;1819.422;3182.4;0.0;14436.0;32756.906;6058.236;-6433.138;13.568;19;128;[2.085, 1.541, 1.219, 1.2, 1.27];[1.893, 1.443, 1.691]
22;20265.532;500.102;3510.007;61.496;220.535;1819.422;3182.4;0.0;14436.0;32756.906;6058.236;-6433.138;21.626;19;128;[2.085, 1.687, 1.219, 1.2, 1.27];[2.004, 1.443, 1.691]
23;20265.532;500.102;3510.007;61.496;220.535;1819.422;3182.4;0.0;14436.0;32756.906;6058.236;-6433.138;21.147;19;128;[2.085, 1.687, 1.219, 1.2, 1.243];[2.004, 1.443, 1.622]
24;20137.114;466.816;3399.052;62.663;206.996;1836.246;3111.6;0.0;14435.0;32756.906;6058.236;-6561.556;78.388;19;128;[2.085, 1.687, 1.497, 1.2, 1.243];[2.204, 1.443, 1.622]
25;19972.896;454.437;3357.789;58.673;200.183;1725.67;3111.6;0.0;14435.0;32756.906;6058.236;-6725.774;104.595;19;128;[2.085, 1.687, 1.497, 1.2, 1.519];[2.384, 1.443, 1.622]
26;19763.2;436.975;3299.584;53.857;191.369;1591.64;3445.2;0.0;14435.0;32756.906;6058.236;-6935.47;64.962;19;128;[2.085, 1.687, 1.497, 1.2, 1.767];[2.546, 1.443, 1.622]
27;19682.499;435.535;3294.784;55.594;191.73;1637.18;3302.4;0.0;14315.0;32756.906;6058.236;-7016.171;53.49;19;128;[2.276, 1.687, 1.497, 1.2, 1.767];[2.691, 1.443, 1.622]
28;19682.499;435.535;3294.784;55.594;191.73;1637.18;3302.4;0.0;14315.0;32756.906;6058.236;-7016.171;60.848;19;128;[2.276, 1.687, 1.497, 1.2, 1.69];[2.691, 1.399, 1.622]
29;19682.499;435.535;3294.784;55.594;191.73;1637.18;3302.4;0.0;14315.0;32756.906;6058.236;-7016.171;55.901;19;128;[2.148, 1.687, 1.497, 1.2, 1.69];[2.691, 1.359, 1.622]
30;19682.499;435.535;3294.784;55.594;191.73;1637.18;3302.4;0.0;14315.0;32756.906;6058.236;-7016.171;59.812;19;128;[2.033, 1.687, 1.497, 1.2, 1.69];[2.691, 1.323, 1.622]
31;19682.499;435.535;3294.784;55.594;191.73;1637.18;3302.4;0.0;14315.0;32756.906;6058.236;-7016.171;78.693;19;128;[2.033, 1.818, 1.497, 1.2, 1.69];[2.722, 1.323, 1.622]
32;19611.5;436.218;3297.058;55.886;192.199;1645.224;3207.6;0.0;14233.0;32756.906;6058.236;-7087.17;9.861;19;128;[2.033, 2.036, 1.497, 1.2, 1.69];[2.722, 1.323, 1.86]
33;19611.5;436.218;3297.058;55.886;192.199;1645.224;3207.6;0.0;14233.0;32756.906;6058.236;-7087.17;13.386;19;128;[2.033, 2.036, 1.497, 1.18, 1.69];[2.722, 1.323, 1.774]
34;19611.5;436.218;3297.058;55.886;192.199;1645.224;3207.6;0.0;14233.0;32756.906;6058.236;-7087.17;60.408;19;128;[2.033, 2.036, 1.497, 1.18, 1.621];[2.55, 1.323, 1.774]
35;19611.5;436.218;3297.058;55.886;192.199;1645.224;3207.6;0.0;14233.0;32756.906;6058.236;-7087.17;84.853;19;128;[2.033, 2.132, 1.497, 1.18, 1.621];[2.595, 1.323, 1.774]
36;19611.5;436.218;3297.058;55.886;192.199;1645.224;3207.6;0.0;14233.0;32756.906;6058.236;-7087.17;6.121;19;128;[1.93, 2.132, 1.497, 1.18, 1.621];[2.595, 1.323, 1.697]
37;19611.5;436.218;3297.058;55.886;192.199;1645.224;3207.6;0.0;14233.0;32756.906;6058.236;-7087.17;11.414;19;128;[1.93, 2.132, 1.497, 1.162, 1.621];[2.595, 1.323, 1.627]
38;19611.5;436.218;3297.058;55.886;192.199;1645.224;3207.6;0.0;14233.0;32756.906;6058.236;-7087.17;5.484;19;128;[1.93, 2.132, 1.497, 1.146, 1.621];[2.595, 1.323, 1.564]
39;19611.5;436.218;3297.058;55.886;192.199;1645.224;3207.6;0.0;14233.0;32756.906;6058.236;-7087.17;47.437;19;128;[1.93, 2.132, 1.497, 1.146, 1.759];[2.636, 1.323, 1.564]
40;19611.5;436.218;3297.058;55.886;192.199;1645.224;3207.6;0.0;14233.0;32756.906;6058.236;-7087.17;11.48;19;128;[1.93, 2.219, 1.497, 1.146, 1.759];[2.672, 1.323, 1.564]
41;19611.5;436.218;3297.058;55.886;192.199;1645.224;3207.6;0.0;14233.0;32756.906;6058.236;-7087.17;26.184;19;128;[1.93, 2.097, 1.497, 1.146, 1.759];[2.672, 1.291, 1.564]
42;19611.5;436.218;3297.058;55.886;192.199;1645.224;3207.6;0.0;14233.0;32756.906;6058.236;-7087.17;17.239;19;128;[1.93, 2.097, 1.447, 1.146, 1.759];[2.672, 1.291, 1.508]
43;19611.5;436.218;3297.058;55.886;192.199;1645.224;3207.6;0.0;14233.0;32756.906;6058.236;-7087.17;38.103;19;128;[1.93, 2.097, 1.402, 1.146, 1.759];[2.505, 1.291, 1.508]
44;19611.5;436.218;3297.058;55.886;192.199;1645.224;3207.6;0.0;14233.0;32756.906;6058.236;-7087.17;32.08;19;128;[1.93, 2.097, 1.402, 1.131, 1.759];[2.355, 1.291, 1.508]
45;19611.5;436.218;3297.058;55.886;192.199;1645.224;3207.6;0.0;14233.0;32756.906;6058.236;-7087.17;41.751;19;128;[2.037, 2.097, 1.402, 1.131, 1.759];[2.42, 1.291, 1.508]
46;19463.65;441.84;3315.798;47.085;189.802;1414.012;3399.6;0.0;14292.0;32756.906;6058.236;-7235.02;3.574;19;128;[2.037, 2.287, 1.402, 1.131, 1.759];[2.42, 1.291, 1.757]
47;19463.65;441.84;3315.798;47.085;189.802;1414.012;3399.6;0.0;14292.0;32756.906;6058.236;-7235.02;58.484;19;128;[2.037, 2.287, 1.402, 1.131, 1.683];[2.278, 1.291, 1.757]
48;19392.646;452.495;3351.317;40.26;189.084;1235.834;2780.4;0.0;14353.0;32756.906;6058.236;-7306.024;10.209;19;128;[2.037, 2.287, 1.662, 1.131, 1.683];[2.278, 1.291, 1.981]
49;19392.646;452.495;3351.317;40.26;189.084;1235.834;2780.4;0.0;14353.0;32756.906;6058.236;-7306.024;9.721;19;128;[2.037, 2.287, 1.662, 1.131, 1.615];[2.278, 1.291, 1.883]
