iteration;totalMonetaryCost;totalPathCost;totalTimeCost;totalWeatherExtraTime;totalWeatherSafetyRiskKm;totalWeatherCost;totalShopCost;totalDepotCost;totalResourceCost;totalIncome;forgottenTaskCost;weight;time;unassigned_tasks;total_tasks;destroy;repair
constructshop:False depot:True weather:True;21886.372;555.611;3695.037;75.524;255.095;2218.723;0.0;3124.0;15417.0;32756.906;6058.236;-4812.298;227.009;19;128;[1.0, 1.0, 1.0, 1.0, 1.0];[1.0, 1.0, 1.0]
0;21886.372;555.611;3695.037;75.524;255.095;2218.723;0.0;3124.0;15417.0;32756.906;6058.236;-4812.298;174.361;19;128;[1.0, 1.0, 1.0, 1.0, 1.0];[1.0, 1.0, 1.0]
1;21886.372;555.611;3695.037;75.524;255.095;2218.723;0.0;3124.0;15417.0;32756.906;6058.236;-4812.298;138.229;19;128;[1.0, 1.0, 1.0, 1.0, 1.0];[1.0, 1.0, 1.0]
2;21562.101;522.548;3584.828;66.432;231.494;1958.725;0.0;3185.0;15496.0;32756.906;6058.236;-5136.569;18.512;19;128;[1.0, 1.3, 1.0, 1.0, 1.0];[1.0, 1.0, 1.3]
3;21562.101;522.548;3584.828;66.432;231.494;1958.725;0.0;3185.0;15496.0;32756.906;6058.236;-5136.569;15.211;19;128;[1.0, 1.27, 1.0, 1.0, 1.0];[1.0, 1.0, 1.27]
4;21562.101;522.548;3584.828;66.432;231.494;1958.725;0.0;3185.0;15496.0;32756.906;6058.236;-5136.569;16.909;19;128;[1.0, 1.27, 1.0, 1.0, 1.0];[1.0, 1.0, 1.243]
5;21348.861;536.111;3630.038;65.811;235.616;1946.711;0.0;3125.0;15236.0;32756.906;6058.236;-5349.809;167.489;19;128;[1.0, 1.27, 1.0, 1.0, 1.3];[1.3, 1.0, 1.243]
6;21340.296;521.615;3581.717;65.792;230.374;1940.965;0.0;3184.0;15296.0;32756.906;6058.236;-5358.374;76.585;19;128;[1.0, 1.27, 1.3, 1.0, 1.3];[1.3, 1.3, 1.243]
7;21340.296;521.615;3581.717;65.792;230.374;1940.965;0.0;3184.0;15296.0;32756.906;6058.236;-5358.374;108.08;19;128;[1.0, 1.27, 1.3, 1.0, 1.27];[1.27, 1.3, 1.243]
8;21340.296;521.615;3581.717;65.792;230.374;1940.965;0.0;3184.0;15296.0;32756.906;6058.236;-5358.374;71.821;19;128;[1.0, 1.27, 1.3, 1.0, 1.27];[1.27, 1.27, 1.243]
9;21340.296;521.615;3581.717;65.792;230.374;1940.965;0.0;3184.0;15296.0;32756.906;6058.236;-5358.374;81.677;19;128;[1.0, 1.27, 1.3, 1.2, 1.27];[1.443, 1.27, 1.243]
10;21340.296;521.615;3581.717;65.792;230.374;1940.965;0.0;3184.0;15296.0;32756.906;6058.236;-5358.374;33.787;19;128;[1.0, 1.443, 1.3, 1.2, 1.27];[1.443, 1.443, 1.243]
11;21340.296;521.615;3581.717;65.792;230.374;1940.965;0.0;3184.0;15296.0;32756.906;6058.236;-5358.374;29.262;19;128;[1.0, 1.443, 1.47, 1.2, 1.27];[1.443, 1.599, 1.243]
12;21340.296;521.615;3581.717;65.792;230.374;1940.965;0.0;3184.0;15296.0;32756.906;6058.236;-5358.374;12.848;19;128;[1.0, 1.443, 1.47, 1.18, 1.27];[1.443, 1.599, 1.219]
13;21340.296;521.615;3581.717;65.792;230.374;1940.965;0.0;3184.0;15296.0;32756.906;6058.236;-5358.374;33.525;19;128;[1.0, 1.443, 1.423, 1.18, 1.27];[1.443, 1.539, 1.219]
14;21197.606;536.437;3631.122;71.459;239.103;2097.047;0.0;2790.0;14933.0;32756.906;6058.236;-5501.064;42.762;19;128;[1.0, 1.443, 1.681, 1.18, 1.27];[1.443, 1.785, 1.219]
15;21197.606;536.437;3631.122;71.459;239.103;2097.047;0.0;2790.0;14933.0;32756.906;6058.236;-5501.064;20.482;19;128;[1.0, 1.443, 1.681, 1.18, 1.243];[1.443, 1.785, 1.197]
16;21133.186;537.519;3634.731;68.868;237.359;2027.936;0.0;2790.0;14933.0;32756.906;6058.236;-5565.484;12.657;19;128;[1.0, 1.443, 1.681, 1.462, 1.243];[1.699, 1.785, 1.197]
17;20685.844;510.916;3546.053;58.984;222.301;1755.875;0.0;2790.0;14873.0;32756.906;6058.236;-6012.826;76.55;19;128;[1.0, 1.443, 1.681, 1.462, 1.519];[1.699, 2.006, 1.197]
18;20685.844;510.916;3546.053;58.984;222.301;1755.875;0.0;2790.0;14873.0;32756.906;6058.236;-6012.826;17.31;19;128;[1.0, 1.443, 1.613, 1.462, 1.519];[1.699, 2.006, 1.177]
19;20682.457;524.753;3592.178;62.399;230.141;1852.526;0.0;2631.0;14713.0;32756.906;6058.236;-6016.213;75.638;19;128;[1.3, 1.443, 1.613, 1.462, 1.519];[1.699, 2.205, 1.177]
20;20614.189;496.435;3497.784;64.782;221.627;1905.969;0.0;2670.0;14714.0;32756.906;6058.236;-6084.481;48.987;19;128;[1.3, 1.443, 1.852, 1.462, 1.519];[1.929, 2.205, 1.177]
21;20588.467;499.743;3508.81;63.199;222.751;1865.914;0.0;2670.0;14714.0;32756.906;6058.236;-6110.203;43.176;19;128;[1.3, 1.443, 2.067, 1.462, 1.519];[1.929, 2.385, 1.177]
22;20372.739;487.602;3468.34;57.262;213.998;1702.797;0.0;2670.0;14714.0;32756.906;6058.236;-6325.931;25.369;19;128;[1.3, 1.443, 2.067, 1.716, 1.519];[2.136, 2.385, 1.177]
23;20372.739;487.602;3468.34;57.262;213.998;1702.797;0.0;2670.0;14714.0;32756.906;6058.236;-6325.931;49.322;19;128;[1.27, 1.443, 2.067, 1.716, 1.519];[2.136, 2.247, 1.177]
24;20372.739;487.602;3468.34;57.262;213.998;1702.797;0.0;2670.0;14714.0;32756.906;6058.236;-6325.931;15.556;19;128;[1.27, 1.443, 2.067, 1.716, 1.467];[2.136, 2.247, 1.159]
25;20372.739;487.602;3468.34;57.262;213.998;1702.797;0.0;2670.0;14714.0;32756.906;6058.236;-6325.931;29.572;19;128;[1.27, 1.443, 1.96, 1.716, 1.467];[2.136, 2.122, 1.159]
26;20372.739;487.602;3468.34;57.262;213.998;1702.797;0.0;2670.0;14714.0;32756.906;6058.236;-6325.931;37.505;19;128;[1.27, 1.443, 1.96, 1.716, 1.42];[2.022, 2.122, 1.159]
27;20372.739;487.602;3468.34;57.262;213.998;1702.797;0.0;2670.0;14714.0;32756.906;6058.236;-6325.931;8.66;19;128;[1.27, 1.443, 1.864, 1.716, 1.42];[1.92, 2.122, 1.159]
28;20372.739;487.602;3468.34;57.262;213.998;1702.797;0.0;2670.0;14714.0;32756.906;6058.236;-6325.931;28.62;19;128;[1.243, 1.443, 1.864, 1.716, 1.42];[1.828, 2.122, 1.159]
29;20372.739;487.602;3468.34;57.262;213.998;1702.797;0.0;2670.0;14714.0;32756.906;6058.236;-6325.931;15.028;19;128;[1.243, 1.443, 1.864, 1.844, 1.42];[1.828, 2.21, 1.159]
30;20343.353;509.378;3540.926;63.498;229.112;1880.05;0.0;2572.0;14413.0;32756.906;6058.236;-6355.317;66.6;19;128;[1.243, 1.699, 1.864, 1.844, 1.42];[2.045, 2.21, 1.159]
31;20109.285;499.778;3508.926;62.497;222.664;1847.582;0.0;2611.0;14253.0;32756.906;6058.236;-6589.385;9.048;19;128;[1.243, 1.929, 1.864, 1.844, 1.42];[2.045, 2.21, 1.443]
32;20109.285;499.778;3508.926;62.497;222.664;1847.582;0.0;2611.0;14253.0;32756.906;6058.236;-6589.385;52.692;19;128;[1.219, 1.929, 1.864, 1.844, 1.42];[1.941, 2.21, 1.443]
33;20077.325;500.052;3509.839;61.243;223.121;1815.434;0.0;2552.0;14252.0;32756.906;6058.236;-6621.345;52.968;19;128;[1.497, 1.929, 1.864, 1.844, 1.42];[2.147, 2.21, 1.443]
34;19992.867;499.73;3508.767;58.196;219.281;1732.37;0.0;2552.0;14252.0;32756.906;6058.236;-6705.803;77.181;19;128;[1.497, 1.929, 1.864, 1.844, 1.678];[2.147, 2.389, 1.443]
35;19978.506;492.934;3486.115;58.874;216.721;1747.457;0.0;2552.0;14252.0;32756.906;6058.236;-6720.164;19.41;19;128;[1.497, 1.929, 1.864, 2.06, 1.678];[2.147, 2.55, 1.443]
36;19896.128;484.232;3457.108;58.874;213.052;1743.788;0.0;2454.0;14211.0;32756.906;6058.236;-6802.542;51.247;19;128;[1.497, 2.136, 1.864, 2.06, 1.678];[2.332, 2.55, 1.443]
37;19896.128;484.232;3457.108;58.874;213.052;1743.788;0.0;2454.0;14211.0;32756.906;6058.236;-6802.542;26.545;19;128;[1.497, 2.136, 1.778, 2.06, 1.678];[2.199, 2.55, 1.443]
38;19896.128;484.232;3457.108;58.874;213.052;1743.788;0.0;2454.0;14211.0;32756.906;6058.236;-6802.542;14.757;19;128;[1.497, 2.022, 1.778, 2.06, 1.678];[2.079, 2.55, 1.443]
39;19896.128;484.232;3457.108;58.874;213.052;1743.788;0.0;2454.0;14211.0;32756.906;6058.236;-6802.542;30.11;19;128;[1.447, 2.022, 1.778, 2.06, 1.678];[2.079, 2.395, 1.443]
40;19886.276;485.618;3461.725;60.576;212.968;1787.933;0.0;2395.0;14151.0;32756.906;6058.236;-6812.394;37.427;19;128;[1.702, 2.022, 1.778, 2.06, 1.678];[2.271, 2.395, 1.443]
41;19736.687;480.671;3445.237;58.047;210.546;1719.779;0.0;2395.0;14091.0;32756.906;6058.236;-6961.983;40.782;19;128;[1.932, 2.022, 1.778, 2.06, 1.678];[2.271, 2.555, 1.443]
42;19489.823;469.058;3406.527;50.763;203.391;1523.238;0.0;2395.0;14091.0;32756.906;6058.236;-7208.847;27.766;19;128;[1.932, 2.022, 2.0, 2.06, 1.678];[2.271, 2.7, 1.443]
43;19489.823;469.058;3406.527;50.763;203.391;1523.238;0.0;2395.0;14091.0;32756.906;6058.236;-7208.847;14.569;19;128;[1.932, 1.92, 2.0, 2.06, 1.678];[2.271, 2.7, 1.399]
44;19354.722;457.991;3369.638;47.645;197.328;1436.093;0.0;2395.0;14091.0;32756.906;6058.236;-7343.948;51.394;19;128;[1.932, 1.92, 2.0, 2.06, 1.91];[2.271, 2.83, 1.399]
45;19354.722;457.991;3369.638;47.645;197.328;1436.093;0.0;2395.0;14091.0;32756.906;6058.236;-7343.948;22.669;19;128;[1.932, 1.92, 1.9, 2.06, 1.91];[2.271, 2.647, 1.399]
46;19354.722;457.991;3369.638;47.645;197.328;1436.093;0.0;2395.0;14091.0;32756.906;6058.236;-7343.948;12.197;19;128;[1.932, 1.92, 1.9, 1.954, 1.91];[2.144, 2.647, 1.399]
47;19354.722;457.991;3369.638;47.645;197.328;1436.093;0.0;2395.0;14091.0;32756.906;6058.236;-7343.948;5.572;19;128;[1.932, 1.92, 1.9, 2.059, 1.91];[2.23, 2.647, 1.399]
48;19354.722;457.991;3369.638;47.645;197.328;1436.093;0.0;2395.0;14091.0;32756.906;6058.236;-7343.948;39.523;19;128;[1.932, 1.828, 1.9, 2.059, 1.91];[2.23, 2.482, 1.399]
49;19354.722;457.991;3369.638;47.645;197.328;1436.093;0.0;2395.0;14091.0;32756.906;6058.236;-7343.948;8.863;19;128;[1.932, 1.828, 1.9, 2.153, 1.91];[2.23, 2.534, 1.399]
602constructshop:False depot:True weather:True;21912.623;541.215;3661.383;72.226;237.158;2115.025;0.0;3226.0;15595.0;33082.886;5732.256;-5438.007;222.348;19;128;[1.0, 1.0, 1.0, 1.0, 1.0];[1.0, 1.0, 1.0]
0;21818.498;516.032;3577.439;73.143;228.321;2130.028;0.0;3345.0;15595.0;33082.886;5732.256;-5532.132;59.343;18;128;[1.0, 1.3, 1.0, 1.0, 1.0];[1.0, 1.0, 1.3]
1;21818.498;516.032;3577.439;73.143;228.321;2130.028;0.0;3345.0;15595.0;33082.886;5732.256;-5532.132;25.962;18;128;[1.0, 1.3, 1.0, 1.0, 1.0];[1.0, 1.0, 1.27]
2;21818.498;516.032;3577.439;73.143;228.321;2130.028;0.0;3345.0;15595.0;33082.886;5732.256;-5532.132;20.895;18;128;[1.0, 1.47, 1.0, 1.0, 1.0];[1.0, 1.2, 1.27]
3;21818.498;516.032;3577.439;73.143;228.321;2130.028;0.0;3345.0;15595.0;33082.886;5732.256;-5532.132;172.699;18;128;[1.0, 1.47, 1.0, 1.0, 1.0];[1.0, 1.18, 1.27]
4;21818.498;516.032;3577.439;73.143;228.321;2130.028;0.0;3345.0;15595.0;33082.886;5732.256;-5532.132;165.353;18;128;[1.0, 1.47, 1.0, 1.2, 1.0];[1.2, 1.18, 1.27]
5;21668.064;536.865;3646.885;69.01;235.059;2029.314;0.0;3167.0;15455.0;33082.886;5732.256;-5682.566;254.804;18;128;[1.0, 1.47, 1.0, 1.2, 1.3];[1.48, 1.18, 1.27]
6;21668.064;536.865;3646.885;69.01;235.059;2029.314;0.0;3167.0;15455.0;33082.886;5732.256;-5682.566;44.168;18;128;[1.0, 1.47, 1.0, 1.18, 1.3];[1.432, 1.18, 1.27]
7;21540.853;539.436;3655.454;69.01;236.708;2030.962;0.0;3028.0;15315.0;33082.886;5732.256;-5809.777;42.985;18;128;[1.0, 1.47, 1.3, 1.18, 1.3];[1.689, 1.18, 1.27]
8;21540.853;539.436;3655.454;69.01;236.708;2030.962;0.0;3028.0;15315.0;33082.886;5732.256;-5809.777;122.474;18;128;[1.0, 1.47, 1.3, 1.18, 1.3];[1.689, 1.162, 1.27]
9;21540.853;539.436;3655.454;69.01;236.708;2030.962;0.0;3028.0;15315.0;33082.886;5732.256;-5809.777;18.847;18;128;[1.0, 1.423, 1.3, 1.18, 1.3];[1.689, 1.162, 1.243]
10;21312.636;534.741;3639.805;61.246;230.694;1823.089;0.0;3028.0;15315.0;33082.886;5732.256;-6037.994;27.91;18;128;[1.0, 1.423, 1.57, 1.18, 1.3];[1.92, 1.162, 1.243]
11;21231.498;534.503;3639.011;61.246;230.588;1822.984;0.0;3028.0;15235.0;33082.886;5732.256;-6119.132;37.482;18;128;[1.0, 1.681, 1.57, 1.18, 1.3];[2.128, 1.162, 1.243]
12;20895.92;539.002;3654.007;47.87;225.303;1469.911;0.0;2930.0;15233.0;33082.886;5732.256;-6454.71;8.965;18;128;[1.0, 1.681, 1.57, 1.462, 1.3];[2.128, 1.162, 1.519]
13;20895.92;539.002;3654.007;47.87;225.303;1469.911;0.0;2930.0;15233.0;33082.886;5732.256;-6454.71;25.59;18;128;[1.0, 1.681, 1.57, 1.462, 1.27];[2.128, 1.162, 1.467]
14;20895.92;539.002;3654.007;47.87;225.303;1469.911;0.0;2930.0;15233.0;33082.886;5732.256;-6454.71;15.556;18;128;[1.0, 1.681, 1.57, 1.462, 1.27];[2.128, 1.162, 1.42]
15;20832.392;541.982;3663.941;48.738;226.285;1493.47;0.0;2811.0;15133.0;33082.886;5732.256;-6518.238;14.954;18;128;[1.0, 1.681, 1.813, 1.462, 1.27];[2.128, 1.162, 1.678]
16;20832.392;541.982;3663.941;48.738;226.285;1493.47;0.0;2811.0;15133.0;33082.886;5732.256;-6518.238;34.909;18;128;[1.0, 1.681, 1.813, 1.416, 1.27];[2.128, 1.146, 1.678]
17;20774.11;541.126;3661.086;51.875;230.161;1578.899;0.0;2811.0;14993.0;33082.886;5732.256;-6576.52;108.415;18;128;[1.0, 1.913, 1.813, 1.416, 1.27];[2.315, 1.146, 1.678]
18;20774.11;541.126;3661.086;51.875;230.161;1578.899;0.0;2811.0;14993.0;33082.886;5732.256;-6576.52;38.622;18;128;[1.0, 2.022, 1.813, 1.416, 1.27];[2.383, 1.146, 1.678]
19;20774.11;541.126;3661.086;51.875;230.161;1578.899;0.0;2811.0;14993.0;33082.886;5732.256;-6576.52;86.053;18;128;[1.0, 2.022, 1.813, 1.416, 1.243];[2.245, 1.146, 1.678]
20;20774.11;541.126;3661.086;51.875;230.161;1578.899;0.0;2811.0;14993.0;33082.886;5732.256;-6576.52;30.54;18;128;[1.0, 2.022, 1.732, 1.416, 1.243];[2.245, 1.146, 1.61]
21;20774.11;541.126;3661.086;51.875;230.161;1578.899;0.0;2811.0;14993.0;33082.886;5732.256;-6576.52;71.031;18;128;[1.0, 2.022, 1.732, 1.416, 1.419];[2.245, 1.331, 1.61]
22;20774.11;541.126;3661.086;51.875;230.161;1578.899;0.0;2811.0;14993.0;33082.886;5732.256;-6576.52;24.772;18;128;[1.0, 2.022, 1.732, 1.416, 1.419];[2.245, 1.331, 1.549]
23;20774.11;541.126;3661.086;51.875;230.161;1578.899;0.0;2811.0;14993.0;33082.886;5732.256;-6576.52;62.599;18;128;[1.0, 2.022, 1.732, 1.416, 1.377];[2.121, 1.331, 1.549]
24;20774.11;541.126;3661.086;51.875;230.161;1578.899;0.0;2811.0;14993.0;33082.886;5732.256;-6576.52;47.708;18;128;[1.0, 2.022, 1.732, 1.574, 1.377];[2.121, 1.498, 1.549]
25;20774.11;541.126;3661.086;51.875;230.161;1578.899;0.0;2811.0;14993.0;33082.886;5732.256;-6576.52;46.272;18;128;[1.0, 2.022, 1.732, 1.574, 1.539];[2.209, 1.498, 1.549]
26;20774.11;541.126;3661.086;51.875;230.161;1578.899;0.0;2811.0;14993.0;33082.886;5732.256;-6576.52;38.105;18;128;[1.0, 2.022, 1.859, 1.574, 1.539];[2.288, 1.498, 1.549]
27;20774.11;541.126;3661.086;51.875;230.161;1578.899;0.0;2811.0;14993.0;33082.886;5732.256;-6576.52;49.967;18;128;[1.0, 2.022, 1.859, 1.574, 1.485];[2.288, 1.448, 1.549]
28;20774.11;541.126;3661.086;51.875;230.161;1578.899;0.0;2811.0;14993.0;33082.886;5732.256;-6576.52;24.365;18;128;[1.0, 2.022, 1.859, 1.517, 1.485];[2.159, 1.448, 1.549]
29;20774.11;541.126;3661.086;51.875;230.161;1578.899;0.0;2811.0;14993.0;33082.886;5732.256;-6576.52;27.047;18;128;[1.0, 2.12, 1.859, 1.517, 1.485];[2.243, 1.448, 1.549]
30;20774.11;541.126;3661.086;51.875;230.161;1578.899;0.0;2811.0;14993.0;33082.886;5732.256;-6576.52;6.712;18;128;[1.0, 2.12, 1.773, 1.517, 1.485];[2.243, 1.448, 1.494]
31;20774.11;541.126;3661.086;51.875;230.161;1578.899;0.0;2811.0;14993.0;33082.886;5732.256;-6576.52;34.402;18;128;[1.0, 2.12, 1.696, 1.517, 1.485];[2.119, 1.448, 1.494]
32;20774.11;541.126;3661.086;51.875;230.161;1578.899;0.0;2811.0;14993.0;33082.886;5732.256;-6576.52;4.135;18;128;[1.0, 2.008, 1.696, 1.517, 1.485];[2.119, 1.448, 1.445]
33;20774.11;541.126;3661.086;51.875;230.161;1578.899;0.0;2811.0;14993.0;33082.886;5732.256;-6576.52;10.68;18;128;[1.0, 2.008, 1.696, 1.517, 1.485];[2.119, 1.448, 1.401]
34;20774.11;541.126;3661.086;51.875;230.161;1578.899;0.0;2811.0;14993.0;33082.886;5732.256;-6576.52;34.605;18;128;[1.0, 2.107, 1.696, 1.517, 1.485];[2.119, 1.603, 1.401]
35;20774.11;541.126;3661.086;51.875;230.161;1578.899;0.0;2811.0;14993.0;33082.886;5732.256;-6576.52;21.101;18;128;[1.0, 2.107, 1.696, 1.465, 1.485];[2.007, 1.603, 1.401]
36;20774.11;541.126;3661.086;51.875;230.161;1578.899;0.0;2811.0;14993.0;33082.886;5732.256;-6576.52;17.204;18;128;[1.0, 2.196, 1.696, 1.465, 1.485];[2.106, 1.603, 1.401]
37;20774.11;541.126;3661.086;51.875;230.161;1578.899;0.0;2811.0;14993.0;33082.886;5732.256;-6576.52;78.2;18;128;[1.2, 2.196, 1.696, 1.465, 1.485];[2.195, 1.603, 1.401]
38;20774.11;541.126;3661.086;51.875;230.161;1578.899;0.0;2811.0;14993.0;33082.886;5732.256;-6576.52;45.018;18;128;[1.2, 2.276, 1.696, 1.465, 1.485];[2.276, 1.603, 1.401]
39;20774.11;541.126;3661.086;51.875;230.161;1578.899;0.0;2811.0;14993.0;33082.886;5732.256;-6576.52;36.325;18;128;[1.2, 2.276, 1.626, 1.465, 1.485];[2.148, 1.603, 1.401]
40;20774.11;541.126;3661.086;51.875;230.161;1578.899;0.0;2811.0;14993.0;33082.886;5732.256;-6576.52;69.163;18;128;[1.18, 2.276, 1.626, 1.465, 1.485];[2.033, 1.603, 1.401]
41;20774.11;541.126;3661.086;51.875;230.161;1578.899;0.0;2811.0;14993.0;33082.886;5732.256;-6576.52;7.14;18;128;[1.18, 2.276, 1.563, 1.465, 1.485];[1.93, 1.603, 1.401]
42;20774.11;541.126;3661.086;51.875;230.161;1578.899;0.0;2811.0;14993.0;33082.886;5732.256;-6576.52;7.251;18;128;[1.162, 2.276, 1.563, 1.465, 1.485];[1.93, 1.603, 1.361]
43;20774.11;541.126;3661.086;51.875;230.161;1578.899;0.0;2811.0;14993.0;33082.886;5732.256;-6576.52;53.206;18;128;[1.162, 2.348, 1.563, 1.465, 1.485];[2.037, 1.603, 1.361]
44;20774.11;541.126;3661.086;51.875;230.161;1578.899;0.0;2811.0;14993.0;33082.886;5732.256;-6576.52;55.96;18;128;[1.146, 2.348, 1.563, 1.465, 1.485];[1.933, 1.603, 1.361]
45;20774.11;541.126;3661.086;51.875;230.161;1578.899;0.0;2811.0;14993.0;33082.886;5732.256;-6576.52;15.172;18;128;[1.146, 2.348, 1.563, 1.465, 1.437];[1.933, 1.603, 1.325]
46;20774.11;541.126;3661.086;51.875;230.161;1578.899;0.0;2811.0;14993.0;33082.886;5732.256;-6576.52;18.464;18;128;[1.146, 2.348, 1.563, 1.619, 1.437];[1.933, 1.743, 1.325]
47;20774.11;541.126;3661.086;51.875;230.161;1578.899;0.0;2811.0;14993.0;33082.886;5732.256;-6576.52;83.157;18;128;[1.331, 2.348, 1.563, 1.619, 1.437];[2.04, 1.743, 1.325]
48;20774.11;541.126;3661.086;51.875;230.161;1578.899;0.0;2811.0;14993.0;33082.886;5732.256;-6576.52;7.04;18;128;[1.331, 2.213, 1.563, 1.619, 1.437];[2.04, 1.743, 1.292]
49;20774.11;541.126;3661.086;51.875;230.161;1578.899;0.0;2811.0;14993.0;33082.886;5732.256;-6576.52;16.014;18;128;[1.331, 2.213, 1.563, 1.619, 1.393];[2.04, 1.743, 1.263]
603constructshop:False depot:True weather:True;21719.464;552.745;3687.818;57.242;235.6;1723.901;0.0;3348.0;15755.0;32823.058;5992.084;-5111.51;239.272;19;128;[1.0, 1.0, 1.0, 1.0, 1.0];[1.0, 1.0, 1.0]
0;21505.564;518.885;3584.283;58.023;220.797;1729.397;0.0;3150.0;15673.0;32936.486;5878.656;-5552.266;223.002;18;128;[1.0, 1.0, 1.3, 1.0, 1.0];[1.3, 1.0, 1.0]
1;21257.742;507.738;3547.127;58.278;216.66;1731.878;0.0;2774.0;15471.0;32936.486;5878.656;-5800.088;157.639;18;128;[1.0, 1.0, 1.57, 1.0, 1.0];[1.57, 1.0, 1.0]
2;21147.159;494.369;3502.563;61.143;210.52;1800.227;0.0;2576.0;15350.0;32936.486;5878.656;-5910.671;116.315;18;128;[1.0, 1.0, 1.57, 1.3, 1.0];[1.813, 1.0, 1.0]
3;21147.159;494.369;3502.563;61.143;210.52;1800.227;0.0;2576.0;15350.0;32936.486;5878.656;-5910.671;19.941;18;128;[1.0, 1.0, 1.57, 1.27, 1.0];[1.813, 1.0, 1.0]
4;21147.159;494.369;3502.563;61.143;210.52;1800.227;0.0;2576.0;15350.0;32936.486;5878.656;-5910.671;32.293;18;128;[1.0, 1.0, 1.57, 1.27, 1.2];[1.813, 1.0, 1.2]
5;21147.159;494.369;3502.563;61.143;210.52;1800.227;0.0;2576.0;15350.0;32936.486;5878.656;-5910.671;96.695;18;128;[1.0, 1.0, 1.513, 1.27, 1.2];[1.732, 1.0, 1.2]
6;21147.159;494.369;3502.563;61.143;210.52;1800.227;0.0;2576.0;15350.0;32936.486;5878.656;-5910.671;27.623;18;128;[1.0, 1.0, 1.462, 1.27, 1.2];[1.732, 1.0, 1.18]
7;21044.704;490.43;3489.434;65.313;213.712;1911.84;0.0;2534.0;15153.0;32936.486;5878.656;-6013.126;64.068;18;128;[1.0, 1.0, 1.716, 1.27, 1.2];[1.732, 1.3, 1.18]
8;21044.704;490.43;3489.434;65.313;213.712;1911.84;0.0;2534.0;15153.0;32936.486;5878.656;-6013.126;119.683;18;128;[1.0, 1.0, 1.716, 1.27, 1.18];[1.659, 1.3, 1.18]
9;21044.704;490.43;3489.434;65.313;213.712;1911.84;0.0;2534.0;15153.0;32936.486;5878.656;-6013.126;23.402;18;128;[1.0, 1.0, 1.716, 1.27, 1.18];[1.659, 1.3, 1.162]
10;20873.533;487.888;3480.961;63.875;211.922;1872.684;0.0;2376.0;15032.0;32936.486;5878.656;-6184.297;28.529;18;128;[1.0, 1.0, 1.944, 1.27, 1.18];[1.659, 1.57, 1.162]
11;20873.533;487.888;3480.961;63.875;211.922;1872.684;0.0;2376.0;15032.0;32936.486;5878.656;-6184.297;51.377;18;128;[1.0, 1.0, 1.85, 1.27, 1.18];[1.659, 1.513, 1.162]
12;20873.533;487.888;3480.961;63.875;211.922;1872.684;0.0;2376.0;15032.0;32936.486;5878.656;-6184.297;44.333;18;128;[1.0, 1.0, 1.85, 1.27, 1.18];[1.593, 1.513, 1.162]
13;20873.533;487.888;3480.961;63.875;211.922;1872.684;0.0;2376.0;15032.0;32936.486;5878.656;-6184.297;4.022;18;128;[1.0, 1.2, 1.85, 1.27, 1.18];[1.593, 1.662, 1.162]
14;20873.533;487.888;3480.961;63.875;211.922;1872.684;0.0;2376.0;15032.0;32936.486;5878.656;-6184.297;54.495;18;128;[1.0, 1.2, 1.85, 1.27, 1.18];[1.534, 1.662, 1.162]
15;20873.533;487.888;3480.961;63.875;211.922;1872.684;0.0;2376.0;15032.0;32936.486;5878.656;-6184.297;51.338;18;128;[1.0, 1.38, 1.85, 1.27, 1.18];[1.681, 1.662, 1.162]
16;20739.122;473.92;3434.399;61.266;205.882;1798.803;0.0;2475.0;15032.0;32936.486;5878.656;-6318.708;29.94;18;128;[1.0, 1.38, 2.065, 1.27, 1.18];[1.913, 1.662, 1.162]
17;20739.122;473.92;3434.399;61.266;205.882;1798.803;0.0;2475.0;15032.0;32936.486;5878.656;-6318.708;56.553;18;128;[1.0, 1.38, 2.065, 1.27, 1.162];[1.822, 1.662, 1.162]
18;20726.7;468.336;3415.788;61.805;203.645;1810.575;0.0;2475.0;15032.0;32936.486;5878.656;-6331.13;31.318;18;128;[1.0, 1.38, 2.065, 1.27, 1.446];[2.04, 1.662, 1.162]
19;20713.784;465.5;3406.333;61.805;203.021;1809.951;0.0;2475.0;15032.0;32936.486;5878.656;-6344.046;40.916;18;128;[1.0, 1.38, 2.065, 1.543, 1.446];[2.236, 1.662, 1.162]
20;20713.736;465.488;3406.293;61.805;203.026;1809.956;0.0;2475.0;15032.0;32936.486;5878.656;-6344.094;48.85;18;128;[1.0, 1.38, 2.259, 1.543, 1.446];[2.412, 1.662, 1.162]
21;20708.636;466.261;3408.87;61.546;201.301;1801.505;0.0;2475.0;15032.0;32936.486;5878.656;-6349.194;46.182;18;128;[1.0, 1.38, 2.259, 1.543, 1.701];[2.571, 1.662, 1.162]
22;20708.636;466.261;3408.87;61.546;201.301;1801.505;0.0;2475.0;15032.0;32936.486;5878.656;-6349.194;6.116;18;128;[1.0, 1.342, 2.259, 1.543, 1.701];[2.571, 1.662, 1.146]
23;20708.636;466.261;3408.87;61.546;201.301;1801.505;0.0;2475.0;15032.0;32936.486;5878.656;-6349.194;18.797;18;128;[1.0, 1.342, 2.259, 1.489, 1.701];[2.571, 1.596, 1.146]
24;20708.636;466.261;3408.87;61.546;201.301;1801.505;0.0;2475.0;15032.0;32936.486;5878.656;-6349.194;13.228;18;128;[1.0, 1.308, 2.259, 1.489, 1.701];[2.571, 1.596, 1.131]
25;20708.636;466.261;3408.87;61.546;201.301;1801.505;0.0;2475.0;15032.0;32936.486;5878.656;-6349.194;18.771;18;128;[1.0, 1.308, 2.259, 1.64, 1.701];[2.571, 1.736, 1.131]
26;20708.636;466.261;3408.87;61.546;201.301;1801.505;0.0;2475.0;15032.0;32936.486;5878.656;-6349.194;44.126;18;128;[1.0, 1.308, 2.133, 1.64, 1.701];[2.414, 1.736, 1.131]
27;20708.636;466.261;3408.87;61.546;201.301;1801.505;0.0;2475.0;15032.0;32936.486;5878.656;-6349.194;117.873;18;128;[1.0, 1.477, 2.133, 1.64, 1.701];[2.473, 1.736, 1.131]
28;20708.636;466.261;3408.87;61.546;201.301;1801.505;0.0;2475.0;15032.0;32936.486;5878.656;-6349.194;38.245;18;128;[1.0, 1.477, 2.22, 1.64, 1.701];[2.473, 1.862, 1.131]
29;20708.636;466.261;3408.87;61.546;201.301;1801.505;0.0;2475.0;15032.0;32936.486;5878.656;-6349.194;24.374;18;128;[1.0, 1.477, 2.22, 1.576, 1.701];[2.326, 1.862, 1.131]
30;20708.636;466.261;3408.87;61.546;201.301;1801.505;0.0;2475.0;15032.0;32936.486;5878.656;-6349.194;83.454;18;128;[1.0, 1.429, 2.22, 1.576, 1.701];[2.326, 1.776, 1.131]
31;20708.636;466.261;3408.87;61.546;201.301;1801.505;0.0;2475.0;15032.0;32936.486;5878.656;-6349.194;8.765;18;128;[1.0, 1.586, 2.22, 1.576, 1.701];[2.326, 1.898, 1.131]
32;20708.636;466.261;3408.87;61.546;201.301;1801.505;0.0;2475.0;15032.0;32936.486;5878.656;-6349.194;63.861;18;128;[1.0, 1.586, 2.22, 1.576, 1.631];[2.326, 1.808, 1.131]
33;20708.636;466.261;3408.87;61.546;201.301;1801.505;0.0;2475.0;15032.0;32936.486;5878.656;-6349.194;20.755;18;128;[1.0, 1.586, 2.22, 1.518, 1.631];[2.326, 1.727, 1.131]
34;20708.636;466.261;3408.87;61.546;201.301;1801.505;0.0;2475.0;15032.0;32936.486;5878.656;-6349.194;46.029;18;128;[1.0, 1.586, 2.22, 1.518, 1.631];[2.326, 1.654, 1.131]
35;20708.636;466.261;3408.87;61.546;201.301;1801.505;0.0;2475.0;15032.0;32936.486;5878.656;-6349.194;18.718;18;128;[1.0, 1.727, 2.22, 1.518, 1.631];[2.393, 1.654, 1.131]
36;20708.636;466.261;3408.87;61.546;201.301;1801.505;0.0;2475.0;15032.0;32936.486;5878.656;-6349.194;17.489;18;128;[1.0, 1.727, 2.22, 1.518, 1.568];[2.393, 1.654, 1.118]
37;20708.636;466.261;3408.87;61.546;201.301;1801.505;0.0;2475.0;15032.0;32936.486;5878.656;-6349.194;40.493;18;128;[1.0, 1.727, 2.098, 1.518, 1.568];[2.393, 1.589, 1.118]
38;20708.636;466.261;3408.87;61.546;201.301;1801.505;0.0;2475.0;15032.0;32936.486;5878.656;-6349.194;59.624;18;128;[1.2, 1.727, 2.098, 1.518, 1.568];[2.454, 1.589, 1.118]
39;20708.636;466.261;3408.87;61.546;201.301;1801.505;0.0;2475.0;15032.0;32936.486;5878.656;-6349.194;34.202;18;128;[1.2, 1.727, 2.098, 1.466, 1.568];[2.454, 1.53, 1.118]
40;20708.636;466.261;3408.87;61.546;201.301;1801.505;0.0;2475.0;15032.0;32936.486;5878.656;-6349.194;62.076;18;128;[1.2, 1.854, 2.098, 1.466, 1.568];[2.454, 1.677, 1.118]
41;20708.636;466.261;3408.87;61.546;201.301;1801.505;0.0;2475.0;15032.0;32936.486;5878.656;-6349.194;28.414;18;128;[1.2, 1.769, 2.098, 1.466, 1.568];[2.309, 1.677, 1.118]
42;20708.636;466.261;3408.87;61.546;201.301;1801.505;0.0;2475.0;15032.0;32936.486;5878.656;-6349.194;34.071;18;128;[1.38, 1.769, 2.098, 1.466, 1.568];[2.378, 1.677, 1.118]
43;20708.636;466.261;3408.87;61.546;201.301;1801.505;0.0;2475.0;15032.0;32936.486;5878.656;-6349.194;52.35;18;128;[1.38, 1.692, 2.098, 1.466, 1.568];[2.24, 1.677, 1.118]
44;20708.636;466.261;3408.87;61.546;201.301;1801.505;0.0;2475.0;15032.0;32936.486;5878.656;-6349.194;39.519;18;128;[1.542, 1.692, 2.098, 1.466, 1.568];[2.316, 1.677, 1.118]
45;20708.636;466.261;3408.87;61.546;201.301;1801.505;0.0;2475.0;15032.0;32936.486;5878.656;-6349.194;36.057;18;128;[1.542, 1.692, 1.988, 1.466, 1.568];[2.316, 1.609, 1.118]
46;20708.636;466.261;3408.87;61.546;201.301;1801.505;0.0;2475.0;15032.0;32936.486;5878.656;-6349.194;37.758;18;128;[1.542, 1.692, 1.988, 1.419, 1.568];[2.184, 1.609, 1.118]
47;20708.636;466.261;3408.87;61.546;201.301;1801.505;0.0;2475.0;15032.0;32936.486;5878.656;-6349.194;7.045;18;128;[1.542, 1.692, 1.988, 1.577, 1.568];[2.184, 1.609, 1.306]
48;20708.636;466.261;3408.87;61.546;201.301;1801.505;0.0;2475.0;15032.0;32936.486;5878.656;-6349.194;42.797;18;128;[1.542, 1.692, 2.089, 1.577, 1.568];[2.184, 1.748, 1.306]
49;20642.242;455.783;3373.943;62.391;199.358;1821.515;0.0;2594.0;14991.0;32936.486;5878.656;-6415.588;21.927;18;128;[1.542, 1.692, 2.28, 1.577, 1.568];[2.366, 1.748, 1.306]
604constructshop:False depot:True weather:True;21649.792;532.285;3655.95;77.597;245.033;2262.557;0.0;3106.0;15199.0;32761.838;6053.304;-5058.742;239.668;19;128;[1.0, 1.0, 1.0, 1.0, 1.0];[1.0, 1.0, 1.0]
0;21649.123;527.343;3645.478;75.391;241.141;2201.302;0.0;2949.0;15275.0;32952.266;5862.876;-5440.267;164.816;18;128;[1.3, 1.0, 1.0, 1.0, 1.0];[1.0, 1.3, 1.0]
1;21649.123;527.343;3645.478;75.391;241.141;2201.302;0.0;2949.0;15275.0;32952.266;5862.876;-5440.267;22.189;18;128;[1.3, 1.2, 1.0, 1.0, 1.0];[1.0, 1.47, 1.0]
2;21598.424;519.288;3618.626;74.283;236.152;2167.511;0.0;2770.0;15293.0;32952.266;5862.876;-5490.966;20.199;18;128;[1.3, 1.2, 1.0, 1.3, 1.0];[1.0, 1.47, 1.3]
3;21359.907;525.648;3639.826;71.737;234.283;2099.433;0.0;2671.0;15095.0;32952.266;5862.876;-5729.483;37.42;18;128;[1.3, 1.2, 1.0, 1.3, 1.3];[1.0, 1.47, 1.57]
4;21314.062;531.335;3658.783;72.765;236.053;2127.944;0.0;2691.0;14996.0;32952.266;5862.876;-5775.328;26.373;18;128;[1.3, 1.2, 1.0, 1.57, 1.3];[1.0, 1.47, 1.813]
5;21314.062;531.335;3658.783;72.765;236.053;2127.944;0.0;2691.0;14996.0;32952.266;5862.876;-5775.328;16.035;18;128;[1.3, 1.2, 1.0, 1.513, 1.3];[1.0, 1.47, 1.732]
6;21314.062;531.335;3658.783;72.765;236.053;2127.944;0.0;2691.0;14996.0;32952.266;5862.876;-5775.328;30.461;18;128;[1.27, 1.2, 1.0, 1.513, 1.3];[1.0, 1.47, 1.659]
7;21314.062;531.335;3658.783;72.765;236.053;2127.944;0.0;2691.0;14996.0;32952.266;5862.876;-5775.328;50.534;18;128;[1.27, 1.38, 1.0, 1.513, 1.3];[1.0, 1.623, 1.659]
8;21185.842;484.241;3501.802;65.925;214.739;1928.8;0.0;2771.0;15271.0;32952.266;5862.876;-5903.548;228.626;18;128;[1.27, 1.38, 1.0, 1.513, 1.57];[1.3, 1.623, 1.659]
9;21185.842;484.241;3501.802;65.925;214.739;1928.8;0.0;2771.0;15271.0;32952.266;5862.876;-5903.548;113.993;18;128;[1.243, 1.38, 1.0, 1.513, 1.57];[1.27, 1.623, 1.659]
10;21125.581;488.986;3517.619;67.365;215.477;1966.975;0.0;2711.0;15152.0;32952.266;5862.876;-5963.809;13.741;18;128;[1.519, 1.38, 1.0, 1.513, 1.57];[1.27, 1.623, 1.893]
11;20970.155;479.396;3485.652;63.267;208.172;1853.107;0.0;2711.0;15152.0;32952.266;5862.876;-6119.235;44.421;18;128;[1.519, 1.642, 1.0, 1.513, 1.57];[1.543, 1.623, 1.893]
12;20969.688;479.277;3485.256;63.267;208.22;1853.155;0.0;2711.0;15152.0;32952.266;5862.876;-6119.702;22.897;18;128;[1.519, 1.878, 1.0, 1.513, 1.57];[1.543, 1.861, 1.893]
13;20969.688;479.277;3485.256;63.267;208.22;1853.155;0.0;2711.0;15152.0;32952.266;5862.876;-6119.702;83.051;18;128;[1.519, 1.878, 1.0, 1.513, 1.513];[1.543, 1.775, 1.893]
14;20969.688;479.277;3485.256;63.267;208.22;1853.155;0.0;2711.0;15152.0;32952.266;5862.876;-6119.702;49.832;18;128;[1.467, 1.878, 1.0, 1.513, 1.513];[1.543, 1.698, 1.893]
15;20969.688;479.277;3485.256;63.267;208.22;1853.155;0.0;2711.0;15152.0;32952.266;5862.876;-6119.702;54.262;18;128;[1.42, 1.878, 1.0, 1.513, 1.513];[1.489, 1.698, 1.893]
16;20969.688;479.277;3485.256;63.267;208.22;1853.155;0.0;2711.0;15152.0;32952.266;5862.876;-6119.702;72.168;18;128;[1.42, 1.79, 1.0, 1.513, 1.513];[1.489, 1.628, 1.893]
17;20969.688;479.277;3485.256;63.267;208.22;1853.155;0.0;2711.0;15152.0;32952.266;5862.876;-6119.702;66.832;18;128;[1.578, 1.79, 1.0, 1.513, 1.513];[1.64, 1.628, 1.893]
18;20969.688;479.277;3485.256;63.267;208.22;1853.155;0.0;2711.0;15152.0;32952.266;5862.876;-6119.702;64.713;18;128;[1.578, 1.79, 1.0, 1.662, 1.513];[1.776, 1.628, 1.893]
19;20969.688;479.277;3485.256;63.267;208.22;1853.155;0.0;2711.0;15152.0;32952.266;5862.876;-6119.702;74.002;18;128;[1.578, 1.79, 1.0, 1.662, 1.662];[1.898, 1.628, 1.893]
20;21056.536;485.514;3474.048;68.838;215.178;2004.974;0.0;2691.0;15092.0;33147.002;5668.14;-6422.326;62.778;18;128;[1.578, 1.79, 1.0, 1.662, 1.896];[2.108, 1.628, 1.893]
21;21056.536;485.514;3474.048;68.838;215.178;2004.974;0.0;2691.0;15092.0;33147.002;5668.14;-6422.326;13.03;18;128;[1.578, 1.79, 1.0, 1.596, 1.896];[2.108, 1.628, 1.804]
22;21056.536;485.514;3474.048;68.838;215.178;2004.974;0.0;2691.0;15092.0;33147.002;5668.14;-6422.326;54.517;18;128;[1.578, 1.79, 1.0, 1.596, 1.806];[2.108, 1.565, 1.804]
23;21056.536;485.514;3474.048;68.838;215.178;2004.974;0.0;2691.0;15092.0;33147.002;5668.14;-6422.326;15.157;18;128;[1.578, 1.79, 1.0, 1.596, 1.806];[2.108, 1.565, 1.724]
24;21056.536;485.514;3474.048;68.838;215.178;2004.974;0.0;2691.0;15092.0;33147.002;5668.14;-6422.326;27.079;18;128;[1.578, 1.79, 1.0, 1.596, 1.725];[2.108, 1.509, 1.724]
25;20874.192;494.039;3502.463;57.529;208.928;1704.69;0.0;2711.0;15173.0;33147.002;5668.14;-6604.67;10.019;18;128;[1.578, 1.79, 1.0, 1.596, 1.953];[2.108, 1.509, 1.952]
26;20874.192;494.039;3502.463;57.529;208.928;1704.69;0.0;2711.0;15173.0;33147.002;5668.14;-6604.67;42.393;18;128;[1.578, 1.79, 1.0, 1.536, 1.953];[1.997, 1.509, 1.952]
27;20874.192;494.039;3502.463;57.529;208.928;1704.69;0.0;2711.0;15173.0;33147.002;5668.14;-6604.67;6.088;18;128;[1.578, 1.711, 1.0, 1.536, 1.953];[1.997, 1.509, 1.857]
28;20874.192;494.039;3502.463;57.529;208.928;1704.69;0.0;2711.0;15173.0;33147.002;5668.14;-6604.67;90.29;18;128;[1.578, 1.64, 1.0, 1.536, 1.953];[1.997, 1.458, 1.857]
29;20498.312;479.194;3452.979;65.541;209.068;1913.138;0.0;2434.0;14653.0;33147.002;5668.14;-6980.55;113.492;18;128;[1.82, 1.64, 1.0, 1.536, 1.953];[2.197, 1.458, 1.857]
30;20248.869;487.567;3480.889;58.464;207.341;1727.413;0.0;2037.0;14553.0;33147.002;5668.14;-7229.993;25.37;18;128;[1.82, 1.64, 1.3, 1.536, 1.953];[2.197, 1.458, 2.071]
31;20204.756;481.288;3459.961;59.428;205.375;1750.507;0.0;1998.0;14513.0;33147.002;5668.14;-7274.106;117.258;18;128;[2.038, 1.64, 1.3, 1.536, 1.953];[2.197, 1.712, 2.071]
32;20204.756;481.288;3459.961;59.428;205.375;1750.507;0.0;1998.0;14513.0;33147.002;5668.14;-7274.106;92.941;18;128;[1.934, 1.64, 1.3, 1.536, 1.953];[2.197, 1.641, 2.071]
33;20204.756;481.288;3459.961;59.428;205.375;1750.507;0.0;1998.0;14513.0;33147.002;5668.14;-7274.106;51.795;18;128;[1.841, 1.64, 1.3, 1.536, 1.953];[2.077, 1.641, 2.071]
34;20204.756;481.288;3459.961;59.428;205.375;1750.507;0.0;1998.0;14513.0;33147.002;5668.14;-7274.106;16.381;18;128;[1.841, 1.64, 1.3, 1.536, 1.858];[2.077, 1.641, 1.964]
35;20204.756;481.288;3459.961;59.428;205.375;1750.507;0.0;1998.0;14513.0;33147.002;5668.14;-7274.106;76.141;18;128;[1.841, 1.64, 1.3, 1.536, 1.972];[2.169, 1.641, 1.964]
36;20204.756;481.288;3459.961;59.428;205.375;1750.507;0.0;1998.0;14513.0;33147.002;5668.14;-7274.106;17.24;18;128;[1.841, 1.64, 1.27, 1.536, 1.972];[2.169, 1.641, 1.868]
37;20204.756;481.288;3459.961;59.428;205.375;1750.507;0.0;1998.0;14513.0;33147.002;5668.14;-7274.106;18.025;18;128;[1.841, 1.776, 1.27, 1.536, 1.972];[2.169, 1.777, 1.868]
38;20204.756;481.288;3459.961;59.428;205.375;1750.507;0.0;1998.0;14513.0;33147.002;5668.14;-7274.106;9.391;18;128;[1.757, 1.776, 1.27, 1.536, 1.972];[2.169, 1.777, 1.781]
39;20204.756;481.288;3459.961;59.428;205.375;1750.507;0.0;1998.0;14513.0;33147.002;5668.14;-7274.106;14.909;18;128;[1.881, 1.776, 1.27, 1.536, 1.972];[2.169, 1.777, 1.903]
40;20204.756;481.288;3459.961;59.428;205.375;1750.507;0.0;1998.0;14513.0;33147.002;5668.14;-7274.106;107.35;18;128;[1.881, 1.776, 1.27, 1.536, 1.875];[2.169, 1.699, 1.903]
41;20204.756;481.288;3459.961;59.428;205.375;1750.507;0.0;1998.0;14513.0;33147.002;5668.14;-7274.106;43.572;18;128;[1.881, 1.698, 1.27, 1.536, 1.875];[2.169, 1.629, 1.903]
42;20204.756;481.288;3459.961;59.428;205.375;1750.507;0.0;1998.0;14513.0;33147.002;5668.14;-7274.106;41.508;18;128;[1.993, 1.698, 1.27, 1.536, 1.875];[2.252, 1.629, 1.903]
43;20204.756;481.288;3459.961;59.428;205.375;1750.507;0.0;1998.0;14513.0;33147.002;5668.14;-7274.106;37.444;18;128;[1.993, 1.698, 1.27, 1.482, 1.875];[2.127, 1.629, 1.903]
44;20204.756;481.288;3459.961;59.428;205.375;1750.507;0.0;1998.0;14513.0;33147.002;5668.14;-7274.106;63.304;18;128;[1.894, 1.698, 1.27, 1.482, 1.875];[2.127, 1.566, 1.903]
45;20204.756;481.288;3459.961;59.428;205.375;1750.507;0.0;1998.0;14513.0;33147.002;5668.14;-7274.106;43.12;18;128;[1.894, 1.698, 1.27, 1.482, 1.788];[2.127, 1.509, 1.903]
46;20204.756;481.288;3459.961;59.428;205.375;1750.507;0.0;1998.0;14513.0;33147.002;5668.14;-7274.106;14.114;18;128;[1.805, 1.698, 1.27, 1.482, 1.788];[2.127, 1.509, 1.813]
47;20204.756;481.288;3459.961;59.428;205.375;1750.507;0.0;1998.0;14513.0;33147.002;5668.14;-7274.106;10.23;18;128;[1.805, 1.698, 1.27, 1.482, 1.709];[2.127, 1.509, 1.732]
48;20204.756;481.288;3459.961;59.428;205.375;1750.507;0.0;1998.0;14513.0;33147.002;5668.14;-7274.106;16.896;18;128;[1.805, 1.828, 1.27, 1.482, 1.709];[2.127, 1.509, 1.859]
49;20204.756;481.288;3459.961;59.428;205.375;1750.507;0.0;1998.0;14513.0;33147.002;5668.14;-7274.106;8.949;18;128;[1.805, 1.828, 1.27, 1.634, 1.709];[2.127, 1.509, 1.973]
605constructshop:False depot:True weather:True;21899.147;545.111;3654.037;68.289;245.486;2020.999;0.0;3463.0;15679.0;32566.478;6248.664;-4418.667;213.147;19;128;[1.0, 1.0, 1.0, 1.0, 1.0];[1.0, 1.0, 1.0]
0;22120.795;547.098;3666.658;70.207;242.652;2068.039;0.0;3641.0;15839.0;32756.906;6058.236;-4577.875;66.95;19;128;[1.0, 1.0, 1.0, 1.3, 1.0];[1.0, 1.0, 1.3]
1;21597.524;541.714;3648.712;66.717;236.454;1971.099;0.0;3602.0;15436.0;32756.906;6058.236;-5101.146;238.75;19;128;[1.0, 1.0, 1.0, 1.3, 1.3];[1.0, 1.3, 1.3]
2;21388.513;527.404;3601.012;66.717;229.453;1964.098;0.0;3463.0;15296.0;32756.906;6058.236;-5310.157;76.745;19;128;[1.0, 1.3, 1.0, 1.3, 1.3];[1.0, 1.57, 1.3]
3;21227.231;527.088;3599.959;66.717;229.539;1964.184;0.0;3305.0;15136.0;32756.906;6058.236;-5471.439;102.359;19;128;[1.0, 1.3, 1.0, 1.3, 1.57];[1.0, 1.813, 1.3]
4;20959.871;514.413;3557.709;60.452;220.997;1792.749;0.0;3464.0;15095.0;32756.906;6058.236;-5738.799;24.493;19;128;[1.0, 1.57, 1.0, 1.3, 1.57];[1.0, 1.813, 1.57]
5;20959.871;514.413;3557.709;60.452;220.997;1792.749;0.0;3464.0;15095.0;32756.906;6058.236;-5738.799;64.041;19;128;[1.0, 1.57, 1.0, 1.3, 1.57];[1.0, 1.732, 1.57]
6;20959.871;514.413;3557.709;60.452;220.997;1792.749;0.0;3464.0;15095.0;32756.906;6058.236;-5738.799;77.523;19;128;[1.0, 1.57, 1.0, 1.3, 1.513];[1.0, 1.732, 1.57]
7;20959.871;514.413;3557.709;60.452;220.997;1792.749;0.0;3464.0;15095.0;32756.906;6058.236;-5738.799;28.588;19;128;[1.0, 1.513, 1.0, 1.3, 1.513];[1.0, 1.732, 1.513]
8;20959.871;514.413;3557.709;60.452;220.997;1792.749;0.0;3464.0;15095.0;32756.906;6058.236;-5738.799;17.236;19;128;[1.0, 1.513, 1.0, 1.3, 1.662];[1.0, 1.732, 1.662]
9;20894.46;504.644;3525.147;73.258;224.956;2129.669;0.0;3206.0;14735.0;32756.906;6058.236;-5804.21;131.919;19;128;[1.3, 1.513, 1.0, 1.3, 1.662];[1.0, 1.959, 1.662]
10;20223.986;492.088;3483.293;58.633;211.158;1735.605;0.0;2831.0;14513.0;32756.906;6058.236;-6474.684;131.931;19;128;[1.3, 1.513, 1.0, 1.3, 1.896];[1.3, 1.959, 1.662]
11;20223.986;492.088;3483.293;58.633;211.158;1735.605;0.0;2831.0;14513.0;32756.906;6058.236;-6474.684;84.4;19;128;[1.3, 1.513, 1.0, 1.3, 1.896];[1.3, 1.863, 1.662]
12;20223.986;492.088;3483.293;58.633;211.158;1735.605;0.0;2831.0;14513.0;32756.906;6058.236;-6474.684;36.576;19;128;[1.3, 1.462, 1.0, 1.3, 1.896];[1.3, 1.777, 1.662]
13;20223.986;492.088;3483.293;58.633;211.158;1735.605;0.0;2831.0;14513.0;32756.906;6058.236;-6474.684;17.777;19;128;[1.3, 1.462, 1.0, 1.27, 1.896];[1.3, 1.777, 1.596]
14;20223.986;492.088;3483.293;58.633;211.158;1735.605;0.0;2831.0;14513.0;32756.906;6058.236;-6474.684;59.009;19;128;[1.3, 1.462, 1.0, 1.27, 1.896];[1.27, 1.777, 1.596]
15;20682.76;475.752;3439.508;55.169;205.101;1639.5;0.0;2494.0;15128.0;33291.086;5524.056;-7084.27;20.909;18;128;[1.3, 1.716, 1.0, 1.27, 1.896];[1.27, 1.777, 1.836]
16;20682.76;475.752;3439.508;55.169;205.101;1639.5;0.0;2494.0;15128.0;33291.086;5524.056;-7084.27;100.11;18;128;[1.3, 1.716, 1.0, 1.27, 1.806];[1.27, 1.699, 1.836]
17;20647.467;491.748;3492.826;57.19;208.965;1695.893;0.0;2296.0;14967.0;33291.086;5524.056;-7119.563;67.785;18;128;[1.3, 1.716, 1.0, 1.27, 2.025];[1.27, 1.929, 1.836]
18;20647.467;491.748;3492.826;57.19;208.965;1695.893;0.0;2296.0;14967.0;33291.086;5524.056;-7119.563;27.58;18;128;[1.3, 1.716, 1.0, 1.27, 1.923];[1.243, 1.929, 1.836]
19;20635.39;490.101;3487.337;56.974;210.631;1691.952;0.0;2296.0;14966.0;33291.086;5524.056;-7131.64;75.251;18;128;[1.3, 1.716, 1.0, 1.543, 1.923];[1.519, 1.929, 1.836]
20;20635.39;490.101;3487.337;56.974;210.631;1691.952;0.0;2296.0;14966.0;33291.086;5524.056;-7131.64;7.778;18;128;[1.3, 1.716, 1.0, 1.489, 1.923];[1.519, 1.929, 1.752]
21;20379.442;494.438;3501.793;46.596;204.708;1416.211;0.0;2216.0;14967.0;33291.086;5524.056;-7387.588;47.151;18;128;[1.3, 1.716, 1.0, 1.489, 2.131];[1.767, 1.929, 1.752]
22;20379.442;494.438;3501.793;46.596;204.708;1416.211;0.0;2216.0;14967.0;33291.086;5524.056;-7387.588;11.871;18;128;[1.3, 1.716, 1.0, 1.44, 2.131];[1.767, 1.929, 1.677]
23;20379.442;494.438;3501.793;46.596;204.708;1416.211;0.0;2216.0;14967.0;33291.086;5524.056;-7387.588;8.124;18;128;[1.3, 1.716, 1.0, 1.44, 2.018];[1.767, 1.929, 1.609]
24;20181.363;487.235;3477.784;44.919;202.439;1370.344;0.0;2216.0;14846.0;33291.086;5524.056;-7585.667;84.441;18;128;[1.3, 1.944, 1.0, 1.44, 2.018];[1.767, 2.136, 1.609]
25;20139.62;471.387;3424.955;46.181;196.569;1397.278;0.0;2216.0;14846.0;33291.086;5524.056;-7627.41;49.937;18;128;[1.3, 2.15, 1.0, 1.44, 2.018];[1.99, 2.136, 1.609]
26;20139.62;471.387;3424.955;46.181;196.569;1397.278;0.0;2216.0;14846.0;33291.086;5524.056;-7627.41;13.022;18;128;[1.3, 2.15, 1.0, 1.44, 1.916];[1.99, 2.136, 1.548]
27;20139.62;471.387;3424.955;46.181;196.569;1397.278;0.0;2216.0;14846.0;33291.086;5524.056;-7627.41;11.994;18;128;[1.3, 2.15, 1.0, 1.44, 1.824];[1.99, 2.136, 1.493]
28;20078.577;458.389;3381.631;46.181;191.848;1392.558;0.0;2216.0;14846.0;33291.086;5524.056;-7688.453;22.408;18;128;[1.3, 2.15, 1.0, 1.696, 1.824];[2.191, 2.136, 1.493]
29;20057.048;458.107;3380.691;45.409;191.604;1372.25;0.0;2216.0;14846.0;33291.086;5524.056;-7709.982;54.693;18;128;[1.3, 2.335, 1.0, 1.696, 1.824];[2.191, 2.322, 1.493]
30;20057.048;458.107;3380.691;45.409;191.604;1372.25;0.0;2216.0;14846.0;33291.086;5524.056;-7709.982;8.735;18;128;[1.3, 2.335, 1.0, 1.626, 1.824];[2.191, 2.322, 1.444]
31;20057.048;458.107;3380.691;45.409;191.604;1372.25;0.0;2216.0;14846.0;33291.086;5524.056;-7709.982;43.592;18;128;[1.3, 2.335, 1.0, 1.626, 1.742];[2.072, 2.322, 1.444]
32;20057.048;458.107;3380.691;45.409;191.604;1372.25;0.0;2216.0;14846.0;33291.086;5524.056;-7709.982;5.124;18;128;[1.3, 2.335, 1.0, 1.626, 1.668];[2.072, 2.322, 1.4]
33;20057.048;458.107;3380.691;45.409;191.604;1372.25;0.0;2216.0;14846.0;33291.086;5524.056;-7709.982;25.827;18;128;[1.3, 2.335, 1.0, 1.626, 1.601];[2.072, 2.19, 1.4]
34;20057.048;458.107;3380.691;45.409;191.604;1372.25;0.0;2216.0;14846.0;33291.086;5524.056;-7709.982;7.008;18;128;[1.3, 2.335, 1.0, 1.626, 1.601];[2.072, 2.19, 1.36]
35;20057.048;458.107;3380.691;45.409;191.604;1372.25;0.0;2216.0;14846.0;33291.086;5524.056;-7709.982;71.97;18;128;[1.3, 2.202, 1.0, 1.626, 1.601];[1.965, 2.19, 1.36]
36;19997.149;458.169;3380.898;45.409;191.436;1372.081;0.0;2335.0;14786.0;33291.086;5524.056;-7769.881;22.364;18;128;[1.3, 2.382, 1.0, 1.626, 1.601];[2.169, 2.19, 1.36]
37;19997.149;458.169;3380.898;45.409;191.436;1372.081;0.0;2335.0;14786.0;33291.086;5524.056;-7769.881;34.816;18;128;[1.3, 2.382, 1.0, 1.626, 1.541];[2.169, 2.071, 1.36]
38;19995.702;442.0;3326.999;48.301;184.888;1440.704;0.0;2335.0;14786.0;33291.086;5524.056;-7771.328;63.749;18;128;[1.3, 2.544, 1.0, 1.626, 1.541];[2.169, 2.264, 1.36]
39;19995.702;442.0;3326.999;48.301;184.888;1440.704;0.0;2335.0;14786.0;33291.086;5524.056;-7771.328;38.192;18;128;[1.3, 2.544, 1.0, 1.626, 1.487];[2.052, 2.264, 1.36]
40;19995.702;442.0;3326.999;48.301;184.888;1440.704;0.0;2335.0;14786.0;33291.086;5524.056;-7771.328;9.348;18;128;[1.3, 2.39, 1.0, 1.626, 1.487];[2.052, 2.264, 1.324]
41;19995.702;442.0;3326.999;48.301;184.888;1440.704;0.0;2335.0;14786.0;33291.086;5524.056;-7771.328;26.778;18;128;[1.3, 2.39, 1.0, 1.626, 1.487];[2.052, 2.138, 1.324]
42;19995.702;442.0;3326.999;48.301;184.888;1440.704;0.0;2335.0;14786.0;33291.086;5524.056;-7771.328;70.973;18;128;[1.3, 2.251, 1.0, 1.626, 1.487];[2.052, 2.024, 1.324]
43;19995.702;442.0;3326.999;48.301;184.888;1440.704;0.0;2335.0;14786.0;33291.086;5524.056;-7771.328;30.429;18;128;[1.3, 2.251, 1.0, 1.563, 1.487];[1.947, 2.024, 1.324]
44;19995.702;442.0;3326.999;48.301;184.888;1440.704;0.0;2335.0;14786.0;33291.086;5524.056;-7771.328;43.162;18;128;[1.3, 2.251, 1.0, 1.563, 1.438];[1.852, 2.024, 1.324]
45;19995.702;442.0;3326.999;48.301;184.888;1440.704;0.0;2335.0;14786.0;33291.086;5524.056;-7771.328;11.984;18;128;[1.3, 2.251, 1.0, 1.507, 1.438];[1.852, 1.922, 1.324]
46;19995.702;442.0;3326.999;48.301;184.888;1440.704;0.0;2335.0;14786.0;33291.086;5524.056;-7771.328;25.522;18;128;[1.3, 2.126, 1.0, 1.507, 1.438];[1.767, 1.922, 1.324]
47;19995.702;442.0;3326.999;48.301;184.888;1440.704;0.0;2335.0;14786.0;33291.086;5524.056;-7771.328;19.837;18;128;[1.3, 2.126, 1.0, 1.507, 1.394];[1.69, 1.922, 1.324]
48;19995.702;442.0;3326.999;48.301;184.888;1440.704;0.0;2335.0;14786.0;33291.086;5524.056;-7771.328;2.544;18;128;[1.3, 2.213, 1.0, 1.507, 1.394];[1.821, 1.922, 1.324]
49;19995.702;442.0;3326.999;48.301;184.888;1440.704;0.0;2335.0;14786.0;33291.086;5524.056;-7771.328;6.734;18;128;[1.3, 2.213, 1.0, 1.507, 1.355];[1.821, 1.922, 1.292]
606constructshop:False depot:True weather:True;21327.373;517.246;3583.485;58.969;222.439;1755.643;0.0;2852.0;15471.0;33105.602;5709.54;-6068.689;211.059;19;128;[1.0, 1.0, 1.0, 1.0, 1.0];[1.0, 1.0, 1.0]
0;21327.373;517.246;3583.485;58.969;222.439;1755.643;0.0;2852.0;15471.0;33105.602;5709.54;-6068.689;204.961;19;128;[1.0, 1.0, 1.0, 1.0, 1.0];[1.0, 1.0, 1.0]
1;21227.598;515.31;3577.033;62.339;222.444;1843.255;0.0;2713.0;15292.0;33105.602;5709.54;-6168.464;41.075;18;128;[1.0, 1.0, 1.0, 1.0, 1.3];[1.0, 1.0, 1.3]
2;21227.598;515.31;3577.033;62.339;222.444;1843.255;0.0;2713.0;15292.0;33105.602;5709.54;-6168.464;133.254;18;128;[1.0, 1.0, 1.0, 1.0, 1.3];[1.0, 1.0, 1.3]
3;21065.889;506.44;3547.468;69.918;222.113;2039.981;0.0;2535.0;14972.0;33105.602;5709.54;-6330.173;107.249;18;128;[1.0, 1.0, 1.3, 1.0, 1.3];[1.0, 1.3, 1.3]
4;21065.889;506.44;3547.468;69.918;222.113;2039.981;0.0;2535.0;14972.0;33105.602;5709.54;-6330.173;12.823;18;128;[1.0, 1.0, 1.3, 1.0, 1.3];[1.0, 1.3, 1.27]
5;21065.889;506.44;3547.468;69.918;222.113;2039.981;0.0;2535.0;14972.0;33105.602;5709.54;-6330.173;23.785;18;128;[1.0, 1.0, 1.3, 1.0, 1.3];[1.0, 1.3, 1.243]
6;21065.889;506.44;3547.468;69.918;222.113;2039.981;0.0;2535.0;14972.0;33105.602;5709.54;-6330.173;90.807;18;128;[1.0, 1.0, 1.3, 1.0, 1.3];[1.0, 1.27, 1.243]
7;21065.889;506.44;3547.468;69.918;222.113;2039.981;0.0;2535.0;14972.0;33105.602;5709.54;-6330.173;93.292;18;128;[1.2, 1.0, 1.3, 1.0, 1.3];[1.0, 1.443, 1.243]
8;21065.889;506.44;3547.468;69.918;222.113;2039.981;0.0;2535.0;14972.0;33105.602;5709.54;-6330.173;35.85;18;128;[1.2, 1.0, 1.3, 1.0, 1.3];[1.0, 1.399, 1.243]
9;21065.889;506.44;3547.468;69.918;222.113;2039.981;0.0;2535.0;14972.0;33105.602;5709.54;-6330.173;92.867;18;128;[1.18, 1.0, 1.3, 1.0, 1.3];[1.0, 1.359, 1.243]
10;21065.889;506.44;3547.468;69.918;222.113;2039.981;0.0;2535.0;14972.0;33105.602;5709.54;-6330.173;4.732;18;128;[1.18, 1.0, 1.3, 1.0, 1.3];[1.0, 1.359, 1.219]
11;21065.889;506.44;3547.468;69.918;222.113;2039.981;0.0;2535.0;14972.0;33105.602;5709.54;-6330.173;62.373;18;128;[1.18, 1.0, 1.47, 1.0, 1.3];[1.0, 1.523, 1.219]
12;21065.889;506.44;3547.468;69.918;222.113;2039.981;0.0;2535.0;14972.0;33105.602;5709.54;-6330.173;44.867;18;128;[1.18, 1.2, 1.47, 1.0, 1.3];[1.2, 1.523, 1.219]
13;20987.701;509.683;3558.275;59.736;217.611;1770.744;0.0;2834.0;15149.0;33105.602;5709.54;-6408.361;26.785;18;128;[1.18, 1.2, 1.47, 1.0, 1.57];[1.2, 1.523, 1.497]
14;20987.701;509.683;3558.275;59.736;217.611;1770.744;0.0;2834.0;15149.0;33105.602;5709.54;-6408.361;28.123;18;128;[1.18, 1.2, 1.423, 1.0, 1.57];[1.2, 1.523, 1.447]
15;20987.701;509.683;3558.275;59.736;217.611;1770.744;0.0;2834.0;15149.0;33105.602;5709.54;-6408.361;103.962;18;128;[1.162, 1.2, 1.423, 1.0, 1.57];[1.2, 1.471, 1.447]
16;20987.701;509.683;3558.275;59.736;217.611;1770.744;0.0;2834.0;15149.0;33105.602;5709.54;-6408.361;25.167;18;128;[1.162, 1.2, 1.423, 1.0, 1.57];[1.2, 1.471, 1.402]
17;20921.597;495.393;3510.644;64.262;216.756;1887.559;0.0;2696.0;15028.0;33105.602;5709.54;-6474.465;55.578;18;128;[1.162, 1.2, 1.681, 1.0, 1.57];[1.48, 1.471, 1.402]
18;20877.335;497.417;3517.389;56.185;211.708;1672.53;0.0;2972.0;15190.0;33105.602;5709.54;-6518.727;17.597;18;128;[1.162, 1.2, 1.913, 1.0, 1.57];[1.48, 1.471, 1.662]
19;20694.775;500.447;3527.491;51.726;211.966;1556.838;0.0;3111.0;15110.0;33105.602;5709.54;-6701.287;114.268;18;128;[1.446, 1.2, 1.913, 1.0, 1.57];[1.48, 1.724, 1.662]
20;20637.007;499.731;3525.104;49.682;210.448;1502.171;0.0;2655.0;15110.0;33105.602;5709.54;-6759.055;22.321;18;128;[1.446, 1.48, 1.913, 1.0, 1.57];[1.48, 1.724, 1.896]
21;20637.007;499.731;3525.104;49.682;210.448;1502.171;0.0;2655.0;15110.0;33105.602;5709.54;-6759.055;14.011;18;128;[1.401, 1.48, 1.913, 1.0, 1.57];[1.48, 1.724, 1.806]
22;20637.007;499.731;3525.104;49.682;210.448;1502.171;0.0;2655.0;15110.0;33105.602;5709.54;-6759.055;51.686;18;128;[1.401, 1.48, 2.022, 1.0, 1.57];[1.632, 1.724, 1.806]
23;20637.007;499.731;3525.104;49.682;210.448;1502.171;0.0;2655.0;15110.0;33105.602;5709.54;-6759.055;82.114;18;128;[1.401, 1.632, 2.022, 1.0, 1.57];[1.769, 1.724, 1.806]
24;20637.007;499.731;3525.104;49.682;210.448;1502.171;0.0;2655.0;15110.0;33105.602;5709.54;-6759.055;13.65;18;128;[1.401, 1.569, 2.022, 1.0, 1.57];[1.769, 1.724, 1.725]
25;20637.007;499.731;3525.104;49.682;210.448;1502.171;0.0;2655.0;15110.0;33105.602;5709.54;-6759.055;15.355;18;128;[1.401, 1.569, 1.92, 1.0, 1.57];[1.769, 1.724, 1.653]
26;20637.007;499.731;3525.104;49.682;210.448;1502.171;0.0;2655.0;15110.0;33105.602;5709.54;-6759.055;128.845;18;128;[1.401, 1.569, 1.92, 1.0, 1.513];[1.692, 1.724, 1.653]
27;20637.007;499.731;3525.104;49.682;210.448;1502.171;0.0;2655.0;15110.0;33105.602;5709.54;-6759.055;9.824;18;128;[1.361, 1.569, 1.92, 1.0, 1.513];[1.692, 1.724, 1.588]
28;20637.007;499.731;3525.104;49.682;210.448;1502.171;0.0;2655.0;15110.0;33105.602;5709.54;-6759.055;17.924;18;128;[1.361, 1.569, 1.92, 1.0, 1.513];[1.692, 1.724, 1.529]
29;20637.007;499.731;3525.104;49.682;210.448;1502.171;0.0;2655.0;15110.0;33105.602;5709.54;-6759.055;42.602;18;128;[1.361, 1.569, 1.92, 1.0, 1.662];[1.692, 1.852, 1.529]
30;20637.007;499.731;3525.104;49.682;210.448;1502.171;0.0;2655.0;15110.0;33105.602;5709.54;-6759.055;88.272;18;128;[1.361, 1.569, 1.828, 1.0, 1.662];[1.623, 1.852, 1.529]
31;20637.007;499.731;3525.104;49.682;210.448;1502.171;0.0;2655.0;15110.0;33105.602;5709.54;-6759.055;40.359;18;128;[1.361, 1.569, 1.745, 1.0, 1.662];[1.623, 1.767, 1.529]
32;20637.007;499.731;3525.104;49.682;210.448;1502.171;0.0;2655.0;15110.0;33105.602;5709.54;-6759.055;50.061;18;128;[1.361, 1.569, 1.745, 1.2, 1.662];[1.761, 1.767, 1.529]
33;20637.007;499.731;3525.104;49.682;210.448;1502.171;0.0;2655.0;15110.0;33105.602;5709.54;-6759.055;27.46;18;128;[1.361, 1.569, 1.671, 1.2, 1.662];[1.685, 1.767, 1.529]
34;20637.007;499.731;3525.104;49.682;210.448;1502.171;0.0;2655.0;15110.0;33105.602;5709.54;-6759.055;11.504;18;128;[1.361, 1.569, 1.671, 1.2, 1.796];[1.685, 1.767, 1.676]
35;20637.007;499.731;3525.104;49.682;210.448;1502.171;0.0;2655.0;15110.0;33105.602;5709.54;-6759.055;12.402;18;128;[1.361, 1.569, 1.671, 1.2, 1.716];[1.685, 1.767, 1.608]
36;20637.007;499.731;3525.104;49.682;210.448;1502.171;0.0;2655.0;15110.0;33105.602;5709.54;-6759.055;84.486;18;128;[1.361, 1.569, 1.671, 1.2, 1.644];[1.685, 1.69, 1.608]
37;20637.007;499.731;3525.104;49.682;210.448;1502.171;0.0;2655.0;15110.0;33105.602;5709.54;-6759.055;28.811;18;128;[1.361, 1.569, 1.671, 1.18, 1.644];[1.617, 1.69, 1.608]
38;20637.007;499.731;3525.104;49.682;210.448;1502.171;0.0;2655.0;15110.0;33105.602;5709.54;-6759.055;9.388;18;128;[1.361, 1.512, 1.671, 1.18, 1.644];[1.617, 1.69, 1.547]
39;20637.007;499.731;3525.104;49.682;210.448;1502.171;0.0;2655.0;15110.0;33105.602;5709.54;-6759.055;56.387;18;128;[1.361, 1.512, 1.671, 1.18, 1.78];[1.755, 1.69, 1.547]
40;20637.007;499.731;3525.104;49.682;210.448;1502.171;0.0;2655.0;15110.0;33105.602;5709.54;-6759.055;31.297;18;128;[1.361, 1.512, 1.604, 1.18, 1.78];[1.755, 1.621, 1.547]
41;20637.007;499.731;3525.104;49.682;210.448;1502.171;0.0;2655.0;15110.0;33105.602;5709.54;-6759.055;6.812;18;128;[1.361, 1.661, 1.604, 1.18, 1.78];[1.755, 1.621, 1.692]
42;20619.544;449.514;3357.712;51.886;192.275;1541.319;0.0;3049.0;15271.0;33105.602;5709.54;-6776.518;35.143;18;128;[1.361, 1.661, 1.604, 1.18, 2.002];[1.979, 1.621, 1.692]
43;20619.544;449.514;3357.712;51.886;192.275;1541.319;0.0;3049.0;15271.0;33105.602;5709.54;-6776.518;7.905;18;128;[1.361, 1.661, 1.544, 1.18, 2.002];[1.979, 1.621, 1.623]
44;20619.544;449.514;3357.712;51.886;192.275;1541.319;0.0;3049.0;15271.0;33105.602;5709.54;-6776.518;53.803;18;128;[1.325, 1.661, 1.544, 1.18, 2.002];[1.979, 1.559, 1.623]
45;20619.544;449.514;3357.712;51.886;192.275;1541.319;0.0;3049.0;15271.0;33105.602;5709.54;-6776.518;6.027;18;128;[1.325, 1.661, 1.544, 1.162, 2.002];[1.979, 1.559, 1.561]
46;20619.544;449.514;3357.712;51.886;192.275;1541.319;0.0;3049.0;15271.0;33105.602;5709.54;-6776.518;25.683;18;128;[1.325, 1.661, 1.544, 1.146, 2.002];[1.979, 1.503, 1.561]
47;20533.782;447.248;3350.161;52.174;188.855;1545.373;0.0;2970.0;15191.0;33105.602;5709.54;-6862.28;27.251;18;128;[1.325, 1.895, 1.544, 1.146, 2.002];[1.979, 1.753, 1.561]
48;20533.782;447.248;3350.161;52.174;188.855;1545.373;0.0;2970.0;15191.0;33105.602;5709.54;-6862.28;60.197;18;128;[1.325, 1.895, 1.544, 1.146, 1.902];[1.979, 1.678, 1.561]
49;20533.782;447.248;3350.161;52.174;188.855;1545.373;0.0;2970.0;15191.0;33105.602;5709.54;-6862.28;38.377;18;128;[1.292, 1.895, 1.544, 1.146, 1.902];[1.881, 1.678, 1.561]
607constructshop:False depot:True weather:True;21532.5;521.796;3594.988;57.022;220.147;1702.716;0.0;3126.0;15713.0;33052.202;5762.94;-5756.762;223.209;19;128;[1.0, 1.0, 1.0, 1.0, 1.0];[1.0, 1.0, 1.0]
0;21532.5;521.796;3594.988;57.022;220.147;1702.716;0.0;3126.0;15713.0;33052.202;5762.94;-5756.762;165.781;19;128;[1.0, 1.0, 1.0, 1.0, 1.0];[1.0, 1.0, 1.0]
1;21388.4;530.208;3623.027;54.569;223.384;1642.165;0.0;3106.0;15593.0;33052.202;5762.94;-5900.862;137.062;18;128;[1.0, 1.0, 1.0, 1.3, 1.0];[1.0, 1.3, 1.0]
2;21201.275;517.712;3581.372;49.792;214.601;1509.192;0.0;3106.0;15593.0;33052.202;5762.94;-6087.987;23.509;18;128;[1.0, 1.0, 1.0, 1.57, 1.0];[1.3, 1.3, 1.0]
3;21125.999;518.493;3583.978;48.287;216.058;1471.527;0.0;2967.0;15552.0;33052.202;5762.94;-6163.263;31.23;18;128;[1.3, 1.0, 1.0, 1.57, 1.0];[1.3, 1.3, 1.3]
4;21125.999;518.493;3583.978;48.287;216.058;1471.527;0.0;2967.0;15552.0;33052.202;5762.94;-6163.263;10.342;18;128;[1.3, 1.0, 1.0, 1.513, 1.0];[1.3, 1.3, 1.27]
5;21125.999;518.493;3583.978;48.287;216.058;1471.527;0.0;2967.0;15552.0;33052.202;5762.94;-6163.263;187.682;18;128;[1.3, 1.0, 1.0, 1.513, 1.0];[1.27, 1.3, 1.27]
6;21125.999;518.493;3583.978;48.287;216.058;1471.527;0.0;2967.0;15552.0;33052.202;5762.94;-6163.263;24.984;18;128;[1.3, 1.2, 1.0, 1.513, 1.0];[1.443, 1.3, 1.27]
7;21000.747;513.239;3566.462;47.661;210.855;1450.047;0.0;2850.0;15471.0;33052.202;5762.94;-6288.515;133.411;18;128;[1.3, 1.2, 1.0, 1.513, 1.3];[1.443, 1.57, 1.27]
8;21000.747;513.239;3566.462;47.661;210.855;1450.047;0.0;2850.0;15471.0;33052.202;5762.94;-6288.515;105.388;18;128;[1.27, 1.2, 1.0, 1.513, 1.3];[1.399, 1.57, 1.27]
9;21000.747;513.239;3566.462;47.661;210.855;1450.047;0.0;2850.0;15471.0;33052.202;5762.94;-6288.515;41.399;18;128;[1.27, 1.18, 1.0, 1.513, 1.3];[1.359, 1.57, 1.27]
10;21000.747;513.239;3566.462;47.661;210.855;1450.047;0.0;2850.0;15471.0;33052.202;5762.94;-6288.515;75.52;18;128;[1.27, 1.18, 1.0, 1.513, 1.27];[1.323, 1.57, 1.27]
11;21000.747;513.239;3566.462;47.661;210.855;1450.047;0.0;2850.0;15471.0;33052.202;5762.94;-6288.515;15.899;18;128;[1.27, 1.18, 1.0, 1.513, 1.243];[1.323, 1.57, 1.243]
12;21485.444;521.334;3607.78;50.975;217.974;1543.33;0.0;3323.0;15813.0;33378.182;5436.96;-6455.778;19.094;17;128;[1.27, 1.18, 1.0, 1.513, 1.519];[1.323, 1.57, 1.519]
13;21485.444;521.334;3607.78;50.975;217.974;1543.33;0.0;3323.0;15813.0;33378.182;5436.96;-6455.778;56.385;17;128;[1.27, 1.18, 1.0, 1.462, 1.519];[1.323, 1.513, 1.519]
14;21485.444;521.334;3607.78;50.975;217.974;1543.33;0.0;3323.0;15813.0;33378.182;5436.96;-6455.778;19.281;17;128;[1.27, 1.18, 1.2, 1.462, 1.519];[1.323, 1.513, 1.667]
15;21485.444;521.334;3607.78;50.975;217.974;1543.33;0.0;3323.0;15813.0;33378.182;5436.96;-6455.778;16.018;17;128;[1.243, 1.18, 1.2, 1.462, 1.519];[1.323, 1.513, 1.6]
16;21485.444;521.334;3607.78;50.975;217.974;1543.33;0.0;3323.0;15813.0;33378.182;5436.96;-6455.778;83.349;17;128;[1.243, 1.18, 1.2, 1.462, 1.467];[1.291, 1.513, 1.6]
17;21485.444;521.334;3607.78;50.975;217.974;1543.33;0.0;3323.0;15813.0;33378.182;5436.96;-6455.778;17.378;17;128;[1.219, 1.18, 1.2, 1.462, 1.467];[1.291, 1.513, 1.54]
18;21485.444;521.334;3607.78;50.975;217.974;1543.33;0.0;3323.0;15813.0;33378.182;5436.96;-6455.778;78.064;17;128;[1.219, 1.18, 1.2, 1.462, 1.42];[1.291, 1.462, 1.54]
19;21485.444;521.334;3607.78;50.975;217.974;1543.33;0.0;3323.0;15813.0;33378.182;5436.96;-6455.778;46.757;17;128;[1.219, 1.18, 1.18, 1.462, 1.42];[1.262, 1.462, 1.54]
20;21485.444;521.334;3607.78;50.975;217.974;1543.33;0.0;3323.0;15813.0;33378.182;5436.96;-6455.778;3.435;17;128;[1.219, 1.362, 1.18, 1.462, 1.42];[1.262, 1.616, 1.54]
21;21485.444;521.334;3607.78;50.975;217.974;1543.33;0.0;3323.0;15813.0;33378.182;5436.96;-6455.778;11.37;17;128;[1.219, 1.362, 1.162, 1.462, 1.42];[1.262, 1.554, 1.54]
22;21485.444;521.334;3607.78;50.975;217.974;1543.33;0.0;3323.0;15813.0;33378.182;5436.96;-6455.778;9.968;17;128;[1.219, 1.362, 1.162, 1.416, 1.42];[1.262, 1.554, 1.486]
23;21485.444;521.334;3607.78;50.975;217.974;1543.33;0.0;3323.0;15813.0;33378.182;5436.96;-6455.778;14.012;17;128;[1.219, 1.362, 1.162, 1.374, 1.42];[1.262, 1.554, 1.437]
24;21485.444;521.334;3607.78;50.975;217.974;1543.33;0.0;3323.0;15813.0;33378.182;5436.96;-6455.778;29.626;17;128;[1.219, 1.362, 1.162, 1.537, 1.42];[1.262, 1.699, 1.437]
25;21485.444;521.334;3607.78;50.975;217.974;1543.33;0.0;3323.0;15813.0;33378.182;5436.96;-6455.778;10.062;17;128;[1.219, 1.362, 1.162, 1.683, 1.42];[1.436, 1.699, 1.437]
26;21485.444;521.334;3607.78;50.975;217.974;1543.33;0.0;3323.0;15813.0;33378.182;5436.96;-6455.778;4.789;17;128;[1.219, 1.526, 1.162, 1.683, 1.42];[1.436, 1.829, 1.437]
27;21485.444;521.334;3607.78;50.975;217.974;1543.33;0.0;3323.0;15813.0;33378.182;5436.96;-6455.778;12.61;17;128;[1.219, 1.526, 1.162, 1.615, 1.42];[1.436, 1.746, 1.437]
28;21485.444;521.334;3607.78;50.975;217.974;1543.33;0.0;3323.0;15813.0;33378.182;5436.96;-6455.778;14.799;17;128;[1.397, 1.526, 1.162, 1.615, 1.42];[1.436, 1.746, 1.593]
29;21485.444;521.334;3607.78;50.975;217.974;1543.33;0.0;3323.0;15813.0;33378.182;5436.96;-6455.778;3.125;17;128;[1.397, 1.673, 1.162, 1.615, 1.42];[1.592, 1.746, 1.593]
30;21485.444;521.334;3607.78;50.975;217.974;1543.33;0.0;3323.0;15813.0;33378.182;5436.96;-6455.778;78.908;17;128;[1.397, 1.673, 1.162, 1.615, 1.378];[1.592, 1.671, 1.593]
31;21485.444;521.334;3607.78;50.975;217.974;1543.33;0.0;3323.0;15813.0;33378.182;5436.96;-6455.778;47.924;17;128;[1.397, 1.673, 1.162, 1.615, 1.34];[1.533, 1.671, 1.593]
32;21485.444;521.334;3607.78;50.975;217.974;1543.33;0.0;3323.0;15813.0;33378.182;5436.96;-6455.778;11.45;17;128;[1.397, 1.673, 1.162, 1.554, 1.34];[1.533, 1.671, 1.534]
33;21485.444;521.334;3607.78;50.975;217.974;1543.33;0.0;3323.0;15813.0;33378.182;5436.96;-6455.778;10.678;17;128;[1.397, 1.806, 1.162, 1.554, 1.34];[1.533, 1.804, 1.534]
34;21485.444;521.334;3607.78;50.975;217.974;1543.33;0.0;3323.0;15813.0;33378.182;5436.96;-6455.778;16.901;17;128;[1.357, 1.806, 1.162, 1.554, 1.34];[1.533, 1.804, 1.481]
35;21485.444;521.334;3607.78;50.975;217.974;1543.33;0.0;3323.0;15813.0;33378.182;5436.96;-6455.778;31.228;17;128;[1.357, 1.725, 1.162, 1.554, 1.34];[1.533, 1.724, 1.481]
36;21485.444;521.334;3607.78;50.975;217.974;1543.33;0.0;3323.0;15813.0;33378.182;5436.96;-6455.778;9.562;17;128;[1.357, 1.653, 1.162, 1.554, 1.34];[1.533, 1.724, 1.433]
37;21485.444;521.334;3607.78;50.975;217.974;1543.33;0.0;3323.0;15813.0;33378.182;5436.96;-6455.778;1.11;17;128;[1.357, 1.588, 1.162, 1.554, 1.34];[1.533, 1.724, 1.39]
38;21485.444;521.334;3607.78;50.975;217.974;1543.33;0.0;3323.0;15813.0;33378.182;5436.96;-6455.778;31.363;17;128;[1.321, 1.588, 1.162, 1.554, 1.34];[1.533, 1.652, 1.39]
39;21485.444;521.334;3607.78;50.975;217.974;1543.33;0.0;3323.0;15813.0;33378.182;5436.96;-6455.778;44.222;17;128;[1.321, 1.729, 1.162, 1.554, 1.34];[1.533, 1.787, 1.39]
40;21485.444;521.334;3607.78;50.975;217.974;1543.33;0.0;3323.0;15813.0;33378.182;5436.96;-6455.778;23.25;17;128;[1.321, 1.729, 1.162, 1.499, 1.34];[1.533, 1.708, 1.39]
41;21485.444;521.334;3607.78;50.975;217.974;1543.33;0.0;3323.0;15813.0;33378.182;5436.96;-6455.778;42.969;17;128;[1.321, 1.729, 1.162, 1.499, 1.506];[1.533, 1.837, 1.39]
42;21485.444;521.334;3607.78;50.975;217.974;1543.33;0.0;3323.0;15813.0;33378.182;5436.96;-6455.778;12.716;17;128;[1.321, 1.729, 1.162, 1.499, 1.455];[1.533, 1.837, 1.351]
43;21485.444;521.334;3607.78;50.975;217.974;1543.33;0.0;3323.0;15813.0;33378.182;5436.96;-6455.778;40.376;17;128;[1.321, 1.856, 1.162, 1.499, 1.455];[1.533, 1.953, 1.351]
44;20588.845;500.644;3524.478;56.133;210.252;1669.723;0.0;3068.0;14894.0;33052.202;5762.94;-6700.417;66.865;18;128;[1.589, 1.856, 1.162, 1.499, 1.455];[1.533, 2.158, 1.351]
45;20588.845;500.644;3524.478;56.133;210.252;1669.723;0.0;3068.0;14894.0;33052.202;5762.94;-6700.417;13.939;18;128;[1.589, 1.97, 1.162, 1.499, 1.455];[1.68, 2.158, 1.351]
46;20588.845;500.644;3524.478;56.133;210.252;1669.723;0.0;3068.0;14894.0;33052.202;5762.94;-6700.417;13.454;18;128;[1.589, 1.873, 1.162, 1.499, 1.455];[1.612, 2.158, 1.351]
47;20588.845;500.644;3524.478;56.133;210.252;1669.723;0.0;3068.0;14894.0;33052.202;5762.94;-6700.417;9.382;18;128;[1.589, 1.873, 1.162, 1.449, 1.455];[1.612, 2.158, 1.316]
48;20588.845;500.644;3524.478;56.133;210.252;1669.723;0.0;3068.0;14894.0;33052.202;5762.94;-6700.417;4.238;18;128;[1.589, 1.786, 1.162, 1.449, 1.455];[1.612, 2.042, 1.316]
49;20588.845;500.644;3524.478;56.133;210.252;1669.723;0.0;3068.0;14894.0;33052.202;5762.94;-6700.417;53.745;18;128;[1.589, 1.786, 1.162, 1.449, 1.41];[1.612, 1.938, 1.316]
608constructshop:False depot:True weather:True;21945.363;551.959;3727.531;64.14;242.229;1909.872;0.0;3424.0;15756.0;32933.266;5881.876;-5106.027;252.11;19;128;[1.0, 1.0, 1.0, 1.0, 1.0];[1.0, 1.0, 1.0]
0;21945.363;551.959;3727.531;64.14;242.229;1909.872;0.0;3424.0;15756.0;32933.266;5881.876;-5106.027;179.833;19;128;[1.0, 1.0, 1.0, 1.0, 1.0];[1.0, 1.0, 1.0]
1;21945.363;551.959;3727.531;64.14;242.229;1909.872;0.0;3424.0;15756.0;32933.266;5881.876;-5106.027;131.871;19;128;[1.0, 1.0, 1.0, 1.0, 1.0];[1.0, 1.0, 1.0]
2;21945.363;551.959;3727.531;64.14;242.229;1909.872;0.0;3424.0;15756.0;32933.266;5881.876;-5106.027;28.736;19;128;[1.2, 1.0, 1.0, 1.0, 1.0];[1.0, 1.0, 1.2]
3;21133.411;540.246;3688.486;53.069;231.897;1611.679;0.0;2872.0;15293.0;32933.266;5881.876;-5917.979;239.546;18;128;[1.2, 1.0, 1.0, 1.0, 1.3];[1.3, 1.0, 1.2]
4;21032.682;523.172;3631.574;54.547;226.715;1644.936;0.0;2872.0;15233.0;32933.266;5881.876;-6018.708;42.03;18;128;[1.2, 1.3, 1.0, 1.0, 1.3];[1.57, 1.0, 1.2]
5;21027.035;524.237;3635.122;60.174;231.146;1795.676;0.0;2614.0;15072.0;32933.266;5881.876;-6024.355;25.329;18;128;[1.48, 1.3, 1.0, 1.0, 1.3];[1.57, 1.0, 1.48]
6;21027.035;524.237;3635.122;60.174;231.146;1795.676;0.0;2614.0;15072.0;32933.266;5881.876;-6024.355;38.76;18;128;[1.48, 1.3, 1.0, 1.0, 1.3];[1.57, 1.0, 1.432]
7;21027.035;524.237;3635.122;60.174;231.146;1795.676;0.0;2614.0;15072.0;32933.266;5881.876;-6024.355;77.352;18;128;[1.48, 1.47, 1.0, 1.0, 1.3];[1.57, 1.2, 1.432]
8;21027.035;524.237;3635.122;60.174;231.146;1795.676;0.0;2614.0;15072.0;32933.266;5881.876;-6024.355;118.911;18;128;[1.48, 1.47, 1.0, 1.0, 1.3];[1.513, 1.2, 1.432]
9;21027.035;524.237;3635.122;60.174;231.146;1795.676;0.0;2614.0;15072.0;32933.266;5881.876;-6024.355;59.861;18;128;[1.48, 1.47, 1.2, 1.0, 1.3];[1.513, 1.38, 1.432]
10;21027.035;524.237;3635.122;60.174;231.146;1795.676;0.0;2614.0;15072.0;32933.266;5881.876;-6024.355;96.25;18;128;[1.632, 1.47, 1.2, 1.0, 1.3];[1.662, 1.38, 1.432]
11;20542.19;514.704;3558.679;59.6;225.207;1774.807;0.0;2554.0;14694.0;32756.906;6058.236;-6156.48;118.899;19;128;[1.632, 1.47, 1.2, 1.0, 1.57];[1.896, 1.38, 1.432]
12;20348.389;505.522;3528.074;58.571;218.954;1741.793;0.0;2356.0;14573.0;32756.906;6058.236;-6350.281;70.273;19;128;[1.632, 1.47, 1.2, 1.3, 1.57];[2.106, 1.38, 1.432]
13;20348.389;505.522;3528.074;58.571;218.954;1741.793;0.0;2356.0;14573.0;32756.906;6058.236;-6350.281;9.116;19;128;[1.632, 1.47, 1.2, 1.27, 1.57];[2.106, 1.38, 1.389]
14;20348.389;505.522;3528.074;58.571;218.954;1741.793;0.0;2356.0;14573.0;32756.906;6058.236;-6350.281;24.96;19;128;[1.632, 1.47, 1.2, 1.443, 1.57];[2.106, 1.542, 1.389]
15;20348.389;505.522;3528.074;58.571;218.954;1741.793;0.0;2356.0;14573.0;32756.906;6058.236;-6350.281;103.224;19;128;[1.632, 1.47, 1.2, 1.443, 1.513];[2.106, 1.488, 1.389]
16;20348.389;505.522;3528.074;58.571;218.954;1741.793;0.0;2356.0;14573.0;32756.906;6058.236;-6350.281;11.093;19;128;[1.632, 1.47, 1.2, 1.599, 1.513];[2.195, 1.488, 1.389]
17;20348.389;505.522;3528.074;58.571;218.954;1741.793;0.0;2356.0;14573.0;32756.906;6058.236;-6350.281;63.871;19;128;[1.632, 1.423, 1.2, 1.599, 1.513];[2.195, 1.439, 1.389]
18;20348.389;505.522;3528.074;58.571;218.954;1741.793;0.0;2356.0;14573.0;32756.906;6058.236;-6350.281;10.836;19;128;[1.632, 1.423, 1.2, 1.539, 1.513];[2.195, 1.439, 1.35]
19;20348.389;505.522;3528.074;58.571;218.954;1741.793;0.0;2356.0;14573.0;32756.906;6058.236;-6350.281;45.665;19;128;[1.632, 1.423, 1.38, 1.539, 1.513];[2.276, 1.439, 1.35]
20;20348.389;505.522;3528.074;58.571;218.954;1741.793;0.0;2356.0;14573.0;32756.906;6058.236;-6350.281;17.572;19;128;[1.632, 1.423, 1.342, 1.539, 1.513];[2.276, 1.439, 1.315]
21;20348.389;505.522;3528.074;58.571;218.954;1741.793;0.0;2356.0;14573.0;32756.906;6058.236;-6350.281;94.956;19;128;[1.632, 1.423, 1.342, 1.539, 1.462];[2.276, 1.395, 1.315]
22;20348.389;505.522;3528.074;58.571;218.954;1741.793;0.0;2356.0;14573.0;32756.906;6058.236;-6350.281;25.395;19;128;[1.632, 1.581, 1.342, 1.539, 1.462];[2.276, 1.556, 1.315]
23;20348.389;505.522;3528.074;58.571;218.954;1741.793;0.0;2356.0;14573.0;32756.906;6058.236;-6350.281;45.65;19;128;[1.632, 1.581, 1.342, 1.539, 1.616];[2.276, 1.7, 1.315]
24;20166.685;516.051;3563.17;52.728;221.548;1592.464;0.0;2455.0;14495.0;32756.906;6058.236;-6531.985;57.254;19;128;[1.869, 1.581, 1.342, 1.539, 1.616];[2.276, 1.93, 1.315]
25;20166.685;516.051;3563.17;52.728;221.548;1592.464;0.0;2455.0;14495.0;32756.906;6058.236;-6531.985;35.419;19;128;[1.869, 1.581, 1.342, 1.485, 1.616];[2.148, 1.93, 1.315]
26;20166.685;516.051;3563.17;52.728;221.548;1592.464;0.0;2455.0;14495.0;32756.906;6058.236;-6531.985;50.049;19;128;[1.782, 1.581, 1.342, 1.485, 1.616];[2.148, 1.837, 1.315]
27;20166.685;516.051;3563.17;52.728;221.548;1592.464;0.0;2455.0;14495.0;32756.906;6058.236;-6531.985;13.715;19;128;[1.782, 1.581, 1.308, 1.485, 1.616];[2.148, 1.837, 1.284]
28;20166.685;516.051;3563.17;52.728;221.548;1592.464;0.0;2455.0;14495.0;32756.906;6058.236;-6531.985;55.977;19;128;[1.782, 1.581, 1.308, 1.485, 1.554];[2.033, 1.837, 1.284]
29;20166.685;516.051;3563.17;52.728;221.548;1592.464;0.0;2455.0;14495.0;32756.906;6058.236;-6531.985;38.196;19;128;[1.782, 1.523, 1.308, 1.485, 1.554];[2.033, 1.753, 1.284]
30;20166.685;516.051;3563.17;52.728;221.548;1592.464;0.0;2455.0;14495.0;32756.906;6058.236;-6531.985;26.385;19;128;[1.782, 1.471, 1.308, 1.485, 1.554];[2.033, 1.678, 1.284]
31;20166.685;516.051;3563.17;52.728;221.548;1592.464;0.0;2455.0;14495.0;32756.906;6058.236;-6531.985;20.333;19;128;[1.782, 1.471, 1.308, 1.485, 1.499];[2.033, 1.678, 1.256]
32;20166.685;516.051;3563.17;52.728;221.548;1592.464;0.0;2455.0;14495.0;32756.906;6058.236;-6531.985;17.588;19;128;[1.704, 1.471, 1.308, 1.485, 1.499];[2.033, 1.678, 1.23]
33;20166.685;516.051;3563.17;52.728;221.548;1592.464;0.0;2455.0;14495.0;32756.906;6058.236;-6531.985;34.823;19;128;[1.704, 1.424, 1.308, 1.485, 1.499];[1.93, 1.678, 1.23]
34;20166.685;516.051;3563.17;52.728;221.548;1592.464;0.0;2455.0;14495.0;32756.906;6058.236;-6531.985;31.126;19;128;[1.704, 1.424, 1.308, 1.637, 1.499];[2.037, 1.678, 1.23]
35;20166.685;516.051;3563.17;52.728;221.548;1592.464;0.0;2455.0;14495.0;32756.906;6058.236;-6531.985;41.012;19;128;[1.704, 1.424, 1.477, 1.637, 1.499];[2.133, 1.678, 1.23]
36;20166.685;516.051;3563.17;52.728;221.548;1592.464;0.0;2455.0;14495.0;32756.906;6058.236;-6531.985;21.031;19;128;[1.704, 1.582, 1.477, 1.637, 1.499];[2.133, 1.81, 1.23]
37;20166.685;516.051;3563.17;52.728;221.548;1592.464;0.0;2455.0;14495.0;32756.906;6058.236;-6531.985;53.748;19;128;[1.704, 1.582, 1.477, 1.637, 1.449];[2.02, 1.81, 1.23]
38;20166.685;516.051;3563.17;52.728;221.548;1592.464;0.0;2455.0;14495.0;32756.906;6058.236;-6531.985;106.868;19;128;[1.704, 1.724, 1.477, 1.637, 1.449];[2.02, 1.929, 1.23]
39;20166.685;516.051;3563.17;52.728;221.548;1592.464;0.0;2455.0;14495.0;32756.906;6058.236;-6531.985;16.196;19;128;[1.704, 1.652, 1.477, 1.637, 1.449];[2.02, 1.836, 1.23]
40;20166.685;516.051;3563.17;52.728;221.548;1592.464;0.0;2455.0;14495.0;32756.906;6058.236;-6531.985;47.938;19;128;[1.704, 1.587, 1.477, 1.637, 1.449];[2.02, 1.752, 1.23]
41;20166.685;516.051;3563.17;52.728;221.548;1592.464;0.0;2455.0;14495.0;32756.906;6058.236;-6531.985;32.015;19;128;[1.704, 1.728, 1.477, 1.637, 1.449];[2.118, 1.752, 1.23]
42;20166.685;516.051;3563.17;52.728;221.548;1592.464;0.0;2455.0;14495.0;32756.906;6058.236;-6531.985;54.66;19;128;[1.634, 1.728, 1.477, 1.637, 1.449];[2.118, 1.677, 1.23]
43;20166.685;516.051;3563.17;52.728;221.548;1592.464;0.0;2455.0;14495.0;32756.906;6058.236;-6531.985;42.383;19;128;[1.571, 1.728, 1.477, 1.637, 1.449];[2.006, 1.677, 1.23]
44;20166.685;516.051;3563.17;52.728;221.548;1592.464;0.0;2455.0;14495.0;32756.906;6058.236;-6531.985;49.002;19;128;[1.571, 1.728, 1.629, 1.637, 1.449];[2.105, 1.677, 1.23]
45;20166.685;516.051;3563.17;52.728;221.548;1592.464;0.0;2455.0;14495.0;32756.906;6058.236;-6531.985;21.768;19;128;[1.571, 1.855, 1.629, 1.637, 1.449];[2.105, 1.809, 1.23]
46;20166.685;516.051;3563.17;52.728;221.548;1592.464;0.0;2455.0;14495.0;32756.906;6058.236;-6531.985;42.804;19;128;[1.571, 1.855, 1.629, 1.637, 1.404];[1.995, 1.809, 1.23]
47;20166.685;516.051;3563.17;52.728;221.548;1592.464;0.0;2455.0;14495.0;32756.906;6058.236;-6531.985;29.332;19;128;[1.571, 1.855, 1.566, 1.637, 1.404];[1.896, 1.809, 1.23]
48;20166.685;516.051;3563.17;52.728;221.548;1592.464;0.0;2455.0;14495.0;32756.906;6058.236;-6531.985;12.278;19;128;[1.514, 1.855, 1.566, 1.637, 1.404];[1.896, 1.809, 1.207]
49;20166.685;516.051;3563.17;52.728;221.548;1592.464;0.0;2455.0;14495.0;32756.906;6058.236;-6531.985;17.115;19;128;[1.514, 1.855, 1.566, 1.773, 1.404];[1.896, 1.928, 1.207]
609constructshop:False depot:True weather:True;21864.43;551.887;3695.956;76.488;251.894;2240.587;0.0;2990.0;15376.0;32767.958;6047.184;-4856.344;242.887;19;128;[1.0, 1.0, 1.0, 1.0, 1.0];[1.0, 1.0, 1.0]
0;20871.198;529.681;3621.937;59.75;230.092;1783.58;0.0;2990.0;14936.0;32767.958;6047.184;-5849.576;296.323;19;128;[1.0, 1.0, 1.0, 1.0, 1.3];[1.3, 1.0, 1.0]
1;20681.43;503.702;3535.339;51.184;214.606;1545.389;0.0;2890.0;15097.0;32767.958;6047.184;-6039.344;32.034;19;128;[1.0, 1.0, 1.0, 1.0, 1.57];[1.3, 1.0, 1.3]
2;20825.781;502.575;3537.918;54.402;216.826;1631.288;0.0;2732.0;15154.0;33069.686;5745.456;-6498.449;136.394;18;128;[1.3, 1.0, 1.0, 1.0, 1.57];[1.57, 1.0, 1.3]
3;20825.781;502.575;3537.918;54.402;216.826;1631.288;0.0;2732.0;15154.0;33069.686;5745.456;-6498.449;124.111;18;128;[1.27, 1.0, 1.0, 1.0, 1.57];[1.513, 1.0, 1.3]
4;20825.781;502.575;3537.918;54.402;216.826;1631.288;0.0;2732.0;15154.0;33069.686;5745.456;-6498.449;137.77;18;128;[1.27, 1.0, 1.0, 1.0, 1.57];[1.513, 1.0, 1.3]
5;20825.781;502.575;3537.918;54.402;216.826;1631.288;0.0;2732.0;15154.0;33069.686;5745.456;-6498.449;19.436;18;128;[1.27, 1.0, 1.0, 1.0, 1.513];[1.513, 1.0, 1.27]
6;20825.781;502.575;3537.918;54.402;216.826;1631.288;0.0;2732.0;15154.0;33069.686;5745.456;-6498.449;112.619;18;128;[1.27, 1.0, 1.0, 1.0, 1.513];[1.462, 1.0, 1.27]
7;20825.781;502.575;3537.918;54.402;216.826;1631.288;0.0;2732.0;15154.0;33069.686;5745.456;-6498.449;27.932;18;128;[1.27, 1.0, 1.0, 1.0, 1.513];[1.462, 1.0, 1.243]
8;20825.781;502.575;3537.918;54.402;216.826;1631.288;0.0;2732.0;15154.0;33069.686;5745.456;-6498.449;23.627;18;128;[1.27, 1.0, 1.0, 1.0, 1.513];[1.462, 1.0, 1.219]
9;20807.22;520.643;3598.144;57.413;221.69;1714.433;0.0;2692.0;14974.0;33069.686;5745.456;-6517.01;63.985;18;128;[1.27, 1.0, 1.3, 1.0, 1.513];[1.716, 1.0, 1.219]
10;20807.22;520.643;3598.144;57.413;221.69;1714.433;0.0;2692.0;14974.0;33069.686;5745.456;-6517.01;38.296;18;128;[1.27, 1.0, 1.27, 1.0, 1.513];[1.644, 1.0, 1.219]
11;20807.22;520.643;3598.144;57.413;221.69;1714.433;0.0;2692.0;14974.0;33069.686;5745.456;-6517.01;8.542;18;128;[1.27, 1.0, 1.243, 1.0, 1.513];[1.58, 1.0, 1.219]
12;20807.22;520.643;3598.144;57.413;221.69;1714.433;0.0;2692.0;14974.0;33069.686;5745.456;-6517.01;114.661;18;128;[1.243, 1.0, 1.243, 1.0, 1.513];[1.58, 1.0, 1.219]
13;20807.22;520.643;3598.144;57.413;221.69;1714.433;0.0;2692.0;14974.0;33069.686;5745.456;-6517.01;14.034;18;128;[1.219, 1.0, 1.243, 1.0, 1.513];[1.58, 1.0, 1.197]
14;20807.22;520.643;3598.144;57.413;221.69;1714.433;0.0;2692.0;14974.0;33069.686;5745.456;-6517.01;116.253;18;128;[1.219, 1.0, 1.243, 1.0, 1.462];[1.58, 1.0, 1.197]
15;20807.22;520.643;3598.144;57.413;221.69;1714.433;0.0;2692.0;14974.0;33069.686;5745.456;-6517.01;42.074;18;128;[1.219, 1.0, 1.243, 1.0, 1.462];[1.58, 1.0, 1.197]
16;20665.266;507.447;3554.157;51.247;216.238;1548.662;0.0;2750.0;15055.0;33069.686;5745.456;-6658.964;13.881;18;128;[1.219, 1.0, 1.243, 1.0, 1.716];[1.58, 1.0, 1.477]
17;20410.775;492.118;3503.06;49.549;213.32;1501.597;0.0;2790.0;14914.0;33069.686;5745.456;-6913.455;86.161;18;128;[1.219, 1.0, 1.243, 1.0, 1.944];[1.58, 1.3, 1.477]
18;20410.775;492.118;3503.06;49.549;213.32;1501.597;0.0;2790.0;14914.0;33069.686;5745.456;-6913.455;18.69;18;128;[1.219, 1.0, 1.219, 1.0, 1.944];[1.58, 1.3, 1.429]
19;20404.287;484.621;3478.07;52.131;213.185;1568.596;0.0;2751.0;14873.0;33069.686;5745.456;-6919.943;93.632;18;128;[1.497, 1.0, 1.219, 1.0, 1.944];[1.822, 1.3, 1.429]
20;20404.287;484.621;3478.07;52.131;213.185;1568.596;0.0;2751.0;14873.0;33069.686;5745.456;-6919.943;51.986;18;128;[1.497, 1.0, 1.219, 1.0, 1.85];[1.74, 1.3, 1.429]
21;20404.287;484.621;3478.07;52.131;213.185;1568.596;0.0;2751.0;14873.0;33069.686;5745.456;-6919.943;54.243;18;128;[1.497, 1.0, 1.197, 1.0, 1.85];[1.74, 1.27, 1.429]
22;20404.287;484.621;3478.07;52.131;213.185;1568.596;0.0;2751.0;14873.0;33069.686;5745.456;-6919.943;24.408;18;128;[1.497, 1.0, 1.197, 1.0, 1.85];[1.666, 1.27, 1.429]
23;20404.287;484.621;3478.07;52.131;213.185;1568.596;0.0;2751.0;14873.0;33069.686;5745.456;-6919.943;10.788;18;128;[1.497, 1.0, 1.177, 1.0, 1.85];[1.599, 1.27, 1.429]
24;20404.287;484.621;3478.07;52.131;213.185;1568.596;0.0;2751.0;14873.0;33069.686;5745.456;-6919.943;31.198;18;128;[1.497, 1.2, 1.177, 1.0, 1.85];[1.739, 1.27, 1.429]
25;20404.287;484.621;3478.07;52.131;213.185;1568.596;0.0;2751.0;14873.0;33069.686;5745.456;-6919.943;115.943;18;128;[1.497, 1.18, 1.177, 1.0, 1.85];[1.665, 1.27, 1.429]
26;20404.287;484.621;3478.07;52.131;213.185;1568.596;0.0;2751.0;14873.0;33069.686;5745.456;-6919.943;47.456;18;128;[1.447, 1.18, 1.177, 1.0, 1.85];[1.665, 1.243, 1.429]
27;20404.287;484.621;3478.07;52.131;213.185;1568.596;0.0;2751.0;14873.0;33069.686;5745.456;-6919.943;44.535;18;128;[1.402, 1.18, 1.177, 1.0, 1.85];[1.665, 1.219, 1.429]
28;20404.287;484.621;3478.07;52.131;213.185;1568.596;0.0;2751.0;14873.0;33069.686;5745.456;-6919.943;52.712;18;128;[1.402, 1.18, 1.177, 1.0, 1.965];[1.799, 1.219, 1.429]
29;20404.287;484.621;3478.07;52.131;213.185;1568.596;0.0;2751.0;14873.0;33069.686;5745.456;-6919.943;65.997;18;128;[1.362, 1.18, 1.177, 1.0, 1.965];[1.719, 1.219, 1.429]
30;20404.287;484.621;3478.07;52.131;213.185;1568.596;0.0;2751.0;14873.0;33069.686;5745.456;-6919.943;36.764;18;128;[1.362, 1.18, 1.177, 1.0, 2.069];[1.847, 1.219, 1.429]
31;20404.287;484.621;3478.07;52.131;213.185;1568.596;0.0;2751.0;14873.0;33069.686;5745.456;-6919.943;29.084;18;128;[1.362, 1.18, 1.177, 1.0, 2.069];[1.762, 1.219, 1.429]
32;20303.219;495.104;3513.012;54.935;216.787;1645.103;0.0;2951.0;14650.0;33069.686;5745.456;-7021.011;58.775;18;128;[1.626, 1.18, 1.177, 1.0, 2.069];[1.986, 1.219, 1.429]
33;20303.219;495.104;3513.012;54.935;216.787;1645.103;0.0;2951.0;14650.0;33069.686;5745.456;-7021.011;60.962;18;128;[1.563, 1.18, 1.177, 1.0, 2.069];[1.887, 1.219, 1.429]
34;20303.219;495.104;3513.012;54.935;216.787;1645.103;0.0;2951.0;14650.0;33069.686;5745.456;-7021.011;9.701;18;128;[1.563, 1.18, 1.177, 1.0, 1.962];[1.887, 1.219, 1.386]
35;20303.219;495.104;3513.012;54.935;216.787;1645.103;0.0;2951.0;14650.0;33069.686;5745.456;-7021.011;18.034;18;128;[1.507, 1.18, 1.177, 1.0, 1.962];[1.887, 1.219, 1.347]
36;20303.219;495.104;3513.012;54.935;216.787;1645.103;0.0;2951.0;14650.0;33069.686;5745.456;-7021.011;5.968;18;128;[1.507, 1.362, 1.177, 1.0, 1.962];[1.998, 1.219, 1.347]
37;20303.219;495.104;3513.012;54.935;216.787;1645.103;0.0;2951.0;14650.0;33069.686;5745.456;-7021.011;8.364;18;128;[1.507, 1.362, 1.159, 1.0, 1.962];[1.998, 1.219, 1.312]
38;20202.9;497.285;3520.284;53.939;213.91;1616.33;0.0;2773.0;14569.0;33069.686;5745.456;-7121.33;58.726;18;128;[1.507, 1.362, 1.159, 1.0, 2.166];[1.998, 1.497, 1.312]
39;20202.9;497.285;3520.284;53.939;213.91;1616.33;0.0;2773.0;14569.0;33069.686;5745.456;-7121.33;10.218;18;128;[1.507, 1.362, 1.159, 1.0, 2.049];[1.998, 1.497, 1.281]
40;20202.9;497.285;3520.284;53.939;213.91;1616.33;0.0;2773.0;14569.0;33069.686;5745.456;-7121.33;32.414;18;128;[1.507, 1.362, 1.159, 1.0, 2.049];[1.898, 1.497, 1.281]
41;20202.9;497.285;3520.284;53.939;213.91;1616.33;0.0;2773.0;14569.0;33069.686;5745.456;-7121.33;28.808;18;128;[1.507, 1.362, 1.143, 1.0, 2.049];[1.898, 1.447, 1.281]
42;20202.9;497.285;3520.284;53.939;213.91;1616.33;0.0;2773.0;14569.0;33069.686;5745.456;-7121.33;23.723;18;128;[1.507, 1.362, 1.329, 1.0, 2.049];[2.008, 1.447, 1.281]
43;20150.633;492.044;3502.812;55.872;214.114;1666.778;0.0;2694.0;14489.0;33069.686;5745.456;-7173.597;31.131;18;128;[1.507, 1.362, 1.596, 1.0, 2.049];[2.008, 1.702, 1.281]
44;20150.633;492.044;3502.812;55.872;214.114;1666.778;0.0;2694.0;14489.0;33069.686;5745.456;-7173.597;19.002;18;128;[1.507, 1.326, 1.596, 1.0, 2.049];[1.907, 1.702, 1.281]
45;20150.633;492.044;3502.812;55.872;214.114;1666.778;0.0;2694.0;14489.0;33069.686;5745.456;-7173.597;17.181;18;128;[1.507, 1.326, 1.736, 1.0, 2.049];[2.016, 1.702, 1.281]
46;20150.633;492.044;3502.812;55.872;214.114;1666.778;0.0;2694.0;14489.0;33069.686;5745.456;-7173.597;35.75;18;128;[1.507, 1.293, 1.736, 1.0, 2.049];[1.914, 1.702, 1.281]
47;20132.062;484.977;3479.256;56.407;212.248;1678.829;0.0;2694.0;14489.0;33069.686;5745.456;-7192.168;58.676;18;128;[1.507, 1.293, 1.736, 1.0, 2.244];[1.914, 1.932, 1.281]
48;20102.68;478.91;3459.032;56.369;210.135;1675.739;0.0;2833.0;14489.0;33069.686;5745.456;-7221.55;57.883;18;128;[1.756, 1.293, 1.736, 1.0, 2.244];[1.914, 2.139, 1.281]
49;20102.68;478.91;3459.032;56.369;210.135;1675.739;0.0;2833.0;14489.0;33069.686;5745.456;-7221.55;11.889;18;128;[1.756, 1.264, 1.736, 1.0, 2.244];[1.914, 2.139, 1.253]
610constructshop:False depot:True weather:True;20939.587;531.275;3613.917;55.871;225.745;1678.394;0.0;2790.0;15116.0;32756.906;6058.236;-5759.083;263.609;19;128;[1.0, 1.0, 1.0, 1.0, 1.0];[1.0, 1.0, 1.0]
0;20892.193;523.781;3588.936;58.413;224.735;1743.477;0.0;2671.0;15036.0;32756.906;6058.236;-5806.477;62.894;19;128;[1.0, 1.0, 1.0, 1.3, 1.0];[1.0, 1.0, 1.3]
1;20892.193;523.781;3588.936;58.413;224.735;1743.477;0.0;2671.0;15036.0;32756.906;6058.236;-5806.477;20.891;19;128;[1.0, 1.0, 1.0, 1.27, 1.0];[1.0, 1.0, 1.27]
2;20892.193;523.781;3588.936;58.413;224.735;1743.477;0.0;2671.0;15036.0;32756.906;6058.236;-5806.477;149.906;19;128;[1.0, 1.0, 1.0, 1.27, 1.0];[1.0, 1.0, 1.27]
3;20892.193;523.781;3588.936;58.413;224.735;1743.477;0.0;2671.0;15036.0;32756.906;6058.236;-5806.477;92.118;19;128;[1.0, 1.0, 1.0, 1.443, 1.0];[1.2, 1.0, 1.27]
4;20870.049;492.48;3484.599;67.824;215.536;1978.97;0.0;2434.0;14914.0;32756.906;6058.236;-5828.621;23.826;19;128;[1.0, 1.0, 1.3, 1.443, 1.0];[1.2, 1.0, 1.543]
5;20705.527;487.024;3466.415;63.402;209.635;1858.088;0.0;2434.0;14894.0;32756.906;6058.236;-5993.143;132.0;19;128;[1.0, 1.3, 1.3, 1.443, 1.0];[1.48, 1.0, 1.543]
6;20705.527;487.024;3466.415;63.402;209.635;1858.088;0.0;2434.0;14894.0;32756.906;6058.236;-5993.143;9.867;19;128;[1.0, 1.47, 1.3, 1.443, 1.0];[1.632, 1.0, 1.543]
7;20407.493;481.619;3448.397;61.365;207.978;1803.478;0.0;2217.0;14674.0;32756.906;6058.236;-6291.177;80.154;19;128;[1.0, 1.723, 1.3, 1.443, 1.0];[1.632, 1.3, 1.543]
8;20318.261;468.815;3405.717;60.268;202.757;1769.728;0.0;2217.0;14674.0;32756.906;6058.236;-6380.409;26.148;19;128;[1.0, 1.723, 1.3, 1.699, 1.0];[1.869, 1.3, 1.543]
9;20318.261;468.815;3405.717;60.268;202.757;1769.728;0.0;2217.0;14674.0;32756.906;6058.236;-6380.409;14.089;19;128;[1.0, 1.723, 1.3, 1.829, 1.0];[1.869, 1.47, 1.543]
10;20318.261;468.815;3405.717;60.268;202.757;1769.728;0.0;2217.0;14674.0;32756.906;6058.236;-6380.409;99.879;19;128;[1.0, 1.723, 1.27, 1.829, 1.0];[1.782, 1.47, 1.543]
11;20318.261;468.815;3405.717;60.268;202.757;1769.728;0.0;2217.0;14674.0;32756.906;6058.236;-6380.409;26.945;19;128;[1.0, 1.723, 1.27, 1.746, 1.0];[1.782, 1.423, 1.543]
12;20318.261;468.815;3405.717;60.268;202.757;1769.728;0.0;2217.0;14674.0;32756.906;6058.236;-6380.409;8.147;19;128;[1.0, 1.723, 1.27, 1.871, 1.0];[1.904, 1.423, 1.543]
13;20318.261;468.815;3405.717;60.268;202.757;1769.728;0.0;2217.0;14674.0;32756.906;6058.236;-6380.409;189.893;19;128;[1.0, 1.723, 1.27, 1.871, 1.2];[2.014, 1.423, 1.543]
14;20318.261;468.815;3405.717;60.268;202.757;1769.728;0.0;2217.0;14674.0;32756.906;6058.236;-6380.409;30.711;19;128;[1.0, 1.723, 1.27, 1.871, 1.2];[2.014, 1.423, 1.489]
15;20318.261;468.815;3405.717;60.268;202.757;1769.728;0.0;2217.0;14674.0;32756.906;6058.236;-6380.409;53.84;19;128;[1.0, 1.723, 1.443, 1.871, 1.2];[2.014, 1.581, 1.489]
16;20318.261;468.815;3405.717;60.268;202.757;1769.728;0.0;2217.0;14674.0;32756.906;6058.236;-6380.409;24.447;19;128;[1.0, 1.723, 1.443, 1.871, 1.18];[2.014, 1.581, 1.44]
17;20318.261;468.815;3405.717;60.268;202.757;1769.728;0.0;2217.0;14674.0;32756.906;6058.236;-6380.409;110.54;19;128;[1.0, 1.723, 1.443, 1.871, 1.18];[2.014, 1.523, 1.44]
18;20318.261;468.815;3405.717;60.268;202.757;1769.728;0.0;2217.0;14674.0;32756.906;6058.236;-6380.409;36.815;19;128;[1.0, 1.723, 1.443, 1.784, 1.18];[1.913, 1.523, 1.44]
19;20270.746;476.138;3430.125;65.247;214.051;1910.483;0.0;2315.0;14454.0;32756.906;6058.236;-6427.924;10.367;19;128;[1.0, 1.951, 1.443, 1.784, 1.18];[1.913, 1.523, 1.696]
20;20270.746;476.138;3430.125;65.247;214.051;1910.483;0.0;2315.0;14454.0;32756.906;6058.236;-6427.924;5.417;19;128;[1.0, 1.951, 1.443, 1.706, 1.18];[1.913, 1.523, 1.626]
21;20270.746;476.138;3430.125;65.247;214.051;1910.483;0.0;2315.0;14454.0;32756.906;6058.236;-6427.924;12.878;19;128;[1.0, 1.951, 1.443, 1.635, 1.18];[1.913, 1.471, 1.626]
22;20270.746;476.138;3430.125;65.247;214.051;1910.483;0.0;2315.0;14454.0;32756.906;6058.236;-6427.924;14.478;19;128;[1.0, 1.856, 1.443, 1.635, 1.18];[1.913, 1.424, 1.626]
23;20270.746;476.138;3430.125;65.247;214.051;1910.483;0.0;2315.0;14454.0;32756.906;6058.236;-6427.924;61.902;19;128;[1.0, 1.856, 1.443, 1.635, 1.18];[1.822, 1.424, 1.626]
24;20270.746;476.138;3430.125;65.247;214.051;1910.483;0.0;2315.0;14454.0;32756.906;6058.236;-6427.924;16.408;19;128;[1.0, 1.856, 1.443, 1.635, 1.162];[1.822, 1.424, 1.563]
25;20270.746;476.138;3430.125;65.247;214.051;1910.483;0.0;2315.0;14454.0;32756.906;6058.236;-6427.924;47.625;19;128;[1.0, 1.856, 1.399, 1.635, 1.162];[1.74, 1.424, 1.563]
26;20270.746;476.138;3430.125;65.247;214.051;1910.483;0.0;2315.0;14454.0;32756.906;6058.236;-6427.924;39.166;19;128;[1.0, 1.97, 1.399, 1.635, 1.162];[1.74, 1.582, 1.563]
27;20270.746;476.138;3430.125;65.247;214.051;1910.483;0.0;2315.0;14454.0;32756.906;6058.236;-6427.924;9.821;19;128;[1.0, 1.97, 1.359, 1.635, 1.162];[1.74, 1.582, 1.507]
28;20270.746;476.138;3430.125;65.247;214.051;1910.483;0.0;2315.0;14454.0;32756.906;6058.236;-6427.924;21.338;19;128;[1.0, 1.97, 1.323, 1.635, 1.162];[1.666, 1.582, 1.507]
29;20270.746;476.138;3430.125;65.247;214.051;1910.483;0.0;2315.0;14454.0;32756.906;6058.236;-6427.924;10.713;19;128;[1.0, 1.97, 1.323, 1.635, 1.162];[1.666, 1.582, 1.456]
30;20270.746;476.138;3430.125;65.247;214.051;1910.483;0.0;2315.0;14454.0;32756.906;6058.236;-6427.924;24.92;19;128;[1.0, 1.97, 1.323, 1.572, 1.162];[1.666, 1.524, 1.456]
31;20270.746;476.138;3430.125;65.247;214.051;1910.483;0.0;2315.0;14454.0;32756.906;6058.236;-6427.924;8.059;19;128;[1.0, 1.97, 1.323, 1.515, 1.162];[1.666, 1.524, 1.41]
32;20270.746;476.138;3430.125;65.247;214.051;1910.483;0.0;2315.0;14454.0;32756.906;6058.236;-6427.924;10.586;19;128;[1.0, 1.97, 1.323, 1.663, 1.162];[1.799, 1.524, 1.41]
33;20270.746;476.138;3430.125;65.247;214.051;1910.483;0.0;2315.0;14454.0;32756.906;6058.236;-6427.924;18.516;19;128;[1.0, 1.97, 1.323, 1.663, 1.162];[1.799, 1.524, 1.369]
34;20270.746;476.138;3430.125;65.247;214.051;1910.483;0.0;2315.0;14454.0;32756.906;6058.236;-6427.924;23.274;19;128;[1.0, 1.97, 1.323, 1.597, 1.162];[1.719, 1.524, 1.369]
35;20270.746;476.138;3430.125;65.247;214.051;1910.483;0.0;2315.0;14454.0;32756.906;6058.236;-6427.924;9.63;19;128;[1.0, 1.873, 1.323, 1.597, 1.162];[1.719, 1.524, 1.332]
36;20270.746;476.138;3430.125;65.247;214.051;1910.483;0.0;2315.0;14454.0;32756.906;6058.236;-6427.924;9.156;19;128;[1.0, 1.873, 1.323, 1.737, 1.162];[1.719, 1.672, 1.332]
37;20270.746;476.138;3430.125;65.247;214.051;1910.483;0.0;2315.0;14454.0;32756.906;6058.236;-6427.924;16.274;19;128;[1.0, 1.873, 1.323, 1.737, 1.146];[1.719, 1.672, 1.299]
38;20270.746;476.138;3430.125;65.247;214.051;1910.483;0.0;2315.0;14454.0;32756.906;6058.236;-6427.924;4.151;19;128;[1.0, 1.986, 1.323, 1.737, 1.146];[1.847, 1.672, 1.299]
39;20270.746;476.138;3430.125;65.247;214.051;1910.483;0.0;2315.0;14454.0;32756.906;6058.236;-6427.924;69.767;19;128;[1.0, 1.986, 1.323, 1.737, 1.146];[1.762, 1.672, 1.299]
40;20270.746;476.138;3430.125;65.247;214.051;1910.483;0.0;2315.0;14454.0;32756.906;6058.236;-6427.924;43.531;19;128;[1.0, 1.887, 1.323, 1.737, 1.146];[1.686, 1.672, 1.299]
41;20270.746;476.138;3430.125;65.247;214.051;1910.483;0.0;2315.0;14454.0;32756.906;6058.236;-6427.924;48.271;19;128;[1.0, 1.998, 1.323, 1.737, 1.146];[1.686, 1.805, 1.299]
42;20048.694;502.167;3516.889;48.57;213.81;1476.638;0.0;2532.0;14553.0;32756.906;6058.236;-6649.976;14.883;19;128;[1.0, 2.198, 1.323, 1.737, 1.146];[1.686, 1.805, 1.569]
43;20048.694;502.167;3516.889;48.57;213.81;1476.638;0.0;2532.0;14553.0;32756.906;6058.236;-6649.976;8.565;19;128;[1.0, 2.078, 1.323, 1.737, 1.146];[1.686, 1.805, 1.512]
44;20048.694;502.167;3516.889;48.57;213.81;1476.638;0.0;2532.0;14553.0;32756.906;6058.236;-6649.976;46.593;19;128;[1.0, 2.078, 1.291, 1.737, 1.146];[1.617, 1.805, 1.512]
45;20048.694;502.167;3516.889;48.57;213.81;1476.638;0.0;2532.0;14553.0;32756.906;6058.236;-6649.976;27.459;19;128;[1.0, 2.078, 1.291, 1.663, 1.146];[1.555, 1.805, 1.512]
46;20048.694;502.167;3516.889;48.57;213.81;1476.638;0.0;2532.0;14553.0;32756.906;6058.236;-6649.976;11.138;19;128;[1.0, 2.078, 1.291, 1.797, 1.146];[1.555, 1.805, 1.661]
47;20048.694;502.167;3516.889;48.57;213.81;1476.638;0.0;2532.0;14553.0;32756.906;6058.236;-6649.976;13.891;19;128;[1.0, 2.078, 1.291, 1.797, 1.146];[1.555, 1.805, 1.595]
48;20048.694;502.167;3516.889;48.57;213.81;1476.638;0.0;2532.0;14553.0;32756.906;6058.236;-6649.976;25.839;19;128;[1.0, 1.97, 1.291, 1.797, 1.146];[1.555, 1.725, 1.595]
49;20048.694;502.167;3516.889;48.57;213.81;1476.638;0.0;2532.0;14553.0;32756.906;6058.236;-6649.976;4.734;19;128;[1.0, 1.97, 1.291, 1.717, 1.146];[1.555, 1.725, 1.536]
611constructshop:False depot:True weather:True;20624.764;533.843;3637.476;52.655;230.414;1599.445;0.0;2295.0;14854.0;33032.402;5782.74;-6624.898;217.513;19;128;[1.0, 1.0, 1.0, 1.0, 1.0];[1.0, 1.0, 1.0]
0;20624.764;533.843;3637.476;52.655;230.414;1599.445;0.0;2295.0;14854.0;33032.402;5782.74;-6624.898;72.895;19;128;[1.0, 1.0, 1.0, 1.0, 1.0];[1.0, 1.0, 1.0]
1;20456.609;521.49;3596.298;52.38;223.952;1585.821;0.0;2236.0;14753.0;33032.402;5782.74;-6793.053;149.335;18;128;[1.0, 1.0, 1.0, 1.3, 1.0];[1.3, 1.0, 1.0]
2;20456.609;521.49;3596.298;52.38;223.952;1585.821;0.0;2236.0;14753.0;33032.402;5782.74;-6793.053;154.279;18;128;[1.0, 1.0, 1.0, 1.3, 1.0];[1.3, 1.0, 1.0]
3;20456.609;521.49;3596.298;52.38;223.952;1585.821;0.0;2236.0;14753.0;33032.402;5782.74;-6793.053;11.759;18;128;[1.0, 1.0, 1.0, 1.3, 1.0];[1.3, 1.0, 1.0]
4;20456.609;521.49;3596.298;52.38;223.952;1585.821;0.0;2236.0;14753.0;33032.402;5782.74;-6793.053;32.291;18;128;[1.0, 1.2, 1.0, 1.3, 1.0];[1.47, 1.0, 1.0]
5;20456.609;521.49;3596.298;52.38;223.952;1585.821;0.0;2236.0;14753.0;33032.402;5782.74;-6793.053;135.139;18;128;[1.0, 1.38, 1.0, 1.3, 1.0];[1.623, 1.0, 1.0]
6;20456.609;521.49;3596.298;52.38;223.952;1585.821;0.0;2236.0;14753.0;33032.402;5782.74;-6793.053;20.839;18;128;[1.2, 1.38, 1.0, 1.3, 1.0];[1.623, 1.0, 1.2]
7;20436.415;507.964;3551.212;55.685;217.433;1665.24;0.0;2356.0;14712.0;33032.402;5782.74;-6813.247;59.279;18;128;[1.2, 1.38, 1.3, 1.3, 1.0];[1.623, 1.3, 1.2]
8;20287.603;495.935;3511.115;46.954;207.757;1428.554;0.0;2495.0;14852.0;33032.402;5782.74;-6962.059;29.061;18;128;[1.48, 1.38, 1.3, 1.3, 1.0];[1.623, 1.3, 1.48]
9;20287.603;495.935;3511.115;46.954;207.757;1428.554;0.0;2495.0;14852.0;33032.402;5782.74;-6962.059;127.846;18;128;[1.48, 1.38, 1.27, 1.3, 1.0];[1.623, 1.27, 1.48]
10;20287.603;495.935;3511.115;46.954;207.757;1428.554;0.0;2495.0;14852.0;33032.402;5782.74;-6962.059;7.286;18;128;[1.48, 1.342, 1.27, 1.3, 1.0];[1.623, 1.27, 1.432]
11;20287.603;495.935;3511.115;46.954;207.757;1428.554;0.0;2495.0;14852.0;33032.402;5782.74;-6962.059;146.27;18;128;[1.48, 1.308, 1.27, 1.3, 1.0];[1.561, 1.27, 1.432]
12;20287.603;495.935;3511.115;46.954;207.757;1428.554;0.0;2495.0;14852.0;33032.402;5782.74;-6962.059;52.042;18;128;[1.48, 1.308, 1.27, 1.27, 1.0];[1.505, 1.27, 1.432]
13;20287.603;495.935;3511.115;46.954;207.757;1428.554;0.0;2495.0;14852.0;33032.402;5782.74;-6962.059;23.062;18;128;[1.48, 1.308, 1.27, 1.443, 1.0];[1.655, 1.27, 1.432]
14;20287.603;495.935;3511.115;46.954;207.757;1428.554;0.0;2495.0;14852.0;33032.402;5782.74;-6962.059;22.333;18;128;[1.48, 1.308, 1.243, 1.443, 1.0];[1.655, 1.27, 1.389]
15;20287.603;495.935;3511.115;46.954;207.757;1428.554;0.0;2495.0;14852.0;33032.402;5782.74;-6962.059;75.811;18;128;[1.432, 1.308, 1.243, 1.443, 1.0];[1.655, 1.243, 1.389]
16;20287.603;495.935;3511.115;46.954;207.757;1428.554;0.0;2495.0;14852.0;33032.402;5782.74;-6962.059;24.223;18;128;[1.432, 1.308, 1.219, 1.443, 1.0];[1.655, 1.243, 1.35]
17;20287.603;495.935;3511.115;46.954;207.757;1428.554;0.0;2495.0;14852.0;33032.402;5782.74;-6962.059;80.668;18;128;[1.389, 1.308, 1.219, 1.443, 1.0];[1.59, 1.243, 1.35]
18;20287.603;495.935;3511.115;46.954;207.757;1428.554;0.0;2495.0;14852.0;33032.402;5782.74;-6962.059;18.285;18;128;[1.35, 1.308, 1.219, 1.443, 1.0];[1.59, 1.243, 1.315]
19;20287.603;495.935;3511.115;46.954;207.757;1428.554;0.0;2495.0;14852.0;33032.402;5782.74;-6962.059;191.236;18;128;[1.35, 1.308, 1.219, 1.443, 1.0];[1.59, 1.219, 1.315]
20;20287.603;495.935;3511.115;46.954;207.757;1428.554;0.0;2495.0;14852.0;33032.402;5782.74;-6962.059;25.388;18;128;[1.35, 1.308, 1.219, 1.599, 1.0];[1.59, 1.219, 1.484]
21;20287.603;495.935;3511.115;46.954;207.757;1428.554;0.0;2495.0;14852.0;33032.402;5782.74;-6962.059;81.259;18;128;[1.315, 1.308, 1.219, 1.599, 1.0];[1.531, 1.219, 1.484]
22;20287.603;495.935;3511.115;46.954;207.757;1428.554;0.0;2495.0;14852.0;33032.402;5782.74;-6962.059;25.34;18;128;[1.284, 1.308, 1.219, 1.599, 1.0];[1.531, 1.219, 1.436]
23;20287.603;495.935;3511.115;46.954;207.757;1428.554;0.0;2495.0;14852.0;33032.402;5782.74;-6962.059;67.869;18;128;[1.456, 1.308, 1.219, 1.599, 1.0];[1.531, 1.397, 1.436]
24;20287.603;495.935;3511.115;46.954;207.757;1428.554;0.0;2495.0;14852.0;33032.402;5782.74;-6962.059;18.278;18;128;[1.456, 1.277, 1.219, 1.599, 1.0];[1.531, 1.397, 1.392]
25;20287.603;495.935;3511.115;46.954;207.757;1428.554;0.0;2495.0;14852.0;33032.402;5782.74;-6962.059;23.272;18;128;[1.456, 1.277, 1.219, 1.599, 1.2];[1.531, 1.397, 1.553]
26;20287.603;495.935;3511.115;46.954;207.757;1428.554;0.0;2495.0;14852.0;33032.402;5782.74;-6962.059;58.54;18;128;[1.456, 1.277, 1.197, 1.599, 1.2];[1.531, 1.357, 1.553]
27;20287.603;495.935;3511.115;46.954;207.757;1428.554;0.0;2495.0;14852.0;33032.402;5782.74;-6962.059;14.998;18;128;[1.456, 1.449, 1.197, 1.599, 1.2];[1.678, 1.357, 1.553]
28;20287.603;495.935;3511.115;46.954;207.757;1428.554;0.0;2495.0;14852.0;33032.402;5782.74;-6962.059;19.523;18;128;[1.456, 1.449, 1.177, 1.599, 1.2];[1.678, 1.357, 1.498]
29;20287.603;495.935;3511.115;46.954;207.757;1428.554;0.0;2495.0;14852.0;33032.402;5782.74;-6962.059;51.5;18;128;[1.456, 1.449, 1.159, 1.599, 1.2];[1.678, 1.321, 1.498]
30;20287.603;495.935;3511.115;46.954;207.757;1428.554;0.0;2495.0;14852.0;33032.402;5782.74;-6962.059;79.3;18;128;[1.456, 1.449, 1.159, 1.599, 1.38];[1.81, 1.321, 1.498]
31;20287.603;495.935;3511.115;46.954;207.757;1428.554;0.0;2495.0;14852.0;33032.402;5782.74;-6962.059;61.008;18;128;[1.456, 1.449, 1.159, 1.599, 1.342];[1.81, 1.289, 1.498]
32;20287.603;495.935;3511.115;46.954;207.757;1428.554;0.0;2495.0;14852.0;33032.402;5782.74;-6962.059;16.77;18;128;[1.456, 1.404, 1.159, 1.599, 1.342];[1.81, 1.289, 1.448]
33;20287.603;495.935;3511.115;46.954;207.757;1428.554;0.0;2495.0;14852.0;33032.402;5782.74;-6962.059;27.897;18;128;[1.456, 1.404, 1.159, 1.539, 1.342];[1.729, 1.289, 1.448]
34;20287.603;495.935;3511.115;46.954;207.757;1428.554;0.0;2495.0;14852.0;33032.402;5782.74;-6962.059;6.669;18;128;[1.456, 1.404, 1.143, 1.539, 1.342];[1.729, 1.289, 1.403]
35;20287.603;495.935;3511.115;46.954;207.757;1428.554;0.0;2495.0;14852.0;33032.402;5782.74;-6962.059;45.363;18;128;[1.456, 1.404, 1.143, 1.539, 1.308];[1.729, 1.26, 1.403]
36;20287.603;495.935;3511.115;46.954;207.757;1428.554;0.0;2495.0;14852.0;33032.402;5782.74;-6962.059;20.915;18;128;[1.456, 1.404, 1.143, 1.539, 1.477];[1.856, 1.26, 1.403]
37;20287.603;495.935;3511.115;46.954;207.757;1428.554;0.0;2495.0;14852.0;33032.402;5782.74;-6962.059;46.848;18;128;[1.61, 1.404, 1.143, 1.539, 1.477];[1.97, 1.26, 1.403]
38;20287.603;495.935;3511.115;46.954;207.757;1428.554;0.0;2495.0;14852.0;33032.402;5782.74;-6962.059;30.858;18;128;[1.61, 1.404, 1.143, 1.539, 1.429];[1.873, 1.26, 1.403]
39;20287.603;495.935;3511.115;46.954;207.757;1428.554;0.0;2495.0;14852.0;33032.402;5782.74;-6962.059;5.875;18;128;[1.61, 1.404, 1.143, 1.539, 1.386];[1.873, 1.26, 1.363]
40;20287.603;495.935;3511.115;46.954;207.757;1428.554;0.0;2495.0;14852.0;33032.402;5782.74;-6962.059;17.588;18;128;[1.61, 1.404, 1.143, 1.539, 1.547];[1.986, 1.26, 1.363]
41;20287.603;495.935;3511.115;46.954;207.757;1428.554;0.0;2495.0;14852.0;33032.402;5782.74;-6962.059;9.664;18;128;[1.61, 1.364, 1.143, 1.539, 1.547];[1.986, 1.26, 1.327]
42;20287.603;495.935;3511.115;46.954;207.757;1428.554;0.0;2495.0;14852.0;33032.402;5782.74;-6962.059;17.764;18;128;[1.61, 1.364, 1.143, 1.539, 1.692];[2.087, 1.26, 1.327]
43;20287.603;495.935;3511.115;46.954;207.757;1428.554;0.0;2495.0;14852.0;33032.402;5782.74;-6962.059;6.325;18;128;[1.61, 1.364, 1.143, 1.485, 1.692];[2.087, 1.26, 1.294]
44;20287.603;495.935;3511.115;46.954;207.757;1428.554;0.0;2495.0;14852.0;33032.402;5782.74;-6962.059;8.125;18;128;[1.61, 1.364, 1.143, 1.437, 1.692];[2.087, 1.26, 1.265]
45;20287.603;495.935;3511.115;46.954;207.757;1428.554;0.0;2495.0;14852.0;33032.402;5782.74;-6962.059;5.209;18;128;[1.61, 1.528, 1.143, 1.437, 1.692];[2.087, 1.26, 1.438]
46;20287.603;495.935;3511.115;46.954;207.757;1428.554;0.0;2495.0;14852.0;33032.402;5782.74;-6962.059;44.769;18;128;[1.61, 1.528, 1.143, 1.437, 1.623];[1.978, 1.26, 1.438]
47;20287.603;495.935;3511.115;46.954;207.757;1428.554;0.0;2495.0;14852.0;33032.402;5782.74;-6962.059;28.586;18;128;[1.61, 1.475, 1.143, 1.437, 1.623];[1.978, 1.234, 1.438]
48;20287.603;495.935;3511.115;46.954;207.757;1428.554;0.0;2495.0;14852.0;33032.402;5782.74;-6962.059;7.122;18;128;[1.61, 1.428, 1.143, 1.437, 1.623];[1.978, 1.234, 1.394]
49;20287.603;495.935;3511.115;46.954;207.757;1428.554;0.0;2495.0;14852.0;33032.402;5782.74;-6962.059;51.422;18;128;[1.549, 1.428, 1.143, 1.437, 1.623];[1.978, 1.211, 1.394]
612constructshop:False depot:True weather:True;21104.71;531.519;3653.395;73.24;236.544;2140.796;0.0;2411.0;14779.0;32742.838;6072.304;-5565.824;228.324;19;128;[1.0, 1.0, 1.0, 1.0, 1.0];[1.0, 1.0, 1.0]
0;20979.341;528.722;3650.072;68.938;233.149;2025.547;0.0;2275.0;14775.0;32933.266;5881.876;-6072.049;58.746;18;128;[1.0, 1.0, 1.0, 1.3, 1.0];[1.0, 1.0, 1.3]
1;20979.341;528.722;3650.072;68.938;233.149;2025.547;0.0;2275.0;14775.0;32933.266;5881.876;-6072.049;153.734;18;128;[1.0, 1.0, 1.0, 1.3, 1.0];[1.0, 1.0, 1.3]
2;20906.772;524.58;3636.268;66.978;229.505;1970.924;0.0;2275.0;14775.0;32933.266;5881.876;-6144.618;104.113;18;128;[1.0, 1.3, 1.0, 1.3, 1.0];[1.0, 1.3, 1.3]
3;20906.772;524.58;3636.268;66.978;229.505;1970.924;0.0;2275.0;14775.0;32933.266;5881.876;-6144.618;136.359;18;128;[1.0, 1.3, 1.0, 1.3, 1.0];[1.0, 1.27, 1.3]
4;20906.772;524.58;3636.268;66.978;229.505;1970.924;0.0;2275.0;14775.0;32933.266;5881.876;-6144.618;120.424;18;128;[1.0, 1.3, 1.0, 1.27, 1.0];[1.0, 1.243, 1.3]
5;20906.772;524.58;3636.268;66.978;229.505;1970.924;0.0;2275.0;14775.0;32933.266;5881.876;-6144.618;23.649;18;128;[1.0, 1.3, 1.0, 1.443, 1.0];[1.0, 1.419, 1.3]
6;20906.772;524.58;3636.268;66.978;229.505;1970.924;0.0;2275.0;14775.0;32933.266;5881.876;-6144.618;169.356;18;128;[1.0, 1.47, 1.0, 1.443, 1.0];[1.0, 1.577, 1.3]
7;20906.772;524.58;3636.268;66.978;229.505;1970.924;0.0;2275.0;14775.0;32933.266;5881.876;-6144.618;116.393;18;128;[1.0, 1.47, 1.2, 1.443, 1.0];[1.0, 1.719, 1.3]
8;20808.915;510.052;3555.838;74.733;226.974;2170.026;0.0;2335.0;14573.0;33052.202;5762.94;-6480.347;37.962;18;128;[1.0, 1.47, 1.2, 1.699, 1.0];[1.3, 1.719, 1.3]
9;20808.915;510.052;3555.838;74.733;226.974;2170.026;0.0;2335.0;14573.0;33052.202;5762.94;-6480.347;13.378;18;128;[1.0, 1.423, 1.2, 1.699, 1.0];[1.3, 1.719, 1.27]
10;20808.915;510.052;3555.838;74.733;226.974;2170.026;0.0;2335.0;14573.0;33052.202;5762.94;-6480.347;14.108;18;128;[1.0, 1.423, 1.2, 1.829, 1.0];[1.3, 1.847, 1.27]
11;20808.915;510.052;3555.838;74.733;226.974;2170.026;0.0;2335.0;14573.0;33052.202;5762.94;-6480.347;7.799;18;128;[1.0, 1.381, 1.2, 1.829, 1.0];[1.3, 1.847, 1.243]
12;20808.915;510.052;3555.838;74.733;226.974;2170.026;0.0;2335.0;14573.0;33052.202;5762.94;-6480.347;65.126;18;128;[1.0, 1.343, 1.2, 1.829, 1.0];[1.3, 1.762, 1.243]
13;20808.915;510.052;3555.838;74.733;226.974;2170.026;0.0;2335.0;14573.0;33052.202;5762.94;-6480.347;13.123;18;128;[1.0, 1.343, 1.2, 1.946, 1.0];[1.3, 1.886, 1.243]
14;20808.915;510.052;3555.838;74.733;226.974;2170.026;0.0;2335.0;14573.0;33052.202;5762.94;-6480.347;13.253;18;128;[1.0, 1.343, 1.18, 1.946, 1.0];[1.3, 1.886, 1.219]
15;20588.905;502.278;3529.926;62.538;217.723;1843.702;0.0;2474.0;14713.0;33052.202;5762.94;-6700.357;12.943;18;128;[1.0, 1.609, 1.18, 1.946, 1.0];[1.3, 1.886, 1.497]
16;20588.905;502.278;3529.926;62.538;217.723;1843.702;0.0;2474.0;14713.0;33052.202;5762.94;-6700.357;39.742;18;128;[1.0, 1.609, 1.162, 1.946, 1.0];[1.3, 1.797, 1.497]
17;20588.905;502.278;3529.926;62.538;217.723;1843.702;0.0;2474.0;14713.0;33052.202;5762.94;-6700.357;9.256;18;128;[1.0, 1.609, 1.146, 1.946, 1.0];[1.27, 1.797, 1.497]
18;20588.905;502.278;3529.926;62.538;217.723;1843.702;0.0;2474.0;14713.0;33052.202;5762.94;-6700.357;40.525;18;128;[1.0, 1.548, 1.146, 1.946, 1.0];[1.27, 1.717, 1.497]
19;20588.905;502.278;3529.926;62.538;217.723;1843.702;0.0;2474.0;14713.0;33052.202;5762.94;-6700.357;71.517;18;128;[1.0, 1.548, 1.146, 1.946, 1.0];[1.243, 1.717, 1.497]
20;20588.905;502.278;3529.926;62.538;217.723;1843.702;0.0;2474.0;14713.0;33052.202;5762.94;-6700.357;6.684;18;128;[1.0, 1.548, 1.146, 1.851, 1.0];[1.243, 1.717, 1.447]
21;20588.905;502.278;3529.926;62.538;217.723;1843.702;0.0;2474.0;14713.0;33052.202;5762.94;-6700.357;9.253;18;128;[1.0, 1.548, 1.146, 1.766, 1.0];[1.243, 1.717, 1.402]
22;20588.905;502.278;3529.926;62.538;217.723;1843.702;0.0;2474.0;14713.0;33052.202;5762.94;-6700.357;18.781;18;128;[1.0, 1.548, 1.131, 1.766, 1.0];[1.243, 1.645, 1.402]
23;20588.905;502.278;3529.926;62.538;217.723;1843.702;0.0;2474.0;14713.0;33052.202;5762.94;-6700.357;28.903;18;128;[1.0, 1.693, 1.131, 1.766, 1.0];[1.243, 1.781, 1.402]
24;20588.905;502.278;3529.926;62.538;217.723;1843.702;0.0;2474.0;14713.0;33052.202;5762.94;-6700.357;88.282;18;128;[1.0, 1.693, 1.131, 1.766, 1.0];[1.219, 1.781, 1.402]
25;20588.905;502.278;3529.926;62.538;217.723;1843.702;0.0;2474.0;14713.0;33052.202;5762.94;-6700.357;7.496;18;128;[1.0, 1.693, 1.118, 1.766, 1.0];[1.197, 1.781, 1.402]
26;20588.905;502.278;3529.926;62.538;217.723;1843.702;0.0;2474.0;14713.0;33052.202;5762.94;-6700.357;14.738;18;128;[1.0, 1.693, 1.118, 1.766, 1.0];[1.197, 1.781, 1.362]
27;20588.905;502.278;3529.926;62.538;217.723;1843.702;0.0;2474.0;14713.0;33052.202;5762.94;-6700.357;44.764;18;128;[1.0, 1.624, 1.118, 1.766, 1.0];[1.177, 1.781, 1.362]
28;20588.905;502.278;3529.926;62.538;217.723;1843.702;0.0;2474.0;14713.0;33052.202;5762.94;-6700.357;14.603;18;128;[1.0, 1.624, 1.118, 1.689, 1.0];[1.177, 1.781, 1.326]
29;20588.905;502.278;3529.926;62.538;217.723;1843.702;0.0;2474.0;14713.0;33052.202;5762.94;-6700.357;75.174;18;128;[1.0, 1.624, 1.118, 1.689, 1.0];[1.159, 1.781, 1.326]
30;20579.181;522.847;3598.491;55.861;227.461;1679.842;0.0;2968.0;14778.0;33052.202;5762.94;-6710.081;5.857;18;128;[1.0, 1.624, 1.118, 1.92, 1.0];[1.159, 1.781, 1.593]
31;20579.181;522.847;3598.491;55.861;227.461;1679.842;0.0;2968.0;14778.0;33052.202;5762.94;-6710.081;30.024;18;128;[1.0, 1.624, 1.118, 1.828, 1.0];[1.143, 1.781, 1.593]
32;20579.181;522.847;3598.491;55.861;227.461;1679.842;0.0;2968.0;14778.0;33052.202;5762.94;-6710.081;9.458;18;128;[1.0, 1.624, 1.118, 1.745, 1.0];[1.129, 1.781, 1.593]
33;20579.181;522.847;3598.491;55.861;227.461;1679.842;0.0;2968.0;14778.0;33052.202;5762.94;-6710.081;13.038;18;128;[1.0, 1.624, 1.118, 1.671, 1.0];[1.129, 1.703, 1.593]
34;20579.181;522.847;3598.491;55.861;227.461;1679.842;0.0;2968.0;14778.0;33052.202;5762.94;-6710.081;42.82;18;128;[1.0, 1.624, 1.106, 1.671, 1.0];[1.129, 1.633, 1.593]
35;20579.181;522.847;3598.491;55.861;227.461;1679.842;0.0;2968.0;14778.0;33052.202;5762.94;-6710.081;9.529;18;128;[1.0, 1.624, 1.106, 1.804, 1.0];[1.316, 1.633, 1.593]
36;20579.181;522.847;3598.491;55.861;227.461;1679.842;0.0;2968.0;14778.0;33052.202;5762.94;-6710.081;23.279;18;128;[1.0, 1.762, 1.106, 1.804, 1.0];[1.484, 1.633, 1.593]
37;20579.181;522.847;3598.491;55.861;227.461;1679.842;0.0;2968.0;14778.0;33052.202;5762.94;-6710.081;3.218;18;128;[1.0, 1.762, 1.106, 1.724, 1.0];[1.484, 1.633, 1.534]
38;20579.181;522.847;3598.491;55.861;227.461;1679.842;0.0;2968.0;14778.0;33052.202;5762.94;-6710.081;39.114;18;128;[1.0, 1.762, 1.106, 1.724, 1.0];[1.436, 1.633, 1.534]
39;20579.181;522.847;3598.491;55.861;227.461;1679.842;0.0;2968.0;14778.0;33052.202;5762.94;-6710.081;11.916;18;128;[1.0, 1.686, 1.106, 1.724, 1.0];[1.436, 1.57, 1.534]
40;20579.181;522.847;3598.491;55.861;227.461;1679.842;0.0;2968.0;14778.0;33052.202;5762.94;-6710.081;10.202;18;128;[1.0, 1.686, 1.106, 1.652, 1.0];[1.436, 1.513, 1.534]
41;20579.181;522.847;3598.491;55.861;227.461;1679.842;0.0;2968.0;14778.0;33052.202;5762.94;-6710.081;52.387;18;128;[1.0, 1.686, 1.106, 1.652, 1.0];[1.436, 1.462, 1.534]
42;20579.181;522.847;3598.491;55.861;227.461;1679.842;0.0;2968.0;14778.0;33052.202;5762.94;-6710.081;23.454;18;128;[1.0, 1.686, 1.106, 1.787, 1.0];[1.592, 1.462, 1.534]
43;20579.181;522.847;3598.491;55.861;227.461;1679.842;0.0;2968.0;14778.0;33052.202;5762.94;-6710.081;60.271;18;128;[1.0, 1.686, 1.106, 1.787, 1.0];[1.592, 1.416, 1.534]
44;20579.181;522.847;3598.491;55.861;227.461;1679.842;0.0;2968.0;14778.0;33052.202;5762.94;-6710.081;15.047;18;128;[1.0, 1.686, 1.106, 1.787, 1.0];[1.592, 1.416, 1.481]
45;20579.181;522.847;3598.491;55.861;227.461;1679.842;0.0;2968.0;14778.0;33052.202;5762.94;-6710.081;15.679;18;128;[1.0, 1.686, 1.106, 1.787, 1.0];[1.592, 1.416, 1.433]
46;20579.181;522.847;3598.491;55.861;227.461;1679.842;0.0;2968.0;14778.0;33052.202;5762.94;-6710.081;48.324;18;128;[1.0, 1.817, 1.106, 1.787, 1.0];[1.592, 1.574, 1.433]
47;20579.181;522.847;3598.491;55.861;227.461;1679.842;0.0;2968.0;14778.0;33052.202;5762.94;-6710.081;51.873;18;128;[1.0, 1.817, 1.106, 1.787, 1.0];[1.533, 1.574, 1.433]
48;20579.181;522.847;3598.491;55.861;227.461;1679.842;0.0;2968.0;14778.0;33052.202;5762.94;-6710.081;19.999;18;128;[1.0, 1.935, 1.106, 1.787, 1.0];[1.533, 1.717, 1.433]
49;20579.181;522.847;3598.491;55.861;227.461;1679.842;0.0;2968.0;14778.0;33052.202;5762.94;-6710.081;12.36;18;128;[1.0, 1.935, 1.106, 1.787, 1.0];[1.533, 1.717, 1.39]
613constructshop:False depot:True weather:True;22219.554;520.137;3576.791;82.524;238.998;2384.626;0.0;3401.0;15738.0;32756.906;6058.236;-4479.116;241.368;19;128;[1.0, 1.0, 1.0, 1.0, 1.0];[1.0, 1.0, 1.0]
0;21928.866;520.16;3576.868;82.118;238.774;2373.838;0.0;3124.0;15458.0;32756.906;6058.236;-4769.804;131.883;19;128;[1.0, 1.3, 1.0, 1.0, 1.0];[1.3, 1.0, 1.0]
1;21903.761;528.895;3605.982;79.615;240.901;2310.885;0.0;3124.0;15458.0;32756.906;6058.236;-4794.909;72.635;19;128;[1.0, 1.57, 1.0, 1.0, 1.0];[1.3, 1.3, 1.0]
2;21710.955;532.186;3616.954;77.815;240.633;2263.814;0.0;3124.0;15298.0;32756.906;6058.236;-4987.715;123.461;19;128;[1.0, 1.813, 1.0, 1.0, 1.0];[1.3, 1.57, 1.0]
3;21539.158;525.225;3593.751;76.453;237.413;2225.182;0.0;2888.0;15195.0;32756.906;6058.236;-5159.512;127.671;19;128;[1.0, 1.813, 1.3, 1.0, 1.0];[1.3, 1.813, 1.0]
4;21509.681;519.542;3574.808;76.418;233.473;2220.331;0.0;2888.0;15195.0;32756.906;6058.236;-5188.989;53.385;19;128;[1.0, 2.032, 1.3, 1.0, 1.0];[1.57, 1.813, 1.0]
5;21201.021;506.14;3530.132;71.758;225.052;2090.749;0.0;2888.0;15074.0;32756.906;6058.236;-5497.649;75.548;19;128;[1.0, 2.229, 1.3, 1.0, 1.0];[1.813, 1.813, 1.0]
6;21201.021;506.14;3530.132;71.758;225.052;2090.749;0.0;2888.0;15074.0;32756.906;6058.236;-5497.649;91.273;19;128;[1.0, 2.229, 1.27, 1.0, 1.0];[1.732, 1.813, 1.0]
7;21201.021;506.14;3530.132;71.758;225.052;2090.749;0.0;2888.0;15074.0;32756.906;6058.236;-5497.649;26.852;19;128;[1.0, 2.229, 1.27, 1.0, 1.0];[1.732, 1.813, 1.0]
8;21201.021;506.14;3530.132;71.758;225.052;2090.749;0.0;2888.0;15074.0;32756.906;6058.236;-5497.649;40.355;19;128;[1.0, 2.229, 1.27, 1.0, 1.2];[1.732, 1.813, 1.2]
9;21201.021;506.14;3530.132;71.758;225.052;2090.749;0.0;2888.0;15074.0;32756.906;6058.236;-5497.649;111.657;19;128;[1.0, 2.229, 1.27, 1.2, 1.2];[1.732, 1.932, 1.2]
10;21201.021;506.14;3530.132;71.758;225.052;2090.749;0.0;2888.0;15074.0;32756.906;6058.236;-5497.649;137.561;19;128;[1.0, 2.306, 1.27, 1.2, 1.2];[1.859, 1.932, 1.2]
11;21201.021;506.14;3530.132;71.758;225.052;2090.749;0.0;2888.0;15074.0;32756.906;6058.236;-5497.649;31.938;19;128;[1.0, 2.306, 1.27, 1.2, 1.2];[1.859, 1.932, 1.18]
12;21201.021;506.14;3530.132;71.758;225.052;2090.749;0.0;2888.0;15074.0;32756.906;6058.236;-5497.649;18.444;19;128;[1.0, 2.175, 1.27, 1.2, 1.2];[1.859, 1.932, 1.162]
13;21201.021;506.14;3530.132;71.758;225.052;2090.749;0.0;2888.0;15074.0;32756.906;6058.236;-5497.649;28.963;19;128;[1.0, 2.175, 1.27, 1.38, 1.2];[1.973, 1.932, 1.162]
14;21201.021;506.14;3530.132;71.758;225.052;2090.749;0.0;2888.0;15074.0;32756.906;6058.236;-5497.649;30.223;19;128;[1.0, 2.175, 1.443, 1.38, 1.2];[1.973, 1.932, 1.346]
15;20554.035;492.431;3484.437;59.56;214.611;1763.167;0.0;2692.0;14814.0;32756.906;6058.236;-6144.635;192.278;19;128;[1.0, 2.175, 1.443, 1.38, 1.48];[1.973, 2.139, 1.346]
16;20554.035;492.431;3484.437;59.56;214.611;1763.167;0.0;2692.0;14814.0;32756.906;6058.236;-6144.635;106.083;19;128;[1.0, 2.175, 1.443, 1.38, 1.48];[1.876, 2.139, 1.346]
17;20349.21;483.179;3453.596;57.396;207.13;1699.435;0.0;2554.0;14713.0;32756.906;6058.236;-6349.46;57.352;19;128;[1.0, 2.175, 1.699, 1.38, 1.48];[2.088, 2.139, 1.346]
18;20228.128;482.978;3452.926;58.124;207.99;1719.224;0.0;2693.0;14573.0;32756.906;6058.236;-6470.542;23.352;19;128;[1.0, 2.357, 1.699, 1.38, 1.48];[2.088, 2.139, 1.611]
19;20228.128;482.978;3452.926;58.124;207.99;1719.224;0.0;2693.0;14573.0;32756.906;6058.236;-6470.542;65.578;19;128;[1.0, 2.221, 1.699, 1.38, 1.48];[2.088, 2.025, 1.611]
20;20228.128;482.978;3452.926;58.124;207.99;1719.224;0.0;2693.0;14573.0;32756.906;6058.236;-6470.542;15.612;19;128;[1.0, 2.221, 1.699, 1.342, 1.48];[2.088, 2.025, 1.55]
21;20228.128;482.978;3452.926;58.124;207.99;1719.224;0.0;2693.0;14573.0;32756.906;6058.236;-6470.542;12.043;19;128;[1.0, 2.221, 1.629, 1.342, 1.48];[2.088, 2.025, 1.495]
22;20228.128;482.978;3452.926;58.124;207.99;1719.224;0.0;2693.0;14573.0;32756.906;6058.236;-6470.542;38.363;19;128;[1.0, 2.099, 1.629, 1.342, 1.48];[2.088, 1.923, 1.495]
23;20228.128;482.978;3452.926;58.124;207.99;1719.224;0.0;2693.0;14573.0;32756.906;6058.236;-6470.542;61.289;19;128;[1.0, 1.989, 1.629, 1.342, 1.48];[2.088, 1.831, 1.495]
24;20164.18;485.975;3462.916;61.103;212.613;1801.29;0.0;2594.0;14414.0;32756.906;6058.236;-6534.49;38.68;19;128;[1.0, 1.989, 1.866, 1.342, 1.48];[2.279, 1.831, 1.495]
25;20164.18;485.975;3462.916;61.103;212.613;1801.29;0.0;2594.0;14414.0;32756.906;6058.236;-6534.49;39.029;19;128;[1.0, 2.09, 1.866, 1.342, 1.48];[2.351, 1.831, 1.495]
26;20164.18;485.975;3462.916;61.103;212.613;1801.29;0.0;2594.0;14414.0;32756.906;6058.236;-6534.49;5.704;19;128;[1.0, 2.09, 1.866, 1.308, 1.48];[2.351, 1.831, 1.446]
27;20164.18;485.975;3462.916;61.103;212.613;1801.29;0.0;2594.0;14414.0;32756.906;6058.236;-6534.49;106.307;19;128;[1.0, 2.09, 1.866, 1.308, 1.432];[2.216, 1.831, 1.446]
28;20164.18;485.975;3462.916;61.103;212.613;1801.29;0.0;2594.0;14414.0;32756.906;6058.236;-6534.49;11.601;19;128;[1.0, 1.981, 1.866, 1.308, 1.432];[2.216, 1.748, 1.446]
29;20133.282;483.008;3453.025;58.884;211.264;1742.25;0.0;2574.0;14455.0;32756.906;6058.236;-6565.388;11.384;19;128;[1.0, 2.183, 1.866, 1.308, 1.432];[2.216, 1.973, 1.446]
30;20133.127;483.008;3453.025;58.884;211.109;1742.095;0.0;2574.0;14455.0;32756.906;6058.236;-6565.543;27.56;19;128;[1.0, 2.365, 1.866, 1.308, 1.432];[2.216, 2.176, 1.446]
31;20069.32;470.02;3409.732;58.894;206.316;1737.568;0.0;2515.0;14452.0;32756.906;6058.236;-6629.35;69.138;19;128;[1.3, 2.365, 1.866, 1.308, 1.432];[2.394, 2.176, 1.446]
32;20069.32;470.02;3409.732;58.894;206.316;1737.568;0.0;2515.0;14452.0;32756.906;6058.236;-6629.35;44.932;19;128;[1.3, 2.429, 1.866, 1.308, 1.432];[2.455, 2.176, 1.446]
33;20069.32;470.02;3409.732;58.894;206.316;1737.568;0.0;2515.0;14452.0;32756.906;6058.236;-6629.35;22.091;19;128;[1.3, 2.286, 1.866, 1.308, 1.432];[2.31, 2.176, 1.446]
34;20069.32;470.02;3409.732;58.894;206.316;1737.568;0.0;2515.0;14452.0;32756.906;6058.236;-6629.35;9.342;19;128;[1.3, 2.157, 1.866, 1.308, 1.432];[2.31, 2.176, 1.401]
35;20069.32;470.02;3409.732;58.894;206.316;1737.568;0.0;2515.0;14452.0;32756.906;6058.236;-6629.35;41.868;19;128;[1.3, 2.041, 1.866, 1.308, 1.432];[2.31, 2.058, 1.401]
36;20069.32;470.02;3409.732;58.894;206.316;1737.568;0.0;2515.0;14452.0;32756.906;6058.236;-6629.35;40.105;19;128;[1.27, 2.041, 1.866, 1.308, 1.432];[2.179, 2.058, 1.401]
37;20069.32;470.02;3409.732;58.894;206.316;1737.568;0.0;2515.0;14452.0;32756.906;6058.236;-6629.35;36.243;19;128;[1.27, 2.041, 1.866, 1.277, 1.432];[2.179, 1.952, 1.401]
38;20069.32;470.02;3409.732;58.894;206.316;1737.568;0.0;2515.0;14452.0;32756.906;6058.236;-6629.35;42.725;19;128;[1.243, 2.041, 1.866, 1.277, 1.432];[2.061, 1.952, 1.401]
39;20069.32;470.02;3409.732;58.894;206.316;1737.568;0.0;2515.0;14452.0;32756.906;6058.236;-6629.35;8.752;19;128;[1.243, 2.041, 1.866, 1.249, 1.432];[2.061, 1.857, 1.401]
40;20069.32;470.02;3409.732;58.894;206.316;1737.568;0.0;2515.0;14452.0;32756.906;6058.236;-6629.35;16.675;19;128;[1.243, 2.041, 1.779, 1.249, 1.432];[2.061, 1.857, 1.361]
41;20069.32;470.02;3409.732;58.894;206.316;1737.568;0.0;2515.0;14452.0;32756.906;6058.236;-6629.35;75.022;19;128;[1.243, 2.041, 1.779, 1.249, 1.589];[2.155, 1.857, 1.361]
42;20069.32;470.02;3409.732;58.894;206.316;1737.568;0.0;2515.0;14452.0;32756.906;6058.236;-6629.35;18.48;19;128;[1.243, 2.041, 1.701, 1.249, 1.589];[2.155, 1.857, 1.325]
43;20069.32;470.02;3409.732;58.894;206.316;1737.568;0.0;2515.0;14452.0;32756.906;6058.236;-6629.35;45.52;19;128;[1.219, 2.041, 1.701, 1.249, 1.589];[2.155, 1.771, 1.325]
44;20069.32;470.02;3409.732;58.894;206.316;1737.568;0.0;2515.0;14452.0;32756.906;6058.236;-6629.35;31.184;19;128;[1.219, 2.041, 1.701, 1.424, 1.589];[2.155, 1.894, 1.325]
45;20069.32;470.02;3409.732;58.894;206.316;1737.568;0.0;2515.0;14452.0;32756.906;6058.236;-6629.35;4.903;19;128;[1.219, 2.041, 1.701, 1.382, 1.589];[2.155, 1.894, 1.292]
46;20069.32;470.02;3409.732;58.894;206.316;1737.568;0.0;2515.0;14452.0;32756.906;6058.236;-6629.35;15.515;19;128;[1.219, 2.041, 1.701, 1.382, 1.53];[2.155, 1.894, 1.263]
47;20069.32;470.02;3409.732;58.894;206.316;1737.568;0.0;2515.0;14452.0;32756.906;6058.236;-6629.35;11.183;19;128;[1.219, 1.937, 1.701, 1.382, 1.53];[2.155, 1.894, 1.237]
48;20029.865;464.384;3390.946;62.221;204.796;1822.535;0.0;2257.0;14352.0;32756.906;6058.236;-6668.805;46.66;19;128;[1.219, 1.937, 1.931, 1.382, 1.53];[2.339, 1.894, 1.237]
49;19919.309;447.905;3336.018;60.954;199.57;1784.386;0.0;2257.0;14351.0;32756.906;6058.236;-6779.361;59.768;19;128;[1.497, 1.937, 1.931, 1.382, 1.53];[2.505, 1.894, 1.237]
614constructshop:False depot:True weather:True;21643.319;529.952;3603.506;66.952;234.121;1974.862;0.0;3128.0;15535.0;32566.478;6248.664;-4674.495;251.491;19;128;[1.0, 1.0, 1.0, 1.0, 1.0];[1.0, 1.0, 1.0]
0;21643.319;529.952;3603.506;66.952;234.121;1974.862;0.0;3128.0;15535.0;32566.478;6248.664;-4674.495;77.276;19;128;[1.0, 1.2, 1.0, 1.0, 1.0];[1.0, 1.2, 1.0]
1;21643.319;529.952;3603.506;66.952;234.121;1974.862;0.0;3128.0;15535.0;32566.478;6248.664;-4674.495;14.753;19;128;[1.0, 1.18, 1.0, 1.0, 1.0];[1.0, 1.2, 1.0]
2;21455.414;516.769;3565.565;67.928;231.961;1998.08;0.0;3147.0;15375.0;32756.906;6058.236;-5243.256;280.349;19;128;[1.0, 1.18, 1.0, 1.0, 1.3];[1.0, 1.48, 1.0]
3;21391.739;493.311;3487.37;69.818;222.784;2038.058;0.0;3009.0;15373.0;32756.906;6058.236;-5306.931;123.414;19;128;[1.0, 1.18, 1.3, 1.0, 1.3];[1.0, 1.732, 1.0]
4;21219.761;473.503;3421.343;68.338;215.13;1991.915;0.0;2969.0;15333.0;32756.906;6058.236;-5478.909;71.113;19;128;[1.0, 1.18, 1.57, 1.0, 1.3];[1.0, 1.959, 1.0]
5;21091.989;468.107;3403.358;61.673;203.021;1806.524;0.0;2948.0;15414.0;32756.906;6058.236;-5606.681;30.432;19;128;[1.0, 1.18, 1.57, 1.0, 1.57];[1.0, 1.959, 1.3]
6;21062.113;462.435;3384.449;60.692;201.247;1779.229;0.0;3145.0;15436.0;32756.906;6058.236;-5636.557;85.699;19;128;[1.0, 1.18, 1.813, 1.0, 1.57];[1.3, 1.959, 1.3]
7;21057.791;463.789;3388.964;59.591;201.674;1751.037;0.0;3166.0;15454.0;32756.906;6058.236;-5640.879;90.388;19;128;[1.0, 1.18, 2.032, 1.0, 1.57];[1.57, 1.959, 1.3]
8;21057.791;463.789;3388.964;59.591;201.674;1751.037;0.0;3166.0;15454.0;32756.906;6058.236;-5640.879;18.478;19;128;[1.0, 1.18, 2.032, 1.0, 1.57];[1.57, 1.959, 1.27]
9;20877.575;454.389;3357.63;60.592;198.171;1773.556;0.0;2890.0;15292.0;32756.906;6058.236;-5821.095;71.109;19;128;[1.0, 1.18, 2.229, 1.0, 1.57];[1.57, 2.163, 1.27]
10;20765.522;443.375;3320.918;60.592;193.844;1769.228;0.0;2831.0;15232.0;32756.906;6058.236;-5933.148;85.499;19;128;[1.0, 1.18, 2.406, 1.0, 1.57];[1.813, 2.163, 1.27]
11;20708.052;443.797;3322.324;58.461;190.935;1710.931;0.0;2732.0;15231.0;32756.906;6058.236;-5990.618;63.818;19;128;[1.0, 1.18, 2.565, 1.0, 1.57];[2.032, 2.163, 1.27]
12;20563.264;426.176;3263.586;59.169;184.116;1722.502;0.0;2653.0;15151.0;32756.906;6058.236;-6135.406;54.905;19;128;[1.0, 1.18, 2.708, 1.0, 1.57];[2.229, 2.163, 1.27]
13;20563.264;426.176;3263.586;59.169;184.116;1722.502;0.0;2653.0;15151.0;32756.906;6058.236;-6135.406;52.804;19;128;[1.0, 1.18, 2.708, 1.0, 1.57];[2.106, 2.163, 1.27]
14;20563.264;426.176;3263.586;59.169;184.116;1722.502;0.0;2653.0;15151.0;32756.906;6058.236;-6135.406;22.445;19;128;[1.0, 1.18, 2.708, 1.0, 1.57];[2.106, 2.047, 1.27]
15;20563.264;426.176;3263.586;59.169;184.116;1722.502;0.0;2653.0;15151.0;32756.906;6058.236;-6135.406;25.353;19;128;[1.0, 1.362, 2.708, 1.0, 1.57];[2.106, 2.142, 1.27]
16;20563.264;426.176;3263.586;59.169;184.116;1722.502;0.0;2653.0;15151.0;32756.906;6058.236;-6135.406;27.032;19;128;[1.0, 1.326, 2.708, 1.0, 1.57];[2.106, 2.028, 1.27]
17;20563.264;426.176;3263.586;59.169;184.116;1722.502;0.0;2653.0;15151.0;32756.906;6058.236;-6135.406;35.696;19;128;[1.0, 1.326, 2.537, 1.0, 1.57];[2.106, 1.925, 1.27]
18;21071.276;473.67;3441.567;63.173;203.543;1846.039;0.0;2751.0;15310.0;33093.686;5721.456;-6300.954;13.174;18;128;[1.0, 1.326, 2.683, 1.0, 1.57];[2.106, 1.925, 1.543]
19;21071.276;473.67;3441.567;63.173;203.543;1846.039;0.0;2751.0;15310.0;33093.686;5721.456;-6300.954;96.448;18;128;[1.0, 1.326, 2.683, 1.0, 1.513];[2.106, 1.833, 1.543]
20;21071.276;473.67;3441.567;63.173;203.543;1846.039;0.0;2751.0;15310.0;33093.686;5721.456;-6300.954;84.321;18;128;[1.0, 1.326, 2.683, 1.0, 1.513];[1.995, 1.833, 1.543]
21;21071.276;473.67;3441.567;63.173;203.543;1846.039;0.0;2751.0;15310.0;33093.686;5721.456;-6300.954;12.657;18;128;[1.0, 1.326, 2.683, 1.0, 1.462];[1.995, 1.833, 1.489]
22;21071.276;473.67;3441.567;63.173;203.543;1846.039;0.0;2751.0;15310.0;33093.686;5721.456;-6300.954;63.135;18;128;[1.0, 1.326, 2.683, 1.0, 1.462];[1.995, 1.75, 1.489]
23;21071.276;473.67;3441.567;63.173;203.543;1846.039;0.0;2751.0;15310.0;33093.686;5721.456;-6300.954;28.161;18;128;[1.0, 1.326, 2.683, 1.0, 1.416];[1.896, 1.75, 1.489]
24;21071.276;473.67;3441.567;63.173;203.543;1846.039;0.0;2751.0;15310.0;33093.686;5721.456;-6300.954;24.054;18;128;[1.0, 1.326, 2.683, 1.0, 1.416];[1.806, 1.75, 1.489]
25;21071.276;473.67;3441.567;63.173;203.543;1846.039;0.0;2751.0;15310.0;33093.686;5721.456;-6300.954;9.993;18;128;[1.0, 1.493, 2.683, 1.0, 1.416];[1.806, 1.875, 1.489]
26;20790.04;467.426;3413.753;56.856;198.598;1676.861;0.0;2612.0;15232.0;33123.002;5692.14;-6640.822;7.129;18;128;[1.0, 1.493, 2.815, 1.0, 1.416];[1.806, 1.875, 1.74]
27;20790.04;467.426;3413.753;56.856;198.598;1676.861;0.0;2612.0;15232.0;33123.002;5692.14;-6640.822;6.57;18;128;[1.0, 1.493, 2.634, 1.0, 1.416];[1.806, 1.875, 1.666]
28;20790.04;467.426;3413.753;56.856;198.598;1676.861;0.0;2612.0;15232.0;33123.002;5692.14;-6640.822;22.276;18;128;[1.0, 1.493, 2.471, 1.0, 1.416];[1.725, 1.875, 1.666]
29;20733.839;458.385;3383.616;53.308;192.834;1578.838;0.0;2709.0;15313.0;33123.002;5692.14;-6697.023;75.56;18;128;[1.0, 1.493, 2.471, 1.0, 1.674];[1.953, 1.875, 1.666]
30;20670.556;463.911;3402.037;52.169;196.209;1552.608;0.0;2690.0;15252.0;33123.002;5692.14;-6760.306;28.309;18;128;[1.0, 1.493, 2.624, 1.0, 1.674];[1.953, 2.087, 1.666]
31;20635.711;470.948;3425.493;46.646;194.486;1407.27;0.0;2809.0;15332.0;33123.002;5692.14;-6795.151;11.266;18;128;[1.0, 1.493, 2.762, 1.0, 1.674];[1.953, 2.087, 1.899]
32;20635.711;470.948;3425.493;46.646;194.486;1407.27;0.0;2809.0;15332.0;33123.002;5692.14;-6795.151;25.059;18;128;[1.0, 1.444, 2.762, 1.0, 1.674];[1.858, 2.087, 1.899]
33;20635.711;470.948;3425.493;46.646;194.486;1407.27;0.0;2809.0;15332.0;33123.002;5692.14;-6795.151;8.737;18;128;[1.0, 1.444, 2.586, 1.0, 1.674];[1.858, 2.087, 1.809]
34;20635.711;470.948;3425.493;46.646;194.486;1407.27;0.0;2809.0;15332.0;33123.002;5692.14;-6795.151;18.014;18;128;[1.0, 1.444, 2.586, 1.0, 1.674];[1.858, 2.087, 1.728]
35;20635.711;470.948;3425.493;46.646;194.486;1407.27;0.0;2809.0;15332.0;33123.002;5692.14;-6795.151;98.648;18;128;[1.0, 1.444, 2.586, 1.0, 1.607];[1.858, 1.978, 1.728]
36;20451.395;441.202;3326.339;44.205;182.534;1331.855;0.0;3046.0;15352.0;33123.002;5692.14;-6979.467;11.198;18;128;[1.3, 1.444, 2.586, 1.0, 1.607];[1.858, 1.978, 1.955]
37;20451.395;441.202;3326.339;44.205;182.534;1331.855;0.0;3046.0;15352.0;33123.002;5692.14;-6979.467;12.883;18;128;[1.3, 1.444, 2.586, 1.0, 1.546];[1.858, 1.978, 1.86]
38;20451.395;441.202;3326.339;44.205;182.534;1331.855;0.0;3046.0;15352.0;33123.002;5692.14;-6979.467;12.872;18;128;[1.27, 1.444, 2.586, 1.0, 1.546];[1.858, 1.978, 1.774]
39;20451.395;441.202;3326.339;44.205;182.534;1331.855;0.0;3046.0;15352.0;33123.002;5692.14;-6979.467;62.204;18;128;[1.27, 1.444, 2.586, 1.0, 1.491];[1.858, 1.88, 1.774]
40;20451.395;441.202;3326.339;44.205;182.534;1331.855;0.0;3046.0;15352.0;33123.002;5692.14;-6979.467;69.264;18;128;[1.243, 1.444, 2.586, 1.0, 1.491];[1.772, 1.88, 1.774]
41;20451.395;441.202;3326.339;44.205;182.534;1331.855;0.0;3046.0;15352.0;33123.002;5692.14;-6979.467;47.359;18;128;[1.219, 1.444, 2.586, 1.0, 1.491];[1.772, 1.792, 1.774]
42;20451.395;441.202;3326.339;44.205;182.534;1331.855;0.0;3046.0;15352.0;33123.002;5692.14;-6979.467;10.073;18;128;[1.219, 1.444, 2.586, 1.0, 1.442];[1.772, 1.792, 1.697]
43;20451.395;441.202;3326.339;44.205;182.534;1331.855;0.0;3046.0;15352.0;33123.002;5692.14;-6979.467;8.796;18;128;[1.219, 1.444, 2.427, 1.0, 1.442];[1.772, 1.792, 1.627]
44;20451.395;441.202;3326.339;44.205;182.534;1331.855;0.0;3046.0;15352.0;33123.002;5692.14;-6979.467;58.409;18;128;[1.219, 1.444, 2.427, 1.0, 1.398];[1.772, 1.713, 1.627]
45;20451.395;441.202;3326.339;44.205;182.534;1331.855;0.0;3046.0;15352.0;33123.002;5692.14;-6979.467;29.157;18;128;[1.219, 1.444, 2.484, 1.0, 1.398];[1.895, 1.713, 1.627]
46;20451.395;441.202;3326.339;44.205;182.534;1331.855;0.0;3046.0;15352.0;33123.002;5692.14;-6979.467;64.844;18;128;[1.197, 1.444, 2.484, 1.0, 1.398];[1.806, 1.713, 1.627]
47;20451.395;441.202;3326.339;44.205;182.534;1331.855;0.0;3046.0;15352.0;33123.002;5692.14;-6979.467;27.18;18;128;[1.197, 1.444, 2.484, 1.2, 1.398];[1.806, 1.842, 1.627]
48;20451.395;441.202;3326.339;44.205;182.534;1331.855;0.0;3046.0;15352.0;33123.002;5692.14;-6979.467;14.19;18;128;[1.177, 1.444, 2.484, 1.2, 1.398];[1.806, 1.842, 1.564]
49;20451.395;441.202;3326.339;44.205;182.534;1331.855;0.0;3046.0;15352.0;33123.002;5692.14;-6979.467;31.325;18;128;[1.177, 1.444, 2.484, 1.18, 1.398];[1.725, 1.842, 1.564]
615constructshop:False depot:True weather:True;22380.046;545.05;3704.499;80.22;247.78;2333.497;0.0;3525.0;15797.0;32933.266;5881.876;-4671.344;240.331;19;128;[1.0, 1.0, 1.0, 1.0, 1.0];[1.0, 1.0, 1.0]
0;21769.749;533.429;3636.098;65.52;238.708;1942.222;0.0;3465.0;15658.0;33032.402;5782.74;-5479.913;79.218;18;128;[1.0, 1.0, 1.3, 1.0, 1.0];[1.0, 1.0, 1.3]
1;21769.749;533.429;3636.098;65.52;238.708;1942.222;0.0;3465.0;15658.0;33032.402;5782.74;-5479.913;128.647;18;128;[1.0, 1.0, 1.27, 1.0, 1.0];[1.0, 1.0, 1.3]
2;21769.749;533.429;3636.098;65.52;238.708;1942.222;0.0;3465.0;15658.0;33032.402;5782.74;-5479.913;122.179;18;128;[1.0, 1.0, 1.243, 1.0, 1.0];[1.0, 1.0, 1.3]
3;21769.749;533.429;3636.098;65.52;238.708;1942.222;0.0;3465.0;15658.0;33032.402;5782.74;-5479.913;23.686;18;128;[1.2, 1.0, 1.243, 1.0, 1.0];[1.0, 1.0, 1.47]
4;21769.749;533.429;3636.098;65.52;238.708;1942.222;0.0;3465.0;15658.0;33032.402;5782.74;-5479.913;30.238;18;128;[1.2, 1.0, 1.243, 1.0, 1.0];[1.0, 1.0, 1.423]
5;20993.347;500.789;3512.298;55.745;218.88;1668.259;0.0;3229.0;15312.0;32756.906;6058.236;-5705.323;32.629;19;128;[1.2, 1.0, 1.243, 1.0, 1.3];[1.0, 1.0, 1.681]
6;20993.347;500.789;3512.298;55.745;218.88;1668.259;0.0;3229.0;15312.0;32756.906;6058.236;-5705.323;38.146;19;128;[1.18, 1.0, 1.243, 1.0, 1.3];[1.0, 1.0, 1.613]
7;20915.924;500.628;3511.761;55.862;219.12;1671.536;0.0;3229.0;15232.0;32756.906;6058.236;-5782.746;78.14;19;128;[1.18, 1.3, 1.243, 1.0, 1.3];[1.0, 1.3, 1.613]
8;20625.688;483.468;3454.561;52.516;210.248;1575.659;0.0;3229.0;15112.0;32756.906;6058.236;-6072.982;85.899;19;128;[1.18, 1.57, 1.243, 1.0, 1.3];[1.0, 1.57, 1.613]
9;20625.688;483.468;3454.561;52.516;210.248;1575.659;0.0;3229.0;15112.0;32756.906;6058.236;-6072.982;88.868;19;128;[1.18, 1.513, 1.243, 1.0, 1.3];[1.0, 1.513, 1.613]
10;20625.688;483.468;3454.561;52.516;210.248;1575.659;0.0;3229.0;15112.0;32756.906;6058.236;-6072.982;21.278;19;128;[1.18, 1.513, 1.219, 1.0, 1.3];[1.0, 1.513, 1.552]
11;20625.688;483.468;3454.561;52.516;210.248;1575.659;0.0;3229.0;15112.0;32756.906;6058.236;-6072.982;12.777;19;128;[1.162, 1.513, 1.219, 1.0, 1.3];[1.0, 1.513, 1.497]
12;20625.688;483.468;3454.561;52.516;210.248;1575.659;0.0;3229.0;15112.0;32756.906;6058.236;-6072.982;195.753;19;128;[1.162, 1.513, 1.219, 1.0, 1.27];[1.0, 1.462, 1.497]
13;20625.688;483.468;3454.561;52.516;210.248;1575.659;0.0;3229.0;15112.0;32756.906;6058.236;-6072.982;13.482;19;128;[1.146, 1.513, 1.219, 1.0, 1.27];[1.0, 1.462, 1.447]
14;20625.688;483.468;3454.561;52.516;210.248;1575.659;0.0;3229.0;15112.0;32756.906;6058.236;-6072.982;96.547;19;128;[1.331, 1.513, 1.219, 1.0, 1.27];[1.2, 1.462, 1.447]
15;20625.688;483.468;3454.561;52.516;210.248;1575.659;0.0;3229.0;15112.0;32756.906;6058.236;-6072.982;58.9;19;128;[1.331, 1.513, 1.219, 1.0, 1.27];[1.18, 1.462, 1.447]
16;20625.688;483.468;3454.561;52.516;210.248;1575.659;0.0;3229.0;15112.0;32756.906;6058.236;-6072.982;24.142;19;128;[1.331, 1.462, 1.219, 1.0, 1.27];[1.18, 1.416, 1.447]
17;20625.688;483.468;3454.561;52.516;210.248;1575.659;0.0;3229.0;15112.0;32756.906;6058.236;-6072.982;27.954;19;128;[1.331, 1.416, 1.219, 1.0, 1.27];[1.18, 1.374, 1.447]
18;20625.688;483.468;3454.561;52.516;210.248;1575.659;0.0;3229.0;15112.0;32756.906;6058.236;-6072.982;12.91;19;128;[1.331, 1.574, 1.219, 1.0, 1.27];[1.18, 1.374, 1.602]
19;20625.688;483.468;3454.561;52.516;210.248;1575.659;0.0;3229.0;15112.0;32756.906;6058.236;-6072.982;83.579;19;128;[1.331, 1.574, 1.219, 1.0, 1.243];[1.18, 1.337, 1.602]
20;20625.688;483.468;3454.561;52.516;210.248;1575.659;0.0;3229.0;15112.0;32756.906;6058.236;-6072.982;32.428;19;128;[1.331, 1.574, 1.219, 1.0, 1.243];[1.18, 1.303, 1.602]
21;20625.688;483.468;3454.561;52.516;210.248;1575.659;0.0;3229.0;15112.0;32756.906;6058.236;-6072.982;83.187;19;128;[1.331, 1.574, 1.219, 1.0, 1.219];[1.18, 1.273, 1.602]
22;20625.688;483.468;3454.561;52.516;210.248;1575.659;0.0;3229.0;15112.0;32756.906;6058.236;-6072.982;77.595;19;128;[1.298, 1.574, 1.219, 1.0, 1.219];[1.18, 1.246, 1.602]
23;20625.688;483.468;3454.561;52.516;210.248;1575.659;0.0;3229.0;15112.0;32756.906;6058.236;-6072.982;33.526;19;128;[1.298, 1.574, 1.397, 1.0, 1.219];[1.362, 1.246, 1.602]
24;20625.688;483.468;3454.561;52.516;210.248;1575.659;0.0;3229.0;15112.0;32756.906;6058.236;-6072.982;54.153;19;128;[1.268, 1.574, 1.397, 1.0, 1.219];[1.362, 1.221, 1.602]
25;20625.688;483.468;3454.561;52.516;210.248;1575.659;0.0;3229.0;15112.0;32756.906;6058.236;-6072.982;67.012;19;128;[1.441, 1.574, 1.397, 1.0, 1.219];[1.526, 1.221, 1.602]
26;20625.688;483.468;3454.561;52.516;210.248;1575.659;0.0;3229.0;15112.0;32756.906;6058.236;-6072.982;82.711;19;128;[1.441, 1.574, 1.397, 1.0, 1.397];[1.526, 1.399, 1.602]
27;20625.688;483.468;3454.561;52.516;210.248;1575.659;0.0;3229.0;15112.0;32756.906;6058.236;-6072.982;14.391;19;128;[1.441, 1.574, 1.557, 1.0, 1.397];[1.526, 1.399, 1.742]
28;20625.688;483.468;3454.561;52.516;210.248;1575.659;0.0;3229.0;15112.0;32756.906;6058.236;-6072.982;28.078;19;128;[1.441, 1.574, 1.501, 1.0, 1.397];[1.526, 1.359, 1.742]
29;20625.688;483.468;3454.561;52.516;210.248;1575.659;0.0;3229.0;15112.0;32756.906;6058.236;-6072.982;35.443;19;128;[1.441, 1.574, 1.501, 1.0, 1.397];[1.526, 1.323, 1.742]
30;20625.688;483.468;3454.561;52.516;210.248;1575.659;0.0;3229.0;15112.0;32756.906;6058.236;-6072.982;7.482;19;128;[1.441, 1.574, 1.501, 1.0, 1.397];[1.526, 1.291, 1.742]
31;20625.688;483.468;3454.561;52.516;210.248;1575.659;0.0;3229.0;15112.0;32756.906;6058.236;-6072.982;70.992;19;128;[1.441, 1.574, 1.501, 1.0, 1.357];[1.473, 1.291, 1.742]
32;20538.888;484.263;3457.21;71.766;220.487;2086.415;0.0;2774.0;14511.0;32756.906;6058.236;-6159.782;78.342;19;128;[1.697, 1.574, 1.501, 1.0, 1.357];[1.726, 1.291, 1.742]
33;20238.357;472.788;3418.958;59.708;203.193;1755.611;0.0;2695.0;14591.0;32756.906;6058.236;-6460.313;9.071;19;128;[1.697, 1.817, 1.501, 1.0, 1.357];[1.726, 1.291, 1.968]
34;20238.357;472.788;3418.958;59.708;203.193;1755.611;0.0;2695.0;14591.0;32756.906;6058.236;-6460.313;1.295;19;128;[1.697, 1.735, 1.501, 1.0, 1.357];[1.726, 1.291, 1.871]
35;20238.357;472.788;3418.958;59.708;203.193;1755.611;0.0;2695.0;14591.0;32756.906;6058.236;-6460.313;8.391;19;128;[1.697, 1.735, 1.501, 1.0, 1.357];[1.726, 1.291, 1.784]
36;20238.357;472.788;3418.958;59.708;203.193;1755.611;0.0;2695.0;14591.0;32756.906;6058.236;-6460.313;53.798;19;128;[1.627, 1.735, 1.501, 1.0, 1.357];[1.653, 1.291, 1.784]
37;20238.357;472.788;3418.958;59.708;203.193;1755.611;0.0;2695.0;14591.0;32756.906;6058.236;-6460.313;37.671;19;128;[1.627, 1.735, 1.451, 1.0, 1.357];[1.588, 1.291, 1.784]
38;20238.357;472.788;3418.958;59.708;203.193;1755.611;0.0;2695.0;14591.0;32756.906;6058.236;-6460.313;34.821;19;128;[1.564, 1.735, 1.451, 1.0, 1.357];[1.529, 1.291, 1.784]
39;20238.357;472.788;3418.958;59.708;203.193;1755.611;0.0;2695.0;14591.0;32756.906;6058.236;-6460.313;14.888;19;128;[1.508, 1.735, 1.451, 1.0, 1.357];[1.529, 1.291, 1.706]
40;20238.357;472.788;3418.958;59.708;203.193;1755.611;0.0;2695.0;14591.0;32756.906;6058.236;-6460.313;15.805;19;128;[1.508, 1.735, 1.451, 1.0, 1.521];[1.529, 1.291, 1.835]
41;20238.357;472.788;3418.958;59.708;203.193;1755.611;0.0;2695.0;14591.0;32756.906;6058.236;-6460.313;25.077;19;128;[1.508, 1.735, 1.451, 1.0, 1.469];[1.529, 1.291, 1.752]
42;20238.357;472.788;3418.958;59.708;203.193;1755.611;0.0;2695.0;14591.0;32756.906;6058.236;-6460.313;81.685;19;128;[1.508, 1.735, 1.451, 1.0, 1.422];[1.476, 1.291, 1.752]
43;20238.357;472.788;3418.958;59.708;203.193;1755.611;0.0;2695.0;14591.0;32756.906;6058.236;-6460.313;7.009;19;128;[1.457, 1.735, 1.451, 1.0, 1.422];[1.476, 1.291, 1.677]
44;20238.357;472.788;3418.958;59.708;203.193;1755.611;0.0;2695.0;14591.0;32756.906;6058.236;-6460.313;70.125;19;128;[1.457, 1.662, 1.451, 1.0, 1.422];[1.428, 1.291, 1.677]
45;20238.357;472.788;3418.958;59.708;203.193;1755.611;0.0;2695.0;14591.0;32756.906;6058.236;-6460.313;7.71;19;128;[1.457, 1.662, 1.451, 1.0, 1.38];[1.428, 1.291, 1.609]
46;20238.357;472.788;3418.958;59.708;203.193;1755.611;0.0;2695.0;14591.0;32756.906;6058.236;-6460.313;7.618;19;128;[1.457, 1.662, 1.451, 1.0, 1.342];[1.428, 1.291, 1.548]
47;20238.357;472.788;3418.958;59.708;203.193;1755.611;0.0;2695.0;14591.0;32756.906;6058.236;-6460.313;3.05;19;128;[1.457, 1.662, 1.406, 1.0, 1.342];[1.428, 1.291, 1.493]
48;20238.357;472.788;3418.958;59.708;203.193;1755.611;0.0;2695.0;14591.0;32756.906;6058.236;-6460.313;40.106;19;128;[1.611, 1.662, 1.406, 1.0, 1.342];[1.585, 1.291, 1.493]
49;20238.357;472.788;3418.958;59.708;203.193;1755.611;0.0;2695.0;14591.0;32756.906;6058.236;-6460.313;10.096;19;128;[1.75, 1.662, 1.406, 1.0, 1.342];[1.585, 1.291, 1.644]
616constructshop:False depot:True weather:True;21683.505;542.616;3696.387;62.168;233.137;1849.502;0.0;3206.0;15595.0;32952.266;5862.876;-5405.885;217.259;19;128;[1.0, 1.0, 1.0, 1.0, 1.0];[1.0, 1.0, 1.0]
0;21626.71;540.98;3690.934;66.405;235.263;1961.795;0.0;3009.0;15433.0;32952.266;5862.876;-5462.68;190.403;18;128;[1.3, 1.0, 1.0, 1.0, 1.0];[1.0, 1.3, 1.0]
1;21392.944;533.943;3667.478;66.403;233.033;1959.523;0.0;2732.0;15232.0;32952.266;5862.876;-5696.446;118.421;18;128;[1.57, 1.0, 1.0, 1.0, 1.0];[1.0, 1.57, 1.0]
2;21198.871;526.839;3643.796;66.32;231.916;1956.236;0.0;2969.0;15072.0;32952.266;5862.876;-5890.519;24.505;18;128;[1.57, 1.3, 1.0, 1.0, 1.0];[1.0, 1.57, 1.3]
3;21025.298;532.587;3633.292;56.182;226.699;1687.419;0.0;3029.0;15172.0;33032.402;5782.74;-6224.364;43.145;18;128;[1.57, 1.3, 1.0, 1.0, 1.3];[1.0, 1.57, 1.57]
4;21025.298;532.587;3633.292;56.182;226.699;1687.419;0.0;3029.0;15172.0;33032.402;5782.74;-6224.364;146.439;18;128;[1.57, 1.3, 1.0, 1.0, 1.3];[1.0, 1.57, 1.57]
5;20960.558;520.374;3592.581;57.403;222.119;1714.602;0.0;3028.0;15133.0;33032.402;5782.74;-6289.104;96.782;18;128;[1.57, 1.3, 1.3, 1.0, 1.3];[1.3, 1.57, 1.57]
6;20960.558;520.374;3592.581;57.403;222.119;1714.602;0.0;3028.0;15133.0;33032.402;5782.74;-6289.104;36.453;18;128;[1.57, 1.3, 1.3, 1.0, 1.3];[1.27, 1.57, 1.57]
7;20960.558;520.374;3592.581;57.403;222.119;1714.602;0.0;3028.0;15133.0;33032.402;5782.74;-6289.104;90.915;18;128;[1.513, 1.3, 1.3, 1.0, 1.3];[1.243, 1.57, 1.57]
8;20896.179;518.316;3585.721;59.949;219.465;1778.143;0.0;2928.0;15014.0;33032.402;5782.74;-6353.483;8.703;18;128;[1.513, 1.57, 1.3, 1.0, 1.3];[1.243, 1.57, 1.813]
9;20896.179;518.316;3585.721;59.949;219.465;1778.143;0.0;2928.0;15014.0;33032.402;5782.74;-6353.483;41.985;18;128;[1.513, 1.57, 1.3, 1.0, 1.27];[1.243, 1.57, 1.732]
10;21071.928;526.46;3619.533;52.723;220.141;1590.936;0.0;3225.0;15335.0;33137.27;5677.872;-6387.47;99.044;18;128;[1.762, 1.57, 1.3, 1.0, 1.27];[1.519, 1.57, 1.732]
11;21071.928;526.46;3619.533;52.723;220.141;1590.936;0.0;3225.0;15335.0;33137.27;5677.872;-6387.47;58.521;18;128;[1.762, 1.513, 1.3, 1.0, 1.27];[1.519, 1.513, 1.732]
12;21071.928;526.46;3619.533;52.723;220.141;1590.936;0.0;3225.0;15335.0;33137.27;5677.872;-6387.47;39.278;18;128;[1.762, 1.513, 1.3, 1.0, 1.27];[1.519, 1.462, 1.732]
13;21071.928;526.46;3619.533;52.723;220.141;1590.936;0.0;3225.0;15335.0;33137.27;5677.872;-6387.47;74.419;18;128;[1.762, 1.513, 1.27, 1.0, 1.27];[1.467, 1.462, 1.732]
14;21153.229;528.297;3632.656;58.994;225.438;1759.276;0.0;2968.0;15233.0;33178.754;5636.388;-6389.137;13.406;18;128;[1.986, 1.513, 1.27, 1.0, 1.27];[1.467, 1.462, 1.959]
15;21153.229;528.297;3632.656;58.994;225.438;1759.276;0.0;2968.0;15233.0;33178.754;5636.388;-6389.137;29.559;18;128;[1.986, 1.462, 1.27, 1.0, 1.27];[1.467, 1.462, 1.863]
16;21153.229;528.297;3632.656;58.994;225.438;1759.276;0.0;2968.0;15233.0;33178.754;5636.388;-6389.137;41.691;18;128;[1.986, 1.462, 1.243, 1.0, 1.27];[1.467, 1.416, 1.863]
17;21150.079;525.267;3622.557;63.071;229.41;1869.255;0.0;2869.0;15133.0;33178.754;5636.388;-6392.287;63.098;18;128;[1.986, 1.716, 1.243, 1.0, 1.27];[1.467, 1.674, 1.863]
18;21150.079;525.267;3622.557;63.071;229.41;1869.255;0.0;2869.0;15133.0;33178.754;5636.388;-6392.287;9.864;18;128;[1.986, 1.644, 1.243, 1.0, 1.27];[1.467, 1.674, 1.777]
19;21150.079;525.267;3622.557;63.071;229.41;1869.255;0.0;2869.0;15133.0;33178.754;5636.388;-6392.287;65.719;18;128;[1.986, 1.58, 1.243, 1.0, 1.27];[1.42, 1.674, 1.777]
20;21320.866;527.045;3627.483;62.505;228.218;1853.339;0.0;3028.0;15313.0;33422.498;5392.644;-6708.988;115.647;17;128;[2.187, 1.58, 1.243, 1.0, 1.27];[1.678, 1.674, 1.777]
21;21244.213;524.963;3620.542;60.745;226.347;1805.708;0.0;3028.0;15293.0;33422.498;5392.644;-6785.641;53.854;17;128;[2.187, 1.822, 1.243, 1.0, 1.27];[1.91, 1.674, 1.777]
22;21229.878;511.469;3575.564;62.681;221.146;1850.844;0.0;2949.0;15292.0;33422.498;5392.644;-6799.976;73.453;17;128;[2.187, 1.822, 1.519, 1.0, 1.27];[2.119, 1.674, 1.777]
23;21229.878;511.469;3575.564;62.681;221.146;1850.844;0.0;2949.0;15292.0;33422.498;5392.644;-6799.976;41.942;17;128;[2.187, 1.74, 1.519, 1.0, 1.27];[2.007, 1.674, 1.777]
24;21207.413;503.314;3548.379;63.283;218.361;1863.721;0.0;2949.0;15292.0;33422.498;5392.644;-6822.441;39.678;17;128;[2.187, 1.74, 1.519, 1.3, 1.27];[2.206, 1.674, 1.777]
25;21207.413;503.314;3548.379;63.283;218.361;1863.721;0.0;2949.0;15292.0;33422.498;5392.644;-6822.441;21.782;17;128;[2.187, 1.666, 1.519, 1.3, 1.27];[2.085, 1.674, 1.777]
26;21207.413;503.314;3548.379;63.283;218.361;1863.721;0.0;2949.0;15292.0;33422.498;5392.644;-6822.441;15.312;17;128;[2.187, 1.666, 1.519, 1.27, 1.27];[1.977, 1.674, 1.777]
27;21207.413;503.314;3548.379;63.283;218.361;1863.721;0.0;2949.0;15292.0;33422.498;5392.644;-6822.441;14.759;17;128;[2.187, 1.599, 1.519, 1.27, 1.27];[1.977, 1.674, 1.699]
28;21017.859;522.591;3612.637;56.448;222.993;1690.632;0.0;2949.0;15192.0;33422.498;5392.644;-7011.995;102.604;17;128;[2.187, 1.599, 1.519, 1.27, 1.543];[2.179, 1.674, 1.699]
29;21017.859;522.591;3612.637;56.448;222.993;1690.632;0.0;2949.0;15192.0;33422.498;5392.644;-7011.995;14.468;17;128;[2.187, 1.599, 1.519, 1.243, 1.543];[2.179, 1.674, 1.629]
30;21017.859;522.591;3612.637;56.448;222.993;1690.632;0.0;2949.0;15192.0;33422.498;5392.644;-7011.995;15.541;17;128;[2.187, 1.599, 1.519, 1.243, 1.489];[2.179, 1.674, 1.566]
31;20950.541;493.268;3514.894;54.098;206.82;1613.378;0.0;3126.0;15329.0;33422.498;5392.644;-7079.313;87.468;17;128;[2.187, 1.599, 1.519, 1.243, 1.74];[2.361, 1.674, 1.566]
32;20950.541;493.268;3514.894;54.098;206.82;1613.378;0.0;3126.0;15329.0;33422.498;5392.644;-7079.313;45.253;17;128;[2.187, 1.599, 1.467, 1.243, 1.74];[2.361, 1.607, 1.566]
33;20950.541;493.268;3514.894;54.098;206.82;1613.378;0.0;3126.0;15329.0;33422.498;5392.644;-7079.313;40.187;17;128;[2.187, 1.599, 1.42, 1.243, 1.74];[2.361, 1.546, 1.566]
34;20950.541;493.268;3514.894;54.098;206.82;1613.378;0.0;3126.0;15329.0;33422.498;5392.644;-7079.313;40.947;17;128;[2.187, 1.599, 1.42, 1.243, 1.666];[2.225, 1.546, 1.566]
35;20950.541;493.268;3514.894;54.098;206.82;1613.378;0.0;3126.0;15329.0;33422.498;5392.644;-7079.313;3.829;17;128;[2.187, 1.599, 1.378, 1.243, 1.666];[2.225, 1.546, 1.509]
36;20950.541;493.268;3514.894;54.098;206.82;1613.378;0.0;3126.0;15329.0;33422.498;5392.644;-7079.313;66.302;17;128;[2.068, 1.599, 1.378, 1.243, 1.666];[2.225, 1.491, 1.509]
37;20950.541;493.268;3514.894;54.098;206.82;1613.378;0.0;3126.0;15329.0;33422.498;5392.644;-7079.313;22.211;17;128;[2.068, 1.599, 1.378, 1.243, 1.599];[2.103, 1.491, 1.509]
38;20950.541;493.268;3514.894;54.098;206.82;1613.378;0.0;3126.0;15329.0;33422.498;5392.644;-7079.313;7.815;17;128;[2.068, 1.599, 1.378, 1.219, 1.599];[2.103, 1.491, 1.458]
39;20950.541;493.268;3514.894;54.098;206.82;1613.378;0.0;3126.0;15329.0;33422.498;5392.644;-7079.313;10.333;17;128;[2.068, 1.539, 1.378, 1.219, 1.599];[2.103, 1.491, 1.412]
40;20950.541;493.268;3514.894;54.098;206.82;1613.378;0.0;3126.0;15329.0;33422.498;5392.644;-7079.313;11.238;17;128;[2.161, 1.539, 1.378, 1.219, 1.599];[2.103, 1.491, 1.571]
41;20950.541;493.268;3514.894;54.098;206.82;1613.378;0.0;3126.0;15329.0;33422.498;5392.644;-7079.313;81.402;17;128;[2.161, 1.539, 1.378, 1.219, 1.539];[2.103, 1.442, 1.571]
42;20950.541;493.268;3514.894;54.098;206.82;1613.378;0.0;3126.0;15329.0;33422.498;5392.644;-7079.313;69.958;17;128;[2.045, 1.539, 1.378, 1.219, 1.539];[2.103, 1.398, 1.571]
43;20950.541;493.268;3514.894;54.098;206.82;1613.378;0.0;3126.0;15329.0;33422.498;5392.644;-7079.313;6.424;17;128;[2.045, 1.539, 1.34, 1.219, 1.539];[2.103, 1.398, 1.514]
44;20950.541;493.268;3514.894;54.098;206.82;1613.378;0.0;3126.0;15329.0;33422.498;5392.644;-7079.313;41.868;17;128;[1.941, 1.539, 1.34, 1.219, 1.539];[2.103, 1.358, 1.514]
45;20950.541;493.268;3514.894;54.098;206.82;1613.378;0.0;3126.0;15329.0;33422.498;5392.644;-7079.313;51.426;17;128;[1.941, 1.539, 1.306, 1.219, 1.539];[2.103, 1.322, 1.514]
46;20950.541;493.268;3514.894;54.098;206.82;1613.378;0.0;3126.0;15329.0;33422.498;5392.644;-7079.313;8.837;17;128;[1.941, 1.485, 1.306, 1.219, 1.539];[2.103, 1.322, 1.463]
47;20950.541;493.268;3514.894;54.098;206.82;1613.378;0.0;3126.0;15329.0;33422.498;5392.644;-7079.313;33.395;17;128;[1.941, 1.485, 1.275, 1.219, 1.539];[1.993, 1.322, 1.463]
48;20950.541;493.268;3514.894;54.098;206.82;1613.378;0.0;3126.0;15329.0;33422.498;5392.644;-7079.313;11.636;17;128;[2.047, 1.485, 1.275, 1.219, 1.539];[1.993, 1.322, 1.617]
49;20950.541;493.268;3514.894;54.098;206.82;1613.378;0.0;3126.0;15329.0;33422.498;5392.644;-7079.313;16.221;17;128;[2.142, 1.485, 1.275, 1.219, 1.539];[1.993, 1.322, 1.755]
617constructshop:False depot:True weather:True;21610.786;546.304;3658.014;76.412;245.767;2232.467;0.0;2670.0;15174.0;32566.478;6248.664;-4707.028;251.366;19;128;[1.0, 1.0, 1.0, 1.0, 1.0];[1.0, 1.0, 1.0]
0;21227.806;528.651;3605.171;75.466;237.867;2199.984;0.0;2770.0;14894.0;32756.906;6058.236;-5470.864;337.476;19;128;[1.0, 1.0, 1.0, 1.0, 1.3];[1.3, 1.0, 1.0]
1;20988.081;528.514;3604.715;67.29;231.318;1980.851;0.0;2890.0;14874.0;32756.906;6058.236;-5710.589;131.065;19;128;[1.0, 1.0, 1.0, 1.0, 1.57];[1.57, 1.0, 1.0]
2;20988.081;528.514;3604.715;67.29;231.318;1980.851;0.0;2890.0;14874.0;32756.906;6058.236;-5710.589;114.207;19;128;[1.0, 1.0, 1.0, 1.0, 1.57];[1.513, 1.0, 1.0]
3;20732.034;501.407;3514.355;66.338;219.473;1944.272;0.0;2712.0;14772.0;32756.906;6058.236;-5966.636;98.457;19;128;[1.0, 1.0, 1.3, 1.0, 1.57];[1.762, 1.0, 1.0]
4;20715.931;498.274;3503.913;66.338;216.944;1941.743;0.0;2712.0;14772.0;32756.906;6058.236;-5982.739;87.602;19;128;[1.0, 1.0, 1.3, 1.3, 1.57];[1.762, 1.3, 1.0]
5;20677.34;514.688;3558.627;61.919;221.14;1831.025;0.0;2791.0;14773.0;32756.906;6058.236;-6021.33;11.83;19;128;[1.0, 1.0, 1.3, 1.57, 1.57];[1.762, 1.3, 1.3]
6;20677.34;514.688;3558.627;61.919;221.14;1831.025;0.0;2791.0;14773.0;32756.906;6058.236;-6021.33;9.214;19;128;[1.0, 1.0, 1.3, 1.513, 1.57];[1.762, 1.3, 1.27]
7;20677.34;514.688;3558.627;61.919;221.14;1831.025;0.0;2791.0;14773.0;32756.906;6058.236;-6021.33;18.065;19;128;[1.0, 1.0, 1.3, 1.462, 1.57];[1.686, 1.3, 1.27]
8;20677.34;514.688;3558.627;61.919;221.14;1831.025;0.0;2791.0;14773.0;32756.906;6058.236;-6021.33;19.045;19;128;[1.0, 1.0, 1.3, 1.462, 1.513];[1.686, 1.3, 1.243]
9;20677.34;514.688;3558.627;61.919;221.14;1831.025;0.0;2791.0;14773.0;32756.906;6058.236;-6021.33;19.396;19;128;[1.0, 1.0, 1.3, 1.462, 1.462];[1.686, 1.3, 1.219]
10;20677.34;514.688;3558.627;61.919;221.14;1831.025;0.0;2791.0;14773.0;32756.906;6058.236;-6021.33;13.588;19;128;[1.0, 1.0, 1.3, 1.416, 1.462];[1.686, 1.3, 1.197]
11;20677.34;514.688;3558.627;61.919;221.14;1831.025;0.0;2791.0;14773.0;32756.906;6058.236;-6021.33;74.706;19;128;[1.0, 1.0, 1.3, 1.416, 1.416];[1.617, 1.3, 1.197]
12;20509.192;497.741;3502.137;64.654;215.302;1896.315;0.0;2949.0;14613.0;32756.906;6058.236;-6189.478;83.901;19;128;[1.0, 1.0, 1.57, 1.416, 1.416];[1.617, 1.57, 1.197]
13;20509.192;497.741;3502.137;64.654;215.302;1896.315;0.0;2949.0;14613.0;32756.906;6058.236;-6189.478;93.186;19;128;[1.0, 1.0, 1.57, 1.416, 1.416];[1.617, 1.513, 1.197]
14;20509.192;497.741;3502.137;64.654;215.302;1896.315;0.0;2949.0;14613.0;32756.906;6058.236;-6189.478;66.007;19;128;[1.0, 1.0, 1.513, 1.416, 1.416];[1.617, 1.462, 1.197]
15;20509.192;497.741;3502.137;64.654;215.302;1896.315;0.0;2949.0;14613.0;32756.906;6058.236;-6189.478;26.345;19;128;[1.0, 1.0, 1.513, 1.574, 1.416];[1.617, 1.616, 1.197]
16;20509.192;497.741;3502.137;64.654;215.302;1896.315;0.0;2949.0;14613.0;32756.906;6058.236;-6189.478;34.871;19;128;[1.0, 1.0, 1.462, 1.574, 1.416];[1.617, 1.554, 1.197]
17;20509.192;497.741;3502.137;64.654;215.302;1896.315;0.0;2949.0;14613.0;32756.906;6058.236;-6189.478;20.823;19;128;[1.0, 1.0, 1.462, 1.574, 1.416];[1.617, 1.554, 1.177]
18;20509.192;497.741;3502.137;64.654;215.302;1896.315;0.0;2949.0;14613.0;32756.906;6058.236;-6189.478;76.971;19;128;[1.2, 1.0, 1.462, 1.574, 1.416];[1.755, 1.554, 1.177]
19;20509.192;497.741;3502.137;64.654;215.302;1896.315;0.0;2949.0;14613.0;32756.906;6058.236;-6189.478;19.736;19;128;[1.2, 1.0, 1.462, 1.717, 1.416];[1.755, 1.699, 1.177]
20;20509.192;497.741;3502.137;64.654;215.302;1896.315;0.0;2949.0;14613.0;32756.906;6058.236;-6189.478;50.835;19;128;[1.2, 1.0, 1.462, 1.717, 1.416];[1.755, 1.629, 1.177]
21;20509.192;497.741;3502.137;64.654;215.302;1896.315;0.0;2949.0;14613.0;32756.906;6058.236;-6189.478;15.574;19;128;[1.2, 1.0, 1.462, 1.845, 1.416];[1.755, 1.766, 1.177]
22;20445.241;507.42;3534.401;68.643;224.698;2009.42;0.0;2316.0;14394.0;32756.906;6058.236;-6253.429;41.982;19;128;[1.2, 1.0, 1.716, 1.845, 1.416];[1.755, 1.989, 1.177]
23;20445.241;507.42;3534.401;68.643;224.698;2009.42;0.0;2316.0;14394.0;32756.906;6058.236;-6253.429;48.68;19;128;[1.2, 1.0, 1.716, 1.845, 1.374];[1.679, 1.989, 1.177]
24;20445.241;507.42;3534.401;68.643;224.698;2009.42;0.0;2316.0;14394.0;32756.906;6058.236;-6253.429;29.937;19;128;[1.2, 1.0, 1.644, 1.845, 1.374];[1.679, 1.89, 1.177]
25;20436.164;506.263;3530.544;68.521;223.818;2005.357;0.0;2316.0;14394.0;32756.906;6058.236;-6262.506;9.037;19;128;[1.2, 1.0, 1.88, 1.845, 1.374];[1.911, 1.89, 1.177]
26;20436.164;506.263;3530.544;68.521;223.818;2005.357;0.0;2316.0;14394.0;32756.906;6058.236;-6262.506;41.076;19;128;[1.2, 1.0, 1.88, 1.845, 1.337];[1.82, 1.89, 1.177]
27;20436.164;506.263;3530.544;68.521;223.818;2005.357;0.0;2316.0;14394.0;32756.906;6058.236;-6262.506;17.834;19;128;[1.2, 1.0, 1.88, 1.961, 1.337];[1.82, 2.001, 1.177]
28;20436.164;506.263;3530.544;68.521;223.818;2005.357;0.0;2316.0;14394.0;32756.906;6058.236;-6262.506;8.96;19;128;[1.2, 1.0, 1.88, 2.065, 1.337];[1.82, 2.101, 1.177]
29;20436.164;506.263;3530.544;68.521;223.818;2005.357;0.0;2316.0;14394.0;32756.906;6058.236;-6262.506;11.539;19;128;[1.18, 1.0, 1.88, 2.065, 1.337];[1.82, 2.101, 1.159]
30;20299.33;496.533;3498.108;65.043;219.58;1910.69;0.0;2316.0;14394.0;32756.906;6058.236;-6399.34;54.337;19;128;[1.18, 1.0, 1.88, 2.065, 1.603];[1.82, 2.291, 1.159]
31;20299.33;496.533;3498.108;65.043;219.58;1910.69;0.0;2316.0;14394.0;32756.906;6058.236;-6399.34;74.45;19;128;[1.162, 1.0, 1.88, 2.065, 1.603];[1.738, 2.291, 1.159]
32;20299.33;496.533;3498.108;65.043;219.58;1910.69;0.0;2316.0;14394.0;32756.906;6058.236;-6399.34;10.492;19;128;[1.162, 1.0, 1.792, 2.065, 1.603];[1.738, 2.291, 1.143]
33;20299.33;496.533;3498.108;65.043;219.58;1910.69;0.0;2316.0;14394.0;32756.906;6058.236;-6399.34;7.862;19;128;[1.162, 1.0, 1.792, 1.959, 1.603];[1.738, 2.291, 1.129]
34;20299.33;496.533;3498.108;65.043;219.58;1910.69;0.0;2316.0;14394.0;32756.906;6058.236;-6399.34;25.463;19;128;[1.162, 1.0, 1.792, 2.063, 1.603];[1.738, 2.362, 1.129]
35;20299.33;496.533;3498.108;65.043;219.58;1910.69;0.0;2316.0;14394.0;32756.906;6058.236;-6399.34;29.131;19;128;[1.162, 1.0, 1.913, 2.063, 1.603];[1.738, 2.426, 1.129]
36;20058.915;474.252;3423.839;48.797;195.101;1463.824;0.0;2571.0;14697.0;32756.906;6058.236;-6639.755;15.989;19;128;[1.162, 1.0, 1.913, 2.063, 1.843];[1.738, 2.426, 1.416]
37;20058.915;474.252;3423.839;48.797;195.101;1463.824;0.0;2571.0;14697.0;32756.906;6058.236;-6639.755;28.659;19;128;[1.162, 1.0, 1.822, 2.063, 1.843];[1.664, 2.426, 1.416]
38;20058.915;474.252;3423.839;48.797;195.101;1463.824;0.0;2571.0;14697.0;32756.906;6058.236;-6639.755;6.811;19;128;[1.162, 1.0, 1.74, 2.063, 1.843];[1.598, 2.426, 1.416]
39;20058.915;474.252;3423.839;48.797;195.101;1463.824;0.0;2571.0;14697.0;32756.906;6058.236;-6639.755;85.778;19;128;[1.162, 1.0, 1.74, 2.063, 1.759];[1.538, 2.426, 1.416]
40;20058.915;474.252;3423.839;48.797;195.101;1463.824;0.0;2571.0;14697.0;32756.906;6058.236;-6639.755;9.901;19;128;[1.162, 1.0, 1.666, 2.063, 1.759];[1.538, 2.283, 1.416]
41;20058.915;474.252;3423.839;48.797;195.101;1463.824;0.0;2571.0;14697.0;32756.906;6058.236;-6639.755;4.438;19;128;[1.162, 1.0, 1.599, 2.063, 1.759];[1.538, 2.283, 1.374]
42;20058.915;474.252;3423.839;48.797;195.101;1463.824;0.0;2571.0;14697.0;32756.906;6058.236;-6639.755;19.733;19;128;[1.162, 1.0, 1.599, 1.957, 1.759];[1.484, 2.283, 1.374]
43;20058.915;474.252;3423.839;48.797;195.101;1463.824;0.0;2571.0;14697.0;32756.906;6058.236;-6639.755;46.886;19;128;[1.162, 1.0, 1.599, 1.957, 1.683];[1.484, 2.155, 1.374]
44;20058.915;474.252;3423.839;48.797;195.101;1463.824;0.0;2571.0;14697.0;32756.906;6058.236;-6639.755;35.64;19;128;[1.146, 1.0, 1.599, 1.957, 1.683];[1.484, 2.039, 1.374]
45;20058.915;474.252;3423.839;48.797;195.101;1463.824;0.0;2571.0;14697.0;32756.906;6058.236;-6639.755;24.599;19;128;[1.146, 1.0, 1.599, 1.957, 1.615];[1.436, 2.039, 1.374]
46;20058.915;474.252;3423.839;48.797;195.101;1463.824;0.0;2571.0;14697.0;32756.906;6058.236;-6639.755;26.963;19;128;[1.146, 1.0, 1.599, 1.957, 1.554];[1.436, 1.935, 1.374]
47;20058.915;474.252;3423.839;48.797;195.101;1463.824;0.0;2571.0;14697.0;32756.906;6058.236;-6639.755;7.165;19;128;[1.146, 1.0, 1.599, 1.861, 1.554];[1.436, 1.935, 1.337]
48;20058.915;474.252;3423.839;48.797;195.101;1463.824;0.0;2571.0;14697.0;32756.906;6058.236;-6639.755;50.222;19;128;[1.131, 1.0, 1.599, 1.861, 1.554];[1.392, 1.935, 1.337]
49;20058.915;474.252;3423.839;48.797;195.101;1463.824;0.0;2571.0;14697.0;32756.906;6058.236;-6639.755;10.274;19;128;[1.131, 1.0, 1.599, 1.975, 1.554];[1.553, 1.935, 1.337]
618constructshop:False depot:True weather:True;21780.702;542.284;3663.28;67.957;236.265;2003.138;0.0;2871.0;15572.0;33123.002;5692.14;-5650.16;248.667;19;128;[1.0, 1.0, 1.0, 1.0, 1.0];[1.0, 1.0, 1.0]
0;21349.483;553.73;3701.432;58.524;237.698;1759.321;0.0;2850.0;15335.0;33123.002;5692.14;-6081.379;69.714;18;128;[1.0, 1.0, 1.0, 1.0, 1.3];[1.0, 1.0, 1.3]
1;21349.483;553.73;3701.432;58.524;237.698;1759.321;0.0;2850.0;15335.0;33123.002;5692.14;-6081.379;36.433;18;128;[1.0, 1.0, 1.0, 1.0, 1.3];[1.0, 1.0, 1.27]
2;21276.09;544.116;3669.386;59.64;235.937;1786.589;0.0;2851.0;15276.0;33123.002;5692.14;-6154.772;42.476;18;128;[1.0, 1.0, 1.0, 1.0, 1.57];[1.0, 1.0, 1.543]
3;21142.406;533.683;3634.612;65.53;234.331;1938.111;0.0;2613.0;15036.0;33123.002;5692.14;-6288.456;237.323;18;128;[1.0, 1.0, 1.0, 1.0, 1.813];[1.3, 1.0, 1.543]
4;20966.958;527.322;3613.407;60.038;229.249;1790.23;0.0;2613.0;15036.0;33123.002;5692.14;-6463.904;47.666;18;128;[1.0, 1.0, 1.0, 1.0, 2.032];[1.57, 1.0, 1.543]
5;20966.958;527.322;3613.407;60.038;229.249;1790.23;0.0;2613.0;15036.0;33123.002;5692.14;-6463.904;22.937;18;128;[1.0, 1.0, 1.0, 1.0, 2.129];[1.713, 1.0, 1.543]
6;20966.958;527.322;3613.407;60.038;229.249;1790.23;0.0;2613.0;15036.0;33123.002;5692.14;-6463.904;22.934;18;128;[1.0, 1.0, 1.0, 1.0, 2.216];[1.842, 1.0, 1.543]
7;20966.958;527.322;3613.407;60.038;229.249;1790.23;0.0;2613.0;15036.0;33123.002;5692.14;-6463.904;22.919;18;128;[1.0, 1.0, 1.0, 1.0, 2.294];[1.958, 1.0, 1.543]
8;20966.958;527.322;3613.407;60.038;229.249;1790.23;0.0;2613.0;15036.0;33123.002;5692.14;-6463.904;129.677;18;128;[1.0, 1.0, 1.0, 1.0, 2.294];[1.958, 1.0, 1.543]
9;20966.958;527.322;3613.407;60.038;229.249;1790.23;0.0;2613.0;15036.0;33123.002;5692.14;-6463.904;78.354;18;128;[1.0, 1.2, 1.0, 1.0, 2.294];[2.062, 1.0, 1.543]
10;20939.318;533.534;3634.115;58.666;232.362;1757.669;0.0;2851.0;15014.0;33123.002;5692.14;-6491.544;116.502;18;128;[1.3, 1.2, 1.0, 1.0, 2.294];[2.062, 1.3, 1.543]
11;20939.318;533.534;3634.115;58.666;232.362;1757.669;0.0;2851.0;15014.0;33123.002;5692.14;-6491.544;65.342;18;128;[1.3, 1.2, 1.0, 1.0, 2.165];[2.062, 1.27, 1.543]
12;20939.318;533.534;3634.115;58.666;232.362;1757.669;0.0;2851.0;15014.0;33123.002;5692.14;-6491.544;134.587;18;128;[1.3, 1.18, 1.0, 1.0, 2.165];[1.956, 1.27, 1.543]
13;20930.915;522.694;3597.98;60.299;228.467;1796.241;0.0;2851.0;15014.0;33123.002;5692.14;-6499.947;26.695;18;128;[1.3, 1.18, 1.0, 1.0, 2.349];[2.16, 1.27, 1.543]
14;20930.915;522.694;3597.98;60.299;228.466;1796.241;0.0;2851.0;15014.0;33123.002;5692.14;-6499.947;26.418;18;128;[1.3, 1.18, 1.0, 1.0, 2.514];[2.344, 1.27, 1.543]
15;20930.915;522.694;3597.98;60.299;228.466;1796.241;0.0;2851.0;15014.0;33123.002;5692.14;-6499.947;21.209;18;128;[1.3, 1.18, 1.0, 1.0, 2.363];[2.21, 1.27, 1.543]
16;20930.915;522.694;3597.98;60.299;228.466;1796.241;0.0;2851.0;15014.0;33123.002;5692.14;-6499.947;21.188;18;128;[1.3, 1.18, 1.0, 1.0, 2.427];[2.289, 1.27, 1.543]
17;20870.155;513.502;3567.342;59.588;227.028;1776.31;0.0;2832.0;15013.0;33123.002;5692.14;-6560.707;22.235;18;128;[1.3, 1.18, 1.0, 1.3, 2.427];[2.289, 1.27, 1.789]
18;20870.155;513.502;3567.342;59.588;227.028;1776.31;0.0;2832.0;15013.0;33123.002;5692.14;-6560.707;21.783;18;128;[1.3, 1.162, 1.0, 1.3, 2.427];[2.16, 1.27, 1.789]
19;20726.61;492.361;3496.871;62.615;217.388;1845.378;0.0;2615.0;14892.0;33123.002;5692.14;-6704.252;118.191;18;128;[1.3, 1.162, 1.3, 1.3, 2.427];[2.16, 1.543, 1.789]
20;20639.185;490.881;3491.938;62.615;217.377;1845.366;0.0;2457.0;14811.0;33123.002;5692.14;-6791.677;83.152;18;128;[1.57, 1.162, 1.3, 1.3, 2.427];[2.344, 1.543, 1.789]
21;20639.185;490.881;3491.938;62.615;217.377;1845.366;0.0;2457.0;14811.0;33123.002;5692.14;-6791.677;26.775;18;128;[1.57, 1.162, 1.3, 1.3, 2.284];[2.344, 1.543, 1.71]
22;20639.185;490.881;3491.938;62.615;217.377;1845.366;0.0;2457.0;14811.0;33123.002;5692.14;-6791.677;81.936;18;128;[1.57, 1.162, 1.3, 1.3, 2.156];[2.344, 1.489, 1.71]
23;20639.185;490.881;3491.938;62.615;217.377;1845.366;0.0;2457.0;14811.0;33123.002;5692.14;-6791.677;77.387;18;128;[1.513, 1.162, 1.3, 1.3, 2.156];[2.21, 1.489, 1.71]
24;20639.185;490.881;3491.938;62.615;217.377;1845.366;0.0;2457.0;14811.0;33123.002;5692.14;-6791.677;55.395;18;128;[1.513, 1.146, 1.3, 1.3, 2.156];[2.089, 1.489, 1.71]
25;20639.185;490.881;3491.938;62.615;217.377;1845.366;0.0;2457.0;14811.0;33123.002;5692.14;-6791.677;40.625;18;128;[1.462, 1.146, 1.3, 1.3, 2.156];[1.98, 1.489, 1.71]
26;20639.185;490.881;3491.938;62.615;217.377;1845.366;0.0;2457.0;14811.0;33123.002;5692.14;-6791.677;10.865;18;128;[1.462, 1.146, 1.3, 1.27, 2.156];[1.98, 1.489, 1.639]
27;20639.185;490.881;3491.938;62.615;217.377;1845.366;0.0;2457.0;14811.0;33123.002;5692.14;-6791.677;7.036;18;128;[1.462, 1.146, 1.3, 1.443, 2.156];[1.98, 1.489, 1.775]
28;20639.185;490.881;3491.938;62.615;217.377;1845.366;0.0;2457.0;14811.0;33123.002;5692.14;-6791.677;8.966;18;128;[1.462, 1.131, 1.3, 1.443, 2.156];[1.98, 1.489, 1.698]
29;20639.185;490.881;3491.938;62.615;217.377;1845.366;0.0;2457.0;14811.0;33123.002;5692.14;-6791.677;2.581;18;128;[1.462, 1.118, 1.3, 1.443, 2.156];[1.98, 1.489, 1.628]
30;20639.185;490.881;3491.938;62.615;217.377;1845.366;0.0;2457.0;14811.0;33123.002;5692.14;-6791.677;52.456;18;128;[1.462, 1.118, 1.47, 1.443, 2.156];[1.98, 1.64, 1.628]
31;20639.185;490.881;3491.938;62.615;217.377;1845.366;0.0;2457.0;14811.0;33123.002;5692.14;-6791.677;74.32;18;128;[1.462, 1.118, 1.47, 1.443, 2.04];[1.882, 1.64, 1.628]
32;20639.185;490.881;3491.938;62.615;217.377;1845.366;0.0;2457.0;14811.0;33123.002;5692.14;-6791.677;46.219;18;128;[1.416, 1.118, 1.47, 1.443, 2.04];[1.794, 1.64, 1.628]
33;20639.185;490.881;3491.938;62.615;217.377;1845.366;0.0;2457.0;14811.0;33123.002;5692.14;-6791.677;12.198;18;128;[1.416, 1.118, 1.47, 1.399, 2.04];[1.794, 1.64, 1.565]
34;20639.185;490.881;3491.938;62.615;217.377;1845.366;0.0;2457.0;14811.0;33123.002;5692.14;-6791.677;63.924;18;128;[1.416, 1.118, 1.47, 1.399, 2.136];[1.794, 1.776, 1.565]
35;20639.185;490.881;3491.938;62.615;217.377;1845.366;0.0;2457.0;14811.0;33123.002;5692.14;-6791.677;14.405;18;128;[1.416, 1.118, 1.47, 1.559, 2.136];[1.794, 1.776, 1.709]
36;20639.185;490.881;3491.938;62.615;217.377;1845.366;0.0;2457.0;14811.0;33123.002;5692.14;-6791.677;38.529;18;128;[1.416, 1.306, 1.47, 1.559, 2.136];[1.915, 1.776, 1.709]
37;20639.185;490.881;3491.938;62.615;217.377;1845.366;0.0;2457.0;14811.0;33123.002;5692.14;-6791.677;61.689;18;128;[1.416, 1.475, 1.47, 1.559, 2.136];[2.024, 1.776, 1.709]
38;20639.185;490.881;3491.938;62.615;217.377;1845.366;0.0;2457.0;14811.0;33123.002;5692.14;-6791.677;42.773;18;128;[1.416, 1.475, 1.47, 1.559, 2.222];[2.122, 1.776, 1.709]
39;20639.185;490.881;3491.938;62.615;217.377;1845.366;0.0;2457.0;14811.0;33123.002;5692.14;-6791.677;17.219;18;128;[1.416, 1.475, 1.47, 1.559, 2.1];[2.122, 1.776, 1.638]
40;20639.185;490.881;3491.938;62.615;217.377;1845.366;0.0;2457.0;14811.0;33123.002;5692.14;-6791.677;15.402;18;128;[1.416, 1.475, 1.423, 1.559, 2.1];[2.122, 1.776, 1.574]
41;20639.185;490.881;3491.938;62.615;217.377;1845.366;0.0;2457.0;14811.0;33123.002;5692.14;-6791.677;27.891;18;128;[1.416, 1.475, 1.423, 1.559, 2.19];[2.21, 1.776, 1.574]
42;20639.185;490.881;3491.938;62.615;217.377;1845.366;0.0;2457.0;14811.0;33123.002;5692.14;-6791.677;23.209;18;128;[1.416, 1.428, 1.423, 1.559, 2.19];[2.21, 1.776, 1.517]
43;20639.185;490.881;3491.938;62.615;217.377;1845.366;0.0;2457.0;14811.0;33123.002;5692.14;-6791.677;8.021;18;128;[1.416, 1.385, 1.423, 1.559, 2.19];[2.21, 1.776, 1.465]
44;20639.185;490.881;3491.938;62.615;217.377;1845.366;0.0;2457.0;14811.0;33123.002;5692.14;-6791.677;10.158;18;128;[1.416, 1.385, 1.423, 1.559, 2.071];[2.21, 1.776, 1.419]
45;20639.185;490.881;3491.938;62.615;217.377;1845.366;0.0;2457.0;14811.0;33123.002;5692.14;-6791.677;30.917;18;128;[1.416, 1.385, 1.423, 1.503, 2.071];[2.089, 1.776, 1.419]
46;20639.185;490.881;3491.938;62.615;217.377;1845.366;0.0;2457.0;14811.0;33123.002;5692.14;-6791.677;43.217;18;128;[1.416, 1.347, 1.423, 1.503, 2.071];[2.089, 1.698, 1.419]
47;20639.185;490.881;3491.938;62.615;217.377;1845.366;0.0;2457.0;14811.0;33123.002;5692.14;-6791.677;11.472;18;128;[1.416, 1.312, 1.423, 1.503, 2.071];[2.089, 1.698, 1.377]
48;20639.185;490.881;3491.938;62.615;217.377;1845.366;0.0;2457.0;14811.0;33123.002;5692.14;-6791.677;10.746;18;128;[1.416, 1.481, 1.423, 1.503, 2.071];[2.18, 1.698, 1.377]
49;20639.185;490.881;3491.938;62.615;217.377;1845.366;0.0;2457.0;14811.0;33123.002;5692.14;-6791.677;15.869;18;128;[1.416, 1.481, 1.423, 1.653, 2.071];[2.18, 1.828, 1.377]
619constructshop:False depot:True weather:True;21864.336;563.807;3742.024;61.652;243.55;1846.505;0.0;3087.0;15712.0;33093.686;5721.456;-5507.894;249.682;19;128;[1.0, 1.0, 1.0, 1.0, 1.0];[1.0, 1.0, 1.0]
0;21856.713;558.726;3725.088;72.778;248.669;2140.898;0.0;2811.0;15432.0;33093.686;5721.456;-5515.517;302.152;18;128;[1.0, 1.0, 1.0, 1.0, 1.3];[1.0, 1.3, 1.0]
1;21398.933;533.649;3641.497;69.075;235.839;2031.787;0.0;2693.0;15192.0;33093.686;5721.456;-5973.297;137.275;18;128;[1.0, 1.0, 1.0, 1.0, 1.57];[1.3, 1.3, 1.0]
2;21398.933;533.649;3641.497;69.075;235.839;2031.787;0.0;2693.0;15192.0;33093.686;5721.456;-5973.297;83.138;18;128;[1.0, 1.0, 1.0, 1.0, 1.513];[1.3, 1.27, 1.0]
3;21027.509;538.007;3656.022;60.357;231.203;1800.48;0.0;2712.0;15033.0;33093.686;5721.456;-6344.721;48.924;18;128;[1.0, 1.0, 1.0, 1.0, 1.762];[1.57, 1.27, 1.0]
4;21027.509;538.007;3656.022;60.357;231.203;1800.48;0.0;2712.0;15033.0;33093.686;5721.456;-6344.721;79.321;18;128;[1.0, 1.0, 1.0, 1.0, 1.686];[1.57, 1.243, 1.0]
5;21027.509;538.007;3656.022;60.357;231.203;1800.48;0.0;2712.0;15033.0;33093.686;5721.456;-6344.721;20.246;18;128;[1.0, 1.0, 1.0, 1.0, 1.617];[1.57, 1.219, 1.0]
6;20937.483;522.819;3605.397;60.348;226.231;1795.267;0.0;2870.0;15014.0;33093.686;5721.456;-6434.747;34.085;18;128;[1.0, 1.0, 1.0, 1.3, 1.617];[1.57, 1.219, 1.3]
7;20937.483;522.819;3605.397;60.348;226.231;1795.267;0.0;2870.0;15014.0;33093.686;5721.456;-6434.747;13.785;18;128;[1.0, 1.0, 1.0, 1.3, 1.555];[1.57, 1.219, 1.27]
8;20871.32;540.067;3662.888;50.348;226.314;1535.365;0.0;2812.0;15133.0;33093.686;5721.456;-6500.91;104.553;18;128;[1.0, 1.0, 1.0, 1.57, 1.555];[1.813, 1.219, 1.27]
9;20871.32;540.067;3662.888;50.348;226.314;1535.365;0.0;2812.0;15133.0;33093.686;5721.456;-6500.91;22.417;18;128;[1.0, 1.2, 1.0, 1.57, 1.555];[1.813, 1.397, 1.27]
10;20871.32;540.067;3662.888;50.348;226.314;1535.365;0.0;2812.0;15133.0;33093.686;5721.456;-6500.91;15.946;18;128;[1.0, 1.2, 1.0, 1.713, 1.555];[1.932, 1.397, 1.27]
11;20871.32;540.067;3662.888;50.348;226.314;1535.365;0.0;2812.0;15133.0;33093.686;5721.456;-6500.91;9.949;18;128;[1.0, 1.2, 1.0, 1.842, 1.555];[2.039, 1.397, 1.27]
12;20871.32;540.067;3662.888;50.348;226.314;1535.365;0.0;2812.0;15133.0;33093.686;5721.456;-6500.91;89.176;18;128;[1.0, 1.2, 1.0, 1.842, 1.5];[2.039, 1.357, 1.27]
13;20871.32;540.067;3662.888;50.348;226.314;1535.365;0.0;2812.0;15133.0;33093.686;5721.456;-6500.91;16.563;18;128;[1.0, 1.2, 1.0, 1.758, 1.5];[2.039, 1.321, 1.27]
14;20871.32;540.067;3662.888;50.348;226.314;1535.365;0.0;2812.0;15133.0;33093.686;5721.456;-6500.91;12.043;18;128;[1.0, 1.2, 1.0, 1.882, 1.5];[2.039, 1.489, 1.27]
15;20668.012;530.466;3630.888;48.908;222.057;1493.658;0.0;2693.0;15013.0;33093.686;5721.456;-6704.218;93.059;18;128;[1.0, 1.2, 1.3, 1.882, 1.5];[2.235, 1.489, 1.27]
16;20608.976;522.368;3603.893;50.217;223.07;1528.715;0.0;2772.0;14954.0;33093.686;5721.456;-6763.254;19.907;18;128;[1.0, 1.2, 1.3, 1.882, 1.75];[2.235, 1.489, 1.543]
17;20608.976;522.368;3603.893;50.217;223.07;1528.715;0.0;2772.0;14954.0;33093.686;5721.456;-6763.254;90.5;18;128;[1.0, 1.2, 1.3, 1.882, 1.675];[2.111, 1.489, 1.543]
18;20608.976;522.368;3603.893;50.217;223.07;1528.715;0.0;2772.0;14954.0;33093.686;5721.456;-6763.254;23.274;18;128;[1.0, 1.2, 1.27, 1.882, 1.675];[2.111, 1.489, 1.489]
19;20608.976;522.368;3603.893;50.217;223.07;1528.715;0.0;2772.0;14954.0;33093.686;5721.456;-6763.254;98.524;18;128;[1.0, 1.2, 1.27, 1.882, 1.675];[2.111, 1.44, 1.489]
20;20608.976;522.368;3603.893;50.217;223.07;1528.715;0.0;2772.0;14954.0;33093.686;5721.456;-6763.254;81.152;18;128;[1.0, 1.2, 1.443, 1.882, 1.675];[2.2, 1.44, 1.489]
21;20608.976;522.368;3603.893;50.217;223.07;1528.715;0.0;2772.0;14954.0;33093.686;5721.456;-6763.254;51.33;18;128;[1.0, 1.2, 1.443, 1.882, 1.608];[2.08, 1.44, 1.489]
22;20608.976;522.368;3603.893;50.217;223.07;1528.715;0.0;2772.0;14954.0;33093.686;5721.456;-6763.254;30.559;18;128;[1.0, 1.2, 1.443, 1.882, 1.747];[2.172, 1.44, 1.489]
23;20608.976;522.368;3603.893;50.217;223.07;1528.715;0.0;2772.0;14954.0;33093.686;5721.456;-6763.254;16.247;18;128;[1.0, 1.2, 1.399, 1.882, 1.747];[2.172, 1.44, 1.44]
24;20608.976;522.368;3603.893;50.217;223.07;1528.715;0.0;2772.0;14954.0;33093.686;5721.456;-6763.254;54.685;18;128;[1.0, 1.2, 1.399, 1.882, 1.872];[2.255, 1.44, 1.44]
25;20608.976;522.368;3603.893;50.217;223.07;1528.715;0.0;2772.0;14954.0;33093.686;5721.456;-6763.254;10.1;18;128;[1.0, 1.38, 1.399, 1.882, 1.872];[2.255, 1.596, 1.44]
26;20608.976;522.368;3603.893;50.217;223.07;1528.715;0.0;2772.0;14954.0;33093.686;5721.456;-6763.254;49.643;18;128;[1.0, 1.38, 1.399, 1.882, 1.785];[2.255, 1.536, 1.44]
27;20608.976;522.368;3603.893;50.217;223.07;1528.715;0.0;2772.0;14954.0;33093.686;5721.456;-6763.254;8.982;18;128;[1.0, 1.38, 1.399, 1.794, 1.785];[2.255, 1.536, 1.396]
28;20608.976;522.368;3603.893;50.217;223.07;1528.715;0.0;2772.0;14954.0;33093.686;5721.456;-6763.254;22.261;18;128;[1.0, 1.38, 1.399, 1.794, 1.707];[2.13, 1.536, 1.396]
29;20608.976;522.368;3603.893;50.217;223.07;1528.715;0.0;2772.0;14954.0;33093.686;5721.456;-6763.254;35.451;18;128;[1.0, 1.542, 1.399, 1.794, 1.707];[2.13, 1.682, 1.396]
30;20608.976;522.368;3603.893;50.217;223.07;1528.715;0.0;2772.0;14954.0;33093.686;5721.456;-6763.254;42.465;18;128;[1.0, 1.488, 1.399, 1.794, 1.707];[2.017, 1.682, 1.396]
31;20608.976;522.368;3603.893;50.217;223.07;1528.715;0.0;2772.0;14954.0;33093.686;5721.456;-6763.254;11.536;18;128;[1.0, 1.488, 1.399, 1.915, 1.707];[2.017, 1.682, 1.556]
32;20608.976;522.368;3603.893;50.217;223.07;1528.715;0.0;2772.0;14954.0;33093.686;5721.456;-6763.254;48.702;18;128;[1.0, 1.488, 1.399, 1.915, 1.636];[1.915, 1.682, 1.556]
33;20608.976;522.368;3603.893;50.217;223.07;1528.715;0.0;2772.0;14954.0;33093.686;5721.456;-6763.254;4.786;18;128;[1.0, 1.488, 1.399, 1.915, 1.572];[1.915, 1.682, 1.5]
34;20608.976;522.368;3603.893;50.217;223.07;1528.715;0.0;2772.0;14954.0;33093.686;5721.456;-6763.254;39.525;18;128;[1.0, 1.488, 1.399, 1.915, 1.715];[1.915, 1.814, 1.5]
35;20608.976;522.368;3603.893;50.217;223.07;1528.715;0.0;2772.0;14954.0;33093.686;5721.456;-6763.254;12.203;18;128;[1.0, 1.488, 1.399, 1.824, 1.715];[1.915, 1.814, 1.45]
36;20608.976;522.368;3603.893;50.217;223.07;1528.715;0.0;2772.0;14954.0;33093.686;5721.456;-6763.254;23.578;18;128;[1.0, 1.439, 1.399, 1.824, 1.715];[1.824, 1.814, 1.45]
37;20608.976;522.368;3603.893;50.217;223.07;1528.715;0.0;2772.0;14954.0;33093.686;5721.456;-6763.254;32.156;18;128;[1.0, 1.439, 1.399, 1.742, 1.715];[1.824, 1.733, 1.45]
38;20608.976;522.368;3603.893;50.217;223.07;1528.715;0.0;2772.0;14954.0;33093.686;5721.456;-6763.254;29.504;18;128;[1.0, 1.595, 1.399, 1.742, 1.715];[1.942, 1.733, 1.45]
39;20608.976;522.368;3603.893;50.217;223.07;1528.715;0.0;2772.0;14954.0;33093.686;5721.456;-6763.254;35.967;18;128;[1.0, 1.595, 1.359, 1.742, 1.715];[1.848, 1.733, 1.45]
40;20608.976;522.368;3603.893;50.217;223.07;1528.715;0.0;2772.0;14954.0;33093.686;5721.456;-6763.254;11.385;18;128;[1.0, 1.595, 1.359, 1.668, 1.715];[1.763, 1.733, 1.45]
41;20608.976;522.368;3603.893;50.217;223.07;1528.715;0.0;2772.0;14954.0;33093.686;5721.456;-6763.254;100.244;18;128;[1.0, 1.736, 1.359, 1.668, 1.715];[1.887, 1.733, 1.45]
42;20608.976;522.368;3603.893;50.217;223.07;1528.715;0.0;2772.0;14954.0;33093.686;5721.456;-6763.254;16.825;18;128;[1.0, 1.736, 1.359, 1.668, 1.715];[1.887, 1.733, 1.405]
43;20608.976;522.368;3603.893;50.217;223.07;1528.715;0.0;2772.0;14954.0;33093.686;5721.456;-6763.254;16.796;18;128;[1.0, 1.862, 1.359, 1.668, 1.715];[1.998, 1.733, 1.405]
44;19915.567;485.919;3462.731;52.472;210.642;1574.917;0.0;2654.0;14392.0;32756.906;6058.236;-6783.103;118.812;19;128;[1.0, 2.076, 1.359, 1.668, 1.715];[1.998, 1.96, 1.405]
45;19915.567;485.919;3462.731;52.472;210.642;1574.917;0.0;2654.0;14392.0;32756.906;6058.236;-6783.103;64.307;19;128;[1.0, 2.076, 1.359, 1.668, 1.644];[1.898, 1.96, 1.405]
46;19915.567;485.919;3462.731;52.472;210.642;1574.917;0.0;2654.0;14392.0;32756.906;6058.236;-6783.103;27.99;19;128;[1.0, 2.076, 1.523, 1.668, 1.644];[1.898, 2.064, 1.405]
47;19915.567;485.919;3462.731;52.472;210.642;1574.917;0.0;2654.0;14392.0;32756.906;6058.236;-6783.103;16.36;19;128;[1.0, 2.168, 1.523, 1.668, 1.644];[2.008, 2.064, 1.405]
48;19915.567;485.919;3462.731;52.472;210.642;1574.917;0.0;2654.0;14392.0;32756.906;6058.236;-6783.103;57.178;19;128;[1.0, 2.168, 1.523, 1.668, 1.644];[1.907, 2.064, 1.405]
49;19915.567;485.919;3462.731;52.472;210.642;1574.917;0.0;2654.0;14392.0;32756.906;6058.236;-6783.103;11.806;19;128;[1.0, 2.251, 1.523, 1.668, 1.644];[1.907, 2.158, 1.405]
620constructshop:False depot:True weather:True;21563.946;546.316;3658.053;80.601;245.949;2341.578;0.0;2829.0;15018.0;32566.478;6248.664;-4753.868;263.981;19;128;[1.0, 1.0, 1.0, 1.0, 1.0];[1.0, 1.0, 1.0]
0;21308.219;515.264;3554.548;80.276;235.229;2322.407;0.0;2552.0;14916.0;32566.478;6248.664;-5009.595;220.13;20;128;[1.0, 1.0, 1.3, 1.0, 1.0];[1.3, 1.0, 1.0]
1;21163.934;500.673;3511.909;78.921;224.41;2276.352;0.0;2434.0;14875.0;32756.906;6058.236;-5534.736;163.533;19;128;[1.0, 1.0, 1.57, 1.0, 1.0];[1.57, 1.0, 1.0]
2;20654.198;486.03;3463.099;66.88;211.181;1950.069;0.0;2395.0;14755.0;32756.906;6058.236;-6044.472;120.751;19;128;[1.0, 1.0, 1.813, 1.0, 1.0];[1.57, 1.3, 1.0]
3;20654.198;486.03;3463.099;66.88;211.181;1950.069;0.0;2395.0;14755.0;32756.906;6058.236;-6044.472;33.19;19;128;[1.0, 1.0, 1.732, 1.0, 1.0];[1.57, 1.3, 1.0]
4;20383.767;475.115;3426.717;61.615;204.951;1806.935;0.0;2395.0;14675.0;32756.906;6058.236;-6314.903;38.037;19;128;[1.0, 1.3, 1.732, 1.0, 1.0];[1.57, 1.57, 1.0]
5;20318.589;474.967;3426.224;62.924;206.369;1842.398;0.0;2296.0;14575.0;32756.906;6058.236;-6380.081;78.598;19;128;[1.3, 1.3, 1.732, 1.0, 1.0];[1.813, 1.57, 1.0]
6;20318.589;474.967;3426.224;62.924;206.369;1842.398;0.0;2296.0;14575.0;32756.906;6058.236;-6380.081;23.131;19;128;[1.3, 1.3, 1.732, 1.0, 1.0];[1.813, 1.57, 1.0]
7;20318.589;474.967;3426.224;62.924;206.369;1842.398;0.0;2296.0;14575.0;32756.906;6058.236;-6380.081;96.861;19;128;[1.27, 1.3, 1.732, 1.0, 1.0];[1.813, 1.513, 1.0]
8;20318.589;474.967;3426.224;62.924;206.369;1842.398;0.0;2296.0;14575.0;32756.906;6058.236;-6380.081;27.885;19;128;[1.27, 1.3, 1.859, 1.0, 1.0];[1.813, 1.513, 1.2]
9;20318.589;474.967;3426.224;62.924;206.369;1842.398;0.0;2296.0;14575.0;32756.906;6058.236;-6380.081;60.729;19;128;[1.27, 1.3, 1.859, 1.0, 1.0];[1.732, 1.513, 1.2]
10;20168.021;485.458;3461.193;56.277;205.164;1668.37;0.0;2157.0;14553.0;32756.906;6058.236;-6530.649;194.282;19;128;[1.27, 1.3, 1.859, 1.0, 1.3];[1.732, 1.762, 1.2]
11;20168.021;485.458;3461.193;56.277;205.164;1668.37;0.0;2157.0;14553.0;32756.906;6058.236;-6530.649;80.195;19;128;[1.27, 1.3, 1.859, 1.0, 1.27];[1.659, 1.762, 1.2]
12;20168.021;485.458;3461.193;56.277;205.164;1668.37;0.0;2157.0;14553.0;32756.906;6058.236;-6530.649;82.624;19;128;[1.243, 1.3, 1.859, 1.0, 1.27];[1.593, 1.762, 1.2]
13;20168.021;485.458;3461.193;56.277;205.164;1668.37;0.0;2157.0;14553.0;32756.906;6058.236;-6530.649;53.359;19;128;[1.243, 1.3, 1.859, 1.0, 1.243];[1.593, 1.686, 1.2]
14;20168.021;485.458;3461.193;56.277;205.164;1668.37;0.0;2157.0;14553.0;32756.906;6058.236;-6530.649;80.718;19;128;[1.419, 1.3, 1.859, 1.0, 1.243];[1.734, 1.686, 1.2]
15;20168.021;485.458;3461.193;56.277;205.164;1668.37;0.0;2157.0;14553.0;32756.906;6058.236;-6530.649;57.432;19;128;[1.419, 1.3, 1.973, 1.0, 1.243];[1.734, 1.817, 1.2]
16;20168.021;485.458;3461.193;56.277;205.164;1668.37;0.0;2157.0;14553.0;32756.906;6058.236;-6530.649;33.573;19;128;[1.419, 1.3, 1.973, 1.2, 1.243];[1.861, 1.817, 1.2]
17;20168.021;485.458;3461.193;56.277;205.164;1668.37;0.0;2157.0;14553.0;32756.906;6058.236;-6530.649;10.808;19;128;[1.419, 1.3, 1.973, 1.38, 1.243];[1.975, 1.817, 1.2]
18;20168.021;485.458;3461.193;56.277;205.164;1668.37;0.0;2157.0;14553.0;32756.906;6058.236;-6530.649;9.106;19;128;[1.419, 1.3, 1.973, 1.342, 1.243];[1.975, 1.735, 1.2]
19;20168.021;485.458;3461.193;56.277;205.164;1668.37;0.0;2157.0;14553.0;32756.906;6058.236;-6530.649;23.681;19;128;[1.419, 1.3, 2.076, 1.342, 1.243];[2.078, 1.735, 1.2]
20;20168.021;485.458;3461.193;56.277;205.164;1668.37;0.0;2157.0;14553.0;32756.906;6058.236;-6530.649;33.412;19;128;[1.419, 1.3, 1.968, 1.342, 1.243];[2.078, 1.662, 1.2]
21;20168.021;485.458;3461.193;56.277;205.164;1668.37;0.0;2157.0;14553.0;32756.906;6058.236;-6530.649;8.72;19;128;[1.419, 1.3, 1.968, 1.308, 1.243];[1.97, 1.662, 1.2]
22;20168.021;485.458;3461.193;56.277;205.164;1668.37;0.0;2157.0;14553.0;32756.906;6058.236;-6530.649;55.104;19;128;[1.577, 1.3, 1.968, 1.308, 1.243];[2.073, 1.662, 1.2]
23;20168.021;485.458;3461.193;56.277;205.164;1668.37;0.0;2157.0;14553.0;32756.906;6058.236;-6530.649;68.847;19;128;[1.577, 1.3, 1.968, 1.308, 1.419];[2.073, 1.796, 1.2]
24;20168.021;485.458;3461.193;56.277;205.164;1668.37;0.0;2157.0;14553.0;32756.906;6058.236;-6530.649;26.627;19;128;[1.577, 1.47, 1.968, 1.308, 1.419];[2.166, 1.796, 1.2]
25;20168.021;485.458;3461.193;56.277;205.164;1668.37;0.0;2157.0;14553.0;32756.906;6058.236;-6530.649;48.456;19;128;[1.719, 1.47, 1.968, 1.308, 1.419];[2.166, 1.916, 1.2]
26;20168.021;485.458;3461.193;56.277;205.164;1668.37;0.0;2157.0;14553.0;32756.906;6058.236;-6530.649;11.205;19;128;[1.719, 1.47, 1.871, 1.308, 1.419];[2.166, 1.916, 1.18]
27;20168.021;485.458;3461.193;56.277;205.164;1668.37;0.0;2157.0;14553.0;32756.906;6058.236;-6530.649;50.622;19;128;[1.719, 1.47, 1.871, 1.308, 1.377];[2.166, 1.824, 1.18]
28;20168.021;485.458;3461.193;56.277;205.164;1668.37;0.0;2157.0;14553.0;32756.906;6058.236;-6530.649;38.876;19;128;[1.719, 1.47, 1.784, 1.308, 1.377];[2.166, 1.742, 1.18]
29;20168.021;485.458;3461.193;56.277;205.164;1668.37;0.0;2157.0;14553.0;32756.906;6058.236;-6530.649;22.947;19;128;[1.719, 1.47, 1.706, 1.308, 1.377];[2.049, 1.742, 1.18]
30;20168.021;485.458;3461.193;56.277;205.164;1668.37;0.0;2157.0;14553.0;32756.906;6058.236;-6530.649;30.979;19;128;[1.719, 1.47, 1.706, 1.308, 1.539];[2.144, 1.742, 1.18]
31;20168.021;485.458;3461.193;56.277;205.164;1668.37;0.0;2157.0;14553.0;32756.906;6058.236;-6530.649;21.279;19;128;[1.719, 1.47, 1.635, 1.308, 1.539];[2.03, 1.742, 1.18]
32;20168.021;485.458;3461.193;56.277;205.164;1668.37;0.0;2157.0;14553.0;32756.906;6058.236;-6530.649;9.732;19;128;[1.719, 1.623, 1.635, 1.308, 1.539];[2.03, 1.742, 1.362]
33;20168.021;485.458;3461.193;56.277;205.164;1668.37;0.0;2157.0;14553.0;32756.906;6058.236;-6530.649;29.707;19;128;[1.719, 1.623, 1.635, 1.277, 1.539];[2.03, 1.668, 1.362]
34;20168.021;485.458;3461.193;56.277;205.164;1668.37;0.0;2157.0;14553.0;32756.906;6058.236;-6530.649;8.901;19;128;[1.719, 1.623, 1.572, 1.277, 1.539];[2.03, 1.668, 1.326]
35;20168.021;485.458;3461.193;56.277;205.164;1668.37;0.0;2157.0;14553.0;32756.906;6058.236;-6530.649;16.974;19;128;[1.719, 1.561, 1.572, 1.277, 1.539];[2.03, 1.601, 1.326]
36;20061.079;435.71;3295.367;66.355;190.781;1916.001;0.0;2176.0;14414.0;32756.906;6058.236;-6637.591;55.42;19;128;[1.719, 1.561, 1.572, 1.277, 1.785];[2.227, 1.601, 1.326]
37;20061.079;435.71;3295.367;66.355;190.781;1916.001;0.0;2176.0;14414.0;32756.906;6058.236;-6637.591;13.076;19;128;[1.719, 1.505, 1.572, 1.277, 1.785];[2.227, 1.601, 1.293]
38;20061.079;435.71;3295.367;66.355;190.781;1916.001;0.0;2176.0;14414.0;32756.906;6058.236;-6637.591;85.865;19;128;[1.719, 1.655, 1.572, 1.277, 1.785];[2.227, 1.741, 1.293]
39;20061.079;435.71;3295.367;66.355;190.781;1916.001;0.0;2176.0;14414.0;32756.906;6058.236;-6637.591;3.093;19;128;[1.719, 1.59, 1.572, 1.277, 1.785];[2.227, 1.741, 1.264]
40;20061.079;435.71;3295.367;66.355;190.781;1916.001;0.0;2176.0;14414.0;32756.906;6058.236;-6637.591;12.286;19;128;[1.719, 1.59, 1.572, 1.249, 1.785];[2.227, 1.741, 1.238]
41;20061.079;435.71;3295.367;66.355;190.781;1916.001;0.0;2176.0;14414.0;32756.906;6058.236;-6637.591;1.379;19;128;[1.719, 1.531, 1.572, 1.249, 1.785];[2.227, 1.741, 1.214]
42;20061.079;435.71;3295.367;66.355;190.781;1916.001;0.0;2176.0;14414.0;32756.906;6058.236;-6637.591;19.358;19;128;[1.719, 1.678, 1.572, 1.249, 1.785];[2.304, 1.741, 1.214]
43;20004.13;450.881;3345.937;49.977;191.904;1491.312;0.0;2552.0;14716.0;32756.906;6058.236;-6694.54;18.272;19;128;[1.719, 1.678, 1.572, 1.249, 2.006];[2.304, 1.741, 1.493]
44;20004.13;450.881;3345.937;49.977;191.904;1491.312;0.0;2552.0;14716.0;32756.906;6058.236;-6694.54;99.613;19;128;[1.719, 1.61, 1.572, 1.249, 2.006];[2.304, 1.667, 1.493]
45;20004.13;450.881;3345.937;49.977;191.904;1491.312;0.0;2552.0;14716.0;32756.906;6058.236;-6694.54;60.176;19;128;[1.847, 1.61, 1.572, 1.249, 2.006];[2.304, 1.8, 1.493]
46;20004.13;450.881;3345.937;49.977;191.904;1491.312;0.0;2552.0;14716.0;32756.906;6058.236;-6694.54;14.56;19;128;[1.847, 1.61, 1.572, 1.224, 2.006];[2.304, 1.8, 1.444]
47;19980.427;450.709;3345.364;50.549;194.092;1508.353;0.0;2513.0;14676.0;32756.906;6058.236;-6718.243;14.571;19;128;[1.847, 1.849, 1.572, 1.224, 2.006];[2.474, 1.8, 1.444]
48;19557.824;436.737;3298.789;40.981;180.797;1246.298;0.0;2414.0;14576.0;32756.906;6058.236;-7140.846;58.91;19;128;[2.062, 1.849, 1.572, 1.224, 2.006];[2.474, 2.02, 1.444]
49;19557.824;436.737;3298.789;40.981;180.797;1246.298;0.0;2414.0;14576.0;32756.906;6058.236;-7140.846;10.511;19;128;[2.062, 1.764, 1.572, 1.224, 2.006];[2.474, 2.02, 1.4]
621constructshop:False depot:True weather:True;22317.823;537.848;3659.828;79.631;237.736;2308.146;0.0;3145.0;15812.0;33190.202;5624.94;-5247.439;217.933;19;128;[1.0, 1.0, 1.0, 1.0, 1.0];[1.0, 1.0, 1.0]
0;22317.823;537.848;3659.828;79.631;237.736;2308.146;0.0;3145.0;15812.0;33190.202;5624.94;-5247.439;179.989;19;128;[1.0, 1.0, 1.0, 1.0, 1.0];[1.0, 1.0, 1.0]
1;22317.823;537.848;3659.828;79.631;237.736;2308.146;0.0;3145.0;15812.0;33190.202;5624.94;-5247.439;16.003;19;128;[1.0, 1.0, 1.0, 1.0, 1.0];[1.0, 1.0, 1.0]
2;22317.823;537.848;3659.828;79.631;237.736;2308.146;0.0;3145.0;15812.0;33190.202;5624.94;-5247.439;13.643;19;128;[1.0, 1.0, 1.0, 1.2, 1.0];[1.0, 1.0, 1.2]
3;22300.87;521.773;3606.244;77.87;236.225;2260.853;0.0;3423.0;15912.0;33190.202;5624.94;-5264.392;161.615;18;128;[1.0, 1.0, 1.3, 1.2, 1.0];[1.3, 1.0, 1.2]
4;22300.87;521.773;3606.244;77.87;236.225;2260.853;0.0;3423.0;15912.0;33190.202;5624.94;-5264.392;115.428;18;128;[1.0, 1.0, 1.3, 1.2, 1.0];[1.3, 1.0, 1.2]
5;21984.89;530.916;3636.721;72.738;235.071;2126.253;0.0;3424.0;15691.0;33190.202;5624.94;-5580.372;157.246;18;128;[1.0, 1.0, 1.3, 1.2, 1.3];[1.57, 1.0, 1.2]
6;21984.89;530.916;3636.721;72.738;235.071;2126.253;0.0;3424.0;15691.0;33190.202;5624.94;-5580.372;22.074;18;128;[1.0, 1.0, 1.3, 1.18, 1.3];[1.57, 1.0, 1.18]
7;21984.89;530.916;3636.721;72.738;235.071;2126.253;0.0;3424.0;15691.0;33190.202;5624.94;-5580.372;28.779;18;128;[1.0, 1.0, 1.3, 1.18, 1.27];[1.57, 1.0, 1.162]
8;21984.89;530.916;3636.721;72.738;235.071;2126.253;0.0;3424.0;15691.0;33190.202;5624.94;-5580.372;107.451;18;128;[1.2, 1.0, 1.3, 1.18, 1.27];[1.57, 1.2, 1.162]
9;21812.57;509.17;3564.233;77.711;228.68;2249.167;0.0;3027.0;15490.0;33190.202;5624.94;-5752.692;89.693;18;128;[1.2, 1.0, 1.57, 1.18, 1.27];[1.57, 1.48, 1.162]
10;21812.57;509.17;3564.233;77.711;228.68;2249.167;0.0;3027.0;15490.0;33190.202;5624.94;-5752.692;21.6;18;128;[1.18, 1.0, 1.57, 1.18, 1.27];[1.57, 1.48, 1.146]
11;21812.57;509.17;3564.233;77.711;228.68;2249.167;0.0;3027.0;15490.0;33190.202;5624.94;-5752.692;24.766;18;128;[1.18, 1.0, 1.57, 1.162, 1.27];[1.57, 1.48, 1.131]
12;21621.827;505.956;3553.521;69.127;232.038;2029.35;0.0;3264.0;15533.0;33190.202;5624.94;-5943.435;19.484;18;128;[1.18, 1.3, 1.57, 1.162, 1.27];[1.57, 1.48, 1.418]
13;21621.827;505.956;3553.521;69.127;232.038;2029.35;0.0;3264.0;15533.0;33190.202;5624.94;-5943.435;23.51;18;128;[1.162, 1.3, 1.57, 1.162, 1.27];[1.57, 1.48, 1.376]
14;21621.827;505.956;3553.521;69.127;232.038;2029.35;0.0;3264.0;15533.0;33190.202;5624.94;-5943.435;58.097;18;128;[1.162, 1.27, 1.57, 1.162, 1.27];[1.57, 1.432, 1.376]
15;21517.172;531.212;3637.706;67.374;242.523;1994.254;0.0;3105.0;15354.0;33190.202;5624.94;-6048.09;118.205;18;128;[1.162, 1.543, 1.57, 1.162, 1.27];[1.813, 1.432, 1.376]
16;21505.78;547.581;3692.268;68.057;246.454;2015.931;0.0;2849.0;15250.0;33190.202;5624.94;-6059.482;121.864;18;128;[1.162, 1.543, 1.57, 1.162, 1.543];[1.813, 1.689, 1.376]
17;21505.78;547.581;3692.268;68.057;246.454;2015.931;0.0;2849.0;15250.0;33190.202;5624.94;-6059.482;102.759;18;128;[1.146, 1.543, 1.57, 1.162, 1.543];[1.732, 1.689, 1.376]
18;21346.458;534.178;3647.594;71.307;240.715;2094.686;0.0;2889.0;15070.0;33190.202;5624.94;-6218.804;85.734;18;128;[1.431, 1.543, 1.57, 1.162, 1.543];[1.732, 1.92, 1.376]
19;20980.167;521.379;3604.93;65.302;227.003;1924.858;0.0;2731.0;14929.0;33190.202;5624.94;-6585.095;83.196;18;128;[1.431, 1.543, 1.813, 1.162, 1.543];[1.732, 2.128, 1.376]
20;20699.888;518.013;3593.711;57.607;221.389;1719.163;0.0;2731.0;14869.0;33190.202;5624.94;-6865.374;114.475;18;128;[1.431, 1.543, 1.813, 1.162, 1.789];[1.732, 2.315, 1.376]
21;20502.277;507.425;3558.418;55.654;220.42;1667.434;0.0;2731.0;14769.0;33190.202;5624.94;-7062.985;47.797;18;128;[1.431, 1.543, 1.813, 1.446, 1.789];[1.732, 2.483, 1.376]
22;20502.277;507.425;3558.418;55.654;220.42;1667.434;0.0;2731.0;14769.0;33190.202;5624.94;-7062.985;14.661;18;128;[1.388, 1.543, 1.813, 1.446, 1.789];[1.732, 2.483, 1.338]
23;20268.755;510.122;3567.407;49.562;215.614;1504.226;0.0;2534.0;14687.0;33190.202;5624.94;-7296.507;7.576;18;128;[1.388, 1.789, 1.813, 1.446, 1.789];[1.732, 2.483, 1.604]
24;20268.755;510.122;3567.407;49.562;215.614;1504.226;0.0;2534.0;14687.0;33190.202;5624.94;-7296.507;29.04;18;128;[1.388, 1.789, 1.813, 1.401, 1.789];[1.732, 2.335, 1.604]
25;20268.755;510.122;3567.407;49.562;215.614;1504.226;0.0;2534.0;14687.0;33190.202;5624.94;-7296.507;91.321;18;128;[1.388, 1.789, 1.813, 1.401, 1.71];[1.732, 2.202, 1.604]
26;20268.755;510.122;3567.407;49.562;215.614;1504.226;0.0;2534.0;14687.0;33190.202;5624.94;-7296.507;4.121;18;128;[1.388, 1.789, 1.813, 1.361, 1.71];[1.732, 2.202, 1.544]
27;20268.755;510.122;3567.407;49.562;215.614;1504.226;0.0;2534.0;14687.0;33190.202;5624.94;-7296.507;23.915;18;128;[1.388, 1.789, 1.813, 1.361, 1.639];[1.732, 2.082, 1.544]
28;20268.755;510.122;3567.407;49.562;215.614;1504.226;0.0;2534.0;14687.0;33190.202;5624.94;-7296.507;53.138;18;128;[1.388, 1.789, 1.732, 1.361, 1.639];[1.732, 1.974, 1.544]
29;20070.572;511.912;3573.374;44.084;212.112;1358.285;0.0;2475.0;14627.0;33190.202;5624.94;-7494.69;20.733;18;128;[1.649, 1.789, 1.732, 1.361, 1.639];[1.732, 1.974, 1.79]
30;20070.572;511.912;3573.374;44.084;212.112;1358.285;0.0;2475.0;14627.0;33190.202;5624.94;-7494.69;74.201;18;128;[1.649, 1.789, 1.732, 1.361, 1.575];[1.732, 1.877, 1.79]
31;20070.572;511.912;3573.374;44.084;212.112;1358.285;0.0;2475.0;14627.0;33190.202;5624.94;-7494.69;45.319;18;128;[1.649, 1.789, 1.659, 1.361, 1.575];[1.732, 1.789, 1.79]
32;20070.572;511.912;3573.374;44.084;212.112;1358.285;0.0;2475.0;14627.0;33190.202;5624.94;-7494.69;16.212;18;128;[1.584, 1.789, 1.659, 1.361, 1.575];[1.732, 1.789, 1.711]
33;20070.572;511.912;3573.374;44.084;212.112;1358.285;0.0;2475.0;14627.0;33190.202;5624.94;-7494.69;32.378;18;128;[1.584, 1.789, 1.659, 1.525, 1.575];[1.732, 1.91, 1.711]
34;20070.572;511.912;3573.374;44.084;212.112;1358.285;0.0;2475.0;14627.0;33190.202;5624.94;-7494.69;60.353;18;128;[1.526, 1.789, 1.659, 1.525, 1.575];[1.659, 1.91, 1.711]
35;20070.572;511.912;3573.374;44.084;212.112;1358.285;0.0;2475.0;14627.0;33190.202;5624.94;-7494.69;8.806;18;128;[1.473, 1.789, 1.659, 1.525, 1.575];[1.659, 1.91, 1.64]
36;20070.572;511.912;3573.374;44.084;212.112;1358.285;0.0;2475.0;14627.0;33190.202;5624.94;-7494.69;53.198;18;128;[1.473, 1.789, 1.659, 1.525, 1.718];[1.659, 2.019, 1.64]
37;20070.572;511.912;3573.374;44.084;212.112;1358.285;0.0;2475.0;14627.0;33190.202;5624.94;-7494.69;50.479;18;128;[1.473, 1.789, 1.659, 1.525, 1.646];[1.659, 1.917, 1.64]
38;20070.572;511.912;3573.374;44.084;212.112;1358.285;0.0;2475.0;14627.0;33190.202;5624.94;-7494.69;4.038;18;128;[1.473, 1.71, 1.659, 1.525, 1.646];[1.659, 1.917, 1.576]
39;20070.572;511.912;3573.374;44.084;212.112;1358.285;0.0;2475.0;14627.0;33190.202;5624.94;-7494.69;4.938;18;128;[1.473, 1.71, 1.659, 1.473, 1.646];[1.659, 1.917, 1.518]
40;20070.572;511.912;3573.374;44.084;212.112;1358.285;0.0;2475.0;14627.0;33190.202;5624.94;-7494.69;33.763;18;128;[1.426, 1.71, 1.659, 1.473, 1.646];[1.593, 1.917, 1.518]
41;20070.572;511.912;3573.374;44.084;212.112;1358.285;0.0;2475.0;14627.0;33190.202;5624.94;-7494.69;44.391;18;128;[1.426, 1.71, 1.593, 1.473, 1.646];[1.593, 1.825, 1.518]
42;20070.572;511.912;3573.374;44.084;212.112;1358.285;0.0;2475.0;14627.0;33190.202;5624.94;-7494.69;30.761;18;128;[1.426, 1.71, 1.593, 1.473, 1.581];[1.593, 1.743, 1.518]
43;20070.572;511.912;3573.374;44.084;212.112;1358.285;0.0;2475.0;14627.0;33190.202;5624.94;-7494.69;13.287;18;128;[1.426, 1.71, 1.593, 1.473, 1.523];[1.593, 1.743, 1.466]
44;20070.572;511.912;3573.374;44.084;212.112;1358.285;0.0;2475.0;14627.0;33190.202;5624.94;-7494.69;71.143;18;128;[1.426, 1.639, 1.593, 1.473, 1.523];[1.593, 1.669, 1.466]
45;20070.572;511.912;3573.374;44.084;212.112;1358.285;0.0;2475.0;14627.0;33190.202;5624.94;-7494.69;8.255;18;128;[1.426, 1.639, 1.534, 1.473, 1.523];[1.593, 1.669, 1.419]
46;20070.572;511.912;3573.374;44.084;212.112;1358.285;0.0;2475.0;14627.0;33190.202;5624.94;-7494.69;26.331;18;128;[1.426, 1.639, 1.534, 1.473, 1.671];[1.734, 1.669, 1.419]
47;20070.572;511.912;3573.374;44.084;212.112;1358.285;0.0;2475.0;14627.0;33190.202;5624.94;-7494.69;9.487;18;128;[1.426, 1.639, 1.481, 1.473, 1.671];[1.734, 1.669, 1.377]
48;20070.572;511.912;3573.374;44.084;212.112;1358.285;0.0;2475.0;14627.0;33190.202;5624.94;-7494.69;7.128;18;128;[1.426, 1.639, 1.433, 1.473, 1.671];[1.734, 1.669, 1.339]
49;20070.572;511.912;3573.374;44.084;212.112;1358.285;0.0;2475.0;14627.0;33190.202;5624.94;-7494.69;25.247;18;128;[1.426, 1.639, 1.39, 1.473, 1.671];[1.734, 1.602, 1.339]
622constructshop:False depot:True weather:True;22151.799;576.038;3763.127;81.858;264.315;2392.634;0.0;3303.0;15420.0;32756.906;6058.236;-4546.871;254.501;19;128;[1.0, 1.0, 1.0, 1.0, 1.0];[1.0, 1.0, 1.0]
0;22064.667;563.362;3720.872;82.413;258.7;2401.433;0.0;3104.0;15379.0;32756.906;6058.236;-4634.003;155.77;19;128;[1.3, 1.0, 1.0, 1.0, 1.0];[1.3, 1.0, 1.0]
1;21811.6;566.136;3730.119;74.555;258.925;2197.345;0.0;3005.0;15318.0;32756.906;6058.236;-4887.07;148.008;19;128;[1.57, 1.0, 1.0, 1.0, 1.0];[1.57, 1.0, 1.0]
2;21343.919;553.134;3686.781;69.12;248.886;2046.005;0.0;2808.0;15058.0;32756.906;6058.236;-5354.751;270.313;19;128;[1.57, 1.0, 1.0, 1.0, 1.3];[1.57, 1.3, 1.0]
3;21260.225;535.515;3628.049;69.12;240.547;2037.661;0.0;2827.0;15059.0;32756.906;6058.236;-5438.445;108.628;19;128;[1.57, 1.0, 1.0, 1.3, 1.3];[1.57, 1.57, 1.0]
4;21260.225;535.515;3628.049;69.12;240.547;2037.661;0.0;2827.0;15059.0;32756.906;6058.236;-5438.445;22.969;19;128;[1.57, 1.0, 1.0, 1.47, 1.3];[1.713, 1.57, 1.0]
5;21045.904;523.274;3587.246;67.788;234.89;1997.385;0.0;2768.0;14938.0;32756.906;6058.236;-5652.766;96.01;19;128;[1.813, 1.0, 1.0, 1.47, 1.3];[1.942, 1.57, 1.0]
6;21039.646;522.298;3583.993;67.788;233.862;1996.356;0.0;2749.0;14937.0;32756.906;6058.236;-5659.024;26.464;19;128;[1.813, 1.0, 1.0, 1.723, 1.3];[2.148, 1.57, 1.0]
7;21039.646;522.298;3583.993;67.788;233.862;1996.356;0.0;2749.0;14937.0;32756.906;6058.236;-5659.024;18.407;19;128;[1.732, 1.0, 1.0, 1.723, 1.3];[2.148, 1.57, 1.0]
8;20928.105;528.92;3606.067;62.392;232.92;1855.117;0.0;2768.0;14938.0;32756.906;6058.236;-5770.565;80.395;19;128;[1.959, 1.0, 1.0, 1.723, 1.3];[2.333, 1.57, 1.0]
9;20928.105;528.92;3606.067;62.392;232.92;1855.117;0.0;2768.0;14938.0;32756.906;6058.236;-5770.565;79.819;19;128;[1.863, 1.0, 1.0, 1.723, 1.3];[2.2, 1.57, 1.0]
10;20928.105;528.92;3606.067;62.392;232.92;1855.117;0.0;2768.0;14938.0;32756.906;6058.236;-5770.565;46.848;19;128;[1.863, 1.0, 1.0, 1.851, 1.3];[2.2, 1.713, 1.0]
11;20749.808;516.215;3563.717;58.005;226.755;1734.875;0.0;2829.0;14935.0;32756.906;6058.236;-5948.862;86.458;19;128;[2.077, 1.0, 1.0, 1.851, 1.3];[2.38, 1.713, 1.0]
12;20749.808;516.215;3563.717;58.005;226.755;1734.875;0.0;2829.0;14935.0;32756.906;6058.236;-5948.862;116.318;19;128;[1.969, 1.0, 1.0, 1.851, 1.3];[2.242, 1.713, 1.0]
13;20527.763;503.844;3522.481;58.538;223.452;1745.438;0.0;2829.0;14756.0;32756.906;6058.236;-6170.907;92.845;19;128;[2.172, 1.0, 1.0, 1.851, 1.3];[2.242, 1.942, 1.0]
14;20495.642;504.489;3524.631;60.237;224.367;1790.522;0.0;2750.0;14676.0;32756.906;6058.236;-6203.028;60.241;19;128;[2.355, 1.0, 1.0, 1.851, 1.3];[2.242, 2.148, 1.0]
15;20486.589;510.281;3543.938;58.959;223.434;1756.369;0.0;2750.0;14676.0;32756.906;6058.236;-6212.081;29.936;19;128;[2.355, 1.0, 1.0, 2.066, 1.3];[2.418, 2.148, 1.0]
16;20486.589;510.281;3543.938;58.959;223.434;1756.369;0.0;2750.0;14676.0;32756.906;6058.236;-6212.081;23.504;19;128;[2.355, 1.0, 1.0, 2.066, 1.3];[2.418, 2.148, 1.0]
17;20486.589;510.281;3543.938;58.959;223.434;1756.369;0.0;2750.0;14676.0;32756.906;6058.236;-6212.081;48.848;19;128;[2.355, 1.0, 1.0, 2.066, 1.3];[2.418, 2.033, 1.0]
18;20486.589;510.281;3543.938;58.959;223.434;1756.369;0.0;2750.0;14676.0;32756.906;6058.236;-6212.081;34.846;19;128;[2.355, 1.0, 1.0, 1.959, 1.3];[2.276, 2.033, 1.0]
19;20486.589;510.281;3543.938;58.959;223.434;1756.369;0.0;2750.0;14676.0;32756.906;6058.236;-6212.081;95.585;19;128;[2.355, 1.0, 1.0, 1.959, 1.47];[2.348, 2.033, 1.0]
20;20486.589;510.281;3543.938;58.959;223.434;1756.369;0.0;2750.0;14676.0;32756.906;6058.236;-6212.081;53.315;19;128;[2.22, 1.0, 1.0, 1.959, 1.47];[2.213, 2.033, 1.0]
21;20486.589;510.281;3543.938;58.959;223.434;1756.369;0.0;2750.0;14676.0;32756.906;6058.236;-6212.081;80.529;19;128;[2.298, 1.0, 1.0, 1.959, 1.47];[2.213, 2.13, 1.0]
22;20486.589;510.281;3543.938;58.959;223.434;1756.369;0.0;2750.0;14676.0;32756.906;6058.236;-6212.081;22.16;19;128;[2.298, 1.0, 1.0, 2.063, 1.47];[2.292, 2.13, 1.0]
23;20486.589;510.281;3543.938;58.959;223.434;1756.369;0.0;2750.0;14676.0;32756.906;6058.236;-6212.081;51.979;19;128;[2.298, 1.0, 1.0, 2.063, 1.423];[2.292, 2.017, 1.0]
24;20486.589;510.281;3543.938;58.959;223.434;1756.369;0.0;2750.0;14676.0;32756.906;6058.236;-6212.081;10.587;19;128;[2.168, 1.0, 1.0, 2.063, 1.423];[2.292, 2.017, 1.0]
25;20486.589;510.281;3543.938;58.959;223.434;1756.369;0.0;2750.0;14676.0;32756.906;6058.236;-6212.081;9.146;19;128;[2.168, 1.0, 1.0, 1.957, 1.423];[2.292, 1.915, 1.0]
26;20486.589;510.281;3543.938;58.959;223.434;1756.369;0.0;2750.0;14676.0;32756.906;6058.236;-6212.081;50.809;19;128;[2.251, 1.0, 1.0, 1.957, 1.423];[2.363, 1.915, 1.0]
27;20486.589;510.281;3543.938;58.959;223.434;1756.369;0.0;2750.0;14676.0;32756.906;6058.236;-6212.081;52.876;19;128;[2.251, 1.0, 1.0, 1.957, 1.381];[2.363, 1.824, 1.0]
28;20486.589;510.281;3543.938;58.959;223.434;1756.369;0.0;2750.0;14676.0;32756.906;6058.236;-6212.081;74.136;19;128;[2.251, 1.0, 1.2, 1.957, 1.381];[2.363, 1.942, 1.0]
29;20420.569;473.294;3420.647;64.439;215.221;1890.628;0.0;3048.0;14636.0;32756.906;6058.236;-6278.101;31.679;19;128;[2.251, 1.0, 1.48, 1.957, 1.381];[2.527, 1.942, 1.0]
30;20224.5;468.8;3405.667;60.194;208.989;1774.033;0.0;2989.0;14576.0;32756.906;6058.236;-6474.17;72.384;19;128;[2.251, 1.0, 1.48, 1.957, 1.643];[2.527, 2.148, 1.0]
31;20060.178;461.842;3382.472;55.248;203.41;1639.864;0.0;2989.0;14576.0;32756.906;6058.236;-6638.492;12.132;19;128;[2.251, 1.3, 1.48, 1.957, 1.643];[2.527, 2.333, 1.0]
32;20048.311;462.194;3383.646;54.808;202.477;1627.472;0.0;2970.0;14575.0;32756.906;6058.236;-6650.359;18.79;19;128;[2.251, 1.3, 1.48, 2.161, 1.643];[2.674, 2.333, 1.0]
33;20048.311;462.194;3383.646;54.808;202.477;1627.472;0.0;2970.0;14575.0;32756.906;6058.236;-6650.359;7.593;19;128;[2.251, 1.3, 1.48, 2.245, 1.643];[2.707, 2.333, 1.0]
34;20048.311;462.194;3383.646;54.808;202.477;1627.472;0.0;2970.0;14575.0;32756.906;6058.236;-6650.359;45.419;19;128;[2.251, 1.3, 1.48, 2.245, 1.579];[2.707, 2.2, 1.0]
35;20043.109;444.713;3325.377;57.736;196.891;1698.019;0.0;2970.0;14575.0;32756.906;6058.236;-6655.561;30.945;19;128;[2.251, 1.3, 1.732, 2.245, 1.579];[2.836, 2.2, 1.0]
36;20043.109;444.713;3325.377;57.736;196.891;1698.019;0.0;2970.0;14575.0;32756.906;6058.236;-6655.561;5.289;19;128;[2.251, 1.47, 1.732, 2.245, 1.579];[2.852, 2.2, 1.0]
37;20043.109;444.713;3325.377;57.736;196.891;1698.019;0.0;2970.0;14575.0;32756.906;6058.236;-6655.561;13.542;19;128;[2.251, 1.47, 1.732, 2.121, 1.579];[2.852, 2.08, 1.0]
38;20043.109;444.713;3325.377;57.736;196.891;1698.019;0.0;2970.0;14575.0;32756.906;6058.236;-6655.561;22.111;19;128;[2.126, 1.47, 1.732, 2.121, 1.579];[2.852, 2.08, 1.0]
39;20043.109;444.713;3325.377;57.736;196.891;1698.019;0.0;2970.0;14575.0;32756.906;6058.236;-6655.561;7.379;19;128;[2.126, 1.47, 1.732, 2.209, 1.579];[2.867, 2.08, 1.0]
40;20043.109;444.713;3325.377;57.736;196.891;1698.019;0.0;2970.0;14575.0;32756.906;6058.236;-6655.561;6.881;19;128;[2.126, 1.47, 1.732, 2.088, 1.579];[2.867, 1.972, 1.0]
41;19979.499;439.462;3307.873;58.512;196.853;1718.164;0.0;2812.0;14514.0;32756.906;6058.236;-6719.171;71.256;19;128;[2.126, 1.723, 1.732, 2.088, 1.579];[2.867, 2.175, 1.0]
42;19979.499;439.462;3307.873;58.512;196.853;1718.164;0.0;2812.0;14514.0;32756.906;6058.236;-6719.171;16.489;19;128;[2.126, 1.723, 1.732, 1.979, 1.579];[2.68, 2.175, 1.0]
43;19979.499;439.462;3307.873;58.512;196.853;1718.164;0.0;2812.0;14514.0;32756.906;6058.236;-6719.171;23.011;19;128;[2.126, 1.651, 1.732, 1.979, 1.579];[2.512, 2.175, 1.0]
44;19768.546;428.617;3271.724;60.022;194.621;1755.204;0.0;2555.0;14313.0;32756.906;6058.236;-6930.124;48.65;19;128;[2.313, 1.651, 1.732, 1.979, 1.579];[2.661, 2.175, 1.0]
45;19768.546;428.617;3271.724;60.022;194.621;1755.204;0.0;2555.0;14313.0;32756.906;6058.236;-6930.124;38.92;19;128;[2.313, 1.586, 1.732, 1.979, 1.579];[2.495, 2.175, 1.0]
46;19768.546;428.617;3271.724;60.022;194.621;1755.204;0.0;2555.0;14313.0;32756.906;6058.236;-6930.124;17.733;19;128;[2.313, 1.727, 1.732, 1.979, 1.579];[2.495, 2.257, 1.0]
47;19768.546;428.617;3271.724;60.022;194.621;1755.204;0.0;2555.0;14313.0;32756.906;6058.236;-6930.124;9.327;19;128;[2.313, 1.854, 1.732, 1.979, 1.579];[2.495, 2.331, 1.0]
48;19768.546;428.617;3271.724;60.022;194.621;1755.204;0.0;2555.0;14313.0;32756.906;6058.236;-6930.124;30.426;19;128;[2.182, 1.854, 1.732, 1.979, 1.579];[2.495, 2.198, 1.0]
49;19768.546;428.617;3271.724;60.022;194.621;1755.204;0.0;2555.0;14313.0;32756.906;6058.236;-6930.124;24.499;19;128;[2.182, 1.969, 1.732, 1.979, 1.579];[2.546, 2.198, 1.0]
623constructshop:False depot:True weather:True;20953.121;511.134;3540.778;48.048;212.973;1462.209;0.0;3344.0;15439.0;32566.478;6248.664;-5364.693;272.759;19;128;[1.0, 1.0, 1.0, 1.0, 1.0];[1.0, 1.0, 1.0]
0;20953.121;511.134;3540.778;48.048;212.973;1462.209;0.0;3344.0;15439.0;32566.478;6248.664;-5364.693;174.05;19;128;[1.0, 1.0, 1.0, 1.0, 1.0];[1.0, 1.0, 1.0]
1;20953.121;511.134;3540.778;48.048;212.973;1462.209;0.0;3344.0;15439.0;32566.478;6248.664;-5364.693;35.885;19;128;[1.0, 1.0, 1.0, 1.0, 1.0];[1.0, 1.0, 1.0]
2;20953.121;511.134;3540.778;48.048;212.973;1462.209;0.0;3344.0;15439.0;32566.478;6248.664;-5364.693;10.475;19;128;[1.0, 1.0, 1.0, 1.2, 1.0];[1.2, 1.0, 1.0]
3;20953.121;511.134;3540.778;48.048;212.973;1462.209;0.0;3344.0;15439.0;32566.478;6248.664;-5364.693;11.988;19;128;[1.0, 1.0, 1.0, 1.2, 1.0];[1.2, 1.0, 1.0]
4;20953.121;511.134;3540.778;48.048;212.973;1462.209;0.0;3344.0;15439.0;32566.478;6248.664;-5364.693;32.054;19;128;[1.0, 1.0, 1.0, 1.2, 1.0];[1.2, 1.0, 1.0]
5;21230.374;501.324;3514.079;54.045;210.801;1615.971;0.0;3362.0;15599.0;32756.906;6058.236;-5468.296;23.05;19;128;[1.0, 1.0, 1.0, 1.48, 1.0];[1.48, 1.0, 1.0]
6;21188.848;492.578;3484.927;54.045;207.173;1612.343;0.0;3362.0;15599.0;32756.906;6058.236;-5509.822;36.307;19;128;[1.0, 1.3, 1.0, 1.48, 1.0];[1.732, 1.0, 1.0]
7;21188.848;492.578;3484.927;54.045;207.173;1612.343;0.0;3362.0;15599.0;32756.906;6058.236;-5509.822;205.951;19;128;[1.0, 1.3, 1.0, 1.48, 1.0];[1.659, 1.0, 1.0]
8;21188.848;492.578;3484.927;54.045;207.173;1612.343;0.0;3362.0;15599.0;32756.906;6058.236;-5509.822;129.113;19;128;[1.0, 1.3, 1.0, 1.48, 1.0];[1.659, 1.0, 1.0]
9;21188.848;492.578;3484.927;54.045;207.173;1612.343;0.0;3362.0;15599.0;32756.906;6058.236;-5509.822;38.483;19;128;[1.0, 1.3, 1.0, 1.48, 1.0];[1.659, 1.0, 1.0]
10;21188.848;492.578;3484.927;54.045;207.173;1612.343;0.0;3362.0;15599.0;32756.906;6058.236;-5509.822;20.106;19;128;[1.0, 1.3, 1.0, 1.432, 1.0];[1.659, 1.0, 1.0]
11;21188.848;492.578;3484.927;54.045;207.173;1612.343;0.0;3362.0;15599.0;32756.906;6058.236;-5509.822;6.406;19;128;[1.0, 1.27, 1.0, 1.432, 1.0];[1.659, 1.0, 1.0]
12;21188.848;492.578;3484.927;54.045;207.173;1612.343;0.0;3362.0;15599.0;32756.906;6058.236;-5509.822;24.782;19;128;[1.0, 1.27, 1.0, 1.589, 1.0];[1.793, 1.0, 1.0]
13;21188.848;492.578;3484.927;54.045;207.173;1612.343;0.0;3362.0;15599.0;32756.906;6058.236;-5509.822;12.939;19;128;[1.0, 1.443, 1.0, 1.589, 1.0];[1.793, 1.0, 1.2]
14;21188.848;492.578;3484.927;54.045;207.173;1612.343;0.0;3362.0;15599.0;32756.906;6058.236;-5509.822;94.569;19;128;[1.0, 1.599, 1.0, 1.589, 1.0];[1.914, 1.0, 1.2]
15;21188.848;492.578;3484.927;54.045;207.173;1612.343;0.0;3362.0;15599.0;32756.906;6058.236;-5509.822;15.363;19;128;[1.0, 1.599, 1.0, 1.589, 1.0];[1.914, 1.0, 1.18]
16;21188.848;492.578;3484.927;54.045;207.173;1612.343;0.0;3362.0;15599.0;32756.906;6058.236;-5509.822;8.335;19;128;[1.0, 1.539, 1.0, 1.589, 1.0];[1.914, 1.0, 1.162]
17;21188.848;492.578;3484.927;54.045;207.173;1612.343;0.0;3362.0;15599.0;32756.906;6058.236;-5509.822;43.552;19;128;[1.0, 1.539, 1.0, 1.73, 1.0];[1.914, 1.2, 1.162]
18;21188.848;492.578;3484.927;54.045;207.173;1612.343;0.0;3362.0;15599.0;32756.906;6058.236;-5509.822;39.636;19;128;[1.0, 1.685, 1.0, 1.73, 1.0];[2.023, 1.2, 1.162]
19;21188.848;492.578;3484.927;54.045;207.173;1612.343;0.0;3362.0;15599.0;32756.906;6058.236;-5509.822;5.747;19;128;[1.0, 1.817, 1.0, 1.73, 1.0];[2.023, 1.2, 1.346]
20;21188.848;492.578;3484.927;54.045;207.173;1612.343;0.0;3362.0;15599.0;32756.906;6058.236;-5509.822;170.609;19;128;[1.0, 1.735, 1.0, 1.73, 1.0];[1.921, 1.2, 1.346]
21;21124.542;478.981;3439.603;61.678;210.32;1813.959;0.0;3245.0;15392.0;32756.906;6058.236;-5574.128;63.482;19;128;[1.3, 1.735, 1.0, 1.73, 1.0];[1.921, 1.48, 1.346]
22;21124.542;478.981;3439.603;61.678;210.32;1813.959;0.0;3245.0;15392.0;32756.906;6058.236;-5574.128;6.749;19;128;[1.3, 1.735, 1.0, 1.657, 1.0];[1.921, 1.48, 1.311]
23;20847.357;476.665;3431.884;55.555;203.382;1647.808;0.0;3147.0;15291.0;32756.906;6058.236;-5851.313;70.338;19;128;[1.57, 1.735, 1.0, 1.657, 1.0];[1.921, 1.732, 1.311]
24;20722.83;456.275;3363.917;56.014;195.285;1651.639;0.0;3147.0;15251.0;32756.906;6058.236;-5975.84;112.195;19;128;[1.57, 1.735, 1.0, 1.657, 1.3];[1.921, 1.959, 1.311]
25;20722.83;456.275;3363.917;56.014;195.285;1651.639;0.0;3147.0;15251.0;32756.906;6058.236;-5975.84;20.048;19;128;[1.513, 1.735, 1.0, 1.657, 1.3];[1.921, 1.959, 1.28]
26;20722.83;456.275;3363.917;56.014;195.285;1651.639;0.0;3147.0;15251.0;32756.906;6058.236;-5975.84;18.678;19;128;[1.513, 1.735, 1.0, 1.657, 1.27];[1.921, 1.959, 1.252]
27;20722.83;456.275;3363.917;56.014;195.285;1651.639;0.0;3147.0;15251.0;32756.906;6058.236;-5975.84;28.764;19;128;[1.513, 1.662, 1.0, 1.657, 1.27];[1.829, 1.959, 1.252]
28;20722.83;456.275;3363.917;56.014;195.285;1651.639;0.0;3147.0;15251.0;32756.906;6058.236;-5975.84;69.2;19;128;[1.513, 1.662, 1.0, 1.657, 1.243];[1.746, 1.959, 1.252]
29;20586.953;457.013;3366.376;56.014;196.211;1652.564;0.0;3147.0;15111.0;32756.906;6058.236;-6111.717;84.39;19;128;[1.513, 1.896, 1.0, 1.657, 1.243];[1.746, 2.163, 1.252]
30;20586.953;457.013;3366.376;56.014;196.211;1652.564;0.0;3147.0;15111.0;32756.906;6058.236;-6111.717;11.909;19;128;[1.513, 1.896, 1.0, 1.591, 1.243];[1.746, 2.163, 1.227]
31;20572.194;448.588;3338.294;62.972;197.039;1834.311;0.0;3147.0;14951.0;32756.906;6058.236;-6126.476;72.006;19;128;[1.513, 2.106, 1.0, 1.591, 1.243];[1.971, 2.163, 1.227]
32;20572.194;448.588;3338.294;62.972;197.039;1834.311;0.0;3147.0;14951.0;32756.906;6058.236;-6126.476;61.934;19;128;[1.513, 1.995, 1.0, 1.591, 1.243];[1.971, 2.047, 1.227]
33;20250.374;439.31;3307.367;57.054;189.297;1672.697;0.0;3147.0;14831.0;32756.906;6058.236;-6448.296;70.061;19;128;[1.762, 1.995, 1.0, 1.591, 1.243];[2.174, 2.047, 1.227]
34;20250.374;439.31;3307.367;57.054;189.297;1672.697;0.0;3147.0;14831.0;32756.906;6058.236;-6448.296;80.536;19;128;[1.762, 1.995, 1.0, 1.591, 1.219];[2.174, 1.942, 1.227]
35;20176.39;451.349;3347.495;61.843;197.633;1805.547;0.0;2930.0;14572.0;32756.906;6058.236;-6522.28;13.824;19;128;[1.986, 1.995, 1.0, 1.591, 1.219];[2.174, 1.942, 1.504]
36;20176.39;451.349;3347.495;61.843;197.633;1805.547;0.0;2930.0;14572.0;32756.906;6058.236;-6522.28;76.855;19;128;[1.986, 1.995, 1.0, 1.591, 1.219];[2.057, 1.942, 1.504]
37;20096.409;460.507;3378.023;57.252;197.328;1685.879;0.0;2731.0;14572.0;32756.906;6058.236;-6602.261;102.128;19;128;[1.986, 1.995, 1.0, 1.591, 1.497];[2.057, 2.148, 1.504]
38;20091.809;459.581;3374.936;57.252;196.742;1685.293;0.0;2731.0;14572.0;32756.906;6058.236;-6606.861;22.727;19;128;[1.986, 2.196, 1.0, 1.591, 1.497];[2.251, 2.148, 1.504]
39;20091.809;459.581;3374.936;57.252;196.742;1685.293;0.0;2731.0;14572.0;32756.906;6058.236;-6606.861;42.508;19;128;[1.986, 2.196, 1.0, 1.532, 1.497];[2.126, 2.148, 1.504]
40;20032.324;452.943;3352.809;56.313;192.431;1656.571;0.0;2633.0;14570.0;32756.906;6058.236;-6666.346;83.017;19;128;[2.187, 2.196, 1.0, 1.532, 1.497];[2.313, 2.148, 1.504]
41;19977.609;447.421;3334.404;51.538;185.794;1525.783;0.0;2871.0;14670.0;32756.906;6058.236;-6721.061;60.438;19;128;[2.187, 2.196, 1.0, 1.532, 1.747];[2.482, 2.148, 1.504]
42;19777.299;430.84;3279.134;46.932;177.103;1397.325;0.0;2871.0;14670.0;32756.906;6058.236;-6921.371;83.274;19;128;[2.187, 2.196, 1.0, 1.532, 1.972];[2.482, 2.333, 1.504]
43;19777.299;430.84;3279.134;46.932;177.103;1397.325;0.0;2871.0;14670.0;32756.906;6058.236;-6921.371;58.278;19;128;[2.068, 2.196, 1.0, 1.532, 1.972];[2.482, 2.2, 1.504]
44;19777.299;430.84;3279.134;46.932;177.103;1397.325;0.0;2871.0;14670.0;32756.906;6058.236;-6921.371;46.898;19;128;[2.068, 2.196, 1.0, 1.532, 1.972];[2.482, 2.08, 1.504]
45;19753.53;425.856;3262.521;46.932;174.93;1395.152;0.0;2871.0;14670.0;32756.906;6058.236;-6945.14;34.63;19;128;[2.068, 2.376, 1.0, 1.532, 1.972];[2.634, 2.08, 1.504]
46;19753.53;425.856;3262.521;46.932;174.93;1395.152;0.0;2871.0;14670.0;32756.906;6058.236;-6945.14;7.685;19;128;[2.068, 2.438, 1.0, 1.532, 1.972];[2.671, 2.08, 1.504]
47;19753.53;425.856;3262.521;46.932;174.93;1395.152;0.0;2871.0;14670.0;32756.906;6058.236;-6945.14;13.345;19;128;[2.068, 2.494, 1.0, 1.532, 1.972];[2.704, 2.08, 1.504]
48;19583.757;415.814;3229.047;46.823;171.489;1388.896;0.0;2870.0;14550.0;32756.906;6058.236;-7114.913;33.226;19;128;[2.261, 2.494, 1.0, 1.532, 1.972];[2.834, 2.08, 1.504]
49;19583.757;415.814;3229.047;46.823;171.489;1388.896;0.0;2870.0;14550.0;32756.906;6058.236;-7114.913;35.097;19;128;[2.261, 2.494, 1.0, 1.532, 1.875];[2.651, 2.08, 1.504]
624constructshop:False depot:True weather:True;21455.527;537.87;3635.901;59.786;233.31;1787.755;0.0;2907.0;15494.0;32756.906;6058.236;-5243.143;247.98;19;128;[1.0, 1.0, 1.0, 1.0, 1.0];[1.0, 1.0, 1.0]
0;21125.546;523.048;3586.493;59.935;224.689;1783.004;0.0;2809.0;15233.0;32756.906;6058.236;-5573.124;318.421;19;128;[1.0, 1.0, 1.0, 1.0, 1.3];[1.0, 1.3, 1.0]
1;21125.546;523.048;3586.493;59.935;224.689;1783.004;0.0;2809.0;15233.0;32756.906;6058.236;-5573.124;40.4;19;128;[1.0, 1.0, 1.0, 1.0, 1.3];[1.0, 1.3, 1.0]
2;20833.585;507.916;3536.054;53.108;213.819;1594.615;0.0;2867.0;15195.0;32756.906;6058.236;-5865.085;42.605;19;128;[1.0, 1.0, 1.0, 1.0, 1.57];[1.0, 1.3, 1.3]
3;20833.585;507.916;3536.054;53.108;213.819;1594.615;0.0;2867.0;15195.0;32756.906;6058.236;-5865.085;26.172;19;128;[1.0, 1.0, 1.0, 1.0, 1.57];[1.0, 1.3, 1.27]
4;20833.585;507.916;3536.054;53.108;213.819;1594.615;0.0;2867.0;15195.0;32756.906;6058.236;-5865.085;14.166;19;128;[1.0, 1.0, 1.0, 1.0, 1.57];[1.0, 1.3, 1.243]
5;20833.585;507.916;3536.054;53.108;213.819;1594.615;0.0;2867.0;15195.0;32756.906;6058.236;-5865.085;12.258;19;128;[1.0, 1.0, 1.0, 1.0, 1.57];[1.0, 1.3, 1.219]
6;20833.585;507.916;3536.054;53.108;213.819;1594.615;0.0;2867.0;15195.0;32756.906;6058.236;-5865.085;22.906;19;128;[1.0, 1.0, 1.0, 1.0, 1.57];[1.0, 1.3, 1.197]
7;20833.585;507.916;3536.054;53.108;213.819;1594.615;0.0;2867.0;15195.0;32756.906;6058.236;-5865.085;73.801;19;128;[1.0, 1.0, 1.0, 1.0, 1.57];[1.0, 1.3, 1.197]
8;20833.585;507.916;3536.054;53.108;213.819;1594.615;0.0;2867.0;15195.0;32756.906;6058.236;-5865.085;8.153;19;128;[1.0, 1.0, 1.0, 1.0, 1.57];[1.0, 1.3, 1.197]
9;20833.585;507.916;3536.054;53.108;213.819;1594.615;0.0;2867.0;15195.0;32756.906;6058.236;-5865.085;112.173;19;128;[1.0, 1.0, 1.0, 1.0, 1.713];[1.0, 1.47, 1.197]
10;20833.585;507.916;3536.054;53.108;213.819;1594.615;0.0;2867.0;15195.0;32756.906;6058.236;-5865.085;15.238;19;128;[1.0, 1.0, 1.0, 1.0, 1.842];[1.0, 1.47, 1.377]
11;20833.585;507.916;3536.054;53.108;213.819;1594.615;0.0;2867.0;15195.0;32756.906;6058.236;-5865.085;165.505;19;128;[1.0, 1.0, 1.0, 1.0, 1.758];[1.0, 1.423, 1.377]
12;20833.585;507.916;3536.054;53.108;213.819;1594.615;0.0;2867.0;15195.0;32756.906;6058.236;-5865.085;24.681;19;128;[1.0, 1.0, 1.0, 1.0, 1.682];[1.0, 1.381, 1.377]
13;20833.585;507.916;3536.054;53.108;213.819;1594.615;0.0;2867.0;15195.0;32756.906;6058.236;-5865.085;10.137;19;128;[1.0, 1.0, 1.0, 1.0, 1.682];[1.0, 1.381, 1.339]
14;20833.585;507.916;3536.054;53.108;213.819;1594.615;0.0;2867.0;15195.0;32756.906;6058.236;-5865.085;20.971;19;128;[1.0, 1.0, 1.0, 1.0, 1.682];[1.0, 1.381, 1.339]
15;20833.585;507.916;3536.054;53.108;213.819;1594.615;0.0;2867.0;15195.0;32756.906;6058.236;-5865.085;4.309;19;128;[1.0, 1.0, 1.0, 1.0, 1.682];[1.0, 1.381, 1.305]
16;20833.585;507.916;3536.054;53.108;213.819;1594.615;0.0;2867.0;15195.0;32756.906;6058.236;-5865.085;55.332;19;128;[1.0, 1.0, 1.0, 1.0, 1.614];[1.0, 1.343, 1.305]
17;20833.585;507.916;3536.054;53.108;213.819;1594.615;0.0;2867.0;15195.0;32756.906;6058.236;-5865.085;11.526;19;128;[1.0, 1.0, 1.0, 1.0, 1.753];[1.0, 1.343, 1.474]
18;20833.585;507.916;3536.054;53.108;213.819;1594.615;0.0;2867.0;15195.0;32756.906;6058.236;-5865.085;77.495;19;128;[1.2, 1.0, 1.0, 1.0, 1.753];[1.0, 1.509, 1.474]
19;20833.585;507.916;3536.054;53.108;213.819;1594.615;0.0;2867.0;15195.0;32756.906;6058.236;-5865.085;17.268;19;128;[1.18, 1.0, 1.0, 1.0, 1.753];[1.0, 1.509, 1.427]
20;20833.585;507.916;3536.054;53.108;213.819;1594.615;0.0;2867.0;15195.0;32756.906;6058.236;-5865.085;16.924;19;128;[1.162, 1.0, 1.0, 1.0, 1.753];[1.0, 1.509, 1.384]
21;20833.585;507.916;3536.054;53.108;213.819;1594.615;0.0;2867.0;15195.0;32756.906;6058.236;-5865.085;32.164;19;128;[1.162, 1.0, 1.0, 1.0, 1.753];[1.0, 1.509, 1.384]
22;20833.585;507.916;3536.054;53.108;213.819;1594.615;0.0;2867.0;15195.0;32756.906;6058.236;-5865.085;73.075;19;128;[1.146, 1.0, 1.0, 1.0, 1.753];[1.0, 1.458, 1.384]
23;20833.585;507.916;3536.054;53.108;213.819;1594.615;0.0;2867.0;15195.0;32756.906;6058.236;-5865.085;22.371;19;128;[1.146, 1.0, 1.0, 1.0, 1.753];[1.0, 1.458, 1.346]
24;20833.585;507.916;3536.054;53.108;213.819;1594.615;0.0;2867.0;15195.0;32756.906;6058.236;-5865.085;24.74;19;128;[1.146, 1.0, 1.0, 1.2, 1.753];[1.0, 1.612, 1.346]
25;20833.585;507.916;3536.054;53.108;213.819;1594.615;0.0;2867.0;15195.0;32756.906;6058.236;-5865.085;84.369;19;128;[1.146, 1.0, 1.0, 1.2, 1.753];[1.0, 1.612, 1.346]
26;20833.585;507.916;3536.054;53.108;213.819;1594.615;0.0;2867.0;15195.0;32756.906;6058.236;-5865.085;101.624;19;128;[1.146, 1.0, 1.2, 1.2, 1.753];[1.2, 1.612, 1.346]
27;20833.585;507.916;3536.054;53.108;213.819;1594.615;0.0;2867.0;15195.0;32756.906;6058.236;-5865.085;31.931;19;128;[1.146, 1.0, 1.2, 1.2, 1.678];[1.2, 1.612, 1.311]
28;20833.585;507.916;3536.054;53.108;213.819;1594.615;0.0;2867.0;15195.0;32756.906;6058.236;-5865.085;102.031;19;128;[1.146, 1.0, 1.2, 1.2, 1.81];[1.2, 1.751, 1.311]
29;20833.585;507.916;3536.054;53.108;213.819;1594.615;0.0;2867.0;15195.0;32756.906;6058.236;-5865.085;59.006;19;128;[1.146, 1.0, 1.2, 1.2, 1.729];[1.2, 1.676, 1.311]
30;20718.421;484.384;3457.613;68.301;208.602;1984.423;0.0;2377.0;14792.0;32756.906;6058.236;-5980.249;88.226;19;128;[1.431, 1.0, 1.2, 1.2, 1.729];[1.2, 1.908, 1.311]
31;20661.279;484.435;3457.783;66.153;207.091;1927.061;0.0;2377.0;14792.0;32756.906;6058.236;-6037.391;38.636;19;128;[1.431, 1.3, 1.2, 1.2, 1.729];[1.2, 2.117, 1.311]
32;20661.279;484.435;3457.783;66.153;207.091;1927.061;0.0;2377.0;14792.0;32756.906;6058.236;-6037.391;14.969;19;128;[1.431, 1.3, 1.2, 1.2, 1.656];[1.2, 2.117, 1.28]
33;20661.279;484.435;3457.783;66.153;207.091;1927.061;0.0;2377.0;14792.0;32756.906;6058.236;-6037.391;79.393;19;128;[1.431, 1.3, 1.2, 1.2, 1.79];[1.2, 2.205, 1.28]
34;20661.279;484.435;3457.783;66.153;207.091;1927.061;0.0;2377.0;14792.0;32756.906;6058.236;-6037.391;31.831;19;128;[1.431, 1.27, 1.2, 1.2, 1.79];[1.18, 2.205, 1.28]
35;20661.279;484.435;3457.783;66.153;207.091;1927.061;0.0;2377.0;14792.0;32756.906;6058.236;-6037.391;9.012;19;128;[1.431, 1.27, 1.18, 1.2, 1.79];[1.18, 2.205, 1.252]
36;20661.279;484.435;3457.783;66.153;207.091;1927.061;0.0;2377.0;14792.0;32756.906;6058.236;-6037.391;28.137;19;128;[1.431, 1.27, 1.18, 1.38, 1.79];[1.362, 2.205, 1.252]
37;20661.279;484.435;3457.783;66.153;207.091;1927.061;0.0;2377.0;14792.0;32756.906;6058.236;-6037.391;52.845;19;128;[1.431, 1.27, 1.18, 1.38, 1.711];[1.326, 2.205, 1.252]
38;20661.279;484.435;3457.783;66.153;207.091;1927.061;0.0;2377.0;14792.0;32756.906;6058.236;-6037.391;16.463;19;128;[1.431, 1.27, 1.18, 1.542, 1.711];[1.493, 2.205, 1.252]
39;20661.279;484.435;3457.783;66.153;207.091;1927.061;0.0;2377.0;14792.0;32756.906;6058.236;-6037.391;8.611;19;128;[1.431, 1.27, 1.18, 1.488, 1.711];[1.493, 2.205, 1.227]
40;20661.279;484.435;3457.783;66.153;207.091;1927.061;0.0;2377.0;14792.0;32756.906;6058.236;-6037.391;55.287;19;128;[1.431, 1.443, 1.18, 1.488, 1.711];[1.493, 2.285, 1.227]
41;20661.279;484.435;3457.783;66.153;207.091;1927.061;0.0;2377.0;14792.0;32756.906;6058.236;-6037.391;4.14;19;128;[1.431, 1.599, 1.18, 1.488, 1.711];[1.644, 2.285, 1.227]
42;20661.279;484.435;3457.783;66.153;207.091;1927.061;0.0;2377.0;14792.0;32756.906;6058.236;-6037.391;44.383;19;128;[1.431, 1.599, 1.18, 1.488, 1.64];[1.644, 2.157, 1.227]
43;20661.279;484.435;3457.783;66.153;207.091;1927.061;0.0;2377.0;14792.0;32756.906;6058.236;-6037.391;5.038;19;128;[1.431, 1.599, 1.18, 1.488, 1.576];[1.644, 2.157, 1.204]
44;20661.279;484.435;3457.783;66.153;207.091;1927.061;0.0;2377.0;14792.0;32756.906;6058.236;-6037.391;29.853;19;128;[1.431, 1.599, 1.18, 1.488, 1.518];[1.58, 2.157, 1.204]
45;20661.279;484.435;3457.783;66.153;207.091;1927.061;0.0;2377.0;14792.0;32756.906;6058.236;-6037.391;39.023;19;128;[1.431, 1.599, 1.362, 1.488, 1.518];[1.722, 2.157, 1.204]
46;20612.559;454.828;3359.092;66.408;200.043;1926.639;0.0;2554.0;14872.0;32756.906;6058.236;-6086.111;44.422;19;128;[1.431, 1.599, 1.626, 1.488, 1.518];[1.95, 2.157, 1.204]
47;20612.559;454.828;3359.092;66.408;200.043;1926.639;0.0;2554.0;14872.0;32756.906;6058.236;-6086.111;52.976;19;128;[1.431, 1.539, 1.626, 1.488, 1.518];[1.95, 2.041, 1.204]
48;20320.341;455.334;3360.779;65.031;201.434;1892.228;0.0;2415.0;14612.0;32756.906;6058.236;-6378.329;72.391;19;128;[1.431, 1.785, 1.626, 1.488, 1.518];[2.155, 2.041, 1.204]
49;20320.341;455.334;3360.779;65.031;201.434;1892.228;0.0;2415.0;14612.0;32756.906;6058.236;-6378.329;60.351;19;128;[1.431, 1.785, 1.626, 1.488, 1.466];[2.155, 1.937, 1.204]
625constructshop:False depot:True weather:True;22084.181;545.005;3671.348;75.747;240.394;2209.828;0.0;3361.0;15658.0;32936.486;5878.656;-4973.649;241.04;19;128;[1.0, 1.0, 1.0, 1.0, 1.0];[1.0, 1.0, 1.0]
0;21797.332;543.467;3666.224;73.26;245.885;2150.641;0.0;3460.0;15437.0;32936.486;5878.656;-5260.498;78.509;18;128;[1.0, 1.0, 1.0, 1.0, 1.3];[1.0, 1.0, 1.3]
1;21597.781;538.17;3648.566;66.67;240.629;1974.046;0.0;3460.0;15437.0;32936.486;5878.656;-5460.049;113.427;18;128;[1.0, 1.3, 1.0, 1.0, 1.3];[1.0, 1.3, 1.3]
2;21597.781;538.17;3648.566;66.67;240.629;1974.046;0.0;3460.0;15437.0;32936.486;5878.656;-5460.049;9.488;18;128;[1.0, 1.27, 1.0, 1.0, 1.3];[1.0, 1.3, 1.27]
3;21597.781;538.17;3648.566;66.67;240.629;1974.046;0.0;3460.0;15437.0;32936.486;5878.656;-5460.049;145.323;18;128;[1.2, 1.27, 1.0, 1.0, 1.3];[1.0, 1.47, 1.27]
4;21253.461;497.098;3511.662;60.368;219.13;1788.701;0.0;3698.0;15456.0;32936.486;5878.656;-5804.369;202.342;18;128;[1.2, 1.27, 1.0, 1.0, 1.57];[1.0, 1.723, 1.27]
5;21237.521;499.499;3519.662;57.836;219.617;1723.36;0.0;3678.0;15495.0;32936.486;5878.656;-5820.309;47.261;18;128;[1.2, 1.27, 1.3, 1.0, 1.57];[1.0, 1.723, 1.543]
6;21220.756;499.471;3519.571;57.239;218.509;1706.715;0.0;3678.0;15495.0;32936.486;5878.656;-5837.074;106.522;18;128;[1.2, 1.27, 1.3, 1.0, 1.813];[1.0, 1.951, 1.543]
7;21220.756;499.471;3519.571;57.239;218.509;1706.715;0.0;3678.0;15495.0;32936.486;5878.656;-5837.074;145.506;18;128;[1.18, 1.27, 1.3, 1.0, 1.813];[1.0, 1.951, 1.543]
8;21220.756;499.471;3519.571;57.239;218.509;1706.715;0.0;3678.0;15495.0;32936.486;5878.656;-5837.074;32.747;18;128;[1.18, 1.27, 1.27, 1.0, 1.813];[1.0, 1.951, 1.489]
9;21214.906;499.197;3518.657;57.858;219.741;1724.053;0.0;3620.0;15473.0;32936.486;5878.656;-5842.924;41.547;18;128;[1.18, 1.543, 1.27, 1.0, 1.813];[1.3, 1.951, 1.489]
10;21055.241;495.072;3504.908;58.707;216.879;1743.261;0.0;3383.0;15312.0;32936.486;5878.656;-6002.589;104.828;18;128;[1.18, 1.543, 1.27, 1.3, 1.813];[1.3, 2.156, 1.489]
11;21055.241;495.072;3504.908;58.707;216.879;1743.261;0.0;3383.0;15312.0;32936.486;5878.656;-6002.589;43.233;18;128;[1.18, 1.489, 1.27, 1.3, 1.813];[1.3, 2.04, 1.489]
12;21055.241;495.072;3504.908;58.707;216.879;1743.261;0.0;3383.0;15312.0;32936.486;5878.656;-6002.589;36.971;18;128;[1.18, 1.44, 1.27, 1.3, 1.813];[1.27, 2.04, 1.489]
13;21055.241;495.072;3504.908;58.707;216.879;1743.261;0.0;3383.0;15312.0;32936.486;5878.656;-6002.589;81.261;18;128;[1.18, 1.44, 1.27, 1.3, 1.732];[1.27, 1.936, 1.489]
14;21055.241;495.072;3504.908;58.707;216.879;1743.261;0.0;3383.0;15312.0;32936.486;5878.656;-6002.589;12.321;18;128;[1.162, 1.44, 1.27, 1.3, 1.732];[1.27, 1.936, 1.44]
15;21055.241;495.072;3504.908;58.707;216.879;1743.261;0.0;3383.0;15312.0;32936.486;5878.656;-6002.589;41.695;18;128;[1.162, 1.44, 1.27, 1.27, 1.732];[1.27, 1.842, 1.44]
16;21055.241;495.072;3504.908;58.707;216.879;1743.261;0.0;3383.0;15312.0;32936.486;5878.656;-6002.589;71.626;18;128;[1.162, 1.44, 1.27, 1.27, 1.659];[1.27, 1.758, 1.44]
17;20947.365;495.997;3507.989;61.236;216.254;1808.379;0.0;3065.0;15135.0;32936.486;5878.656;-6110.465;43.92;18;128;[1.162, 1.44, 1.543, 1.27, 1.659];[1.543, 1.758, 1.44]
18;20947.365;495.997;3507.989;61.236;216.254;1808.379;0.0;3065.0;15135.0;32936.486;5878.656;-6110.465;25.283;18;128;[1.146, 1.44, 1.543, 1.27, 1.659];[1.543, 1.758, 1.396]
19;20947.365;495.997;3507.989;61.236;216.254;1808.379;0.0;3065.0;15135.0;32936.486;5878.656;-6110.465;60.829;18;128;[1.146, 1.44, 1.543, 1.27, 1.593];[1.489, 1.758, 1.396]
20;20713.117;487.622;3480.072;59.271;210.381;1751.423;0.0;2867.0;14994.0;32936.486;5878.656;-6344.713;113.457;18;128;[1.431, 1.44, 1.543, 1.27, 1.593];[1.489, 1.982, 1.396]
21;20654.74;477.431;3446.104;56.527;207.512;1677.204;0.0;3025.0;15054.0;32936.486;5878.656;-6403.09;46.574;18;128;[1.431, 1.44, 1.543, 1.27, 1.834];[1.74, 1.982, 1.396]
22;20654.74;477.431;3446.104;56.527;207.512;1677.204;0.0;3025.0;15054.0;32936.486;5878.656;-6403.09;41.604;18;128;[1.431, 1.44, 1.543, 1.243, 1.834];[1.74, 1.884, 1.396]
23;20654.74;477.431;3446.104;56.527;207.512;1677.204;0.0;3025.0;15054.0;32936.486;5878.656;-6403.09;11.413;18;128;[1.431, 1.44, 1.543, 1.219, 1.834];[1.74, 1.884, 1.356]
24;20654.74;477.431;3446.104;56.527;207.512;1677.204;0.0;3025.0;15054.0;32936.486;5878.656;-6403.09;11.243;18;128;[1.431, 1.44, 1.543, 1.197, 1.834];[1.666, 1.884, 1.356]
25;20654.74;477.431;3446.104;56.527;207.512;1677.204;0.0;3025.0;15054.0;32936.486;5878.656;-6403.09;61.631;18;128;[1.431, 1.396, 1.543, 1.197, 1.834];[1.666, 1.796, 1.356]
26;20654.74;477.431;3446.104;56.527;207.512;1677.204;0.0;3025.0;15054.0;32936.486;5878.656;-6403.09;43.468;18;128;[1.588, 1.396, 1.543, 1.197, 1.834];[1.799, 1.796, 1.356]
27;20654.74;477.431;3446.104;56.527;207.512;1677.204;0.0;3025.0;15054.0;32936.486;5878.656;-6403.09;14.835;18;128;[1.588, 1.396, 1.543, 1.197, 1.951];[1.799, 1.796, 1.52]
28;20654.74;477.431;3446.104;56.527;207.512;1677.204;0.0;3025.0;15054.0;32936.486;5878.656;-6403.09;76.296;18;128;[1.588, 1.396, 1.543, 1.197, 1.856];[1.799, 1.716, 1.52]
29;20654.74;477.431;3446.104;56.527;207.512;1677.204;0.0;3025.0;15054.0;32936.486;5878.656;-6403.09;23.89;18;128;[1.588, 1.396, 1.543, 1.377, 1.856];[1.919, 1.716, 1.52]
30;20654.74;477.431;3446.104;56.527;207.512;1677.204;0.0;3025.0;15054.0;32936.486;5878.656;-6403.09;56.344;18;128;[1.729, 1.396, 1.543, 1.377, 1.856];[1.919, 1.844, 1.52]
31;20654.74;477.431;3446.104;56.527;207.512;1677.204;0.0;3025.0;15054.0;32936.486;5878.656;-6403.09;51.478;18;128;[1.729, 1.356, 1.543, 1.377, 1.856];[1.919, 1.76, 1.52]
32;20654.74;477.431;3446.104;56.527;207.512;1677.204;0.0;3025.0;15054.0;32936.486;5878.656;-6403.09;8.127;18;128;[1.729, 1.356, 1.543, 1.377, 1.77];[1.919, 1.76, 1.468]
33;20195.461;489.629;3475.097;45.704;207.445;1395.736;0.0;2906.0;14835.0;32756.906;6058.236;-6503.209;82.794;19;128;[1.729, 1.62, 1.543, 1.377, 1.77];[2.127, 1.76, 1.468]
34;20195.461;489.629;3475.097;45.704;207.445;1395.736;0.0;2906.0;14835.0;32756.906;6058.236;-6503.209;36.91;19;128;[1.656, 1.62, 1.543, 1.377, 1.77];[2.014, 1.76, 1.468]
35;20195.461;489.629;3475.097;45.704;207.445;1395.736;0.0;2906.0;14835.0;32756.906;6058.236;-6503.209;13.625;19;128;[1.656, 1.62, 1.543, 1.377, 1.693];[2.014, 1.76, 1.421]
36;20195.461;489.629;3475.097;45.704;207.445;1395.736;0.0;2906.0;14835.0;32756.906;6058.236;-6503.209;7.764;19;128;[1.656, 1.62, 1.543, 1.377, 1.624];[2.014, 1.76, 1.379]
37;20195.461;489.629;3475.097;45.704;207.445;1395.736;0.0;2906.0;14835.0;32756.906;6058.236;-6503.209;10.701;19;128;[1.59, 1.62, 1.543, 1.377, 1.624];[2.014, 1.76, 1.341]
38;20183.469;490.02;3476.4;51.921;212.108;1562.049;0.0;2767.0;14655.0;32756.906;6058.236;-6515.201;46.469;19;128;[1.59, 1.858, 1.543, 1.377, 1.624];[2.213, 1.76, 1.341]
39;20183.469;490.02;3476.4;51.921;212.108;1562.049;0.0;2767.0;14655.0;32756.906;6058.236;-6515.201;10.272;19;128;[1.59, 1.858, 1.489, 1.377, 1.624];[2.213, 1.76, 1.307]
40;20145.822;485.866;3462.554;51.24;210.172;1542.402;0.0;2767.0;14655.0;32756.906;6058.236;-6552.848;49.183;19;128;[1.59, 1.858, 1.489, 1.377, 1.862];[2.392, 1.76, 1.307]
41;20057.38;483.307;3454.023;48.339;208.238;1465.05;0.0;2767.0;14655.0;32756.906;6058.236;-6641.29;10.413;19;128;[1.59, 2.072, 1.489, 1.377, 1.862];[2.392, 1.984, 1.307]
42;20057.38;483.307;3454.023;48.339;208.238;1465.05;0.0;2767.0;14655.0;32756.906;6058.236;-6641.29;30.601;19;128;[1.59, 2.072, 1.489, 1.377, 1.776];[2.253, 1.984, 1.307]
43;20057.38;483.307;3454.023;48.339;208.238;1465.05;0.0;2767.0;14655.0;32756.906;6058.236;-6641.29;30.755;19;128;[1.59, 2.072, 1.44, 1.377, 1.776];[2.128, 1.984, 1.307]
44;20057.38;483.307;3454.023;48.339;208.238;1465.05;0.0;2767.0;14655.0;32756.906;6058.236;-6641.29;23.584;19;128;[1.59, 2.072, 1.44, 1.377, 1.698];[2.015, 1.984, 1.307]
45;20057.38;483.307;3454.023;48.339;208.238;1465.05;0.0;2767.0;14655.0;32756.906;6058.236;-6641.29;17.788;19;128;[1.59, 2.072, 1.396, 1.377, 1.698];[2.015, 1.886, 1.307]
46;20057.38;483.307;3454.023;48.339;208.238;1465.05;0.0;2767.0;14655.0;32756.906;6058.236;-6641.29;47.301;19;128;[1.531, 2.072, 1.396, 1.377, 1.698];[2.015, 1.797, 1.307]
47;20057.38;483.307;3454.023;48.339;208.238;1465.05;0.0;2767.0;14655.0;32756.906;6058.236;-6641.29;9.669;19;128;[1.531, 2.072, 1.396, 1.377, 1.628];[2.015, 1.797, 1.276]
48;20057.38;483.307;3454.023;48.339;208.238;1465.05;0.0;2767.0;14655.0;32756.906;6058.236;-6641.29;26.488;19;128;[1.531, 2.072, 1.396, 1.539, 1.628];[2.015, 1.917, 1.276]
49;20057.38;483.307;3454.023;48.339;208.238;1465.05;0.0;2767.0;14655.0;32756.906;6058.236;-6641.29;21.753;19;128;[1.531, 2.165, 1.396, 1.539, 1.628];[2.114, 1.917, 1.276]
626constructshop:False depot:True weather:True;21751.701;554.258;3698.525;61.88;238.035;1846.918;0.0;3029.0;15652.0;32781.158;6033.984;-4995.473;231.494;19;128;[1.0, 1.0, 1.0, 1.0, 1.0];[1.0, 1.0, 1.0]
0;21925.333;569.127;3754.422;61.71;246.329;1850.785;0.0;3069.0;15751.0;33082.886;5732.256;-5425.297;85.101;18;128;[1.0, 1.0, 1.0, 1.3, 1.0];[1.0, 1.0, 1.3]
1;21791.082;554.235;3704.783;59.327;238.561;1781.064;0.0;3069.0;15751.0;33082.886;5732.256;-5559.548;122.275;18;128;[1.0, 1.3, 1.0, 1.3, 1.0];[1.3, 1.0, 1.3]
2;21646.079;569.745;3756.483;59.405;244.323;1788.851;0.0;2970.0;15531.0;33082.886;5732.256;-5704.551;33.497;18;128;[1.0, 1.3, 1.0, 1.3, 1.3];[1.3, 1.0, 1.57]
3;21646.079;569.745;3756.483;59.405;244.323;1788.851;0.0;2970.0;15531.0;33082.886;5732.256;-5704.551;116.736;18;128;[1.0, 1.3, 1.0, 1.27, 1.3];[1.27, 1.0, 1.57]
4;21462.574;560.458;3725.525;60.942;240.108;1824.591;0.0;2970.0;15352.0;33082.886;5732.256;-5888.056;10.961;18;128;[1.0, 1.3, 1.0, 1.543, 1.3];[1.27, 1.0, 1.813]
5;21462.574;560.458;3725.525;60.942;240.108;1824.591;0.0;2970.0;15352.0;33082.886;5732.256;-5888.056;26.037;18;128;[1.0, 1.27, 1.0, 1.543, 1.3];[1.27, 1.0, 1.732]
6;21462.574;560.458;3725.525;60.942;240.108;1824.591;0.0;2970.0;15352.0;33082.886;5732.256;-5888.056;40.156;18;128;[1.0, 1.27, 1.0, 1.489, 1.3];[1.243, 1.0, 1.732]
7;21462.574;560.458;3725.525;60.942;240.108;1824.591;0.0;2970.0;15352.0;33082.886;5732.256;-5888.056;12.347;18;128;[1.0, 1.27, 1.0, 1.64, 1.3];[1.419, 1.0, 1.732]
8;21462.574;560.458;3725.525;60.942;240.108;1824.591;0.0;2970.0;15352.0;33082.886;5732.256;-5888.056;9.0;18;128;[1.0, 1.27, 1.0, 1.776, 1.3];[1.577, 1.0, 1.732]
9;21462.574;560.458;3725.525;60.942;240.108;1824.591;0.0;2970.0;15352.0;33082.886;5732.256;-5888.056;16.298;18;128;[1.0, 1.27, 1.0, 1.898, 1.3];[1.577, 1.2, 1.732]
10;21462.574;560.458;3725.525;60.942;240.108;1824.591;0.0;2970.0;15352.0;33082.886;5732.256;-5888.056;103.638;18;128;[1.2, 1.27, 1.0, 1.898, 1.3];[1.719, 1.2, 1.732]
11;21064.002;524.224;3604.746;56.287;221.575;1685.032;0.0;2595.0;15250.0;33082.886;5732.256;-6286.628;26.494;18;128;[1.2, 1.27, 1.0, 1.898, 1.57];[1.719, 1.2, 1.959]
12;21064.002;524.224;3604.746;56.287;221.575;1685.032;0.0;2595.0;15250.0;33082.886;5732.256;-6286.628;19.677;18;128;[1.2, 1.243, 1.0, 1.898, 1.57];[1.719, 1.2, 1.863]
13;21064.002;524.224;3604.746;56.287;221.575;1685.032;0.0;2595.0;15250.0;33082.886;5732.256;-6286.628;101.3;18;128;[1.2, 1.243, 1.0, 1.898, 1.57];[1.647, 1.2, 1.863]
14;21064.002;524.224;3604.746;56.287;221.575;1685.032;0.0;2595.0;15250.0;33082.886;5732.256;-6286.628;142.623;18;128;[1.18, 1.243, 1.0, 1.898, 1.57];[1.582, 1.2, 1.863]
15;21064.002;524.224;3604.746;56.287;221.575;1685.032;0.0;2595.0;15250.0;33082.886;5732.256;-6286.628;28.435;18;128;[1.18, 1.243, 1.0, 1.808, 1.57];[1.524, 1.2, 1.863]
16;21064.002;524.224;3604.746;56.287;221.575;1685.032;0.0;2595.0;15250.0;33082.886;5732.256;-6286.628;21.909;18;128;[1.18, 1.419, 1.0, 1.808, 1.57];[1.672, 1.2, 1.863]
17;21064.002;524.224;3604.746;56.287;221.575;1685.032;0.0;2595.0;15250.0;33082.886;5732.256;-6286.628;153.114;18;128;[1.18, 1.419, 1.0, 1.808, 1.513];[1.605, 1.2, 1.863]
18;21026.007;522.547;3608.824;63.018;225.171;1863.636;0.0;2493.0;15031.0;33190.202;5624.94;-6539.255;15.538;18;128;[1.18, 1.419, 1.0, 1.808, 1.762];[1.605, 1.2, 2.077]
19;20836.532;516.939;3590.131;57.615;221.466;1719.463;0.0;2415.0;15010.0;33190.202;5624.94;-6728.73;117.798;18;128;[1.18, 1.419, 1.0, 1.808, 1.986];[1.845, 1.2, 2.077]
20;20700.85;522.687;3609.288;55.204;223.563;1658.875;0.0;2415.0;14910.0;33190.202;5624.94;-6864.412;52.147;18;128;[1.18, 1.419, 1.0, 2.027, 1.986];[1.845, 1.48, 2.077]
21;20700.85;522.687;3609.288;55.204;223.563;1658.875;0.0;2415.0;14910.0;33190.202;5624.94;-6864.412;57.616;18;128;[1.18, 1.419, 1.0, 2.027, 1.887];[1.845, 1.432, 2.077]
22;20700.85;522.687;3609.288;55.204;223.563;1658.875;0.0;2415.0;14910.0;33190.202;5624.94;-6864.412;14.963;18;128;[1.18, 1.419, 1.0, 2.124, 1.887];[1.845, 1.589, 2.077]
23;20684.304;531.923;3640.078;49.111;224.416;1501.303;0.0;2593.0;15011.0;33190.202;5624.94;-6880.958;7.121;18;128;[1.18, 1.419, 1.0, 2.312, 1.887];[1.845, 1.589, 2.269]
24;20684.304;531.923;3640.078;49.111;224.416;1501.303;0.0;2593.0;15011.0;33190.202;5624.94;-6880.958;18.271;18;128;[1.18, 1.419, 1.0, 2.181, 1.887];[1.761, 1.589, 2.269]
25;20684.304;531.923;3640.078;49.111;224.416;1501.303;0.0;2593.0;15011.0;33190.202;5624.94;-6880.958;12.438;18;128;[1.18, 1.377, 1.0, 2.181, 1.887];[1.761, 1.589, 2.142]
26;20684.304;531.923;3640.078;49.111;224.416;1501.303;0.0;2593.0;15011.0;33190.202;5624.94;-6880.958;74.065;18;128;[1.18, 1.377, 1.0, 2.181, 1.887];[1.685, 1.589, 2.142]
27;20684.304;531.923;3640.078;49.111;224.416;1501.303;0.0;2593.0;15011.0;33190.202;5624.94;-6880.958;10.089;18;128;[1.18, 1.377, 1.0, 2.063, 1.887];[1.685, 1.589, 2.028]
28;20684.304;531.923;3640.078;49.111;224.416;1501.303;0.0;2593.0;15011.0;33190.202;5624.94;-6880.958;82.157;18;128;[1.18, 1.377, 1.0, 2.063, 1.798];[1.685, 1.53, 2.028]
29;20684.304;531.923;3640.078;49.111;224.416;1501.303;0.0;2593.0;15011.0;33190.202;5624.94;-6880.958;52.695;18;128;[1.18, 1.377, 1.0, 2.063, 1.718];[1.617, 1.53, 2.028]
30;20684.304;531.923;3640.078;49.111;224.416;1501.303;0.0;2593.0;15011.0;33190.202;5624.94;-6880.958;6.854;18;128;[1.18, 1.377, 1.0, 1.957, 1.718];[1.617, 1.53, 1.925]
31;20684.304;531.923;3640.078;49.111;224.416;1501.303;0.0;2593.0;15011.0;33190.202;5624.94;-6880.958;32.202;18;128;[1.18, 1.339, 1.0, 1.957, 1.718];[1.617, 1.477, 1.925]
32;20684.304;531.923;3640.078;49.111;224.416;1501.303;0.0;2593.0;15011.0;33190.202;5624.94;-6880.958;30.535;18;128;[1.18, 1.339, 1.0, 1.861, 1.718];[1.617, 1.429, 1.925]
33;20684.304;531.923;3640.078;49.111;224.416;1501.303;0.0;2593.0;15011.0;33190.202;5624.94;-6880.958;7.746;18;128;[1.18, 1.339, 1.0, 1.775, 1.718];[1.617, 1.429, 1.833]
34;20684.304;531.923;3640.078;49.111;224.416;1501.303;0.0;2593.0;15011.0;33190.202;5624.94;-6880.958;87.204;18;128;[1.162, 1.339, 1.0, 1.775, 1.718];[1.555, 1.429, 1.833]
35;20651.569;490.485;3501.952;60.581;214.03;1789.132;0.0;2435.0;14870.0;33190.202;5624.94;-6913.693;70.837;18;128;[1.162, 1.339, 1.0, 1.775, 1.946];[1.8, 1.429, 1.833]
36;20651.569;490.485;3501.952;60.581;214.03;1789.132;0.0;2435.0;14870.0;33190.202;5624.94;-6913.693;29.37;18;128;[1.162, 1.339, 1.0, 1.698, 1.946];[1.8, 1.386, 1.833]
37;20651.569;490.485;3501.952;60.581;214.03;1789.132;0.0;2435.0;14870.0;33190.202;5624.94;-6913.693;14.119;18;128;[1.162, 1.339, 1.0, 1.698, 1.851];[1.8, 1.386, 1.75]
38;20651.569;490.485;3501.952;60.581;214.03;1789.132;0.0;2435.0;14870.0;33190.202;5624.94;-6913.693;57.443;18;128;[1.162, 1.339, 1.0, 1.698, 1.966];[1.92, 1.386, 1.75]
39;20651.569;490.485;3501.952;60.581;214.03;1789.132;0.0;2435.0;14870.0;33190.202;5624.94;-6913.693;62.983;18;128;[1.346, 1.339, 1.0, 1.698, 1.966];[2.028, 1.386, 1.75]
40;20541.348;512.532;3575.439;50.337;213.622;1522.378;0.0;2672.0;14931.0;33190.202;5624.94;-7023.914;54.762;18;128;[1.611, 1.339, 1.0, 1.698, 1.966];[2.225, 1.386, 1.75]
41;20410.877;496.049;3520.497;52.184;208.55;1565.331;0.0;2395.0;14829.0;33190.202;5624.94;-7154.385;23.208;18;128;[1.611, 1.339, 1.0, 1.928, 1.966];[2.402, 1.386, 1.75]
42;20138.3;494.671;3515.904;42.044;205.586;1298.724;0.0;2395.0;14829.0;33190.202;5624.94;-7426.962;7.186;18;128;[1.611, 1.339, 1.0, 2.135, 1.966];[2.402, 1.386, 1.975]
43;20138.3;494.671;3515.904;42.044;205.586;1298.724;0.0;2395.0;14829.0;33190.202;5624.94;-7426.962;16.633;18;128;[1.611, 1.339, 1.0, 2.135, 1.966];[2.402, 1.386, 1.878]
44;20138.3;494.671;3515.904;42.044;205.586;1298.724;0.0;2395.0;14829.0;33190.202;5624.94;-7426.962;6.455;18;128;[1.611, 1.339, 1.0, 2.135, 1.869];[2.402, 1.386, 1.79]
45;20062.59;483.086;3477.287;42.044;200.078;1293.216;0.0;2375.0;14809.0;33190.202;5624.94;-7502.672;50.777;18;128;[1.611, 1.339, 1.3, 2.135, 1.869];[2.562, 1.386, 1.79]
46;20062.59;483.086;3477.287;42.044;200.078;1293.216;0.0;2375.0;14809.0;33190.202;5624.94;-7502.672;11.966;18;128;[1.611, 1.339, 1.3, 2.021, 1.869];[2.562, 1.386, 1.711]
47;20062.59;483.086;3477.287;42.044;200.078;1293.216;0.0;2375.0;14809.0;33190.202;5624.94;-7502.672;24.394;18;128;[1.611, 1.339, 1.3, 2.119, 1.869];[2.606, 1.386, 1.711]
48;20062.59;483.086;3477.287;42.044;200.078;1293.216;0.0;2375.0;14809.0;33190.202;5624.94;-7502.672;8.436;18;128;[1.611, 1.339, 1.27, 2.119, 1.869];[2.606, 1.386, 1.64]
49;20062.59;483.086;3477.287;42.044;200.078;1293.216;0.0;2375.0;14809.0;33190.202;5624.94;-7502.672;6.215;18;128;[1.611, 1.339, 1.27, 2.119, 1.782];[2.606, 1.386, 1.576]
627constructshop:False depot:True weather:True;21736.86;545.222;3660.407;69.813;241.097;2056.231;0.0;2988.0;15475.0;32756.906;6058.236;-4961.81;212.46;19;128;[1.0, 1.0, 1.0, 1.0, 1.0];[1.0, 1.0, 1.0]
0;21151.489;512.503;3551.342;58.091;223.267;1733.645;0.0;2949.0;15354.0;32756.906;6058.236;-5547.181;156.2;19;128;[1.3, 1.0, 1.0, 1.0, 1.0];[1.3, 1.0, 1.0]
1;21130.382;510.55;3544.833;60.675;224.45;1801.999;0.0;2949.0;15273.0;32756.906;6058.236;-5568.288;156.136;19;128;[1.3, 1.3, 1.0, 1.0, 1.0];[1.57, 1.0, 1.0]
2;21118.143;507.883;3535.943;63.002;224.26;1862.317;0.0;2870.0;15212.0;32756.906;6058.236;-5580.527;91.054;19;128;[1.3, 1.3, 1.0, 1.3, 1.0];[1.57, 1.3, 1.0]
3;21118.143;507.883;3535.943;63.002;224.26;1862.317;0.0;2870.0;15212.0;32756.906;6058.236;-5580.527;22.098;19;128;[1.3, 1.3, 1.0, 1.47, 1.0];[1.57, 1.47, 1.0]
4;20934.796;507.775;3535.582;61.278;225.206;1818.439;0.0;2830.0;15073.0;32756.906;6058.236;-5763.874;23.988;19;128;[1.57, 1.3, 1.0, 1.47, 1.0];[1.57, 1.47, 1.3]
5;20923.597;505.498;3527.994;61.278;223.872;1817.104;0.0;2830.0;15073.0;32756.906;6058.236;-5775.073;39.391;19;128;[1.57, 1.3, 1.0, 1.723, 1.0];[1.813, 1.47, 1.3]
6;20705.352;503.262;3520.539;57.227;221.66;1709.551;0.0;2713.0;14972.0;32756.906;6058.236;-5993.318;118.528;19;128;[1.813, 1.3, 1.0, 1.723, 1.0];[2.032, 1.47, 1.3]
7;20705.352;503.262;3520.539;57.227;221.66;1709.551;0.0;2713.0;14972.0;32756.906;6058.236;-5993.318;20.778;19;128;[1.732, 1.3, 1.0, 1.723, 1.0];[2.032, 1.47, 1.27]
8;20705.352;503.262;3520.539;57.227;221.66;1709.551;0.0;2713.0;14972.0;32756.906;6058.236;-5993.318;16.204;19;128;[1.732, 1.3, 1.0, 1.651, 1.0];[2.032, 1.47, 1.243]
9;20705.352;503.262;3520.539;57.227;221.66;1709.551;0.0;2713.0;14972.0;32756.906;6058.236;-5993.318;27.993;19;128;[1.732, 1.3, 1.0, 1.786, 1.0];[2.129, 1.47, 1.243]
10;20705.352;503.262;3520.539;57.227;221.66;1709.551;0.0;2713.0;14972.0;32756.906;6058.236;-5993.318;12.239;19;128;[1.732, 1.3, 1.0, 1.707, 1.0];[2.129, 1.423, 1.243]
11;20705.352;503.262;3520.539;57.227;221.66;1709.551;0.0;2713.0;14972.0;32756.906;6058.236;-5993.318;8.756;19;128;[1.732, 1.3, 1.0, 1.836, 1.0];[2.216, 1.423, 1.243]
12;20705.352;503.262;3520.539;57.227;221.66;1709.551;0.0;2713.0;14972.0;32756.906;6058.236;-5993.318;143.649;19;128;[1.732, 1.47, 1.0, 1.836, 1.0];[2.294, 1.423, 1.243]
13;20705.352;503.262;3520.539;57.227;221.66;1709.551;0.0;2713.0;14972.0;32756.906;6058.236;-5993.318;52.939;19;128;[1.732, 1.423, 1.0, 1.836, 1.0];[2.294, 1.381, 1.243]
14;20401.13;484.164;3456.879;51.486;209.449;1548.087;0.0;2635.0;14912.0;32756.906;6058.236;-6297.54;81.546;19;128;[1.732, 1.423, 1.3, 1.836, 1.0];[2.294, 1.643, 1.243]
15;20401.13;484.164;3456.879;51.486;209.449;1548.087;0.0;2635.0;14912.0;32756.906;6058.236;-6297.54;31.644;19;128;[1.732, 1.423, 1.3, 1.752, 1.0];[2.165, 1.643, 1.243]
16;20401.13;484.164;3456.879;51.486;209.449;1548.087;0.0;2635.0;14912.0;32756.906;6058.236;-6297.54;23.505;19;128;[1.732, 1.423, 1.27, 1.752, 1.0];[2.165, 1.643, 1.219]
17;20231.887;484.848;3459.161;50.305;208.936;1516.877;0.0;2417.0;14771.0;32756.906;6058.236;-6466.783;95.293;19;128;[1.959, 1.423, 1.27, 1.752, 1.0];[2.165, 1.879, 1.219]
18;20135.435;484.122;3456.739;46.798;206.824;1423.575;0.0;2417.0;14771.0;32756.906;6058.236;-6563.235;20.795;19;128;[1.959, 1.423, 1.27, 1.977, 1.0];[2.349, 1.879, 1.219]
19;20135.435;484.122;3456.739;46.798;206.824;1423.575;0.0;2417.0;14771.0;32756.906;6058.236;-6563.235;67.912;19;128;[1.959, 1.581, 1.27, 1.977, 1.0];[2.414, 1.879, 1.219]
20;20076.486;480.897;3445.991;44.343;205.682;1358.597;0.0;2555.0;14791.0;32756.906;6058.236;-6622.184;56.604;19;128;[2.163, 1.581, 1.27, 1.977, 1.0];[2.573, 1.879, 1.219]
21;20076.486;480.897;3445.991;44.343;205.682;1358.597;0.0;2555.0;14791.0;32756.906;6058.236;-6622.184;41.717;19;128;[2.163, 1.581, 1.243, 1.977, 1.0];[2.573, 1.791, 1.219]
22;19890.064;460.844;3379.148;44.602;199.412;1359.072;0.0;2694.0;14691.0;32756.906;6058.236;-6808.606;96.801;19;128;[2.347, 1.581, 1.243, 1.977, 1.0];[2.716, 1.791, 1.219]
23;19748.128;454.268;3357.227;40.427;194.544;1245.634;0.0;2694.0;14691.0;32756.906;6058.236;-6950.542;23.525;19;128;[2.347, 1.581, 1.519, 1.977, 1.0];[2.716, 2.012, 1.219]
24;19748.128;454.268;3357.227;40.427;194.544;1245.634;0.0;2694.0;14691.0;32756.906;6058.236;-6950.542;25.972;19;128;[2.347, 1.581, 1.519, 1.879, 1.0];[2.544, 2.012, 1.219]
25;19721.737;450.525;3344.749;40.08;193.378;1235.463;0.0;2694.0;14691.0;32756.906;6058.236;-6976.933;59.802;19;128;[2.512, 1.581, 1.519, 1.879, 1.0];[2.544, 2.211, 1.219]
26;19717.135;469.322;3407.405;36.515;199.016;1148.409;0.0;2713.0;14692.0;32756.906;6058.236;-6981.535;11.841;19;128;[2.512, 1.581, 1.519, 2.091, 1.0];[2.544, 2.211, 1.497]
27;19635.182;478.003;3436.342;36.401;201.41;1147.838;0.0;2693.0;14573.0;32756.906;6058.236;-7063.488;21.441;19;128;[2.661, 1.581, 1.519, 2.091, 1.0];[2.544, 2.211, 1.747]
28;19399.392;452.72;3352.067;32.08;187.533;1021.606;0.0;2693.0;14573.0;32756.906;6058.236;-7299.278;27.121;19;128;[2.661, 1.581, 1.519, 2.282, 1.0];[2.69, 2.211, 1.747]
29;19399.392;452.72;3352.067;32.08;187.533;1021.606;0.0;2693.0;14573.0;32756.906;6058.236;-7299.278;70.545;19;128;[2.495, 1.581, 1.519, 2.282, 1.0];[2.521, 2.211, 1.747]
30;19399.392;452.72;3352.067;32.08;187.533;1021.606;0.0;2693.0;14573.0;32756.906;6058.236;-7299.278;4.012;19;128;[2.495, 1.581, 1.519, 2.154, 1.0];[2.521, 2.211, 1.672]
31;19399.215;447.865;3335.883;31.473;185.178;1003.467;0.0;2633.0;14612.0;32756.906;6058.236;-7299.455;58.522;19;128;[2.646, 1.581, 1.519, 2.154, 1.0];[2.521, 2.39, 1.672]
32;19395.667;447.027;3333.091;31.492;184.759;1003.549;0.0;2633.0;14612.0;32756.906;6058.236;-7303.003;27.745;19;128;[2.646, 1.581, 1.519, 2.339, 1.0];[2.669, 2.39, 1.672]
33;19395.162;447.027;3333.091;31.473;184.754;1003.044;0.0;2633.0;14612.0;32756.906;6058.236;-7303.508;14.949;19;128;[2.646, 1.581, 1.519, 2.505, 1.0];[2.802, 2.39, 1.672]
34;19395.162;447.027;3333.091;31.473;184.754;1003.044;0.0;2633.0;14612.0;32756.906;6058.236;-7303.508;117.622;19;128;[2.646, 1.581, 1.519, 2.505, 1.0];[2.802, 2.251, 1.672]
35;19395.162;447.027;3333.091;31.473;184.754;1003.044;0.0;2633.0;14612.0;32756.906;6058.236;-7303.508;7.902;19;128;[2.646, 1.581, 1.519, 2.554, 1.0];[2.802, 2.326, 1.672]
36;19395.162;447.027;3333.091;31.473;184.754;1003.044;0.0;2633.0;14612.0;32756.906;6058.236;-7303.508;7.211;19;128;[2.646, 1.581, 1.519, 2.599, 1.0];[2.822, 2.326, 1.672]
37;19395.162;447.027;3333.091;31.473;184.754;1003.044;0.0;2633.0;14612.0;32756.906;6058.236;-7303.508;3.965;19;128;[2.646, 1.581, 1.519, 2.439, 1.0];[2.822, 2.326, 1.605]
38;19395.162;447.027;3333.091;31.473;184.754;1003.044;0.0;2633.0;14612.0;32756.906;6058.236;-7303.508;7.229;19;128;[2.646, 1.581, 1.519, 2.495, 1.0];[2.822, 2.393, 1.605]
39;19378.354;447.476;3334.586;30.861;181.913;984.292;0.0;2633.0;14612.0;32756.906;6058.236;-7320.316;66.578;19;128;[2.781, 1.581, 1.519, 2.495, 1.0];[2.822, 2.554, 1.605]
40;19378.354;447.476;3334.586;30.861;181.913;984.292;0.0;2633.0;14612.0;32756.906;6058.236;-7320.316;52.27;19;128;[2.603, 1.581, 1.519, 2.495, 1.0];[2.822, 2.399, 1.605]
41;19378.354;447.476;3334.586;30.861;181.913;984.292;0.0;2633.0;14612.0;32756.906;6058.236;-7320.316;10.067;19;128;[2.603, 1.581, 1.519, 2.495, 1.0];[2.822, 2.399, 1.545]
42;19378.354;447.476;3334.586;30.861;181.913;984.292;0.0;2633.0;14612.0;32756.906;6058.236;-7320.316;21.063;19;128;[2.443, 1.581, 1.519, 2.495, 1.0];[2.822, 2.259, 1.545]
43;19378.354;447.476;3334.586;30.861;181.913;984.292;0.0;2633.0;14612.0;32756.906;6058.236;-7320.316;15.038;19;128;[2.443, 1.581, 1.519, 2.546, 1.0];[2.822, 2.333, 1.545]
44;19378.354;447.476;3334.586;30.861;181.913;984.292;0.0;2633.0;14612.0;32756.906;6058.236;-7320.316;4.4;19;128;[2.443, 1.581, 1.519, 2.391, 1.0];[2.822, 2.333, 1.491]
45;19378.354;447.476;3334.586;30.861;181.913;984.292;0.0;2633.0;14612.0;32756.906;6058.236;-7320.316;46.892;19;128;[2.443, 1.723, 1.519, 2.391, 1.0];[2.822, 2.4, 1.491]
46;19378.354;447.476;3334.586;30.861;181.913;984.292;0.0;2633.0;14612.0;32756.906;6058.236;-7320.316;30.986;19;128;[2.499, 1.723, 1.519, 2.391, 1.0];[2.822, 2.46, 1.491]
47;19266.627;442.646;3318.485;39.564;184.825;1213.497;0.0;2455.0;14292.0;32756.906;6058.236;-7432.043;30.476;19;128;[2.499, 1.951, 1.519, 2.391, 1.0];[2.94, 2.46, 1.491]
48;19155.54;446.046;3329.821;34.864;183.218;1089.673;0.0;2337.0;14290.0;32756.906;6058.236;-7543.13;33.706;19;128;[2.649, 1.951, 1.519, 2.391, 1.0];[2.94, 2.614, 1.491]
49;19155.54;446.046;3329.821;34.864;183.218;1089.673;0.0;2337.0;14290.0;32756.906;6058.236;-7543.13;11.224;19;128;[2.649, 1.856, 1.519, 2.391, 1.0];[2.94, 2.614, 1.442]
628constructshop:False depot:True weather:True;21206.451;524.185;3590.282;63.424;230.961;1879.984;0.0;2595.0;15212.0;32756.906;6058.236;-5492.219;246.72;19;128;[1.0, 1.0, 1.0, 1.0, 1.0];[1.0, 1.0, 1.0]
0;21206.451;524.185;3590.282;63.424;230.961;1879.984;0.0;2595.0;15212.0;32756.906;6058.236;-5492.219;208.218;19;128;[1.0, 1.0, 1.0, 1.0, 1.0];[1.0, 1.0, 1.0]
1;21206.451;524.185;3590.282;63.424;230.961;1879.984;0.0;2595.0;15212.0;32756.906;6058.236;-5492.219;164.84;19;128;[1.0, 1.0, 1.0, 1.0, 1.0];[1.0, 1.0, 1.0]
2;21014.283;515.403;3561.008;59.193;225.851;1764.872;0.0;2614.0;15173.0;32756.906;6058.236;-5684.387;113.889;19;128;[1.0, 1.0, 1.0, 1.3, 1.0];[1.0, 1.3, 1.0]
3;21014.283;515.403;3561.008;59.193;225.851;1764.872;0.0;2614.0;15173.0;32756.906;6058.236;-5684.387;9.011;19;128;[1.0, 1.0, 1.0, 1.27, 1.0];[1.0, 1.3, 1.0]
4;20981.382;501.89;3515.967;58.06;220.976;1730.525;0.0;2673.0;15233.0;32756.906;6058.236;-5717.288;93.787;19;128;[1.3, 1.0, 1.0, 1.27, 1.0];[1.0, 1.57, 1.0]
5;20889.49;502.896;3519.321;64.957;225.383;1914.274;0.0;2396.0;14953.0;32756.906;6058.236;-5809.18;109.156;19;128;[1.3, 1.3, 1.0, 1.27, 1.0];[1.0, 1.813, 1.0]
6;20354.377;485.867;3462.557;51.67;209.536;1552.952;0.0;2396.0;14853.0;32756.906;6058.236;-6344.293;14.826;19;128;[1.3, 1.57, 1.0, 1.27, 1.0];[1.3, 1.813, 1.0]
7;20354.377;485.867;3462.557;51.67;209.536;1552.952;0.0;2396.0;14853.0;32756.906;6058.236;-6344.293;29.945;19;128;[1.3, 1.57, 1.0, 1.243, 1.0];[1.3, 1.732, 1.0]
8;20354.377;485.867;3462.557;51.67;209.536;1552.952;0.0;2396.0;14853.0;32756.906;6058.236;-6344.293;48.165;19;128;[1.3, 1.57, 1.0, 1.243, 1.0];[1.3, 1.659, 1.0]
9;20354.377;485.867;3462.557;51.67;209.536;1552.952;0.0;2396.0;14853.0;32756.906;6058.236;-6344.293;12.105;19;128;[1.3, 1.57, 1.0, 1.219, 1.0];[1.27, 1.659, 1.0]
10;20354.377;485.867;3462.557;51.67;209.536;1552.952;0.0;2396.0;14853.0;32756.906;6058.236;-6344.293;118.324;19;128;[1.3, 1.57, 1.0, 1.219, 1.0];[1.27, 1.593, 1.0]
11;20354.377;485.867;3462.557;51.67;209.536;1552.952;0.0;2396.0;14853.0;32756.906;6058.236;-6344.293;29.145;19;128;[1.3, 1.57, 1.0, 1.219, 1.0];[1.243, 1.593, 1.0]
12;20354.377;485.867;3462.557;51.67;209.536;1552.952;0.0;2396.0;14853.0;32756.906;6058.236;-6344.293;106.995;19;128;[1.27, 1.57, 1.0, 1.219, 1.0];[1.243, 1.534, 1.0]
13;20354.377;485.867;3462.557;51.67;209.536;1552.952;0.0;2396.0;14853.0;32756.906;6058.236;-6344.293;25.94;19;128;[1.27, 1.57, 1.0, 1.219, 1.0];[1.243, 1.534, 1.0]
14;20354.377;485.867;3462.557;51.67;209.536;1552.952;0.0;2396.0;14853.0;32756.906;6058.236;-6344.293;37.894;19;128;[1.27, 1.57, 1.0, 1.219, 1.0];[1.243, 1.481, 1.0]
15;20354.377;485.867;3462.557;51.67;209.536;1552.952;0.0;2396.0;14853.0;32756.906;6058.236;-6344.293;6.629;19;128;[1.27, 1.57, 1.0, 1.197, 1.0];[1.243, 1.481, 1.0]
16;20354.377;485.867;3462.557;51.67;209.536;1552.952;0.0;2396.0;14853.0;32756.906;6058.236;-6344.293;67.723;19;128;[1.243, 1.57, 1.0, 1.197, 1.0];[1.219, 1.481, 1.0]
17;20354.377;485.867;3462.557;51.67;209.536;1552.952;0.0;2396.0;14853.0;32756.906;6058.236;-6344.293;73.987;19;128;[1.419, 1.57, 1.0, 1.197, 1.0];[1.397, 1.481, 1.0]
18;20352.786;475.887;3429.291;56.526;205.921;1675.607;0.0;2475.0;14772.0;32756.906;6058.236;-6345.884;60.573;19;128;[1.419, 1.813, 1.0, 1.197, 1.0];[1.657, 1.481, 1.0]
19;20343.763;474.096;3423.32;56.526;205.661;1675.347;0.0;2396.0;14771.0;32756.906;6058.236;-6354.907;33.766;19;128;[1.419, 1.813, 1.0, 1.477, 1.0];[1.891, 1.481, 1.0]
20;20343.763;474.096;3423.32;56.526;205.661;1675.347;0.0;2396.0;14771.0;32756.906;6058.236;-6354.907;11.768;19;128;[1.419, 1.813, 1.0, 1.629, 1.0];[2.002, 1.481, 1.0]
21;20343.763;474.096;3423.32;56.526;205.661;1675.347;0.0;2396.0;14771.0;32756.906;6058.236;-6354.907;73.796;19;128;[1.377, 1.813, 1.0, 1.629, 1.0];[1.902, 1.481, 1.0]
22;20086.213;453.576;3354.921;52.703;196.429;1566.716;0.0;2337.0;14711.0;32756.906;6058.236;-6612.457;37.15;19;128;[1.377, 1.813, 1.3, 1.629, 1.0];[2.112, 1.481, 1.0]
23;20086.213;453.576;3354.921;52.703;196.429;1566.716;0.0;2337.0;14711.0;32756.906;6058.236;-6612.457;57.26;19;128;[1.377, 1.813, 1.3, 1.629, 1.0];[2.001, 1.481, 1.0]
24;20086.213;453.576;3354.921;52.703;196.429;1566.716;0.0;2337.0;14711.0;32756.906;6058.236;-6612.457;24.357;19;128;[1.377, 1.813, 1.27, 1.629, 1.0];[2.001, 1.433, 1.0]
25;20086.213;453.576;3354.921;52.703;196.429;1566.716;0.0;2337.0;14711.0;32756.906;6058.236;-6612.457;10.785;19;128;[1.377, 1.813, 1.27, 1.629, 1.0];[2.001, 1.433, 1.0]
26;20086.213;453.576;3354.921;52.703;196.429;1566.716;0.0;2337.0;14711.0;32756.906;6058.236;-6612.457;6.055;19;128;[1.377, 1.813, 1.243, 1.629, 1.0];[2.001, 1.39, 1.0]
27;20086.213;453.576;3354.921;52.703;196.429;1566.716;0.0;2337.0;14711.0;32756.906;6058.236;-6612.457;7.518;19;128;[1.377, 1.813, 1.219, 1.629, 1.0];[1.901, 1.39, 1.0]
28;20086.213;453.576;3354.921;52.703;196.429;1566.716;0.0;2337.0;14711.0;32756.906;6058.236;-6612.457;13.446;19;128;[1.377, 1.932, 1.219, 1.629, 1.0];[1.901, 1.551, 1.0]
29;20086.213;453.576;3354.921;52.703;196.429;1566.716;0.0;2337.0;14711.0;32756.906;6058.236;-6612.457;9.968;19;128;[1.377, 1.932, 1.219, 1.629, 1.0];[1.901, 1.551, 1.0]
30;20086.213;453.576;3354.921;52.703;196.429;1566.716;0.0;2337.0;14711.0;32756.906;6058.236;-6612.457;14.031;19;128;[1.539, 1.932, 1.219, 1.629, 1.0];[1.901, 1.551, 1.2]
31;20058.166;450.118;3343.392;50.755;194.022;1513.657;0.0;2397.0;14751.0;32756.906;6058.236;-6640.504;56.373;19;128;[1.785, 1.932, 1.219, 1.629, 1.0];[1.901, 1.796, 1.2]
32;20230.896;458.737;3416.791;50.343;197.461;1506.368;0.0;2397.0;14849.0;32952.266;5862.876;-6858.494;89.276;18;128;[2.006, 1.932, 1.219, 1.629, 1.0];[1.901, 2.016, 1.2]
33;20393.743;444.929;3338.764;54.887;193.996;1621.05;0.0;2456.0;14989.0;33147.002;5668.14;-7085.119;37.042;18;128;[2.006, 1.932, 1.497, 1.629, 1.0];[2.111, 2.016, 1.2]
34;20393.743;444.929;3338.764;54.887;193.996;1621.05;0.0;2456.0;14989.0;33147.002;5668.14;-7085.119;64.349;18;128;[1.905, 1.932, 1.497, 1.629, 1.0];[2.111, 1.914, 1.2]
35;20393.743;444.929;3338.764;54.887;193.996;1621.05;0.0;2456.0;14989.0;33147.002;5668.14;-7085.119;33.447;18;128;[1.905, 1.932, 1.647, 1.629, 1.0];[2.111, 2.023, 1.2]
36;20369.268;460.017;3389.058;53.518;199.713;1591.193;0.0;2396.0;14929.0;33147.002;5668.14;-7109.594;48.829;18;128;[1.905, 2.139, 1.647, 1.629, 1.0];[2.111, 2.221, 1.2]
37;20369.268;460.017;3389.058;53.518;199.713;1591.193;0.0;2396.0;14929.0;33147.002;5668.14;-7109.594;71.727;18;128;[1.905, 2.139, 1.647, 1.629, 1.0];[2.0, 2.221, 1.2]
38;20293.344;464.122;3402.74;51.443;199.966;1537.482;0.0;2396.0;14889.0;33147.002;5668.14;-7185.518;26.963;18;128;[1.905, 2.325, 1.647, 1.629, 1.0];[2.0, 2.399, 1.2]
39;20293.344;464.122;3402.74;51.443;199.966;1537.482;0.0;2396.0;14889.0;33147.002;5668.14;-7185.518;43.505;18;128;[1.905, 2.193, 1.647, 1.629, 1.0];[2.0, 2.259, 1.2]
40;20293.344;464.122;3402.74;51.443;199.966;1537.482;0.0;2396.0;14889.0;33147.002;5668.14;-7185.518;46.978;18;128;[1.905, 2.193, 1.647, 1.629, 1.0];[1.9, 2.259, 1.2]
41;20293.344;464.122;3402.74;51.443;199.966;1537.482;0.0;2396.0;14889.0;33147.002;5668.14;-7185.518;62.121;18;128;[2.014, 2.193, 1.647, 1.629, 1.0];[1.9, 2.333, 1.2]
42;20284.347;460.824;3391.746;56.37;198.149;1663.778;0.0;2317.0;14768.0;33147.002;5668.14;-7194.515;8.481;18;128;[2.014, 2.374, 1.647, 1.629, 1.0];[1.9, 2.333, 1.48]
43;20284.347;460.824;3391.746;56.37;198.149;1663.778;0.0;2317.0;14768.0;33147.002;5668.14;-7194.515;10.78;18;128;[2.014, 2.374, 1.582, 1.629, 1.0];[1.9, 2.333, 1.432]
44;20180.04;486.894;3478.645;46.185;202.699;1403.501;0.0;2454.0;14811.0;33147.002;5668.14;-7298.822;43.546;18;128;[2.014, 2.374, 1.582, 1.866, 1.0];[2.11, 2.333, 1.432]
45;20177.069;477.95;3448.833;50.613;203.347;1519.286;0.0;2375.0;14731.0;33147.002;5668.14;-7301.793;14.03;18;128;[2.014, 2.374, 1.824, 1.866, 1.0];[2.11, 2.333, 1.689]
46;20177.069;477.95;3448.833;50.613;203.347;1519.286;0.0;2375.0;14731.0;33147.002;5668.14;-7301.793;50.061;18;128;[2.014, 2.237, 1.824, 1.866, 1.0];[2.11, 2.2, 1.689]
47;20155.047;473.804;3435.013;50.613;201.29;1517.229;0.0;2277.0;14729.0;33147.002;5668.14;-7323.815;22.767;18;128;[2.014, 2.237, 1.824, 2.079, 1.0];[2.11, 2.38, 1.689]
48;20155.047;473.804;3435.013;50.613;201.29;1517.229;0.0;2277.0;14729.0;33147.002;5668.14;-7323.815;10.321;18;128;[2.014, 2.237, 1.824, 2.171, 1.0];[2.11, 2.442, 1.689]
49;20155.047;473.804;3435.013;50.613;201.29;1517.229;0.0;2277.0;14729.0;33147.002;5668.14;-7323.815;9.006;18;128;[2.014, 2.237, 1.824, 2.254, 1.0];[2.199, 2.442, 1.689]
629constructshop:False depot:True weather:True;21634.567;518.709;3586.363;80.808;235.482;2336.495;0.0;2730.0;15193.0;33082.886;5732.256;-5716.063;233.631;19;128;[1.0, 1.0, 1.0, 1.0, 1.0];[1.0, 1.0, 1.0]
0;21150.37;516.595;3579.316;70.531;228.654;2062.46;0.0;2433.0;14992.0;33082.886;5732.256;-6200.26;291.601;18;128;[1.0, 1.0, 1.0, 1.0, 1.3];[1.0, 1.3, 1.0]
1;21150.37;516.595;3579.316;70.531;228.654;2062.46;0.0;2433.0;14992.0;33082.886;5732.256;-6200.26;143.293;18;128;[1.0, 1.0, 1.0, 1.0, 1.3];[1.0, 1.27, 1.0]
2;21085.156;518.703;3586.344;67.765;228.208;1990.108;0.0;2275.0;14990.0;33082.886;5732.256;-6265.474;127.405;18;128;[1.0, 1.0, 1.3, 1.0, 1.3];[1.3, 1.27, 1.0]
3;21085.156;518.703;3586.344;67.765;228.208;1990.108;0.0;2275.0;14990.0;33082.886;5732.256;-6265.474;30.23;18;128;[1.0, 1.0, 1.3, 1.0, 1.3];[1.3, 1.27, 1.0]
4;21085.156;518.703;3586.344;67.765;228.208;1990.108;0.0;2275.0;14990.0;33082.886;5732.256;-6265.474;84.774;18;128;[1.0, 1.0, 1.27, 1.0, 1.3];[1.27, 1.27, 1.0]
5;21085.156;518.703;3586.344;67.765;228.208;1990.108;0.0;2275.0;14990.0;33082.886;5732.256;-6265.474;14.839;18;128;[1.0, 1.0, 1.243, 1.0, 1.3];[1.27, 1.243, 1.0]
6;21085.156;518.703;3586.344;67.765;228.208;1990.108;0.0;2275.0;14990.0;33082.886;5732.256;-6265.474;15.222;18;128;[1.0, 1.0, 1.243, 1.0, 1.3];[1.27, 1.243, 1.0]
7;21085.156;518.703;3586.344;67.765;228.208;1990.108;0.0;2275.0;14990.0;33082.886;5732.256;-6265.474;28.327;18;128;[1.0, 1.0, 1.243, 1.0, 1.27];[1.27, 1.243, 1.0]
8;21085.156;518.703;3586.344;67.765;228.208;1990.108;0.0;2275.0;14990.0;33082.886;5732.256;-6265.474;100.073;18;128;[1.0, 1.0, 1.243, 1.0, 1.27];[1.243, 1.243, 1.0]
9;21085.156;518.703;3586.344;67.765;228.208;1990.108;0.0;2275.0;14990.0;33082.886;5732.256;-6265.474;71.441;18;128;[1.0, 1.0, 1.219, 1.0, 1.27];[1.219, 1.243, 1.0]
10;21085.156;518.703;3586.344;67.765;228.208;1990.108;0.0;2275.0;14990.0;33082.886;5732.256;-6265.474;30.259;18;128;[1.0, 1.0, 1.219, 1.0, 1.27];[1.219, 1.243, 1.0]
11;21085.156;518.703;3586.344;67.765;228.208;1990.108;0.0;2275.0;14990.0;33082.886;5732.256;-6265.474;36.333;18;128;[1.0, 1.0, 1.197, 1.0, 1.27];[1.219, 1.219, 1.0]
12;21085.156;518.703;3586.344;67.765;228.208;1990.108;0.0;2275.0;14990.0;33082.886;5732.256;-6265.474;31.993;18;128;[1.0, 1.0, 1.197, 1.0, 1.27];[1.197, 1.219, 1.0]
13;21085.156;518.703;3586.344;67.765;228.208;1990.108;0.0;2275.0;14990.0;33082.886;5732.256;-6265.474;14.878;18;128;[1.0, 1.0, 1.177, 1.0, 1.27];[1.197, 1.219, 1.0]
14;21085.156;518.703;3586.344;67.765;228.208;1990.108;0.0;2275.0;14990.0;33082.886;5732.256;-6265.474;10.449;18;128;[1.0, 1.0, 1.177, 1.2, 1.27];[1.377, 1.219, 1.0]
15;21085.156;518.703;3586.344;67.765;228.208;1990.108;0.0;2275.0;14990.0;33082.886;5732.256;-6265.474;40.07;18;128;[1.0, 1.2, 1.177, 1.2, 1.27];[1.539, 1.219, 1.0]
16;21085.156;518.703;3586.344;67.765;228.208;1990.108;0.0;2275.0;14990.0;33082.886;5732.256;-6265.474;13.814;18;128;[1.0, 1.2, 1.177, 1.38, 1.27];[1.685, 1.219, 1.0]
17;21085.156;518.703;3586.344;67.765;228.208;1990.108;0.0;2275.0;14990.0;33082.886;5732.256;-6265.474;13.508;18;128;[1.0, 1.2, 1.359, 1.38, 1.27];[1.685, 1.219, 1.2]
18;21085.156;518.703;3586.344;67.765;228.208;1990.108;0.0;2275.0;14990.0;33082.886;5732.256;-6265.474;81.041;18;128;[1.0, 1.2, 1.359, 1.38, 1.243];[1.685, 1.197, 1.2]
19;21078.331;517.92;3583.733;60.691;227.706;1805.678;0.0;2592.0;15171.0;33082.886;5732.256;-6272.299;25.257;18;128;[1.0, 1.2, 1.359, 1.642, 1.243];[1.917, 1.197, 1.2]
20;21075.678;517.369;3581.897;60.691;227.44;1805.412;0.0;2572.0;15171.0;33082.886;5732.256;-6274.952;12.012;18;128;[1.0, 1.2, 1.359, 1.878, 1.243];[2.125, 1.197, 1.2]
21;21075.678;517.369;3581.897;60.691;227.44;1805.412;0.0;2572.0;15171.0;33082.886;5732.256;-6274.952;4.22;18;128;[1.0, 1.2, 1.359, 1.79, 1.243];[2.125, 1.197, 1.18]
22;21075.678;517.369;3581.897;60.691;227.44;1805.412;0.0;2572.0;15171.0;33082.886;5732.256;-6274.952;24.782;18;128;[1.0, 1.2, 1.323, 1.79, 1.243];[2.013, 1.197, 1.18]
23;21075.678;517.369;3581.897;60.691;227.44;1805.412;0.0;2572.0;15171.0;33082.886;5732.256;-6274.952;53.678;18;128;[1.0, 1.2, 1.323, 1.79, 1.219];[1.912, 1.197, 1.18]
24;21066.228;507.776;3549.919;60.529;224.784;1798.533;0.0;2512.0;15210.0;33082.886;5732.256;-6284.402;82.261;18;128;[1.3, 1.2, 1.323, 1.79, 1.219];[1.912, 1.477, 1.18]
25;21033.608;499.085;3520.951;61.692;219.574;1823.572;0.0;2513.0;15190.0;33082.886;5732.256;-6317.022;19.829;18;128;[1.3, 1.2, 1.591, 1.79, 1.219];[2.121, 1.477, 1.18]
26;21033.608;499.085;3520.951;61.692;219.574;1823.572;0.0;2513.0;15190.0;33082.886;5732.256;-6317.022;59.457;18;128;[1.3, 1.2, 1.591, 1.79, 1.197];[2.121, 1.429, 1.18]
27;21033.608;499.085;3520.951;61.692;219.574;1823.572;0.0;2513.0;15190.0;33082.886;5732.256;-6317.022;18.524;18;128;[1.3, 1.2, 1.532, 1.79, 1.197];[2.121, 1.386, 1.18]
28;21012.807;491.58;3495.935;60.646;219.492;1796.291;0.0;2453.0;15229.0;33082.886;5732.256;-6337.823;60.573;18;128;[1.57, 1.2, 1.532, 1.79, 1.197];[2.121, 1.647, 1.18]
29;21012.807;491.58;3495.935;60.646;219.492;1796.291;0.0;2453.0;15229.0;33082.886;5732.256;-6337.823;53.188;18;128;[1.513, 1.2, 1.532, 1.79, 1.197];[2.009, 1.647, 1.18]
30;21012.807;491.58;3495.935;60.646;219.492;1796.291;0.0;2453.0;15229.0;33082.886;5732.256;-6337.823;30.754;18;128;[1.513, 1.2, 1.679, 1.79, 1.197];[2.108, 1.647, 1.18]
31;21012.807;491.58;3495.935;60.646;219.492;1796.291;0.0;2453.0;15229.0;33082.886;5732.256;-6337.823;43.862;18;128;[1.513, 1.2, 1.679, 1.79, 1.177];[1.997, 1.647, 1.18]
32;21012.807;491.58;3495.935;60.646;219.492;1796.291;0.0;2453.0;15229.0;33082.886;5732.256;-6337.823;22.291;18;128;[1.513, 1.2, 1.611, 1.79, 1.177];[1.997, 1.647, 1.162]
33;21012.807;491.58;3495.935;60.646;219.492;1796.291;0.0;2453.0;15229.0;33082.886;5732.256;-6337.823;56.665;18;128;[1.462, 1.2, 1.611, 1.79, 1.177];[1.997, 1.582, 1.162]
34;21012.807;491.58;3495.935;60.646;219.492;1796.291;0.0;2453.0;15229.0;33082.886;5732.256;-6337.823;21.099;18;128;[1.462, 1.2, 1.611, 1.711, 1.177];[1.997, 1.524, 1.162]
35;21012.807;491.58;3495.935;60.646;219.492;1796.291;0.0;2453.0;15229.0;33082.886;5732.256;-6337.823;9.161;18;128;[1.462, 1.2, 1.55, 1.711, 1.177];[1.997, 1.524, 1.146]
36;21012.807;491.58;3495.935;60.646;219.492;1796.291;0.0;2453.0;15229.0;33082.886;5732.256;-6337.823;36.687;18;128;[1.462, 1.2, 1.695, 1.711, 1.177];[1.997, 1.672, 1.146]
37;21012.807;491.58;3495.935;60.646;219.492;1796.291;0.0;2453.0;15229.0;33082.886;5732.256;-6337.823;8.757;18;128;[1.462, 1.2, 1.695, 1.64, 1.177];[1.997, 1.672, 1.131]
38;21012.807;491.58;3495.935;60.646;219.492;1796.291;0.0;2453.0;15229.0;33082.886;5732.256;-6337.823;69.591;18;128;[1.462, 1.2, 1.695, 1.64, 1.359];[1.997, 1.805, 1.131]
39;21012.807;491.58;3495.935;60.646;219.492;1796.291;0.0;2453.0;15229.0;33082.886;5732.256;-6337.823;15.909;18;128;[1.462, 1.2, 1.695, 1.776, 1.359];[2.097, 1.805, 1.131]
40;21012.807;491.58;3495.935;60.646;219.492;1796.291;0.0;2453.0;15229.0;33082.886;5732.256;-6337.823;47.563;18;128;[1.616, 1.2, 1.695, 1.776, 1.359];[2.187, 1.805, 1.131]
41;21012.807;491.58;3495.935;60.646;219.492;1796.291;0.0;2453.0;15229.0;33082.886;5732.256;-6337.823;13.755;18;128;[1.616, 1.2, 1.695, 1.898, 1.359];[2.268, 1.805, 1.131]
42;21012.807;491.58;3495.935;60.646;219.492;1796.291;0.0;2453.0;15229.0;33082.886;5732.256;-6337.823;44.153;18;128;[1.616, 1.2, 1.826, 1.898, 1.359];[2.341, 1.805, 1.131]
43;21012.807;491.58;3495.935;60.646;219.492;1796.291;0.0;2453.0;15229.0;33082.886;5732.256;-6337.823;118.454;18;128;[1.616, 1.18, 1.826, 1.898, 1.359];[2.341, 1.725, 1.131]
44;21012.807;491.58;3495.935;60.646;219.492;1796.291;0.0;2453.0;15229.0;33082.886;5732.256;-6337.823;44.178;18;128;[1.616, 1.18, 1.943, 1.898, 1.359];[2.341, 1.853, 1.131]
45;21012.807;491.58;3495.935;60.646;219.492;1796.291;0.0;2453.0;15229.0;33082.886;5732.256;-6337.823;17.358;18;128;[1.616, 1.18, 1.849, 1.898, 1.359];[2.341, 1.768, 1.131]
46;21012.807;491.58;3495.935;60.646;219.492;1796.291;0.0;2453.0;15229.0;33082.886;5732.256;-6337.823;9.335;18;128;[1.616, 1.18, 1.849, 1.808, 1.359];[2.341, 1.768, 1.118]
47;21012.807;491.58;3495.935;60.646;219.492;1796.291;0.0;2453.0;15229.0;33082.886;5732.256;-6337.823;43.008;18;128;[1.616, 1.18, 1.849, 1.808, 1.323];[2.341, 1.691, 1.118]
48;20343.303;461.592;3381.639;56.43;200.884;1668.072;0.0;2314.0;14832.0;32756.906;6058.236;-6355.367;4.124;19;128;[1.616, 1.18, 2.064, 1.808, 1.323];[2.341, 1.691, 1.406]
49;20343.303;461.592;3381.639;56.43;200.884;1668.072;0.0;2314.0;14832.0;32756.906;6058.236;-6355.367;13.394;19;128;[1.616, 1.18, 2.064, 1.808, 1.291];[2.341, 1.691, 1.365]
630constructshop:False depot:True weather:True;21471.621;502.13;3510.765;67.431;226.531;1979.727;0.0;3382.0;15479.0;32566.478;6248.664;-4846.193;257.129;19;128;[1.0, 1.0, 1.0, 1.0, 1.0];[1.0, 1.0, 1.0]
0;21415.7;508.352;3531.506;65.026;228.168;1918.842;0.0;3185.0;15457.0;32566.478;6248.664;-4902.114;219.538;20;128;[1.0, 1.0, 1.3, 1.0, 1.0];[1.3, 1.0, 1.0]
1;21415.7;508.352;3531.506;65.026;228.168;1918.842;0.0;3185.0;15457.0;32566.478;6248.664;-4902.114;132.002;20;128;[1.0, 1.0, 1.27, 1.0, 1.0];[1.27, 1.0, 1.0]
2;21415.7;508.352;3531.506;65.026;228.168;1918.842;0.0;3185.0;15457.0;32566.478;6248.664;-4902.114;42.385;20;128;[1.0, 1.0, 1.27, 1.0, 1.0];[1.243, 1.0, 1.0]
3;21142.619;494.005;3489.684;60.134;218.458;1781.93;0.0;3106.0;15377.0;32756.906;6058.236;-5556.051;259.333;19;128;[1.0, 1.0, 1.27, 1.0, 1.3];[1.519, 1.0, 1.0]
4;21008.93;490.22;3477.067;58.784;216.268;1744.644;0.0;3027.0;15297.0;32756.906;6058.236;-5689.74;101.039;19;128;[1.3, 1.0, 1.27, 1.0, 1.3];[1.767, 1.0, 1.0]
5;20919.275;491.013;3479.712;60.488;218.862;1791.55;0.0;2888.0;15157.0;32756.906;6058.236;-5779.395;91.534;19;128;[1.57, 1.0, 1.27, 1.0, 1.3];[1.767, 1.3, 1.0]
6;20919.275;491.013;3479.712;60.488;218.862;1791.55;0.0;2888.0;15157.0;32756.906;6058.236;-5779.395;25.509;19;128;[1.513, 1.0, 1.27, 1.0, 1.3];[1.767, 1.3, 1.0]
7;20919.275;491.013;3479.712;60.488;218.862;1791.55;0.0;2888.0;15157.0;32756.906;6058.236;-5779.395;119.747;19;128;[1.513, 1.0, 1.27, 1.0, 1.27];[1.69, 1.3, 1.0]
8;20919.275;491.013;3479.712;60.488;218.862;1791.55;0.0;2888.0;15157.0;32756.906;6058.236;-5779.395;70.6;19;128;[1.513, 1.0, 1.27, 1.2, 1.27];[1.821, 1.3, 1.0]
9;20559.353;468.803;3405.678;61.473;209.564;1807.872;0.0;2650.0;14877.0;32756.906;6058.236;-6139.317;78.431;19;128;[1.513, 1.0, 1.27, 1.2, 1.543];[2.039, 1.3, 1.0]
10;20496.396;461.659;3381.865;61.169;205.484;1795.871;0.0;2631.0;14857.0;32756.906;6058.236;-6202.274;50.914;19;128;[1.513, 1.0, 1.543, 1.2, 1.543];[2.235, 1.3, 1.0]
11;20496.396;461.659;3381.865;61.169;205.484;1795.871;0.0;2631.0;14857.0;32756.906;6058.236;-6202.274;19.954;19;128;[1.513, 1.0, 1.489, 1.2, 1.543];[2.235, 1.3, 1.0]
12;20496.396;461.659;3381.865;61.169;205.484;1795.871;0.0;2631.0;14857.0;32756.906;6058.236;-6202.274;82.983;19;128;[1.513, 1.0, 1.489, 1.2, 1.489];[2.235, 1.27, 1.0]
13;20496.396;461.659;3381.865;61.169;205.484;1795.871;0.0;2631.0;14857.0;32756.906;6058.236;-6202.274;22.236;19;128;[1.513, 1.0, 1.489, 1.18, 1.489];[2.111, 1.27, 1.0]
14;20496.396;461.659;3381.865;61.169;205.484;1795.871;0.0;2631.0;14857.0;32756.906;6058.236;-6202.274;19.859;19;128;[1.513, 1.0, 1.489, 1.162, 1.489];[2.111, 1.243, 1.0]
15;20496.396;461.659;3381.865;61.169;205.484;1795.871;0.0;2631.0;14857.0;32756.906;6058.236;-6202.274;8.809;19;128;[1.513, 1.0, 1.489, 1.346, 1.489];[2.2, 1.243, 1.0]
16;20380.608;444.567;3324.891;61.35;200.062;1795.15;0.0;2769.0;14816.0;32756.906;6058.236;-6318.062;72.658;19;128;[1.513, 1.3, 1.489, 1.346, 1.489];[2.38, 1.243, 1.0]
17;20380.608;444.567;3324.891;61.35;200.062;1795.15;0.0;2769.0;14816.0;32756.906;6058.236;-6318.062;48.922;19;128;[1.513, 1.3, 1.489, 1.346, 1.44];[2.242, 1.243, 1.0]
18;20380.608;444.567;3324.891;61.35;200.062;1795.15;0.0;2769.0;14816.0;32756.906;6058.236;-6318.062;21.625;19;128;[1.513, 1.3, 1.489, 1.311, 1.44];[2.118, 1.243, 1.0]
19;20299.689;446.059;3329.862;58.044;198.616;1707.768;0.0;2689.0;14816.0;32756.906;6058.236;-6398.981;43.938;19;128;[1.513, 1.3, 1.489, 1.311, 1.696];[2.306, 1.243, 1.0]
20;20299.689;446.059;3329.862;58.044;198.616;1707.768;0.0;2689.0;14816.0;32756.906;6058.236;-6398.981;13.004;19;128;[1.513, 1.3, 1.489, 1.28, 1.696];[2.306, 1.243, 1.0]
21;20299.689;446.059;3329.862;58.044;198.616;1707.768;0.0;2689.0;14816.0;32756.906;6058.236;-6398.981;43.414;19;128;[1.513, 1.3, 1.489, 1.28, 1.626];[2.306, 1.219, 1.0]
22;20286.658;443.243;3320.476;58.044;197.787;1706.939;0.0;2689.0;14816.0;32756.906;6058.236;-6412.012;49.735;19;128;[1.513, 1.57, 1.489, 1.28, 1.626];[2.306, 1.497, 1.0]
23;20286.658;443.243;3320.476;58.044;197.787;1706.939;0.0;2689.0;14816.0;32756.906;6058.236;-6412.012;7.836;19;128;[1.513, 1.57, 1.44, 1.28, 1.626];[2.306, 1.497, 1.0]
24;20286.658;443.243;3320.476;58.044;197.787;1706.939;0.0;2689.0;14816.0;32756.906;6058.236;-6412.012;56.629;19;128;[1.513, 1.57, 1.44, 1.28, 1.563];[2.306, 1.447, 1.0]
25;20286.658;443.243;3320.476;58.044;197.787;1706.939;0.0;2689.0;14816.0;32756.906;6058.236;-6412.012;29.531;19;128;[1.513, 1.713, 1.44, 1.28, 1.563];[2.375, 1.447, 1.0]
26;20214.404;486.002;3463.006;52.178;213.774;1570.396;0.0;2511.0;14695.0;32756.906;6058.236;-6484.266;55.109;19;128;[1.762, 1.713, 1.44, 1.28, 1.563];[2.538, 1.447, 1.0]
27;20214.404;486.002;3463.006;52.178;213.774;1570.396;0.0;2511.0;14695.0;32756.906;6058.236;-6484.266;30.696;19;128;[1.762, 1.642, 1.44, 1.28, 1.563];[2.538, 1.402, 1.0]
28;20961.458;500.362;3521.541;61.623;224.359;1826.555;0.0;2668.0;15113.0;33291.086;5524.056;-6805.572;16.38;18;128;[1.762, 1.878, 1.44, 1.28, 1.563];[2.538, 1.402, 1.3]
29;20920.396;476.865;3443.218;68.091;217.954;1988.313;0.0;2571.0;15012.0;33291.086;5524.056;-6846.634;85.545;18;128;[1.986, 1.878, 1.44, 1.28, 1.563];[2.684, 1.402, 1.3]
30;20801.308;469.101;3417.337;65.783;212.499;1922.869;0.0;2650.0;14992.0;33291.086;5524.056;-6965.722;59.268;18;128;[1.986, 1.878, 1.44, 1.552, 1.563];[2.816, 1.402, 1.3]
31;20797.087;467.477;3411.924;65.886;211.651;1924.686;0.0;2669.0;14993.0;33291.086;5524.056;-6969.943;19.451;18;128;[1.986, 1.878, 1.44, 1.797, 1.563];[2.934, 1.402, 1.3]
32;20797.087;467.477;3411.924;65.886;211.651;1924.686;0.0;2669.0;14993.0;33291.086;5524.056;-6969.943;10.135;18;128;[1.986, 1.878, 1.44, 1.717, 1.563];[2.934, 1.402, 1.27]
33;20797.087;467.477;3411.924;65.886;211.651;1924.686;0.0;2669.0;14993.0;33291.086;5524.056;-6969.943;84.331;18;128;[1.986, 1.878, 1.44, 1.717, 1.507];[2.934, 1.362, 1.27]
34;20797.087;467.477;3411.924;65.886;211.651;1924.686;0.0;2669.0;14993.0;33291.086;5524.056;-6969.943;27.585;18;128;[1.986, 1.878, 1.44, 1.717, 1.456];[2.934, 1.326, 1.27]
35;20792.545;472.762;3429.541;67.832;215.603;1979.242;0.0;2552.0;14911.0;33291.086;5524.056;-6974.485;72.721;18;128;[2.187, 1.878, 1.44, 1.717, 1.456];[3.041, 1.326, 1.27]
36;20724.805;483.334;3464.778;57.52;212.174;1707.694;0.0;2651.0;15069.0;33291.086;5524.056;-7042.225;84.679;18;128;[2.187, 1.878, 1.696, 1.717, 1.456];[3.137, 1.326, 1.27]
37;20724.805;483.334;3464.778;57.52;212.174;1707.694;0.0;2651.0;15069.0;33291.086;5524.056;-7042.225;23.91;18;128;[2.068, 1.878, 1.696, 1.717, 1.456];[3.137, 1.326, 1.243]
38;20585.669;476.051;3440.503;58.803;211.224;1740.115;0.0;2512.0;14929.0;33291.086;5524.056;-7181.361;83.956;18;128;[2.261, 1.878, 1.696, 1.717, 1.456];[3.223, 1.326, 1.243]
39;20485.296;470.586;3422.287;59.037;208.468;1743.422;0.0;2929.0;14849.0;33291.086;5524.056;-7281.734;82.818;18;128;[2.261, 1.878, 1.696, 1.717, 1.71];[3.301, 1.326, 1.243]
40;20327.044;472.174;3427.582;49.109;202.448;1479.288;0.0;2572.0;14948.0;33291.086;5524.056;-7439.986;13.77;18;128;[2.261, 1.878, 1.696, 1.945, 1.71];[3.301, 1.326, 1.519]
41;20327.044;472.174;3427.582;49.109;202.448;1479.288;0.0;2572.0;14948.0;33291.086;5524.056;-7439.986;12.488;18;128;[2.261, 1.878, 1.696, 1.945, 1.639];[3.301, 1.326, 1.467]
42;20327.044;472.174;3427.582;49.109;202.448;1479.288;0.0;2572.0;14948.0;33291.086;5524.056;-7439.986;76.728;18;128;[2.135, 1.878, 1.696, 1.945, 1.639];[3.071, 1.326, 1.467]
43;20327.044;472.174;3427.582;49.109;202.448;1479.288;0.0;2572.0;14948.0;33291.086;5524.056;-7439.986;67.215;18;128;[2.021, 1.878, 1.696, 1.945, 1.639];[2.864, 1.326, 1.467]
44;20327.044;472.174;3427.582;49.109;202.448;1479.288;0.0;2572.0;14948.0;33291.086;5524.056;-7439.986;30.962;18;128;[2.021, 1.99, 1.696, 1.945, 1.639];[2.864, 1.493, 1.467]
45;20327.044;472.174;3427.582;49.109;202.448;1479.288;0.0;2572.0;14948.0;33291.086;5524.056;-7439.986;35.976;18;128;[2.021, 1.99, 1.696, 2.051, 1.639];[2.878, 1.493, 1.467]
46;20155.194;464.415;3401.717;56.032;204.233;1661.062;0.0;2612.0;14628.0;33291.086;5524.056;-7611.836;32.685;18;128;[2.021, 2.191, 1.696, 2.051, 1.639];[2.99, 1.493, 1.467]
47;19895.104;460.206;3387.687;48.525;198.563;1460.212;0.0;2573.0;14587.0;33291.086;5524.056;-7871.926;59.24;18;128;[2.219, 2.191, 1.696, 2.051, 1.639];[3.091, 1.493, 1.467]
48;19751.168;453.161;3364.203;44.367;192.251;1345.803;0.0;2692.0;14588.0;33291.086;5524.056;-8015.862;8.734;18;128;[2.219, 2.372, 1.696, 2.051, 1.639];[3.091, 1.493, 1.72]
49;19751.168;453.161;3364.203;44.367;192.251;1345.803;0.0;2692.0;14588.0;33291.086;5524.056;-8015.862;10.275;18;128;[2.097, 2.372, 1.696, 2.051, 1.639];[3.091, 1.493, 1.648]
