iteration;totalMonetaryCost;totalPathCost;totalTimeCost;totalWeatherExtraTime;totalWeatherSafetyRiskKm;totalWeatherCost;totalShopCost;totalDepotCost;totalResourceCost;totalIncome;forgottenTaskCost;weight;time;unassigned_tasks;total_tasks;destroy;repair
constructshop:True depot:False weather:False;19661.97;554.301;3690.669;90.178;267.772;2612.4;3748.8;0.0;15417.0;32756.906;6058.236;-7036.7;18.383;19;128;[1.0, 1.0, 1.0, 1.0, 1.0];[1.0, 1.0, 1.0]
0;19661.97;554.301;3690.669;90.178;267.772;2612.4;3748.8;0.0;15417.0;32756.906;6058.236;-7036.7;11.323;19;128;[1.0, 1.0, 1.0, 1.0, 1.0];[1.0, 1.0, 1.0]
1;19386.472;523.032;3586.44;88.905;249.332;2560.875;3583.2;0.0;15277.0;32756.906;6058.236;-7312.198;12.001;19;128;[1.0, 1.0, 1.3, 1.0, 1.0];[1.3, 1.0, 1.0]
2;18928.071;514.17;3556.901;68.904;234.361;2025.877;3655.2;0.0;14857.0;32756.906;6058.236;-7770.599;17.907;19;128;[1.0, 1.0, 1.3, 1.0, 1.3];[1.57, 1.0, 1.0]
3;18813.727;506.475;3531.252;60.988;224.787;1810.482;3465.6;0.0;14776.0;32756.906;6058.236;-7884.943;8.149;19;128;[1.0, 1.0, 1.3, 1.3, 1.3];[1.57, 1.3, 1.0]
4;18799.47;503.185;3520.285;60.988;223.299;1808.995;3465.6;0.0;14776.0;32756.906;6058.236;-7899.199;1.296;19;128;[1.0, 1.3, 1.3, 1.3, 1.3];[1.57, 1.3, 1.3]
5;18799.47;503.185;3520.285;60.988;223.299;1808.995;3465.6;0.0;14776.0;32756.906;6058.236;-7899.199;2.809;19;128;[1.0, 1.27, 1.3, 1.3, 1.3];[1.57, 1.3, 1.27]
6;18799.47;503.185;3520.285;60.988;223.299;1808.995;3465.6;0.0;14776.0;32756.906;6058.236;-7899.199;7.629;19;128;[1.0, 1.27, 1.27, 1.3, 1.3];[1.513, 1.3, 1.27]
7;18799.47;503.185;3520.285;60.988;223.299;1808.995;3465.6;0.0;14776.0;32756.906;6058.236;-7899.199;2.172;19;128;[1.0, 1.243, 1.27, 1.3, 1.3];[1.513, 1.27, 1.27]
8;18799.47;503.185;3520.285;60.988;223.299;1808.995;3465.6;0.0;14776.0;32756.906;6058.236;-7899.199;3.343;19;128;[1.0, 1.243, 1.27, 1.3, 1.27];[1.513, 1.27, 1.243]
9;18799.47;503.185;3520.285;60.988;223.299;1808.995;3465.6;0.0;14776.0;32756.906;6058.236;-7899.199;3.167;19;128;[1.0, 1.243, 1.443, 1.3, 1.27];[1.513, 1.27, 1.419]
10;18799.47;503.185;3520.285;60.988;223.299;1808.995;3465.6;0.0;14776.0;32756.906;6058.236;-7899.199;7.877;19;128;[1.0, 1.243, 1.443, 1.47, 1.27];[1.513, 1.443, 1.419]
11;18799.47;503.185;3520.285;60.988;223.299;1808.995;3465.6;0.0;14776.0;32756.906;6058.236;-7899.199;8.451;19;128;[1.0, 1.243, 1.443, 1.47, 1.27];[1.513, 1.399, 1.419]
12;18799.47;503.185;3520.285;60.988;223.299;1808.995;3465.6;0.0;14776.0;32756.906;6058.236;-7899.199;2.546;19;128;[1.0, 1.243, 1.399, 1.47, 1.27];[1.513, 1.399, 1.377]
13;18799.47;503.185;3520.285;60.988;223.299;1808.995;3465.6;0.0;14776.0;32756.906;6058.236;-7899.199;6.543;19;128;[1.0, 1.243, 1.399, 1.623, 1.27];[1.662, 1.399, 1.377]
14;18799.47;503.185;3520.285;60.988;223.299;1808.995;3465.6;0.0;14776.0;32756.906;6058.236;-7899.199;6.585;19;128;[1.0, 1.243, 1.399, 1.761, 1.27];[1.796, 1.399, 1.377]
15;18799.47;503.185;3520.285;60.988;223.299;1808.995;3465.6;0.0;14776.0;32756.906;6058.236;-7899.199;8.704;19;128;[1.0, 1.243, 1.559, 1.761, 1.27];[1.796, 1.559, 1.377]
16;18799.47;503.185;3520.285;60.988;223.299;1808.995;3465.6;0.0;14776.0;32756.906;6058.236;-7899.199;8.922;19;128;[1.0, 1.243, 1.503, 1.761, 1.27];[1.716, 1.559, 1.377]
17;18799.47;503.185;3520.285;60.988;223.299;1808.995;3465.6;0.0;14776.0;32756.906;6058.236;-7899.199;7.272;19;128;[1.2, 1.243, 1.503, 1.761, 1.27];[1.716, 1.703, 1.377]
18;18799.47;503.185;3520.285;60.988;223.299;1808.995;3465.6;0.0;14776.0;32756.906;6058.236;-7899.199;2.203;19;128;[1.2, 1.243, 1.503, 1.685, 1.27];[1.716, 1.703, 1.339]
19;18799.47;503.185;3520.285;60.988;223.299;1808.995;3465.6;0.0;14776.0;32756.906;6058.236;-7899.199;1.275;19;128;[1.2, 1.419, 1.503, 1.685, 1.27];[1.716, 1.833, 1.339]
20;18799.47;503.185;3520.285;60.988;223.299;1808.995;3465.6;0.0;14776.0;32756.906;6058.236;-7899.199;9.64;19;128;[1.2, 1.419, 1.503, 1.817, 1.27];[1.716, 1.95, 1.339]
21;18799.47;503.185;3520.285;60.988;223.299;1808.995;3465.6;0.0;14776.0;32756.906;6058.236;-7899.199;10.385;19;128;[1.2, 1.419, 1.653, 1.817, 1.27];[1.716, 2.055, 1.339]
22;18787.643;482.456;3451.187;46.354;204.89;1410.102;3561.6;0.0;14854.0;32756.906;6058.236;-7911.027;4.037;19;128;[1.2, 1.419, 1.653, 1.817, 1.543];[1.716, 2.055, 1.605]
23;18742.955;472.374;3417.581;46.192;201.473;1402.47;3490.8;0.0;14853.0;32756.906;6058.236;-7955.715;8.597;19;128;[1.2, 1.419, 1.888, 1.817, 1.543];[1.716, 2.25, 1.605]
24;18742.955;472.374;3417.581;46.192;201.473;1402.47;3490.8;0.0;14853.0;32756.906;6058.236;-7955.715;2.421;19;128;[1.2, 1.377, 1.888, 1.817, 1.543];[1.716, 2.25, 1.545]
25;18742.955;472.374;3417.581;46.192;201.473;1402.47;3490.8;0.0;14853.0;32756.906;6058.236;-7955.715;2.144;19;128;[1.2, 1.339, 1.888, 1.817, 1.543];[1.716, 2.25, 1.491]
26;18742.955;472.374;3417.581;46.192;201.473;1402.47;3490.8;0.0;14853.0;32756.906;6058.236;-7955.715;16.529;19;128;[1.2, 1.339, 1.888, 1.817, 1.489];[1.716, 2.125, 1.491]
27;18742.955;472.374;3417.581;46.192;201.473;1402.47;3490.8;0.0;14853.0;32756.906;6058.236;-7955.715;6.259;19;128;[1.2, 1.339, 1.888, 1.935, 1.489];[1.716, 2.213, 1.491]
28;18742.955;472.374;3417.581;46.192;201.473;1402.47;3490.8;0.0;14853.0;32756.906;6058.236;-7955.715;7.623;19;128;[1.2, 1.339, 1.999, 1.935, 1.489];[1.716, 2.292, 1.491]
29;18742.955;472.374;3417.581;46.192;201.473;1402.47;3490.8;0.0;14853.0;32756.906;6058.236;-7955.715;4.849;19;128;[1.2, 1.305, 1.999, 1.935, 1.489];[1.644, 2.292, 1.491]
30;18742.955;472.374;3417.581;46.192;201.473;1402.47;3490.8;0.0;14853.0;32756.906;6058.236;-7955.715;7.619;19;128;[1.2, 1.305, 2.099, 1.935, 1.489];[1.644, 2.363, 1.491]
31;18700.522;480.813;3445.709;77.831;226.346;2249.95;3610.8;0.0;14774.0;32756.906;6058.236;-7998.148;7.434;19;128;[1.2, 1.305, 2.289, 1.935, 1.489];[1.644, 2.527, 1.491]
32;18686.466;477.569;3434.897;78.463;225.675;2265.715;3610.8;0.0;14774.0;32756.906;6058.236;-8012.204;5.652;19;128;[1.2, 1.305, 2.289, 2.142, 1.489];[1.644, 2.674, 1.491]
33;18686.466;477.569;3434.897;78.463;225.675;2265.715;3610.8;0.0;14774.0;32756.906;6058.236;-8012.204;1.629;19;128;[1.2, 1.274, 2.289, 2.142, 1.489];[1.644, 2.507, 1.491]
34;19014.43;498.407;3524.023;67.94;225.378;1991.816;3681.6;0.0;14992.0;33093.686;5721.456;-8357.8;3.36;18;128;[1.48, 1.274, 2.289, 2.142, 1.489];[1.644, 2.507, 1.742]
35;18953.607;493.602;3508.005;64.087;219.597;1885.864;3634.8;0.0;14952.0;33093.686;5721.456;-8418.624;7.566;18;128;[1.732, 1.274, 2.289, 2.142, 1.489];[1.644, 2.656, 1.742]
36;18953.607;493.602;3508.005;64.087;219.597;1885.864;3634.8;0.0;14952.0;33093.686;5721.456;-8418.624;8.302;18;128;[1.732, 1.274, 2.16, 2.142, 1.489];[1.58, 2.656, 1.742]
37;18953.607;493.602;3508.005;64.087;219.597;1885.864;3634.8;0.0;14952.0;33093.686;5721.456;-8418.624;7.802;18;128;[1.732, 1.274, 2.16, 2.028, 1.489];[1.522, 2.656, 1.742]
38;18894.274;479.91;3462.365;69.66;217.422;2028.58;3634.8;0.0;14952.0;33093.686;5721.456;-8477.955;7.168;18;128;[1.732, 1.274, 2.344, 2.028, 1.489];[1.77, 2.656, 1.742]
39;18894.274;479.91;3462.365;69.66;217.422;2028.58;3634.8;0.0;14952.0;33093.686;5721.456;-8477.955;7.174;18;128;[1.732, 1.274, 2.21, 2.028, 1.489];[1.77, 2.49, 1.742]
40;18894.274;479.91;3462.365;69.66;217.422;2028.58;3634.8;0.0;14952.0;33093.686;5721.456;-8477.955;6.418;18;128;[1.732, 1.274, 2.289, 2.028, 1.489];[1.77, 2.541, 1.742]
41;18894.274;479.91;3462.365;69.66;217.422;2028.58;3634.8;0.0;14952.0;33093.686;5721.456;-8477.955;4.077;18;128;[1.732, 1.247, 2.289, 2.028, 1.489];[1.77, 2.387, 1.742]
42;18894.274;479.91;3462.365;69.66;217.422;2028.58;3634.8;0.0;14952.0;33093.686;5721.456;-8477.955;5.954;18;128;[1.859, 1.247, 2.289, 2.028, 1.489];[1.77, 2.448, 1.742]
43;18894.274;479.91;3462.365;69.66;217.422;2028.58;3634.8;0.0;14952.0;33093.686;5721.456;-8477.955;16.918;18;128;[1.859, 1.247, 2.289, 2.028, 1.44];[1.693, 2.448, 1.742]
44;18894.274;479.91;3462.365;69.66;217.422;2028.58;3634.8;0.0;14952.0;33093.686;5721.456;-8477.955;1.8;18;128;[1.859, 1.422, 2.289, 2.028, 1.44];[1.824, 2.448, 1.742]
45;18894.274;479.91;3462.365;69.66;217.422;2028.58;3634.8;0.0;14952.0;33093.686;5721.456;-8477.955;7.615;18;128;[1.859, 1.422, 2.289, 1.925, 1.44];[1.742, 2.448, 1.742]
46;18649.489;483.421;3474.068;66.398;216.32;1942.673;3325.2;0.0;14692.0;33093.686;5721.456;-8722.741;8.396;18;128;[2.073, 1.422, 2.289, 1.925, 1.44];[1.742, 2.603, 1.742]
47;18649.489;483.421;3474.068;66.398;216.32;1942.673;3325.2;0.0;14692.0;33093.686;5721.456;-8722.741;17.922;18;128;[2.073, 1.422, 2.289, 1.925, 1.396];[1.668, 2.603, 1.742]
48;18649.489;483.421;3474.068;66.398;216.32;1942.673;3325.2;0.0;14692.0;33093.686;5721.456;-8722.741;2.204;18;128;[2.073, 1.422, 2.16, 1.925, 1.396];[1.668, 2.603, 1.668]
49;18649.489;483.421;3474.068;66.398;216.32;1942.673;3325.2;0.0;14692.0;33093.686;5721.456;-8722.741;2.373;18;128;[2.073, 1.422, 2.16, 1.833, 1.396];[1.668, 2.603, 1.601]
602constructshop:True depot:False weather:False;19772.581;535.442;3642.139;81.015;242.56;2348.951;3871.2;0.0;15595.0;33082.886;5732.256;-7578.049;27.244;19;128;[1.0, 1.0, 1.0, 1.0, 1.0];[1.0, 1.0, 1.0]
0;19663.026;510.16;3557.866;81.932;234.061;2364.291;4014.0;0.0;15595.0;33082.886;5732.256;-7687.604;1.535;18;128;[1.0, 1.3, 1.0, 1.0, 1.0];[1.0, 1.0, 1.3]
1;19663.026;510.16;3557.866;81.932;234.061;2364.291;4014.0;0.0;15595.0;33082.886;5732.256;-7687.604;3.54;18;128;[1.0, 1.3, 1.0, 1.0, 1.0];[1.0, 1.0, 1.27]
2;19465.019;519.62;3589.399;83.783;240.776;2419.126;3800.4;0.0;15356.0;33082.886;5732.256;-7885.611;11.403;18;128;[1.0, 1.3, 1.0, 1.3, 1.0];[1.0, 1.3, 1.27]
3;19445.933;515.215;3574.718;85.222;238.743;2454.526;3967.2;0.0;15356.0;33082.886;5732.256;-7904.697;2.61;18;128;[1.0, 1.57, 1.0, 1.3, 1.0];[1.0, 1.3, 1.543]
4;19445.933;515.215;3574.718;85.222;238.743;2454.526;3967.2;0.0;15356.0;33082.886;5732.256;-7904.697;9.545;18;128;[1.0, 1.57, 1.0, 1.27, 1.0];[1.0, 1.27, 1.543]
5;19429.522;511.428;3562.094;84.854;237.924;2444.121;3967.2;0.0;15356.0;33082.886;5732.256;-7921.108;1.036;18;128;[1.0, 1.813, 1.0, 1.27, 1.0];[1.0, 1.27, 1.789]
6;19352.439;493.64;3502.799;86.865;230.164;2488.661;3967.2;0.0;15356.0;33082.886;5732.256;-7998.191;8.697;18;128;[1.0, 1.813, 1.0, 1.543, 1.0];[1.0, 1.543, 1.789]
7;19352.439;493.64;3502.799;86.865;230.164;2488.661;3967.2;0.0;15356.0;33082.886;5732.256;-7998.191;5.984;18;128;[1.0, 1.813, 1.0, 1.543, 1.0];[1.0, 1.543, 1.71]
8;19273.819;493.958;3503.861;89.519;233.474;2560.978;3872.4;0.0;15276.0;33082.886;5732.256;-8076.811;7.938;18;128;[1.0, 2.032, 1.0, 1.543, 1.0];[1.0, 1.789, 1.71]
9;19169.583;483.75;3469.833;83.003;224.826;2382.915;3801.6;0.0;15216.0;33082.886;5732.256;-8181.047;19.799;18;128;[1.0, 2.032, 1.0, 1.543, 1.3];[1.0, 2.01, 1.71]
10;19169.583;483.75;3469.833;83.003;224.826;2382.915;3801.6;0.0;15216.0;33082.886;5732.256;-8181.047;7.819;18;128;[1.0, 2.032, 1.0, 1.489, 1.3];[1.0, 1.909, 1.71]
11;19169.583;483.75;3469.833;83.003;224.826;2382.915;3801.6;0.0;15216.0;33082.886;5732.256;-8181.047;2.928;18;128;[1.0, 2.032, 1.0, 1.44, 1.3];[1.0, 1.909, 1.639]
12;19169.583;483.75;3469.833;83.003;224.826;2382.915;3801.6;0.0;15216.0;33082.886;5732.256;-8181.047;3.761;18;128;[1.0, 2.032, 1.0, 1.44, 1.27];[1.0, 1.909, 1.575]
13;19169.583;483.75;3469.833;83.003;224.826;2382.915;3801.6;0.0;15216.0;33082.886;5732.256;-8181.047;2.222;18;128;[1.0, 2.032, 1.0, 1.396, 1.27];[1.0, 1.909, 1.518]
14;19169.583;483.75;3469.833;83.003;224.826;2382.915;3801.6;0.0;15216.0;33082.886;5732.256;-8181.047;3.105;18;128;[1.0, 1.929, 1.0, 1.396, 1.27];[1.0, 1.909, 1.466]
15;19169.583;483.75;3469.833;83.003;224.826;2382.915;3801.6;0.0;15216.0;33082.886;5732.256;-8181.047;3.029;18;128;[1.0, 1.929, 1.0, 1.396, 1.27];[1.0, 1.909, 1.419]
16;19169.583;483.75;3469.833;83.003;224.826;2382.915;3801.6;0.0;15216.0;33082.886;5732.256;-8181.047;2.55;18;128;[1.0, 1.929, 1.0, 1.356, 1.27];[1.0, 1.909, 1.377]
17;19169.583;483.75;3469.833;83.003;224.826;2382.915;3801.6;0.0;15216.0;33082.886;5732.256;-8181.047;9.14;18;128;[1.0, 1.929, 1.0, 1.32, 1.27];[1.0, 1.818, 1.377]
18;19169.583;483.75;3469.833;83.003;224.826;2382.915;3801.6;0.0;15216.0;33082.886;5732.256;-8181.047;3.623;18;128;[1.0, 1.929, 1.0, 1.32, 1.243];[1.0, 1.818, 1.339]
19;19169.583;483.75;3469.833;83.003;224.826;2382.915;3801.6;0.0;15216.0;33082.886;5732.256;-8181.047;1.627;18;128;[1.0, 2.036, 1.0, 1.32, 1.243];[1.2, 1.818, 1.339]
20;19169.583;483.75;3469.833;83.003;224.826;2382.915;3801.6;0.0;15216.0;33082.886;5732.256;-8181.047;8.61;18;128;[1.0, 2.036, 1.0, 1.488, 1.243];[1.38, 1.818, 1.339]
21;19169.583;483.75;3469.833;83.003;224.826;2382.915;3801.6;0.0;15216.0;33082.886;5732.256;-8181.047;7.772;18;128;[1.0, 2.036, 1.0, 1.639, 1.243];[1.542, 1.818, 1.339]
22;19169.583;483.75;3469.833;83.003;224.826;2382.915;3801.6;0.0;15216.0;33082.886;5732.256;-8181.047;3.959;18;128;[1.0, 2.036, 1.0, 1.639, 1.219];[1.542, 1.818, 1.305]
23;19169.583;483.75;3469.833;83.003;224.826;2382.915;3801.6;0.0;15216.0;33082.886;5732.256;-8181.047;9.585;18;128;[1.0, 2.036, 1.2, 1.639, 1.219];[1.542, 1.936, 1.305]
24;19169.583;483.75;3469.833;83.003;224.826;2382.915;3801.6;0.0;15216.0;33082.886;5732.256;-8181.047;11.526;18;128;[1.0, 2.036, 1.2, 1.575, 1.219];[1.542, 1.842, 1.305]
25;19169.583;483.75;3469.833;83.003;224.826;2382.915;3801.6;0.0;15216.0;33082.886;5732.256;-8181.047;21.471;18;128;[1.0, 2.036, 1.2, 1.575, 1.197];[1.542, 1.758, 1.305]
26;19169.583;483.75;3469.833;83.003;224.826;2382.915;3801.6;0.0;15216.0;33082.886;5732.256;-8181.047;9.823;18;128;[1.0, 2.036, 1.2, 1.718, 1.197];[1.542, 1.882, 1.305]
27;19169.583;483.75;3469.833;83.003;224.826;2382.915;3801.6;0.0;15216.0;33082.886;5732.256;-8181.047;10.178;18;128;[1.0, 2.036, 1.2, 1.846, 1.197];[1.542, 1.994, 1.305]
28;19169.583;483.75;3469.833;83.003;224.826;2382.915;3801.6;0.0;15216.0;33082.886;5732.256;-8181.047;19.178;18;128;[1.0, 2.036, 1.2, 1.846, 1.177];[1.542, 1.895, 1.305]
29;19169.583;483.75;3469.833;83.003;224.826;2382.915;3801.6;0.0;15216.0;33082.886;5732.256;-8181.047;9.106;18;128;[1.2, 2.036, 1.2, 1.846, 1.177];[1.542, 2.006, 1.305]
30;19169.583;483.75;3469.833;83.003;224.826;2382.915;3801.6;0.0;15216.0;33082.886;5732.256;-8181.047;2.071;18;128;[1.2, 2.036, 1.2, 1.761, 1.177];[1.542, 2.006, 1.274]
31;19169.583;483.75;3469.833;83.003;224.826;2382.915;3801.6;0.0;15216.0;33082.886;5732.256;-8181.047;12.894;18;128;[1.2, 1.932, 1.2, 1.761, 1.177];[1.542, 1.905, 1.274]
32;19169.583;483.75;3469.833;83.003;224.826;2382.915;3801.6;0.0;15216.0;33082.886;5732.256;-8181.047;9.049;18;128;[1.2, 1.932, 1.38, 1.761, 1.177];[1.542, 2.014, 1.274]
33;19169.583;483.75;3469.833;83.003;224.826;2382.915;3801.6;0.0;15216.0;33082.886;5732.256;-8181.047;9.065;18;128;[1.2, 1.932, 1.38, 1.885, 1.177];[1.542, 2.113, 1.274]
34;19169.583;483.75;3469.833;83.003;224.826;2382.915;3801.6;0.0;15216.0;33082.886;5732.256;-8181.047;2.274;18;128;[1.2, 1.839, 1.38, 1.885, 1.177];[1.542, 2.002, 1.274]
35;19169.583;483.75;3469.833;83.003;224.826;2382.915;3801.6;0.0;15216.0;33082.886;5732.256;-8181.047;9.13;18;128;[1.18, 1.839, 1.38, 1.885, 1.177];[1.542, 1.902, 1.274]
36;19169.583;483.75;3469.833;83.003;224.826;2382.915;3801.6;0.0;15216.0;33082.886;5732.256;-8181.047;9.486;18;128;[1.18, 1.839, 1.38, 1.797, 1.177];[1.488, 1.902, 1.274]
37;19169.583;483.75;3469.833;83.003;224.826;2382.915;3801.6;0.0;15216.0;33082.886;5732.256;-8181.047;8.891;18;128;[1.18, 1.839, 1.38, 1.917, 1.177];[1.488, 2.012, 1.274]
38;19169.583;483.75;3469.833;83.003;224.826;2382.915;3801.6;0.0;15216.0;33082.886;5732.256;-8181.047;8.343;18;128;[1.18, 1.839, 1.38, 2.025, 1.177];[1.488, 2.111, 1.274]
39;19169.583;483.75;3469.833;83.003;224.826;2382.915;3801.6;0.0;15216.0;33082.886;5732.256;-8181.047;2.443;18;128;[1.18, 1.839, 1.38, 1.923, 1.177];[1.488, 2.111, 1.247]
40;19169.583;483.75;3469.833;83.003;224.826;2382.915;3801.6;0.0;15216.0;33082.886;5732.256;-8181.047;4.274;18;128;[1.18, 1.955, 1.38, 1.923, 1.177];[1.488, 2.2, 1.247]
41;19169.583;483.75;3469.833;83.003;224.826;2382.915;3801.6;0.0;15216.0;33082.886;5732.256;-8181.047;8.219;18;128;[1.18, 1.955, 1.342, 1.923, 1.177];[1.439, 2.2, 1.247]
42;19169.583;483.75;3469.833;83.003;224.826;2382.915;3801.6;0.0;15216.0;33082.886;5732.256;-8181.047;9.344;18;128;[1.18, 1.955, 1.342, 1.831, 1.177];[1.395, 2.2, 1.247]
43;19169.583;483.75;3469.833;83.003;224.826;2382.915;3801.6;0.0;15216.0;33082.886;5732.256;-8181.047;0.997;18;128;[1.18, 2.059, 1.342, 1.831, 1.177];[1.395, 2.28, 1.247]
44;19169.583;483.75;3469.833;83.003;224.826;2382.915;3801.6;0.0;15216.0;33082.886;5732.256;-8181.047;3.922;18;128;[1.18, 2.059, 1.342, 1.831, 1.159];[1.395, 2.28, 1.222]
45;19169.583;483.75;3469.833;83.003;224.826;2382.915;3801.6;0.0;15216.0;33082.886;5732.256;-8181.047;2.956;18;128;[1.18, 2.059, 1.342, 1.831, 1.143];[1.395, 2.28, 1.2]
46;19169.583;483.75;3469.833;83.003;224.826;2382.915;3801.6;0.0;15216.0;33082.886;5732.256;-8181.047;2.792;18;128;[1.162, 2.059, 1.342, 1.831, 1.143];[1.395, 2.28, 1.18]
47;19169.583;483.75;3469.833;83.003;224.826;2382.915;3801.6;0.0;15216.0;33082.886;5732.256;-8181.047;8.535;18;128;[1.162, 2.059, 1.342, 1.748, 1.143];[1.356, 2.28, 1.18]
48;19169.583;483.75;3469.833;83.003;224.826;2382.915;3801.6;0.0;15216.0;33082.886;5732.256;-8181.047;3.103;18;128;[1.162, 1.953, 1.342, 1.748, 1.143];[1.356, 2.28, 1.162]
49;19169.583;483.75;3469.833;83.003;224.826;2382.915;3801.6;0.0;15216.0;33082.886;5732.256;-8181.047;8.115;18;128;[1.162, 1.953, 1.342, 1.673, 1.143];[1.356, 2.152, 1.162]
603constructshop:True depot:False weather:False;20112.103;536.408;3642.694;58.49;237.363;1758.103;4160.4;0.0;15933.0;32936.486;5878.656;-6945.727;26.38;19;128;[1.0, 1.0, 1.0, 1.0, 1.0];[1.0, 1.0, 1.0]
0;20015.379;546.626;3676.753;68.972;246.661;2039.944;3898.8;0.0;15792.0;32936.486;5878.656;-7042.451;7.143;18;128;[1.3, 1.0, 1.0, 1.0, 1.0];[1.0, 1.3, 1.0]
1;20015.379;546.626;3676.753;68.972;246.661;2039.944;3898.8;0.0;15792.0;32936.486;5878.656;-7042.451;1.655;18;128;[1.3, 1.0, 1.0, 1.0, 1.0];[1.0, 1.3, 1.0]
2;20009.556;531.436;3626.12;67.531;241.745;1997.546;4231.2;0.0;15852.0;32936.486;5878.656;-7048.274;3.989;18;128;[1.3, 1.3, 1.0, 1.0, 1.0];[1.0, 1.57, 1.0]
3;19768.489;531.19;3625.299;73.016;243.897;2142.309;3945.6;0.0;15612.0;32936.486;5878.656;-7289.341;3.771;18;128;[1.3, 1.3, 1.3, 1.0, 1.0];[1.0, 1.57, 1.3]
4;19768.489;531.19;3625.299;73.016;243.897;2142.309;3945.6;0.0;15612.0;32936.486;5878.656;-7289.341;3.93;18;128;[1.3, 1.3, 1.3, 1.0, 1.0];[1.0, 1.57, 1.27]
5;19609.115;522.104;3595.012;75.822;239.942;2211.306;3684.0;0.0;15492.0;32936.486;5878.656;-7448.715;7.971;18;128;[1.57, 1.3, 1.3, 1.0, 1.0];[1.3, 1.57, 1.27]
6;19462.131;525.107;3605.024;78.927;244.483;2296.59;3494.4;0.0;15332.0;32936.486;5878.656;-7595.699;7.393;18;128;[1.813, 1.3, 1.3, 1.0, 1.0];[1.3, 1.813, 1.27]
7;19393.514;514.119;3568.396;78.77;239.205;2287.222;3375.6;0.0;15311.0;32936.486;5878.656;-7664.316;7.844;18;128;[1.813, 1.3, 1.3, 1.3, 1.0];[1.57, 1.813, 1.27]
8;19060.27;492.832;3497.438;67.257;224.38;1973.068;2972.4;0.0;15070.0;32936.486;5878.656;-7997.56;8.763;18;128;[1.813, 1.3, 1.57, 1.3, 1.0];[1.57, 2.032, 1.27]
9;19023.124;484.259;3468.864;66.0;220.804;1936.809;2972.4;0.0;15070.0;32936.486;5878.656;-8034.706;7.682;18;128;[2.032, 1.3, 1.57, 1.3, 1.0];[1.57, 2.229, 1.27]
10;19023.124;484.259;3468.864;66.0;220.804;1936.809;2972.4;0.0;15070.0;32936.486;5878.656;-8034.706;3.103;18;128;[2.032, 1.3, 1.513, 1.3, 1.0];[1.57, 2.229, 1.243]
11;18905.308;457.071;3378.237;75.196;213.952;2169.036;2972.4;0.0;15070.0;32936.486;5878.656;-8152.522;6.481;18;128;[2.032, 1.3, 1.513, 1.57, 1.0];[1.813, 2.229, 1.243]
12;18905.308;457.071;3378.237;75.196;213.952;2169.036;2972.4;0.0;15070.0;32936.486;5878.656;-8152.522;5.202;18;128;[2.032, 1.3, 1.513, 1.713, 1.0];[1.932, 2.229, 1.243]
13;18899.677;455.541;3373.136;79.16;216.291;2274.457;3091.2;0.0;15071.0;32936.486;5878.656;-8158.153;6.665;18;128;[2.229, 1.3, 1.513, 1.713, 1.0];[2.139, 2.229, 1.243]
14;18805.719;452.32;3362.399;70.017;209.4;2029.847;3091.2;0.0;14991.0;32936.486;5878.656;-8252.111;1.788;18;128;[2.229, 1.57, 1.513, 1.713, 1.0];[2.139, 2.229, 1.519]
15;18805.719;452.32;3362.399;70.017;209.4;2029.847;3091.2;0.0;14991.0;32936.486;5878.656;-8252.111;6.604;18;128;[2.229, 1.57, 1.462, 1.713, 1.0];[2.139, 2.106, 1.519]
16;18805.719;452.32;3362.399;70.017;209.4;2029.847;3091.2;0.0;14991.0;32936.486;5878.656;-8252.111;6.314;18;128;[2.229, 1.57, 1.616, 1.713, 1.0];[2.225, 2.106, 1.519]
17;18702.566;451.823;3360.743;72.401;212.406;2094.833;2853.6;0.0;14890.0;32936.486;5878.656;-8355.264;7.025;18;128;[2.229, 1.57, 1.616, 1.942, 1.0];[2.402, 2.106, 1.519]
18;18702.566;451.823;3360.743;72.401;212.406;2094.833;2853.6;0.0;14890.0;32936.486;5878.656;-8355.264;4.095;18;128;[2.229, 1.57, 1.616, 1.942, 1.0];[2.402, 2.106, 1.467]
19;18702.566;451.823;3360.743;72.401;212.406;2094.833;2853.6;0.0;14890.0;32936.486;5878.656;-8355.264;3.422;18;128;[2.106, 1.57, 1.616, 1.942, 1.0];[2.402, 2.106, 1.42]
20;18702.566;451.823;3360.743;72.401;212.406;2094.833;2853.6;0.0;14890.0;32936.486;5878.656;-8355.264;6.699;18;128;[1.995, 1.57, 1.616, 1.942, 1.0];[2.262, 2.106, 1.42]
21;18668.083;443.865;3334.218;72.401;209.572;2091.999;2853.6;0.0;14890.0;32936.486;5878.656;-8389.747;1.656;18;128;[1.995, 1.813, 1.616, 1.942, 1.0];[2.436, 2.106, 1.42]
22;18668.083;443.865;3334.218;72.401;209.572;2091.999;2853.6;0.0;14890.0;32936.486;5878.656;-8389.747;4.685;18;128;[1.995, 1.732, 1.616, 1.942, 1.0];[2.436, 1.995, 1.42]
23;18589.284;444.143;3335.142;71.991;209.302;2081.061;2853.6;0.0;14810.0;32936.486;5878.656;-8468.546;2.858;18;128;[1.995, 1.959, 1.616, 1.942, 1.0];[2.592, 1.995, 1.42]
24;18589.284;444.143;3335.142;71.991;209.302;2081.061;2853.6;0.0;14810.0;32936.486;5878.656;-8468.546;0.781;18;128;[1.995, 1.863, 1.616, 1.942, 1.0];[2.592, 1.995, 1.378]
25;18589.284;444.143;3335.142;71.991;209.302;2081.061;2853.6;0.0;14810.0;32936.486;5878.656;-8468.546;3.867;18;128;[1.995, 1.777, 1.616, 1.942, 1.0];[2.433, 1.995, 1.378]
26;18780.801;448.954;3363.847;67.75;205.109;1966.596;2853.6;0.0;14968.0;33302.582;5512.56;-9009.221;1.656;17;128;[1.995, 1.999, 1.616, 1.942, 1.0];[2.433, 1.995, 1.64]
27;18752.539;442.432;3342.107;67.75;201.862;1963.35;2853.6;0.0;14968.0;33302.582;5512.56;-9037.483;7.299;17;128;[1.995, 1.999, 1.616, 2.148, 1.0];[2.433, 2.196, 1.64]
28;18752.539;442.432;3342.107;67.75;201.862;1963.35;2853.6;0.0;14968.0;33302.582;5512.56;-9037.483;5.908;17;128;[1.995, 1.999, 1.616, 2.233, 1.0];[2.433, 2.276, 1.64]
29;18752.539;442.432;3342.107;67.75;201.862;1963.35;2853.6;0.0;14968.0;33302.582;5512.56;-9037.483;2.852;17;128;[1.896, 1.999, 1.616, 2.233, 1.0];[2.433, 2.276, 1.576]
30;18752.539;442.432;3342.107;67.75;201.862;1963.35;2853.6;0.0;14968.0;33302.582;5512.56;-9037.483;6.061;17;128;[1.896, 1.999, 1.616, 2.31, 1.0];[2.433, 2.348, 1.576]
31;18731.292;437.529;3325.763;70.39;202.877;2033.028;2853.6;0.0;14968.0;33302.582;5512.56;-9058.73;9.709;17;128;[2.106, 1.999, 1.616, 2.31, 1.0];[2.433, 2.513, 1.576]
32;18579.496;434.807;3316.689;65.596;200.98;1906.478;2686.8;0.0;14828.0;33302.582;5512.56;-9210.526;8.377;17;128;[2.106, 1.999, 1.854, 2.31, 1.0];[2.433, 2.662, 1.576]
33;18579.496;434.807;3316.689;65.596;200.98;1906.478;2686.8;0.0;14828.0;33302.582;5512.56;-9210.526;3.818;17;128;[2.106, 1.999, 1.769, 2.31, 1.0];[2.433, 2.662, 1.518]
34;18579.496;434.807;3316.689;65.596;200.98;1906.478;2686.8;0.0;14828.0;33302.582;5512.56;-9210.526;3.018;17;128;[2.106, 1.999, 1.769, 2.179, 1.0];[2.433, 2.662, 1.466]
35;18466.687;436.466;3322.221;67.328;202.281;1952.821;2544.0;0.0;14708.0;33302.582;5512.56;-9323.335;7.465;17;128;[2.106, 1.999, 1.992, 2.179, 1.0];[2.59, 2.662, 1.466]
36;18432.505;428.578;3295.927;68.012;201.137;1969.447;2544.0;0.0;14708.0;33302.582;5512.56;-9357.517;6.91;17;128;[2.106, 1.999, 1.992, 2.361, 1.0];[2.731, 2.662, 1.466]
37;18378.037;434.47;3315.567;68.581;203.317;1986.427;2449.2;0.0;14628.0;33302.582;5512.56;-9411.985;8.565;17;128;[2.106, 1.999, 2.193, 2.361, 1.0];[2.731, 2.796, 1.466]
38;18378.037;434.47;3315.567;68.581;203.317;1986.427;2449.2;0.0;14628.0;33302.582;5512.56;-9411.985;3.308;17;128;[1.995, 1.999, 2.193, 2.361, 1.0];[2.731, 2.796, 1.419]
39;18377.224;434.282;3314.942;68.581;203.477;1986.587;2449.2;0.0;14628.0;33302.582;5512.56;-9412.798;5.027;17;128;[1.995, 2.199, 2.193, 2.361, 1.0];[2.731, 2.916, 1.419]
40;18377.224;434.282;3314.942;68.581;203.477;1986.587;2449.2;0.0;14628.0;33302.582;5512.56;-9412.798;4.852;17;128;[1.995, 2.079, 2.193, 2.361, 1.0];[2.731, 2.724, 1.419]
41;18377.224;434.282;3314.942;68.581;203.477;1986.587;2449.2;0.0;14628.0;33302.582;5512.56;-9412.798;3.069;17;128;[1.995, 2.079, 2.193, 2.225, 1.0];[2.731, 2.724, 1.377]
42;18377.224;434.282;3314.942;68.581;203.477;1986.587;2449.2;0.0;14628.0;33302.582;5512.56;-9412.798;2.067;17;128;[1.995, 2.079, 2.193, 2.103, 1.0];[2.731, 2.724, 1.339]
43;18371.457;432.951;3310.505;66.364;201.975;1927.442;2449.2;0.0;14628.0;33302.582;5512.56;-9418.565;14.858;17;128;[1.995, 2.079, 2.193, 2.103, 1.3];[2.858, 2.724, 1.339]
44;18371.457;432.951;3310.505;66.364;201.975;1927.442;2449.2;0.0;14628.0;33302.582;5512.56;-9418.565;3.412;17;128;[1.896, 2.079, 2.193, 2.103, 1.3];[2.858, 2.724, 1.305]
45;18371.457;432.951;3310.505;66.364;201.975;1927.442;2449.2;0.0;14628.0;33302.582;5512.56;-9418.565;7.993;17;128;[1.896, 2.079, 2.193, 1.993, 1.3];[2.858, 2.552, 1.305]
46;18354.653;429.074;3297.579;66.119;200.236;1919.339;2449.2;0.0;14628.0;33302.582;5512.56;-9435.369;9.281;17;128;[1.896, 2.079, 2.374, 1.993, 1.3];[2.972, 2.552, 1.305]
47;18354.653;429.074;3297.579;66.119;200.236;1919.339;2449.2;0.0;14628.0;33302.582;5512.56;-9435.369;8.522;17;128;[1.896, 2.079, 2.374, 1.894, 1.3];[2.775, 2.552, 1.305]
48;18354.653;429.074;3297.579;66.119;200.236;1919.339;2449.2;0.0;14628.0;33302.582;5512.56;-9435.369;2.273;17;128;[1.896, 2.079, 2.374, 1.805, 1.3];[2.775, 2.552, 1.274]
49;18354.653;429.074;3297.579;66.119;200.236;1919.339;2449.2;0.0;14628.0;33302.582;5512.56;-9435.369;7.175;17;128;[1.896, 2.079, 2.374, 1.725, 1.3];[2.598, 2.552, 1.274]
604constructshop:True depot:False weather:False;19671.586;523.366;3632.22;81.783;245.968;2372.326;3892.8;0.0;15516.0;32952.266;5862.876;-7417.804;31.259;19;128;[1.0, 1.0, 1.0, 1.0, 1.0];[1.0, 1.0, 1.0]
0;19349.435;522.87;3630.566;81.231;246.311;2358.318;3892.8;0.0;15196.0;32952.266;5862.876;-7739.955;4.789;18;128;[1.0, 1.3, 1.0, 1.0, 1.0];[1.0, 1.3, 1.0]
1;19263.797;503.569;3566.228;82.9;237.225;2392.619;3727.2;0.0;15194.0;32952.266;5862.876;-7825.593;17.388;18;128;[1.0, 1.3, 1.0, 1.3, 1.0];[1.0, 1.57, 1.0]
2;19263.797;503.569;3566.228;82.9;237.225;2392.619;3727.2;0.0;15194.0;32952.266;5862.876;-7825.593;1.623;18;128;[1.0, 1.27, 1.0, 1.3, 1.0];[1.0, 1.57, 1.0]
3;19309.992;517.229;3579.763;82.482;240.868;2385.404;3608.4;0.0;15213.0;33147.002;5668.14;-8168.87;37.007;18;128;[1.0, 1.27, 1.3, 1.3, 1.0];[1.3, 1.57, 1.0]
4;19309.992;517.229;3579.763;82.482;240.868;2385.404;3608.4;0.0;15213.0;33147.002;5668.14;-8168.87;5.187;18;128;[1.0, 1.27, 1.3, 1.3, 1.0];[1.3, 1.57, 1.0]
5;19309.992;517.229;3579.763;82.482;240.868;2385.404;3608.4;0.0;15213.0;33147.002;5668.14;-8168.87;4.688;18;128;[1.0, 1.27, 1.3, 1.27, 1.0];[1.3, 1.57, 1.0]
6;19309.992;517.229;3579.763;82.482;240.868;2385.404;3608.4;0.0;15213.0;33147.002;5668.14;-8168.87;11.63;18;128;[1.0, 1.27, 1.3, 1.27, 1.0];[1.27, 1.57, 1.0]
7;19309.992;517.229;3579.763;82.482;240.868;2385.404;3608.4;0.0;15213.0;33147.002;5668.14;-8168.87;15.939;18;128;[1.0, 1.443, 1.3, 1.27, 1.0];[1.443, 1.57, 1.0]
8;19309.992;517.229;3579.763;82.482;240.868;2385.404;3608.4;0.0;15213.0;33147.002;5668.14;-8168.87;2.564;18;128;[1.0, 1.443, 1.3, 1.243, 1.0];[1.443, 1.57, 1.0]
9;19309.992;517.229;3579.763;82.482;240.868;2385.404;3608.4;0.0;15213.0;33147.002;5668.14;-8168.87;13.973;18;128;[1.0, 1.443, 1.3, 1.243, 1.0];[1.443, 1.513, 1.0]
10;19309.992;517.229;3579.763;82.482;240.868;2385.404;3608.4;0.0;15213.0;33147.002;5668.14;-8168.87;5.75;18;128;[1.0, 1.599, 1.3, 1.243, 1.0];[1.443, 1.662, 1.0]
11;19267.911;503.364;3533.547;70.7;228.574;2066.763;3180.0;0.0;15231.0;33147.002;5668.14;-8210.951;12.749;18;128;[1.3, 1.599, 1.3, 1.243, 1.0];[1.699, 1.662, 1.0]
12;19232.653;499.843;3521.81;69.545;227.221;2035.38;3180.0;0.0;15211.0;33147.002;5668.14;-8246.209;2.363;18;128;[1.3, 1.839, 1.3, 1.243, 1.0];[1.699, 1.662, 1.3]
13;19096.997;487.23;3479.767;80.132;229.076;2312.501;3014.4;0.0;15130.0;33147.002;5668.14;-8381.865;12.141;18;128;[1.3, 1.839, 1.57, 1.243, 1.0];[1.929, 1.662, 1.3]
14;18986.202;461.893;3395.309;80.708;216.075;2314.491;2943.6;0.0;15129.0;33147.002;5668.14;-8492.66;10.146;18;128;[1.3, 1.839, 1.813, 1.243, 1.0];[1.929, 1.896, 1.3]
15;18831.081;448.942;3352.139;81.455;211.439;2329.263;3038.4;0.0;15030.0;33147.002;5668.14;-8647.781;15.608;18;128;[1.3, 1.839, 1.813, 1.519, 1.0];[2.136, 1.896, 1.3]
16;18831.081;448.942;3352.139;81.455;211.439;2329.263;3038.4;0.0;15030.0;33147.002;5668.14;-8647.781;9.155;18;128;[1.3, 1.839, 1.732, 1.519, 1.0];[2.022, 1.896, 1.3]
17;18831.081;448.942;3352.139;81.455;211.439;2329.263;3038.4;0.0;15030.0;33147.002;5668.14;-8647.781;12.32;18;128;[1.3, 1.839, 1.732, 1.667, 1.0];[2.022, 2.006, 1.3]
18;18773.514;440.503;3324.011;74.225;201.207;2131.05;3038.4;0.0;15009.0;33147.002;5668.14;-8705.348;19.915;18;128;[1.3, 1.839, 1.732, 1.667, 1.3];[2.022, 2.205, 1.3]
19;18773.514;440.503;3324.011;74.225;201.207;2131.05;3038.4;0.0;15009.0;33147.002;5668.14;-8705.348;2.707;18;128;[1.3, 1.839, 1.659, 1.667, 1.3];[2.022, 2.205, 1.27]
20;18710.44;462.871;3398.569;77.917;213.499;2239.339;2848.8;0.0;14849.0;33147.002;5668.14;-8768.422;7.102;18;128;[1.3, 1.839, 1.893, 1.667, 1.3];[2.022, 2.385, 1.27]
21;18710.44;462.871;3398.569;77.917;213.499;2239.339;2848.8;0.0;14849.0;33147.002;5668.14;-8768.422;6.913;18;128;[1.3, 1.839, 1.804, 1.667, 1.3];[2.022, 2.247, 1.27]
22;18682.808;456.725;3378.083;71.386;207.32;2063.344;3015.6;0.0;14848.0;33147.002;5668.14;-8796.054;17.356;18;128;[1.3, 1.839, 1.804, 1.667, 1.57];[2.22, 2.247, 1.27]
23;18667.591;453.213;3366.378;71.386;206.119;2062.142;3015.6;0.0;14848.0;33147.002;5668.14;-8811.271;8.649;18;128;[1.3, 1.839, 1.804, 1.9, 1.57];[2.22, 2.422, 1.27]
24;18667.591;453.213;3366.378;71.386;206.119;2062.142;3015.6;0.0;14848.0;33147.002;5668.14;-8811.271;7.265;18;128;[1.27, 1.839, 1.804, 1.9, 1.57];[2.098, 2.422, 1.27]
25;18667.591;453.213;3366.378;71.386;206.119;2062.142;3015.6;0.0;14848.0;33147.002;5668.14;-8811.271;7.612;18;128;[1.27, 1.839, 1.804, 2.01, 1.57];[2.098, 2.48, 1.27]
26;18667.591;453.213;3366.378;71.386;206.119;2062.142;3015.6;0.0;14848.0;33147.002;5668.14;-8811.271;7.373;18;128;[1.27, 1.839, 1.804, 2.109, 1.57];[2.188, 2.48, 1.27]
27;18616.617;459.912;3388.706;66.749;205.41;1940.895;2920.8;0.0;14768.0;33147.002;5668.14;-8862.245;3.131;18;128;[1.27, 2.055, 1.804, 2.109, 1.57];[2.369, 2.48, 1.27]
28;18616.617;459.912;3388.706;66.749;205.41;1940.895;2920.8;0.0;14768.0;33147.002;5668.14;-8862.245;18.721;18;128;[1.27, 2.055, 1.804, 2.109, 1.513];[2.369, 2.332, 1.27]
29;18616.617;459.912;3388.706;66.749;205.41;1940.895;2920.8;0.0;14768.0;33147.002;5668.14;-8862.245;10.307;18;128;[1.27, 2.055, 1.804, 2.198, 1.513];[2.369, 2.399, 1.27]
30;18616.617;459.912;3388.706;66.749;205.41;1940.895;2920.8;0.0;14768.0;33147.002;5668.14;-8862.245;9.763;18;128;[1.27, 2.055, 1.804, 2.278, 1.513];[2.369, 2.459, 1.27]
31;18616.617;459.912;3388.706;66.749;205.41;1940.895;2920.8;0.0;14768.0;33147.002;5668.14;-8862.245;10.332;18;128;[1.27, 2.055, 1.804, 2.15, 1.513];[2.232, 2.459, 1.27]
32;18616.617;459.912;3388.706;66.749;205.41;1940.895;2920.8;0.0;14768.0;33147.002;5668.14;-8862.245;18.42;18;128;[1.27, 2.055, 1.804, 2.15, 1.662];[2.232, 2.513, 1.27]
33;18616.617;459.912;3388.706;66.749;205.41;1940.895;2920.8;0.0;14768.0;33147.002;5668.14;-8862.245;2.477;18;128;[1.27, 2.15, 1.804, 2.15, 1.662];[2.232, 2.562, 1.27]
34;18616.617;459.912;3388.706;66.749;205.41;1940.895;2920.8;0.0;14768.0;33147.002;5668.14;-8862.245;19.859;18;128;[1.27, 2.15, 1.804, 2.15, 1.796];[2.309, 2.562, 1.27]
35;18616.617;459.912;3388.706;66.749;205.41;1940.895;2920.8;0.0;14768.0;33147.002;5668.14;-8862.245;9.763;18;128;[1.27, 2.15, 1.804, 2.235, 1.796];[2.309, 2.606, 1.27]
36;18616.617;459.912;3388.706;66.749;205.41;1940.895;2920.8;0.0;14768.0;33147.002;5668.14;-8862.245;2.274;18;128;[1.27, 2.15, 1.924, 2.235, 1.796];[2.309, 2.606, 1.443]
37;18616.617;459.912;3388.706;66.749;205.41;1940.895;2920.8;0.0;14768.0;33147.002;5668.14;-8862.245;16.105;18;128;[1.27, 2.15, 1.924, 2.235, 1.716];[2.309, 2.445, 1.443]
38;18616.617;459.912;3388.706;66.749;205.41;1940.895;2920.8;0.0;14768.0;33147.002;5668.14;-8862.245;2.941;18;128;[1.27, 2.15, 1.924, 2.111, 1.716];[2.309, 2.445, 1.399]
39;18616.617;459.912;3388.706;66.749;205.41;1940.895;2920.8;0.0;14768.0;33147.002;5668.14;-8862.245;21.653;18;128;[1.27, 2.15, 1.924, 2.111, 1.844];[2.309, 2.5, 1.399]
40;18616.617;459.912;3388.706;66.749;205.41;1940.895;2920.8;0.0;14768.0;33147.002;5668.14;-8862.245;24.486;18;128;[1.27, 2.15, 1.924, 2.111, 1.76];[2.309, 2.35, 1.399]
41;18616.617;459.912;3388.706;66.749;205.41;1940.895;2920.8;0.0;14768.0;33147.002;5668.14;-8862.245;2.749;18;128;[1.27, 2.15, 1.924, 2.0, 1.76];[2.309, 2.35, 1.359]
42;18616.617;459.912;3388.706;66.749;205.41;1940.895;2920.8;0.0;14768.0;33147.002;5668.14;-8862.245;2.29;18;128;[1.27, 2.235, 1.924, 2.0, 1.76];[2.309, 2.415, 1.359]
43;18616.617;459.912;3388.706;66.749;205.41;1940.895;2920.8;0.0;14768.0;33147.002;5668.14;-8862.245;7.922;18;128;[1.27, 2.235, 1.832, 2.0, 1.76];[2.309, 2.274, 1.359]
44;18616.617;459.912;3388.706;66.749;205.41;1940.895;2920.8;0.0;14768.0;33147.002;5668.14;-8862.245;1.481;18;128;[1.27, 2.311, 1.832, 2.0, 1.76];[2.309, 2.347, 1.359]
45;18616.617;459.912;3388.706;66.749;205.41;1940.895;2920.8;0.0;14768.0;33147.002;5668.14;-8862.245;1.868;18;128;[1.27, 2.311, 1.749, 2.0, 1.76];[2.309, 2.347, 1.323]
46;18616.617;459.912;3388.706;66.749;205.41;1940.895;2920.8;0.0;14768.0;33147.002;5668.14;-8862.245;5.958;18;128;[1.27, 2.311, 1.674, 2.0, 1.76];[2.309, 2.212, 1.323]
47;18616.617;459.912;3388.706;66.749;205.41;1940.895;2920.8;0.0;14768.0;33147.002;5668.14;-8862.245;1.914;18;128;[1.27, 2.18, 1.674, 2.0, 1.76];[2.309, 2.212, 1.291]
48;18616.617;459.912;3388.706;66.749;205.41;1940.895;2920.8;0.0;14768.0;33147.002;5668.14;-8862.245;3.114;18;128;[1.243, 2.18, 1.674, 2.0, 1.76];[2.309, 2.212, 1.262]
49;18616.617;459.912;3388.706;66.749;205.41;1940.895;2920.8;0.0;14768.0;33147.002;5668.14;-8862.245;7.455;18;128;[1.243, 2.18, 1.607, 2.0, 1.76];[2.178, 2.212, 1.262]
605constructshop:True depot:False weather:False;19861.087;541.174;3640.913;68.431;247.192;2026.39;4155.6;0.0;15679.0;32566.478;6248.664;-6456.727;26.353;19;128;[1.0, 1.0, 1.0, 1.0, 1.0];[1.0, 1.0, 1.0]
0;20031.244;542.133;3650.111;67.635;244.677;2003.197;4369.2;0.0;15839.0;32756.906;6058.236;-6667.426;3.057;19;128;[1.0, 1.0, 1.0, 1.3, 1.0];[1.0, 1.0, 1.3]
1;19613.994;538.845;3639.149;62.915;237.188;1872.973;4322.4;0.0;15436.0;32756.906;6058.236;-7084.676;19.904;19;128;[1.0, 1.0, 1.0, 1.3, 1.3];[1.0, 1.3, 1.3]
2;19414.421;525.097;3593.324;62.915;231.329;1867.114;4155.6;0.0;15296.0;32756.906;6058.236;-7284.249;8.35;19;128;[1.0, 1.3, 1.0, 1.3, 1.3];[1.0, 1.57, 1.3]
3;19236.98;521.072;3579.908;62.915;229.432;1865.217;3966.0;0.0;15136.0;32756.906;6058.236;-7461.69;21.41;19;128;[1.0, 1.3, 1.0, 1.3, 1.57];[1.0, 1.813, 1.3]
4;19149.858;510.429;3544.429;56.65;221.744;1694.636;4156.8;0.0;15095.0;32756.906;6058.236;-7548.812;2.073;19;128;[1.0, 1.57, 1.0, 1.3, 1.57];[1.0, 1.813, 1.57]
5;19149.858;510.429;3544.429;56.65;221.744;1694.636;4156.8;0.0;15095.0;32756.906;6058.236;-7548.812;9.719;19;128;[1.0, 1.57, 1.0, 1.3, 1.57];[1.0, 1.732, 1.57]
6;19146.932;514.6;3558.332;63.689;228.166;1884.088;4300.8;0.0;15074.0;32756.906;6058.236;-7551.738;24.199;19;128;[1.0, 1.57, 1.0, 1.3, 1.813];[1.3, 1.732, 1.57]
7;19146.932;514.6;3558.332;63.689;228.166;1884.088;4300.8;0.0;15074.0;32756.906;6058.236;-7551.738;1.678;19;128;[1.0, 1.713, 1.0, 1.3, 1.813];[1.3, 1.859, 1.57]
8;19146.932;514.6;3558.332;63.689;228.166;1884.088;4300.8;0.0;15074.0;32756.906;6058.236;-7551.738;2.611;19;128;[1.0, 1.642, 1.0, 1.3, 1.813];[1.3, 1.859, 1.513]
9;19146.932;514.6;3558.332;63.689;228.166;1884.088;4300.8;0.0;15074.0;32756.906;6058.236;-7551.738;3.433;19;128;[1.0, 1.578, 1.0, 1.3, 1.813];[1.3, 1.859, 1.462]
10;19146.932;514.6;3558.332;63.689;228.166;1884.088;4300.8;0.0;15074.0;32756.906;6058.236;-7551.738;7.719;19;128;[1.0, 1.578, 1.0, 1.27, 1.813];[1.3, 1.773, 1.462]
11;19139.663;512.692;3551.972;65.276;229.17;1926.348;4275.6;0.0;15075.0;32756.906;6058.236;-7559.007;21.595;19;128;[1.0, 1.578, 1.0, 1.27, 2.032];[1.3, 1.996, 1.462]
12;18783.75;505.096;3526.654;65.996;226.309;1942.201;3802.8;0.0;14752.0;32756.906;6058.236;-7914.92;16.614;19;128;[1.0, 1.82, 1.0, 1.27, 2.032];[1.3, 2.196, 1.462]
13;18774.809;502.802;3519.007;58.396;222.837;1741.137;3945.6;0.0;14753.0;32756.906;6058.236;-7923.861;3.033;19;128;[1.0, 2.038, 1.0, 1.27, 2.032];[1.3, 2.196, 1.716]
14;18774.809;502.802;3519.007;58.396;222.837;1741.137;3945.6;0.0;14753.0;32756.906;6058.236;-7923.861;2.966;19;128;[1.0, 2.038, 1.0, 1.243, 2.032];[1.3, 2.196, 1.644]
15;18774.809;502.802;3519.007;58.396;222.837;1741.137;3945.6;0.0;14753.0;32756.906;6058.236;-7923.861;20.961;19;128;[1.0, 2.038, 1.0, 1.243, 1.929];[1.3, 2.076, 1.644]
16;19299.921;513.52;3574.401;67.013;232.531;1974.876;3589.2;0.0;15212.0;33069.686;5745.456;-8024.309;3.313;18;128;[1.0, 2.234, 1.0, 1.243, 1.929];[1.3, 2.076, 1.88]
17;19210.443;506.718;3551.726;73.26;235.507;2140.266;3589.2;0.0;15152.0;33069.686;5745.456;-8113.787;4.486;18;128;[1.0, 2.411, 1.0, 1.243, 1.929];[1.3, 2.268, 1.88]
18;19210.443;506.718;3551.726;73.26;235.507;2140.266;3589.2;0.0;15152.0;33069.686;5745.456;-8113.787;20.605;18;128;[1.0, 2.411, 1.0, 1.243, 1.836];[1.3, 2.141, 1.88]
19;19210.443;506.718;3551.726;73.26;235.507;2140.266;3589.2;0.0;15152.0;33069.686;5745.456;-8113.787;6.445;18;128;[1.0, 2.47, 1.0, 1.243, 1.836];[1.3, 2.227, 1.88]
20;19094.201;539.893;3662.308;88.603;252.843;2556.53;3730.8;0.0;14892.0;33069.686;5745.456;-8230.029;2.966;18;128;[1.0, 2.623, 1.0, 1.243, 1.836];[1.3, 2.227, 2.092]
21;19070.597;534.445;3644.152;88.603;250.612;2554.298;3730.8;0.0;14892.0;33069.686;5745.456;-8253.633;2.221;18;128;[1.0, 2.761, 1.0, 1.243, 1.836];[1.3, 2.404, 2.092]
22;18997.679;517.618;3588.061;84.153;241.378;2429.344;3730.8;0.0;14892.0;33069.686;5745.456;-8326.551;1.89;18;128;[1.0, 2.885, 1.0, 1.243, 1.836];[1.3, 2.404, 2.283]
23;18997.679;517.618;3588.061;84.153;241.378;2429.344;3730.8;0.0;14892.0;33069.686;5745.456;-8326.551;10.759;18;128;[1.0, 2.885, 1.0, 1.243, 1.836];[1.3, 2.264, 2.283]
24;18997.679;517.618;3588.061;84.153;241.378;2429.344;3730.8;0.0;14892.0;33069.686;5745.456;-8326.551;2.828;18;128;[1.0, 2.885, 1.0, 1.219, 1.836];[1.3, 2.264, 2.155]
25;18997.679;517.618;3588.061;84.153;241.378;2429.344;3730.8;0.0;14892.0;33069.686;5745.456;-8326.551;3.608;18;128;[1.0, 2.885, 1.0, 1.219, 1.752];[1.3, 2.264, 2.039]
26;18912.14;511.724;3568.415;78.872;237.956;2288.632;3516.0;0.0;14832.0;33069.686;5745.456;-8412.09;3.312;18;128;[1.0, 2.996, 1.0, 1.219, 1.752];[1.57, 2.264, 2.039]
27;18688.307;482.917;3472.39;71.323;222.764;2077.168;3706.8;0.0;14733.0;33069.686;5745.456;-8635.923;2.922;18;128;[1.0, 3.096, 1.0, 1.219, 1.752];[1.57, 2.264, 2.235]
28;18688.307;482.917;3472.39;71.323;222.764;2077.168;3706.8;0.0;14733.0;33069.686;5745.456;-8635.923;1.679;18;128;[1.0, 2.886, 1.0, 1.219, 1.752];[1.513, 2.264, 2.235]
29;18688.307;482.917;3472.39;71.323;222.764;2077.168;3706.8;0.0;14733.0;33069.686;5745.456;-8635.923;11.593;18;128;[1.0, 2.886, 1.0, 1.219, 1.752];[1.513, 2.138, 2.235]
30;18688.307;482.917;3472.39;71.323;222.764;2077.168;3706.8;0.0;14733.0;33069.686;5745.456;-8635.923;2.368;18;128;[1.0, 2.697, 1.0, 1.219, 1.752];[1.513, 2.138, 2.111]
31;18688.307;482.917;3472.39;71.323;222.764;2077.168;3706.8;0.0;14733.0;33069.686;5745.456;-8635.923;12.423;18;128;[1.0, 2.697, 1.0, 1.219, 1.752];[1.462, 2.138, 2.111]
32;18688.307;482.917;3472.39;71.323;222.764;2077.168;3706.8;0.0;14733.0;33069.686;5745.456;-8635.923;1.42;18;128;[1.0, 2.727, 1.0, 1.219, 1.752];[1.462, 2.224, 2.111]
33;18688.307;482.917;3472.39;71.323;222.764;2077.168;3706.8;0.0;14733.0;33069.686;5745.456;-8635.923;4.462;18;128;[1.0, 2.754, 1.0, 1.219, 1.752];[1.616, 2.224, 2.111]
34;18688.307;482.917;3472.39;71.323;222.764;2077.168;3706.8;0.0;14733.0;33069.686;5745.456;-8635.923;8.438;18;128;[1.2, 2.754, 1.0, 1.219, 1.752];[1.616, 2.302, 2.111]
35;18688.307;482.917;3472.39;71.323;222.764;2077.168;3706.8;0.0;14733.0;33069.686;5745.456;-8635.923;2.244;18;128;[1.2, 2.779, 1.0, 1.219, 1.752];[1.616, 2.302, 2.2]
36;18688.307;482.917;3472.39;71.323;222.764;2077.168;3706.8;0.0;14733.0;33069.686;5745.456;-8635.923;1.366;18;128;[1.2, 2.801, 1.0, 1.219, 1.752];[1.616, 2.302, 2.28]
37;18688.307;482.917;3472.39;71.323;222.764;2077.168;3706.8;0.0;14733.0;33069.686;5745.456;-8635.923;2.632;18;128;[1.2, 2.801, 1.0, 1.219, 1.752];[1.616, 2.302, 2.152]
38;18688.307;482.917;3472.39;71.323;222.764;2077.168;3706.8;0.0;14733.0;33069.686;5745.456;-8635.923;22.507;18;128;[1.2, 2.801, 1.0, 1.219, 1.877];[1.754, 2.302, 2.152]
39;18688.307;482.917;3472.39;71.323;222.764;2077.168;3706.8;0.0;14733.0;33069.686;5745.456;-8635.923;3.109;18;128;[1.2, 2.801, 1.0, 1.197, 1.877];[1.754, 2.302, 2.037]
40;18688.307;482.917;3472.39;71.323;222.764;2077.168;3706.8;0.0;14733.0;33069.686;5745.456;-8635.923;2.113;18;128;[1.2, 2.621, 1.0, 1.197, 1.877];[1.754, 2.302, 1.933]
41;18688.307;482.917;3472.39;71.323;222.764;2077.168;3706.8;0.0;14733.0;33069.686;5745.456;-8635.923;20.061;18;128;[1.2, 2.621, 1.0, 1.197, 1.789];[1.679, 2.302, 1.933]
42;18688.307;482.917;3472.39;71.323;222.764;2077.168;3706.8;0.0;14733.0;33069.686;5745.456;-8635.923;8.176;18;128;[1.18, 2.621, 1.0, 1.197, 1.789];[1.679, 2.172, 1.933]
43;18688.307;482.917;3472.39;71.323;222.764;2077.168;3706.8;0.0;14733.0;33069.686;5745.456;-8635.923;11.828;18;128;[1.18, 2.659, 1.0, 1.197, 1.789];[1.679, 2.255, 1.933]
44;18688.307;482.917;3472.39;71.323;222.764;2077.168;3706.8;0.0;14733.0;33069.686;5745.456;-8635.923;9.702;18;128;[1.18, 2.693, 1.0, 1.197, 1.789];[1.811, 2.255, 1.933]
45;18688.307;482.917;3472.39;71.323;222.764;2077.168;3706.8;0.0;14733.0;33069.686;5745.456;-8635.923;9.045;18;128;[1.162, 2.693, 1.0, 1.197, 1.789];[1.73, 2.255, 1.933]
46;18688.307;482.917;3472.39;71.323;222.764;2077.168;3706.8;0.0;14733.0;33069.686;5745.456;-8635.923;6.052;18;128;[1.162, 2.724, 1.0, 1.197, 1.789];[1.73, 2.33, 1.933]
47;18688.307;482.917;3472.39;71.323;222.764;2077.168;3706.8;0.0;14733.0;33069.686;5745.456;-8635.923;2.694;18;128;[1.162, 2.552, 1.0, 1.197, 1.789];[1.73, 2.33, 1.84]
48;18688.307;482.917;3472.39;71.323;222.764;2077.168;3706.8;0.0;14733.0;33069.686;5745.456;-8635.923;6.028;18;128;[1.162, 2.597, 1.0, 1.197, 1.789];[1.73, 2.397, 1.84]
49;18688.307;482.917;3472.39;71.323;222.764;2077.168;3706.8;0.0;14733.0;33069.686;5745.456;-8635.923;8.435;18;128;[1.346, 2.597, 1.0, 1.197, 1.789];[1.73, 2.457, 1.84]
606constructshop:True depot:False weather:False;19544.87;511.047;3562.823;53.721;219.698;1616.456;3422.4;0.0;15471.0;33105.602;5709.54;-7851.192;26.793;19;128;[1.0, 1.0, 1.0, 1.0, 1.0];[1.0, 1.0, 1.0]
0;19448.102;521.024;3596.078;59.206;223.513;1762.87;3255.6;0.0;15331.0;33105.602;5709.54;-7947.96;13.015;18;128;[1.3, 1.0, 1.0, 1.0, 1.0];[1.3, 1.0, 1.0]
1;19309.412;506.787;3548.624;53.419;215.284;1604.178;3325.2;0.0;15254.0;33105.602;5709.54;-8086.65;4.778;18;128;[1.3, 1.0, 1.0, 1.0, 1.3];[1.3, 1.0, 1.3]
2;19275.041;498.856;3522.186;54.51;211.748;1629.002;3492.0;0.0;15254.0;33105.602;5709.54;-8121.021;6.909;18;128;[1.3, 1.3, 1.0, 1.0, 1.3];[1.57, 1.0, 1.3]
3;19120.01;495.387;3510.623;52.884;209.975;1584.965;3492.0;0.0;15114.0;33105.602;5709.54;-8276.052;6.037;18;128;[1.3, 1.57, 1.0, 1.0, 1.3];[1.813, 1.0, 1.3]
4;18661.5;486.731;3481.769;52.027;205.746;1558.446;2946.0;0.0;14693.0;33105.602;5709.54;-8734.562;15.409;18;128;[1.3, 1.813, 1.0, 1.0, 1.3];[2.032, 1.0, 1.3]
5;19081.061;511.707;3581.355;55.327;219.232;1657.746;2731.2;0.0;14988.0;33501.098;5314.044;-9105.992;4.024;17;128;[1.57, 1.813, 1.0, 1.0, 1.3];[2.032, 1.0, 1.57]
6;19081.061;511.707;3581.355;55.327;219.232;1657.746;2731.2;0.0;14988.0;33501.098;5314.044;-9105.992;3.296;17;128;[1.513, 1.813, 1.0, 1.0, 1.3];[2.032, 1.0, 1.513]
7;18925.179;507.81;3568.368;68.31;227.08;2003.151;2850.0;0.0;14849.0;33501.098;5314.044;-9261.875;9.244;17;128;[1.762, 1.813, 1.0, 1.0, 1.3];[2.229, 1.0, 1.513]
8;18907.029;503.622;3554.407;64.728;222.708;1905.627;2851.2;0.0;14849.0;33501.098;5314.044;-9280.025;4.01;17;128;[1.762, 1.813, 1.3, 1.0, 1.3];[2.229, 1.0, 1.762]
9;18851.092;490.944;3512.148;67.481;218.754;1973.258;2899.2;0.0;14848.0;33501.098;5314.044;-9335.962;22.866;17;128;[1.762, 1.813, 1.3, 1.0, 1.57];[2.406, 1.0, 1.762]
10;18768.76;471.945;3448.816;67.347;212.844;1963.863;2899.2;0.0;14848.0;33501.098;5314.044;-9418.294;9.931;17;128;[1.762, 1.813, 1.57, 1.0, 1.57];[2.565, 1.0, 1.762]
11;18768.76;471.945;3448.816;67.347;212.844;1963.863;2899.2;0.0;14848.0;33501.098;5314.044;-9418.294;1.676;17;128;[1.762, 1.732, 1.57, 1.0, 1.57];[2.565, 1.0, 1.686]
12;18768.76;471.945;3448.816;67.347;212.844;1963.863;2899.2;0.0;14848.0;33501.098;5314.044;-9418.294;2.604;17;128;[1.686, 1.732, 1.57, 1.0, 1.57];[2.565, 1.0, 1.617]
13;18768.76;471.945;3448.816;67.347;212.844;1963.863;2899.2;0.0;14848.0;33501.098;5314.044;-9418.294;8.37;17;128;[1.617, 1.732, 1.57, 1.0, 1.57];[2.409, 1.0, 1.617]
14;18768.76;471.945;3448.816;67.347;212.844;1963.863;2899.2;0.0;14848.0;33501.098;5314.044;-9418.294;24.185;17;128;[1.617, 1.732, 1.57, 1.0, 1.713];[2.468, 1.0, 1.617]
15;18768.76;471.945;3448.816;67.347;212.844;1963.863;2899.2;0.0;14848.0;33501.098;5314.044;-9418.294;6.905;17;128;[1.617, 1.659, 1.57, 1.0, 1.713];[2.321, 1.0, 1.617]
16;18709.91;468.287;3436.623;67.683;211.697;1971.443;2709.6;0.0;14805.0;33501.098;5314.044;-9477.144;9.146;17;128;[1.617, 1.659, 1.813, 1.0, 1.713];[2.489, 1.0, 1.617]
17;18709.91;468.287;3436.623;67.683;211.697;1971.443;2709.6;0.0;14805.0;33501.098;5314.044;-9477.144;3.888;17;128;[1.617, 1.659, 1.813, 1.0, 1.642];[2.489, 1.0, 1.555]
18;18709.91;468.287;3436.623;67.683;211.697;1971.443;2709.6;0.0;14805.0;33501.098;5314.044;-9477.144;2.888;17;128;[1.617, 1.659, 1.732, 1.0, 1.642];[2.489, 1.0, 1.5]
19;18709.91;468.287;3436.623;67.683;211.697;1971.443;2709.6;0.0;14805.0;33501.098;5314.044;-9477.144;2.646;17;128;[1.617, 1.793, 1.732, 1.0, 1.642];[2.489, 1.2, 1.5]
20;18709.91;468.287;3436.623;67.683;211.697;1971.443;2709.6;0.0;14805.0;33501.098;5314.044;-9477.144;20.24;17;128;[1.617, 1.793, 1.732, 1.0, 1.778];[2.54, 1.2, 1.5]
21;18709.91;468.287;3436.623;67.683;211.697;1971.443;2709.6;0.0;14805.0;33501.098;5314.044;-9477.144;3.749;17;128;[1.617, 1.793, 1.732, 1.0, 1.778];[2.54, 1.2, 1.45]
22;18709.91;468.287;3436.623;67.683;211.697;1971.443;2709.6;0.0;14805.0;33501.098;5314.044;-9477.144;2.992;17;128;[1.555, 1.793, 1.732, 1.0, 1.778];[2.54, 1.2, 1.405]
23;18709.91;468.287;3436.623;67.683;211.697;1971.443;2709.6;0.0;14805.0;33501.098;5314.044;-9477.144;27.943;17;128;[1.555, 1.793, 1.732, 1.0, 1.7];[2.386, 1.2, 1.405]
24;18709.91;468.287;3436.623;67.683;211.697;1971.443;2709.6;0.0;14805.0;33501.098;5314.044;-9477.144;23.347;17;128;[1.555, 1.793, 1.732, 1.0, 1.83];[2.447, 1.2, 1.405]
25;18709.91;468.287;3436.623;67.683;211.697;1971.443;2709.6;0.0;14805.0;33501.098;5314.044;-9477.144;10.099;17;128;[1.5, 1.793, 1.732, 1.0, 1.83];[2.447, 1.18, 1.405]
26;18709.91;468.287;3436.623;67.683;211.697;1971.443;2709.6;0.0;14805.0;33501.098;5314.044;-9477.144;16.971;17;128;[1.5, 1.793, 1.732, 1.0, 1.947];[2.502, 1.18, 1.405]
27;18709.91;468.287;3436.623;67.683;211.697;1971.443;2709.6;0.0;14805.0;33501.098;5314.044;-9477.144;7.212;17;128;[1.5, 1.793, 1.659, 1.0, 1.947];[2.502, 1.162, 1.405]
28;18709.91;468.287;3436.623;67.683;211.697;1971.443;2709.6;0.0;14805.0;33501.098;5314.044;-9477.144;2.233;17;128;[1.5, 1.793, 1.593, 1.0, 1.947];[2.502, 1.162, 1.365]
29;18709.91;468.287;3436.623;67.683;211.697;1971.443;2709.6;0.0;14805.0;33501.098;5314.044;-9477.144;3.356;17;128;[1.65, 1.793, 1.593, 1.0, 1.947];[2.502, 1.162, 1.528]
30;18709.91;468.287;3436.623;67.683;211.697;1971.443;2709.6;0.0;14805.0;33501.098;5314.044;-9477.144;0.765;17;128;[1.65, 1.914, 1.593, 1.0, 1.947];[2.502, 1.162, 1.675]
31;18709.91;468.287;3436.623;67.683;211.697;1971.443;2709.6;0.0;14805.0;33501.098;5314.044;-9477.144;7.991;17;128;[1.65, 1.914, 1.593, 1.0, 1.947];[2.502, 1.146, 1.675]
32;18709.91;468.287;3436.623;67.683;211.697;1971.443;2709.6;0.0;14805.0;33501.098;5314.044;-9477.144;6.072;17;128;[1.585, 1.914, 1.593, 1.0, 1.947];[2.352, 1.146, 1.675]
33;18709.91;468.287;3436.623;67.683;211.697;1971.443;2709.6;0.0;14805.0;33501.098;5314.044;-9477.144;3.044;17;128;[1.585, 1.823, 1.593, 1.0, 1.947];[2.352, 1.146, 1.608]
34;18709.91;468.287;3436.623;67.683;211.697;1971.443;2709.6;0.0;14805.0;33501.098;5314.044;-9477.144;6.249;17;128;[1.585, 1.823, 1.534, 1.0, 1.947];[2.217, 1.146, 1.608]
35;18709.91;468.287;3436.623;67.683;211.697;1971.443;2709.6;0.0;14805.0;33501.098;5314.044;-9477.144;17.653;17;128;[1.585, 1.823, 1.534, 1.0, 1.852];[2.095, 1.146, 1.608]
36;18709.91;468.287;3436.623;67.683;211.697;1971.443;2709.6;0.0;14805.0;33501.098;5314.044;-9477.144;8.804;17;128;[1.527, 1.823, 1.534, 1.0, 1.852];[1.986, 1.146, 1.608]
37;18709.91;468.287;3436.623;67.683;211.697;1971.443;2709.6;0.0;14805.0;33501.098;5314.044;-9477.144;1.476;17;128;[1.527, 1.941, 1.534, 1.0, 1.852];[1.986, 1.146, 1.747]
38;18709.91;468.287;3436.623;67.683;211.697;1971.443;2709.6;0.0;14805.0;33501.098;5314.044;-9477.144;14.618;17;128;[1.527, 1.941, 1.534, 1.0, 1.967];[2.087, 1.146, 1.747]
39;18662.756;465.251;3426.504;63.27;206.643;1851.657;3301.2;0.0;14771.0;33501.098;5314.044;-9524.298;6.341;17;128;[1.527, 1.941, 1.781, 1.0, 1.967];[2.278, 1.146, 1.747]
40;18662.756;465.251;3426.504;63.27;206.643;1851.657;3301.2;0.0;14771.0;33501.098;5314.044;-9524.298;7.437;17;128;[1.527, 1.941, 1.703, 1.0, 1.967];[2.278, 1.131, 1.747]
41;18662.756;465.251;3426.504;63.27;206.643;1851.657;3301.2;0.0;14771.0;33501.098;5314.044;-9524.298;2.257;17;128;[1.527, 1.941, 1.633, 1.0, 1.967];[2.278, 1.131, 1.672]
42;18569.819;476.804;3465.014;60.574;211.121;1786.046;2898.0;0.0;14628.0;33501.098;5314.044;-9617.235;9.68;17;128;[1.774, 1.941, 1.633, 1.0, 1.967];[2.45, 1.131, 1.672]
43;18569.819;476.804;3465.014;60.574;211.121;1786.046;2898.0;0.0;14628.0;33501.098;5314.044;-9617.235;5.93;17;128;[1.774, 1.847, 1.633, 1.0, 1.967];[2.305, 1.131, 1.672]
44;18569.819;476.804;3465.014;60.574;211.121;1786.046;2898.0;0.0;14628.0;33501.098;5314.044;-9617.235;15.028;17;128;[1.774, 1.847, 1.633, 1.0, 2.07];[2.375, 1.131, 1.672]
45;18569.819;476.804;3465.014;60.574;211.121;1786.046;2898.0;0.0;14628.0;33501.098;5314.044;-9617.235;6.685;17;128;[1.697, 1.847, 1.633, 1.0, 2.07];[2.375, 1.118, 1.672]
46;18569.819;476.804;3465.014;60.574;211.121;1786.046;2898.0;0.0;14628.0;33501.098;5314.044;-9617.235;0.72;17;128;[1.697, 1.762, 1.633, 1.0, 2.07];[2.375, 1.118, 1.605]
47;18569.819;476.804;3465.014;60.574;211.121;1786.046;2898.0;0.0;14628.0;33501.098;5314.044;-9617.235;6.729;17;128;[1.827, 1.762, 1.633, 1.0, 2.07];[2.375, 1.306, 1.605]
48;18487.804;485.801;3495.003;67.151;219.27;1965.206;3160.8;0.0;14507.0;33501.098;5314.044;-9699.25;3.479;17;128;[1.827, 1.986, 1.633, 1.0, 2.07];[2.538, 1.306, 1.605]
49;18487.804;485.801;3495.003;67.151;219.27;1965.206;3160.8;0.0;14507.0;33501.098;5314.044;-9699.25;16.557;17;128;[1.827, 1.986, 1.633, 1.0, 1.963];[2.538, 1.275, 1.605]
607constructshop:True depot:False weather:False;19802.725;515.552;3574.173;62.927;226.722;1862.816;3751.2;0.0;15713.0;33052.202;5762.94;-7486.537;26.487;19;128;[1.0, 1.0, 1.0, 1.0, 1.0];[1.0, 1.0, 1.0]
0;19802.725;515.552;3574.173;62.927;226.722;1862.816;3751.2;0.0;15713.0;33052.202;5762.94;-7486.537;8.883;19;128;[1.0, 1.0, 1.0, 1.0, 1.0];[1.0, 1.0, 1.0]
1;19657.332;509.923;3555.409;62.325;225.281;1845.726;3632.4;0.0;15592.0;33052.202;5762.94;-7631.93;11.798;18;128;[1.0, 1.0, 1.0, 1.3, 1.0];[1.0, 1.3, 1.0]
2;19651.628;508.376;3550.252;58.188;219.91;1732.804;3727.2;0.0;15593.0;33052.202;5762.94;-7637.634;10.657;18;128;[1.0, 1.0, 1.0, 1.57, 1.0];[1.3, 1.3, 1.0]
3;19634.183;513.812;3568.372;55.895;221.279;1674.561;3560.4;0.0;15552.0;33052.202;5762.94;-7655.079;3.771;18;128;[1.3, 1.0, 1.0, 1.57, 1.0];[1.3, 1.3, 1.3]
4;19634.183;513.812;3568.372;55.895;221.279;1674.561;3560.4;0.0;15552.0;33052.202;5762.94;-7655.079;3.641;18;128;[1.3, 1.0, 1.0, 1.513, 1.0];[1.3, 1.3, 1.27]
5;19480.514;524.503;3604.011;62.839;227.945;1861.768;3370.8;0.0;15352.0;33052.202;5762.94;-7808.748;21.216;18;128;[1.3, 1.0, 1.0, 1.513, 1.3];[1.57, 1.3, 1.27]
6;19397.017;509.85;3555.167;69.363;228.128;2031.566;3348.0;0.0;15332.0;33052.202;5762.94;-7892.245;11.571;18;128;[1.3, 1.0, 1.3, 1.513, 1.3];[1.813, 1.3, 1.27]
7;19397.017;509.85;3555.167;69.363;228.128;2031.566;3348.0;0.0;15332.0;33052.202;5762.94;-7892.245;8.397;18;128;[1.3, 1.0, 1.3, 1.513, 1.3];[1.732, 1.3, 1.27]
8;19385.523;512.044;3562.479;55.934;221.809;1676.098;3277.2;0.0;15311.0;33052.202;5762.94;-7903.739;3.597;18;128;[1.3, 1.0, 1.57, 1.513, 1.3];[1.732, 1.3, 1.543]
9;19385.523;512.044;3562.479;55.934;221.809;1676.098;3277.2;0.0;15311.0;33052.202;5762.94;-7903.739;3.726;18;128;[1.3, 1.0, 1.57, 1.513, 1.3];[1.732, 1.3, 1.489]
10;19710.743;495.864;3524.879;55.528;211.208;1654.948;3703.2;0.0;15690.0;33447.698;5367.444;-8369.511;4.791;17;128;[1.3, 1.0, 1.57, 1.513, 1.57];[1.732, 1.3, 1.74]
11;19506.622;494.913;3521.709;55.528;210.225;1653.965;3489.6;0.0;15490.0;33447.698;5367.444;-8573.632;9.433;17;128;[1.57, 1.0, 1.57, 1.513, 1.57];[1.732, 1.57, 1.74]
12;19506.622;494.913;3521.709;55.528;210.225;1653.965;3489.6;0.0;15490.0;33447.698;5367.444;-8573.632;4.004;17;128;[1.57, 1.0, 1.57, 1.462, 1.57];[1.732, 1.57, 1.666]
13;19506.622;494.913;3521.709;55.528;210.225;1653.965;3489.6;0.0;15490.0;33447.698;5367.444;-8573.632;3.952;17;128;[1.57, 1.0, 1.57, 1.462, 1.513];[1.732, 1.57, 1.599]
14;19506.622;494.913;3521.709;55.528;210.225;1653.965;3489.6;0.0;15490.0;33447.698;5367.444;-8573.632;4.396;17;128;[1.513, 1.0, 1.57, 1.462, 1.513];[1.732, 1.57, 1.539]
15;19506.622;494.913;3521.709;55.528;210.225;1653.965;3489.6;0.0;15490.0;33447.698;5367.444;-8573.632;13.691;17;128;[1.513, 1.0, 1.57, 1.616, 1.513];[1.732, 1.713, 1.539]
16;19228.556;476.667;3460.889;66.438;210.124;1937.515;3513.6;0.0;15291.0;33447.698;5367.444;-8851.698;3.193;17;128;[1.513, 1.3, 1.57, 1.616, 1.513];[1.732, 1.942, 1.539]
17;19228.556;476.667;3460.889;66.438;210.124;1937.515;3513.6;0.0;15291.0;33447.698;5367.444;-8851.698;24.949;17;128;[1.513, 1.3, 1.57, 1.616, 1.462];[1.659, 1.942, 1.539]
18;19228.556;476.667;3460.889;66.438;210.124;1937.515;3513.6;0.0;15291.0;33447.698;5367.444;-8851.698;4.659;17;128;[1.513, 1.3, 1.57, 1.616, 1.416];[1.659, 1.942, 1.485]
19;19179.036;488.316;3499.72;66.438;214.665;1942.056;3513.6;0.0;15191.0;33447.698;5367.444;-8901.218;12.34;17;128;[1.513, 1.3, 1.57, 1.854, 1.416];[1.659, 2.148, 1.485]
20;19169.344;486.079;3492.264;66.438;213.902;1941.293;3513.6;0.0;15191.0;33447.698;5367.444;-8910.91;11.725;17;128;[1.513, 1.3, 1.57, 2.069, 1.416];[1.893, 2.148, 1.485]
21;19169.344;486.079;3492.264;66.438;213.902;1941.293;3513.6;0.0;15191.0;33447.698;5367.444;-8910.91;23.302;17;128;[1.513, 1.3, 1.57, 2.069, 1.374];[1.804, 2.148, 1.485]
22;19169.344;486.079;3492.264;66.438;213.902;1941.293;3513.6;0.0;15191.0;33447.698;5367.444;-8910.91;10.658;17;128;[1.662, 1.3, 1.57, 2.069, 1.374];[1.804, 2.233, 1.485]
23;18939.636;479.685;3470.951;73.102;218.616;2119.257;3301.2;0.0;14989.0;33447.698;5367.444;-9140.618;11.445;17;128;[1.662, 1.3, 1.813, 2.069, 1.374];[1.804, 2.41, 1.485]
24;18939.636;479.685;3470.951;73.102;218.616;2119.257;3301.2;0.0;14989.0;33447.698;5367.444;-9140.618;8.461;17;128;[1.596, 1.3, 1.813, 2.069, 1.374];[1.724, 2.41, 1.485]
25;18923.523;485.428;3490.094;76.929;223.353;2223.498;3254.4;0.0;14948.0;33447.698;5367.444;-9156.731;24.52;17;128;[1.596, 1.3, 1.813, 2.069, 1.637];[1.952, 2.41, 1.485]
26;18893.976;478.84;3468.135;75.241;220.776;2177.034;3135.6;0.0;14947.0;33447.698;5367.444;-9186.278;9.032;17;128;[1.836, 1.3, 1.813, 2.069, 1.637];[1.952, 2.569, 1.485]
27;18893.976;478.84;3468.135;75.241;220.776;2177.034;3135.6;0.0;14947.0;33447.698;5367.444;-9186.278;10.859;17;128;[1.836, 1.3, 1.813, 1.962, 1.637];[1.857, 2.569, 1.485]
28;18893.976;478.84;3468.135;75.241;220.776;2177.034;3135.6;0.0;14947.0;33447.698;5367.444;-9186.278;10.196;17;128;[1.836, 1.3, 1.813, 2.066, 1.637];[1.971, 2.569, 1.485]
29;18893.976;478.84;3468.135;75.241;220.776;2177.034;3135.6;0.0;14947.0;33447.698;5367.444;-9186.278;10.378;17;128;[1.836, 1.3, 1.813, 2.159, 1.637];[1.971, 2.612, 1.485]
30;18893.976;478.84;3468.135;75.241;220.776;2177.034;3135.6;0.0;14947.0;33447.698;5367.444;-9186.278;4.76;17;128;[1.752, 1.3, 1.813, 2.159, 1.637];[1.971, 2.612, 1.437]
31;18893.976;478.84;3468.135;75.241;220.776;2177.034;3135.6;0.0;14947.0;33447.698;5367.444;-9186.278;3.444;17;128;[1.752, 1.3, 1.813, 2.159, 1.573];[1.971, 2.612, 1.393]
32;18893.976;478.84;3468.135;75.241;220.776;2177.034;3135.6;0.0;14947.0;33447.698;5367.444;-9186.278;1.502;17;128;[1.752, 1.47, 1.813, 2.159, 1.573];[2.074, 2.612, 1.393]
33;18893.976;478.84;3468.135;75.241;220.776;2177.034;3135.6;0.0;14947.0;33447.698;5367.444;-9186.278;9.874;17;128;[1.877, 1.47, 1.813, 2.159, 1.573];[2.167, 2.612, 1.393]
34;18893.976;478.84;3468.135;75.241;220.776;2177.034;3135.6;0.0;14947.0;33447.698;5367.444;-9186.278;10.391;17;128;[1.789, 1.47, 1.813, 2.159, 1.573];[2.05, 2.612, 1.393]
35;18893.976;478.84;3468.135;75.241;220.776;2177.034;3135.6;0.0;14947.0;33447.698;5367.444;-9186.278;11.323;17;128;[1.789, 1.47, 1.813, 2.243, 1.573];[2.145, 2.612, 1.393]
36;18893.976;478.84;3468.135;75.241;220.776;2177.034;3135.6;0.0;14947.0;33447.698;5367.444;-9186.278;10.764;17;128;[1.789, 1.47, 1.732, 2.243, 1.573];[2.03, 2.612, 1.393]
37;18893.976;478.84;3468.135;75.241;220.776;2177.034;3135.6;0.0;14947.0;33447.698;5367.444;-9186.278;10.464;17;128;[1.91, 1.47, 1.732, 2.243, 1.573];[2.03, 2.651, 1.393]
38;18893.976;478.84;3468.135;75.241;220.776;2177.034;3135.6;0.0;14947.0;33447.698;5367.444;-9186.278;6.045;17;128;[1.91, 1.623, 1.732, 2.243, 1.573];[2.127, 2.651, 1.393]
39;18893.976;478.84;3468.135;75.241;220.776;2177.034;3135.6;0.0;14947.0;33447.698;5367.444;-9186.278;11.189;17;128;[1.91, 1.623, 1.732, 2.119, 1.573];[2.127, 2.486, 1.393]
40;18893.976;478.84;3468.135;75.241;220.776;2177.034;3135.6;0.0;14947.0;33447.698;5367.444;-9186.278;23.809;17;128;[1.91, 1.623, 1.732, 2.119, 1.716];[2.127, 2.537, 1.393]
41;18893.976;478.84;3468.135;75.241;220.776;2177.034;3135.6;0.0;14947.0;33447.698;5367.444;-9186.278;11.568;17;128;[1.91, 1.623, 1.732, 2.207, 1.716];[2.214, 2.537, 1.393]
42;18888.595;468.368;3433.227;75.544;221.137;2185.275;3231.6;0.0;14987.0;33447.698;5367.444;-9191.659;10.638;17;128;[2.119, 1.623, 1.732, 2.207, 1.716];[2.393, 2.537, 1.393]
43;18866.68;463.311;3416.369;72.739;215.759;2106.982;3231.6;0.0;14987.0;33447.698;5367.444;-9213.574;12.083;17;128;[2.307, 1.623, 1.732, 2.207, 1.716];[2.554, 2.537, 1.393]
44;18866.68;463.311;3416.369;72.739;215.759;2106.982;3231.6;0.0;14987.0;33447.698;5367.444;-9213.574;11.349;17;128;[2.307, 1.623, 1.732, 2.086, 1.716];[2.554, 2.383, 1.393]
45;18839.416;457.019;3395.397;67.887;211.277;1976.34;3231.6;0.0;14987.0;33447.698;5367.444;-9240.838;10.961;17;128;[2.476, 1.623, 1.732, 2.086, 1.716];[2.554, 2.545, 1.393]
46;19167.023;467.39;3474.633;76.011;217.559;2193.857;3375.6;0.0;15225.0;33643.058;5172.084;-9303.951;3.75;16;128;[2.628, 1.623, 1.732, 2.086, 1.716];[2.554, 2.545, 1.654]
47;19167.023;467.39;3474.633;76.011;217.559;2193.857;3375.6;0.0;15225.0;33643.058;5172.084;-9303.951;2.443;16;128;[2.628, 1.561, 1.732, 2.086, 1.716];[2.554, 2.545, 1.589]
48;19167.023;467.39;3474.633;76.011;217.559;2193.857;3375.6;0.0;15225.0;33643.058;5172.084;-9303.951;19.612;16;128;[2.628, 1.561, 1.732, 2.086, 1.844];[2.554, 2.591, 1.589]
49;19167.023;467.39;3474.633;76.011;217.559;2193.857;3375.6;0.0;15225.0;33643.058;5172.084;-9303.951;2.746;16;128;[2.628, 1.561, 1.732, 1.977, 1.844];[2.554, 2.591, 1.53]
608constructshop:True depot:False weather:False;19977.435;543.408;3699.027;62.969;241.239;1878.439;3966.0;0.0;15735.0;32933.266;5881.876;-7073.955;31.327;19;128;[1.0, 1.0, 1.0, 1.0, 1.0];[1.0, 1.0, 1.0]
0;19973.184;552.12;3728.065;70.326;250.227;2078.705;3800.4;0.0;15693.0;32933.266;5881.876;-7078.205;11.298;18;128;[1.3, 1.0, 1.0, 1.0, 1.0];[1.3, 1.0, 1.0]
1;19971.441;551.717;3726.724;70.326;249.898;2078.375;3800.4;0.0;15693.0;32933.266;5881.876;-7079.949;2.67;18;128;[1.3, 1.3, 1.0, 1.0, 1.0];[1.57, 1.0, 1.0]
2;19884.795;549.953;3720.842;74.658;252.532;2193.632;3799.2;0.0;15614.0;32933.266;5881.876;-7166.595;11.983;18;128;[1.57, 1.3, 1.0, 1.0, 1.0];[1.813, 1.0, 1.0]
3;19470.368;515.162;3560.206;75.729;237.827;2206.788;3632.4;0.0;15395.0;32756.906;6058.236;-7228.302;11.824;19;128;[1.57, 1.3, 1.3, 1.0, 1.0];[1.813, 1.3, 1.0]
4;19345.125;486.49;3464.634;72.248;223.539;2101.976;3513.6;0.0;15394.0;32756.906;6058.236;-7353.545;3.978;19;128;[1.57, 1.57, 1.3, 1.0, 1.0];[1.813, 1.57, 1.0]
5;19280.405;494.401;3491.004;74.84;226.603;2172.436;3490.8;0.0;15295.0;32756.906;6058.236;-7418.265;3.772;19;128;[1.813, 1.57, 1.3, 1.0, 1.0];[1.813, 1.57, 1.3]
6;19280.405;494.401;3491.004;74.84;226.603;2172.436;3490.8;0.0;15295.0;32756.906;6058.236;-7418.265;3.993;19;128;[1.813, 1.57, 1.27, 1.0, 1.0];[1.813, 1.57, 1.27]
7;19258.814;489.649;3475.164;73.035;223.26;2122.175;3490.8;0.0;15294.0;32756.906;6058.236;-7439.856;14.225;19;128;[1.813, 1.813, 1.27, 1.0, 1.0];[1.813, 1.813, 1.27]
8;19180.944;471.91;3416.034;75.439;218.522;2179.923;3372.0;0.0;15293.0;32756.906;6058.236;-7517.726;8.307;19;128;[2.032, 1.813, 1.27, 1.0, 1.0];[2.032, 1.813, 1.27]
9;19180.944;471.91;3416.034;75.439;218.522;2179.923;3372.0;0.0;15293.0;32756.906;6058.236;-7517.726;3.23;19;128;[1.929, 1.813, 1.27, 1.0, 1.0];[2.032, 1.813, 1.243]
10;19054.075;465.71;3395.366;74.129;215.64;2143.003;3372.0;0.0;15193.0;32756.906;6058.236;-7644.595;4.119;19;128;[1.929, 2.032, 1.27, 1.0, 1.0];[2.229, 1.813, 1.243]
11;18821.968;458.531;3371.437;72.445;213.379;2096.954;3372.0;0.0;14992.0;32756.906;6058.236;-7876.702;25.311;19;128;[1.929, 2.032, 1.27, 1.0, 1.3];[2.229, 2.032, 1.243]
12;18821.968;458.531;3371.437;72.445;213.379;2096.954;3372.0;0.0;14992.0;32756.906;6058.236;-7876.702;4.069;19;128;[1.929, 2.032, 1.27, 1.0, 1.27];[2.229, 2.032, 1.219]
13;18815.349;475.004;3426.346;69.354;219.046;2022.245;3110.4;0.0;14914.0;32756.906;6058.236;-7883.321;9.22;19;128;[1.929, 2.032, 1.543, 1.0, 1.27];[2.406, 2.032, 1.219]
14;18592.991;455.998;3362.993;76.698;217.339;2211.491;2943.6;0.0;14774.0;32756.906;6058.236;-8105.679;11.054;19;128;[1.929, 2.032, 1.789, 1.0, 1.27];[2.406, 2.229, 1.219]
15;18544.303;454.454;3357.848;69.884;210.218;2027.205;2824.8;0.0;14732.0;32756.906;6058.236;-8154.367;8.006;19;128;[2.136, 2.032, 1.789, 1.0, 1.27];[2.565, 2.229, 1.219]
16;18544.303;454.454;3357.848;69.884;210.218;2027.205;2824.8;0.0;14732.0;32756.906;6058.236;-8154.367;8.473;19;128;[2.022, 2.032, 1.789, 1.0, 1.27];[2.409, 2.229, 1.219]
17;18544.303;454.454;3357.848;69.884;210.218;2027.205;2824.8;0.0;14732.0;32756.906;6058.236;-8154.367;3.622;19;128;[2.022, 2.129, 1.789, 1.0, 1.27];[2.468, 2.229, 1.219]
18;18459.605;453.37;3354.234;67.453;207.805;1961.586;2730.0;0.0;14652.0;32756.906;6058.236;-8239.065;8.194;19;128;[2.022, 2.129, 1.789, 1.3, 1.27];[2.621, 2.229, 1.219]
19;18381.587;463.059;3386.528;62.586;208.33;1835.56;2728.8;0.0;14532.0;32756.906;6058.236;-8317.083;9.984;19;128;[2.22, 2.129, 1.789, 1.3, 1.27];[2.759, 2.229, 1.219]
20;18352.709;456.394;3364.314;66.384;207.426;1933.412;2728.8;0.0;14532.0;32756.906;6058.236;-8345.961;7.701;19;128;[2.22, 2.129, 2.01, 1.3, 1.27];[2.883, 2.229, 1.219]
21;18347.834;455.5;3361.334;66.262;207.233;1930.034;2658.0;0.0;14531.0;32756.906;6058.236;-8350.836;6.507;19;128;[2.22, 2.129, 2.209, 1.3, 1.27];[2.995, 2.229, 1.219]
22;18297.432;453.1;3353.332;63.243;203.925;1848.248;2658.0;0.0;14491.0;32756.906;6058.236;-8401.238;1.897;19;128;[2.22, 2.316, 2.209, 1.3, 1.27];[2.995, 2.406, 1.219]
23;18179.73;430.553;3278.177;73.713;203.683;2120.23;2752.8;0.0;14471.0;32756.906;6058.236;-8518.94;14.923;19;128;[2.22, 2.316, 2.209, 1.3, 1.543];[2.995, 2.565, 1.219]
24;18046.4;427.477;3267.923;67.387;197.116;1949.19;2610.0;0.0;14351.0;32756.906;6058.236;-8652.27;6.233;19;128;[2.398, 2.316, 2.209, 1.3, 1.543];[3.095, 2.565, 1.219]
25;18046.4;427.477;3267.923;67.387;197.116;1949.19;2610.0;0.0;14351.0;32756.906;6058.236;-8652.27;1.08;19;128;[2.398, 2.384, 2.209, 1.3, 1.543];[3.086, 2.565, 1.219]
26;18028.619;423.143;3253.476;69.732;198.471;2011.51;2728.8;0.0;14352.0;32756.906;6058.236;-8670.051;5.627;19;128;[2.558, 2.384, 2.209, 1.3, 1.543];[3.086, 2.708, 1.219]
27;18021.963;421.607;3248.356;66.575;197.2;1928.162;2728.8;0.0;14352.0;32756.906;6058.236;-8676.707;5.173;19;128;[2.702, 2.384, 2.209, 1.3, 1.543];[3.086, 2.837, 1.219]
28;18021.963;421.607;3248.356;66.575;197.2;1928.162;2728.8;0.0;14352.0;32756.906;6058.236;-8676.707;5.066;19;128;[2.702, 2.246, 2.209, 1.3, 1.543];[2.877, 2.837, 1.219]
29;18021.963;421.607;3248.356;66.575;197.2;1928.162;2728.8;0.0;14352.0;32756.906;6058.236;-8676.707;5.388;19;128;[2.532, 2.246, 2.209, 1.3, 1.543];[2.877, 2.653, 1.219]
30;18021.963;421.607;3248.356;66.575;197.2;1928.162;2728.8;0.0;14352.0;32756.906;6058.236;-8676.707;1.884;19;128;[2.532, 2.121, 2.209, 1.3, 1.543];[2.689, 2.653, 1.219]
31;18015.678;420.156;3243.522;62.877;195.356;1830.17;2728.8;0.0;14352.0;32756.906;6058.236;-8682.992;2.502;19;128;[2.532, 2.309, 2.209, 1.3, 1.543];[2.82, 2.653, 1.219]
32;17983.404;412.709;3218.696;61.308;189.902;1783.903;2728.8;0.0;14352.0;32756.906;6058.236;-8715.266;15.741;19;128;[2.532, 2.309, 2.209, 1.3, 1.789];[2.938, 2.653, 1.219]
33;17983.404;412.709;3218.696;61.308;189.902;1783.903;2728.8;0.0;14352.0;32756.906;6058.236;-8715.266;18.379;19;128;[2.532, 2.309, 2.209, 1.3, 1.71];[2.938, 2.488, 1.219]
34;17983.404;412.709;3218.696;61.308;189.902;1783.903;2728.8;0.0;14352.0;32756.906;6058.236;-8715.266;2.011;19;128;[2.532, 2.378, 2.209, 1.3, 1.71];[2.938, 2.539, 1.219]
35;17983.404;412.709;3218.696;61.308;189.902;1783.903;2728.8;0.0;14352.0;32756.906;6058.236;-8715.266;2.407;19;128;[2.532, 2.44, 2.209, 1.3, 1.71];[2.938, 2.585, 1.219]
36;17983.404;412.709;3218.696;61.308;189.902;1783.903;2728.8;0.0;14352.0;32756.906;6058.236;-8715.266;7.031;19;128;[2.379, 2.44, 2.209, 1.3, 1.71];[2.744, 2.585, 1.219]
37;17983.404;412.709;3218.696;61.308;189.902;1783.903;2728.8;0.0;14352.0;32756.906;6058.236;-8715.266;4.144;19;128;[2.379, 2.44, 2.209, 1.3, 1.639];[2.744, 2.585, 1.197]
38;17983.404;412.709;3218.696;61.308;189.902;1783.903;2728.8;0.0;14352.0;32756.906;6058.236;-8715.266;20.774;19;128;[2.379, 2.44, 2.209, 1.3, 1.575];[2.57, 2.585, 1.197]
39;17983.404;412.709;3218.696;61.308;189.902;1783.903;2728.8;0.0;14352.0;32756.906;6058.236;-8715.266;2.442;19;128;[2.379, 2.496, 2.209, 1.3, 1.575];[2.613, 2.585, 1.197]
40;17983.404;412.709;3218.696;61.308;189.902;1783.903;2728.8;0.0;14352.0;32756.906;6058.236;-8715.266;18.472;19;128;[2.379, 2.496, 2.209, 1.3, 1.718];[2.652, 2.585, 1.197]
41;17983.404;412.709;3218.696;61.308;189.902;1783.903;2728.8;0.0;14352.0;32756.906;6058.236;-8715.266;7.949;19;128;[2.379, 2.496, 2.088, 1.3, 1.718];[2.652, 2.427, 1.197]
42;17983.404;412.709;3218.696;61.308;189.902;1783.903;2728.8;0.0;14352.0;32756.906;6058.236;-8715.266;2.609;19;128;[2.379, 2.346, 2.088, 1.3, 1.718];[2.487, 2.427, 1.197]
43;17983.404;412.709;3218.696;61.308;189.902;1783.903;2728.8;0.0;14352.0;32756.906;6058.236;-8715.266;4.107;19;128;[2.379, 2.346, 2.088, 1.3, 1.646];[2.487, 2.427, 1.177]
44;17983.404;412.709;3218.696;61.308;189.902;1783.903;2728.8;0.0;14352.0;32756.906;6058.236;-8715.266;6.914;19;128;[2.441, 2.346, 2.088, 1.3, 1.646];[2.487, 2.484, 1.177]
45;17983.404;412.709;3218.696;61.308;189.902;1783.903;2728.8;0.0;14352.0;32756.906;6058.236;-8715.266;18.804;19;128;[2.441, 2.346, 2.088, 1.3, 1.781];[2.538, 2.484, 1.177]
46;17968.036;395.547;3161.489;54.495;177.898;1594.758;2680.8;0.0;14411.0;32756.906;6058.236;-8730.634;6.523;19;128;[2.441, 2.346, 2.279, 1.3, 1.781];[2.538, 2.636, 1.177]
47;17847.014;404.542;3191.472;53.334;181.72;1568.402;2491.2;0.0;14251.0;32756.906;6058.236;-8851.656;2.101;19;128;[2.441, 2.511, 2.279, 1.3, 1.781];[2.538, 2.636, 1.459]
48;17847.014;404.542;3191.472;53.334;181.72;1568.402;2491.2;0.0;14251.0;32756.906;6058.236;-8851.656;5.054;19;128;[2.441, 2.36, 2.279, 1.3, 1.781];[2.384, 2.636, 1.459]
49;17847.014;404.542;3191.472;53.334;181.72;1568.402;2491.2;0.0;14251.0;32756.906;6058.236;-8851.656;7.796;19;128;[2.497, 2.36, 2.279, 1.3, 1.781];[2.384, 2.672, 1.459]
609constructshop:True depot:False weather:False;19894.335;557.462;3720.873;89.554;264.344;2592.76;3824.4;0.0;15616.0;33069.686;5745.456;-7429.895;30.682;19;128;[1.0, 1.0, 1.0, 1.0, 1.0];[1.0, 1.0, 1.0]
0;19894.335;557.462;3720.873;89.554;264.344;2592.76;3824.4;0.0;15616.0;33069.686;5745.456;-7429.895;5.582;19;128;[1.0, 1.0, 1.0, 1.0, 1.0];[1.0, 1.0, 1.0]
1;19894.335;557.462;3720.873;89.554;264.344;2592.76;3824.4;0.0;15616.0;33069.686;5745.456;-7429.895;13.394;19;128;[1.0, 1.0, 1.0, 1.0, 1.0];[1.0, 1.0, 1.0]
2;19894.335;557.462;3720.873;89.554;264.344;2592.76;3824.4;0.0;15616.0;33069.686;5745.456;-7429.895;3.963;19;128;[1.0, 1.0, 1.0, 1.0, 1.0];[1.0, 1.0, 1.0]
3;19681.717;536.319;3650.398;81.835;250.74;2378.454;3730.8;0.0;15495.0;33069.686;5745.456;-7642.513;27.672;18;128;[1.0, 1.0, 1.0, 1.0, 1.3];[1.0, 1.3, 1.0]
4;19681.717;536.319;3650.398;81.835;250.74;2378.454;3730.8;0.0;15495.0;33069.686;5745.456;-7642.513;3.806;18;128;[1.0, 1.0, 1.0, 1.0, 1.3];[1.0, 1.3, 1.0]
5;19670.592;511.137;3566.456;89.786;244.622;2579.057;3658.8;0.0;15593.0;33069.686;5745.456;-7653.638;15.431;18;128;[1.0, 1.0, 1.3, 1.0, 1.3];[1.0, 1.57, 1.0]
6;19481.85;490.427;3497.423;89.232;237.937;2557.962;3609.6;0.0;15494.0;33069.686;5745.456;-7842.38;12.156;18;128;[1.0, 1.0, 1.57, 1.0, 1.3];[1.0, 1.813, 1.0]
7;18963.871;477.047;3452.824;79.037;224.401;2279.36;3110.4;0.0;15034.0;33069.686;5745.456;-8360.359;11.353;18;128;[1.0, 1.0, 1.813, 1.0, 1.3];[1.0, 2.032, 1.0]
8;18750.521;469.351;3427.17;77.07;217.082;2220.914;3015.6;0.0;14854.0;33069.686;5745.456;-8573.709;25.13;18;128;[1.0, 1.0, 1.813, 1.0, 1.57];[1.3, 2.032, 1.0]
9;18745.04;468.317;3423.723;71.013;211.912;2058.244;2944.8;0.0;14853.0;33069.686;5745.456;-8579.19;23.961;18;128;[1.0, 1.0, 1.813, 1.0, 1.813];[1.3, 2.229, 1.0]
10;18663.086;449.635;3361.451;74.226;207.596;2137.465;2922.0;0.0;14852.0;33069.686;5745.456;-8661.144;10.951;18;128;[1.0, 1.0, 2.032, 1.0, 1.813];[1.57, 2.229, 1.0]
11;18643.302;463.531;3407.771;76.725;214.149;2208.993;2922.0;0.0;14772.0;33069.686;5745.456;-8680.928;10.708;18;128;[1.0, 1.0, 2.032, 1.3, 1.813];[1.813, 2.229, 1.0]
12;18470.657;455.998;3382.659;77.562;211.67;2228.293;2755.2;0.0;14632.0;33069.686;5745.456;-8853.573;25.16;18;128;[1.0, 1.0, 2.032, 1.3, 2.032];[1.813, 2.406, 1.0]
13;18470.657;455.998;3382.659;77.562;211.67;2228.293;2755.2;0.0;14632.0;33069.686;5745.456;-8853.573;26.561;18;128;[1.0, 1.0, 2.032, 1.3, 1.929];[1.732, 2.406, 1.0]
14;18470.657;455.998;3382.659;77.562;211.67;2228.293;2755.2;0.0;14632.0;33069.686;5745.456;-8853.573;12.148;18;128;[1.0, 1.0, 2.032, 1.47, 1.929];[1.732, 2.465, 1.0]
15;18470.657;455.998;3382.659;77.562;211.67;2228.293;2755.2;0.0;14632.0;33069.686;5745.456;-8853.573;11.654;18;128;[1.0, 1.0, 1.929, 1.47, 1.929];[1.659, 2.465, 1.0]
16;18470.657;455.998;3382.659;77.562;211.67;2228.293;2755.2;0.0;14632.0;33069.686;5745.456;-8853.573;4.087;18;128;[1.0, 1.0, 1.929, 1.47, 1.929];[1.593, 2.465, 1.0]
17;18470.657;455.998;3382.659;77.562;211.67;2228.293;2755.2;0.0;14632.0;33069.686;5745.456;-8853.573;26.898;18;128;[1.0, 1.0, 1.929, 1.47, 2.036];[1.593, 2.519, 1.0]
18;18470.657;455.998;3382.659;77.562;211.67;2228.293;2755.2;0.0;14632.0;33069.686;5745.456;-8853.573;11.72;18;128;[1.0, 1.0, 1.836, 1.47, 2.036];[1.593, 2.367, 1.0]
19;18470.657;455.998;3382.659;77.562;211.67;2228.293;2755.2;0.0;14632.0;33069.686;5745.456;-8853.573;9.353;18;128;[1.0, 1.0, 1.836, 1.47, 2.036];[1.593, 2.23, 1.0]
20;18454.031;452.161;3369.87;74.258;207.491;2138.205;2755.2;0.0;14632.0;33069.686;5745.456;-8870.199;11.607;18;128;[1.0, 1.0, 1.836, 1.723, 2.036];[1.834, 2.23, 1.0]
21;18454.031;452.161;3369.87;74.258;207.491;2138.205;2755.2;0.0;14632.0;33069.686;5745.456;-8870.199;25.492;18;128;[1.0, 1.0, 1.836, 1.723, 1.932];[1.751, 2.23, 1.0]
22;18454.031;452.161;3369.87;74.258;207.491;2138.205;2755.2;0.0;14632.0;33069.686;5745.456;-8870.199;24.6;18;128;[1.0, 1.0, 1.836, 1.723, 1.839];[1.676, 2.23, 1.0]
23;18454.031;452.161;3369.87;74.258;207.491;2138.205;2755.2;0.0;14632.0;33069.686;5745.456;-8870.199;2.222;18;128;[1.0, 1.0, 1.836, 1.723, 1.839];[1.676, 2.23, 1.0]
24;18454.031;452.161;3369.87;74.258;207.491;2138.205;2755.2;0.0;14632.0;33069.686;5745.456;-8870.199;12.492;18;128;[1.0, 1.0, 1.836, 1.651, 1.839];[1.676, 2.107, 1.0]
25;18454.031;452.161;3369.87;74.258;207.491;2138.205;2755.2;0.0;14632.0;33069.686;5745.456;-8870.199;12.012;18;128;[1.2, 1.0, 1.836, 1.651, 1.839];[1.808, 2.107, 1.0]
26;18454.031;452.161;3369.87;74.258;207.491;2138.205;2755.2;0.0;14632.0;33069.686;5745.456;-8870.199;3.4;18;128;[1.2, 1.0, 1.952, 1.651, 1.839];[1.808, 2.107, 1.2]
27;18454.031;452.161;3369.87;74.258;207.491;2138.205;2755.2;0.0;14632.0;33069.686;5745.456;-8870.199;11.61;18;128;[1.18, 1.0, 1.952, 1.651, 1.839];[1.727, 2.107, 1.2]
28;18454.031;452.161;3369.87;74.258;207.491;2138.205;2755.2;0.0;14632.0;33069.686;5745.456;-8870.199;3.717;18;128;[1.18, 1.0, 1.952, 1.586, 1.839];[1.727, 2.107, 1.18]
29;18454.031;452.161;3369.87;74.258;207.491;2138.205;2755.2;0.0;14632.0;33069.686;5745.456;-8870.199;3.399;18;128;[1.18, 1.0, 1.857, 1.586, 1.839];[1.727, 2.107, 1.162]
30;18454.031;452.161;3369.87;74.258;207.491;2138.205;2755.2;0.0;14632.0;33069.686;5745.456;-8870.199;11.726;18;128;[1.18, 1.0, 1.857, 1.727, 1.839];[1.727, 2.196, 1.162]
31;18454.031;452.161;3369.87;74.258;207.491;2138.205;2755.2;0.0;14632.0;33069.686;5745.456;-8870.199;23.144;18;128;[1.18, 1.0, 1.857, 1.727, 1.955];[1.727, 2.276, 1.162]
32;18454.031;452.161;3369.87;74.258;207.491;2138.205;2755.2;0.0;14632.0;33069.686;5745.456;-8870.199;2.778;18;128;[1.18, 1.2, 1.857, 1.727, 1.955];[1.727, 2.348, 1.162]
33;18454.031;452.161;3369.87;74.258;207.491;2138.205;2755.2;0.0;14632.0;33069.686;5745.456;-8870.199;11.184;18;128;[1.18, 1.2, 1.857, 1.654, 1.955];[1.654, 2.348, 1.162]
34;18454.031;452.161;3369.87;74.258;207.491;2138.205;2755.2;0.0;14632.0;33069.686;5745.456;-8870.199;3.101;18;128;[1.18, 1.2, 1.771, 1.654, 1.955];[1.654, 2.348, 1.146]
35;18454.031;452.161;3369.87;74.258;207.491;2138.205;2755.2;0.0;14632.0;33069.686;5745.456;-8870.199;13.25;18;128;[1.18, 1.2, 1.771, 1.789, 1.955];[1.789, 2.348, 1.146]
36;18454.031;452.161;3369.87;74.258;207.491;2138.205;2755.2;0.0;14632.0;33069.686;5745.456;-8870.199;27.95;18;128;[1.18, 1.2, 1.771, 1.789, 2.059];[1.789, 2.413, 1.146]
37;18454.031;452.161;3369.87;74.258;207.491;2138.205;2755.2;0.0;14632.0;33069.686;5745.456;-8870.199;8.203;18;128;[1.18, 1.18, 1.771, 1.789, 2.059];[1.71, 2.413, 1.146]
38;18454.031;452.161;3369.87;74.258;207.491;2138.205;2755.2;0.0;14632.0;33069.686;5745.456;-8870.199;3.871;18;128;[1.18, 1.18, 1.771, 1.789, 1.953];[1.71, 2.413, 1.131]
39;18454.031;452.161;3369.87;74.258;207.491;2138.205;2755.2;0.0;14632.0;33069.686;5745.456;-8870.199;11.465;18;128;[1.18, 1.18, 1.894, 1.789, 1.953];[1.839, 2.413, 1.131]
40;18454.031;452.161;3369.87;74.258;207.491;2138.205;2755.2;0.0;14632.0;33069.686;5745.456;-8870.199;2.446;18;128;[1.18, 1.18, 1.805, 1.789, 1.953];[1.839, 2.413, 1.118]
41;18454.031;452.161;3369.87;74.258;207.491;2138.205;2755.2;0.0;14632.0;33069.686;5745.456;-8870.199;25.754;18;128;[1.18, 1.18, 1.805, 1.789, 2.058];[1.839, 2.472, 1.118]
42;18454.031;452.161;3369.87;74.258;207.491;2138.205;2755.2;0.0;14632.0;33069.686;5745.456;-8870.199;11.693;18;128;[1.18, 1.18, 1.805, 1.71, 2.058];[1.839, 2.325, 1.118]
43;18454.031;452.161;3369.87;74.258;207.491;2138.205;2755.2;0.0;14632.0;33069.686;5745.456;-8870.199;3.057;18;128;[1.18, 1.18, 1.805, 1.71, 1.952];[1.839, 2.325, 1.106]
44;18442.918;445.673;3348.244;59.711;199.467;1751.964;2683.2;0.0;14649.0;33069.686;5745.456;-8881.312;11.427;18;128;[1.18, 1.18, 2.025, 1.71, 1.952];[2.055, 2.325, 1.106]
45;18309.985;433.458;3307.527;54.078;190.789;1596.805;3015.6;0.0;14569.0;33069.686;5745.456;-9014.245;24.165;18;128;[1.18, 1.18, 2.025, 1.71, 2.157];[2.25, 2.325, 1.106]
46;18936.205;471.586;3458.619;55.233;209.195;1645.247;3206.4;0.0;15006.0;33502.982;5312.16;-9254.617;2.588;17;128;[1.462, 1.18, 2.025, 1.71, 2.157];[2.25, 2.325, 1.395]
47;18936.205;471.586;3458.619;55.233;209.195;1645.247;3206.4;0.0;15006.0;33502.982;5312.16;-9254.617;10.844;17;128;[1.462, 1.18, 1.923, 1.71, 2.157];[2.125, 2.325, 1.395]
48;18936.205;471.586;3458.619;55.233;209.195;1645.247;3206.4;0.0;15006.0;33502.982;5312.16;-9254.617;21.584;17;128;[1.462, 1.18, 1.923, 1.71, 2.241];[2.213, 2.325, 1.395]
49;18936.205;471.586;3458.619;55.233;209.195;1645.247;3206.4;0.0;15006.0;33502.982;5312.16;-9254.617;21.171;17;128;[1.462, 1.18, 1.923, 1.71, 2.117];[2.092, 2.325, 1.395]
610constructshop:True depot:False weather:False;19243.131;527.107;3600.024;55.063;227.184;1658.821;3348.0;0.0;15116.0;32756.906;6058.236;-7455.539;31.154;19;128;[1.0, 1.0, 1.0, 1.0, 1.0];[1.0, 1.0, 1.0]
0;19100.924;512.752;3552.172;59.933;223.945;1782.192;3205.2;0.0;15036.0;32756.906;6058.236;-7597.746;4.541;19;128;[1.0, 1.0, 1.0, 1.3, 1.0];[1.0, 1.0, 1.3]
1;19100.924;512.752;3552.172;59.933;223.945;1782.192;3205.2;0.0;15036.0;32756.906;6058.236;-7597.746;2.448;19;128;[1.0, 1.0, 1.0, 1.27, 1.0];[1.0, 1.0, 1.27]
2;19100.924;512.752;3552.172;59.933;223.945;1782.192;3205.2;0.0;15036.0;32756.906;6058.236;-7597.746;12.714;19;128;[1.0, 1.0, 1.0, 1.27, 1.0];[1.0, 1.0, 1.27]
3;19100.924;512.752;3552.172;59.933;223.945;1782.192;3205.2;0.0;15036.0;32756.906;6058.236;-7597.746;9.787;19;128;[1.0, 1.0, 1.0, 1.443, 1.0];[1.2, 1.0, 1.27]
4;19100.924;512.752;3552.172;59.933;223.945;1782.192;3205.2;0.0;15036.0;32756.906;6058.236;-7597.746;3.785;19;128;[1.0, 1.0, 1.0, 1.443, 1.0];[1.2, 1.0, 1.243]
5;18914.602;497.908;3502.694;62.977;219.136;1856.548;2992.8;0.0;14914.0;32756.906;6058.236;-7784.068;10.102;19;128;[1.3, 1.0, 1.0, 1.443, 1.0];[1.2, 1.3, 1.243]
6;18914.602;497.908;3502.694;62.977;219.136;1856.548;2992.8;0.0;14914.0;32756.906;6058.236;-7784.068;8.307;19;128;[1.27, 1.0, 1.0, 1.443, 1.0];[1.18, 1.3, 1.243]
7;18914.602;497.908;3502.694;62.977;219.136;1856.548;2992.8;0.0;14914.0;32756.906;6058.236;-7784.068;8.35;19;128;[1.27, 1.0, 1.0, 1.399, 1.0];[1.18, 1.27, 1.243]
8;18790.189;492.274;3483.914;65.373;218.707;1918.401;2992.8;0.0;14814.0;32756.906;6058.236;-7908.481;7.668;19;128;[1.543, 1.0, 1.0, 1.399, 1.0];[1.18, 1.543, 1.243]
9;18790.189;492.274;3483.914;65.373;218.707;1918.401;2992.8;0.0;14814.0;32756.906;6058.236;-7908.481;7.494;19;128;[1.489, 1.0, 1.0, 1.399, 1.0];[1.18, 1.489, 1.243]
10;18640.496;490.499;3477.997;60.978;218.58;1804.005;2732.4;0.0;14672.0;32756.906;6058.236;-8058.174;24.615;19;128;[1.489, 1.0, 1.0, 1.399, 1.3];[1.462, 1.489, 1.243]
11;18608.393;483.091;3453.302;57.126;213.417;1698.693;2732.4;0.0;14672.0;32756.906;6058.236;-8090.277;22.855;19;128;[1.489, 1.0, 1.0, 1.399, 1.57];[1.716, 1.489, 1.243]
12;18526.143;464.11;3390.033;57.442;204.842;1698.334;2732.4;0.0;14672.0;32756.906;6058.236;-8172.527;9.993;19;128;[1.489, 1.0, 1.3, 1.399, 1.57];[1.944, 1.489, 1.243]
13;18526.143;464.11;3390.033;57.442;204.842;1698.334;2732.4;0.0;14672.0;32756.906;6058.236;-8172.527;8.866;19;128;[1.489, 1.0, 1.3, 1.359, 1.57];[1.944, 1.44, 1.243]
14;18526.143;464.11;3390.033;57.442;204.842;1698.334;2732.4;0.0;14672.0;32756.906;6058.236;-8172.527;1.64;19;128;[1.489, 1.2, 1.3, 1.359, 1.57];[1.944, 1.44, 1.419]
15;18526.143;464.11;3390.033;57.442;204.842;1698.334;2732.4;0.0;14672.0;32756.906;6058.236;-8172.527;10.315;19;128;[1.44, 1.2, 1.3, 1.359, 1.57];[1.944, 1.396, 1.419]
16;18526.143;464.11;3390.033;57.442;204.842;1698.334;2732.4;0.0;14672.0;32756.906;6058.236;-8172.527;3.788;19;128;[1.396, 1.2, 1.3, 1.359, 1.57];[1.944, 1.396, 1.377]
17;18519.764;462.638;3385.126;52.929;200.799;1576.96;2732.4;0.0;14672.0;32756.906;6058.236;-8178.906;8.624;19;128;[1.396, 1.2, 1.3, 1.623, 1.57];[1.944, 1.656, 1.377]
18;18519.764;462.638;3385.126;52.929;200.799;1576.96;2732.4;0.0;14672.0;32756.906;6058.236;-8178.906;25.955;19;128;[1.396, 1.2, 1.3, 1.623, 1.513];[1.85, 1.656, 1.377]
19;18519.764;462.638;3385.126;52.929;200.799;1576.96;2732.4;0.0;14672.0;32756.906;6058.236;-8178.906;9.704;19;128;[1.396, 1.2, 1.3, 1.561, 1.513];[1.765, 1.656, 1.377]
20;18519.764;462.638;3385.126;52.929;200.799;1576.96;2732.4;0.0;14672.0;32756.906;6058.236;-8178.906;4.723;19;128;[1.396, 1.2, 1.3, 1.561, 1.462];[1.765, 1.656, 1.339]
21;18519.764;462.638;3385.126;52.929;200.799;1576.96;2732.4;0.0;14672.0;32756.906;6058.236;-8178.906;12.928;19;128;[1.396, 1.2, 1.27, 1.561, 1.462];[1.765, 1.59, 1.339]
22;18519.764;462.638;3385.126;52.929;200.799;1576.96;2732.4;0.0;14672.0;32756.906;6058.236;-8178.906;3.66;19;128;[1.356, 1.2, 1.27, 1.561, 1.462];[1.765, 1.59, 1.305]
23;18519.764;462.638;3385.126;52.929;200.799;1576.96;2732.4;0.0;14672.0;32756.906;6058.236;-8178.906;9.378;19;128;[1.52, 1.2, 1.27, 1.561, 1.462];[1.889, 1.59, 1.305]
24;18519.764;462.638;3385.126;52.929;200.799;1576.96;2732.4;0.0;14672.0;32756.906;6058.236;-8178.906;4.425;19;128;[1.52, 1.18, 1.27, 1.561, 1.462];[1.8, 1.59, 1.305]
25;18506.615;468.834;3405.781;63.163;208.881;1851.107;2732.4;0.0;14632.0;32756.906;6058.236;-8192.055;8.494;19;128;[1.768, 1.18, 1.27, 1.561, 1.462];[1.8, 1.831, 1.305]
26;18486.39;464.167;3390.223;58.318;203.416;1719.678;2732.4;0.0;14632.0;32756.906;6058.236;-8212.28;10.469;19;128;[1.768, 1.18, 1.543, 1.561, 1.462];[2.02, 1.831, 1.305]
27;18486.39;464.167;3390.223;58.318;203.416;1719.678;2732.4;0.0;14632.0;32756.906;6058.236;-8212.28;8.474;19;128;[1.768, 1.18, 1.543, 1.505, 1.462];[2.02, 1.748, 1.305]
28;18484.292;463.683;3388.609;58.318;202.716;1718.978;2732.4;0.0;14632.0;32756.906;6058.236;-8214.378;9.551;19;128;[1.768, 1.18, 1.543, 1.755, 1.462];[2.218, 1.748, 1.305]
29;18484.292;463.683;3388.609;58.318;202.716;1718.978;2732.4;0.0;14632.0;32756.906;6058.236;-8214.378;8.539;19;128;[1.768, 1.18, 1.543, 1.679, 1.462];[2.218, 1.673, 1.305]
30;18484.292;463.683;3388.609;58.318;202.716;1718.978;2732.4;0.0;14632.0;32756.906;6058.236;-8214.378;8.472;19;128;[1.768, 1.18, 1.543, 1.811, 1.462];[2.218, 1.806, 1.305]
31;18484.292;463.683;3388.609;58.318;202.716;1718.978;2732.4;0.0;14632.0;32756.906;6058.236;-8214.378;9.252;19;128;[1.768, 1.162, 1.543, 1.811, 1.462];[2.218, 1.725, 1.305]
32;18484.292;463.683;3388.609;58.318;202.716;1718.978;2732.4;0.0;14632.0;32756.906;6058.236;-8214.378;25.51;19;128;[1.768, 1.162, 1.543, 1.811, 1.416];[2.096, 1.725, 1.305]
33;18392.18;460.888;3379.292;56.286;199.261;1662.709;2732.4;0.0;14552.0;32756.906;6058.236;-8306.49;2.803;19;128;[1.768, 1.446, 1.543, 1.811, 1.416];[2.096, 1.953, 1.305]
34;18392.18;460.888;3379.292;56.286;199.261;1662.709;2732.4;0.0;14552.0;32756.906;6058.236;-8306.49;3.715;19;128;[1.691, 1.446, 1.543, 1.811, 1.416];[2.096, 1.953, 1.274]
35;18392.18;460.888;3379.292;56.286;199.261;1662.709;2732.4;0.0;14552.0;32756.906;6058.236;-8306.49;9.471;19;128;[1.822, 1.446, 1.543, 1.811, 1.416];[2.186, 1.953, 1.274]
36;18392.18;460.888;3379.292;56.286;199.261;1662.709;2732.4;0.0;14552.0;32756.906;6058.236;-8306.49;5.689;19;128;[1.822, 1.601, 1.543, 1.811, 1.416];[2.267, 1.953, 1.274]
37;18392.18;460.888;3379.292;56.286;199.261;1662.709;2732.4;0.0;14552.0;32756.906;6058.236;-8306.49;4.787;19;128;[1.822, 1.741, 1.543, 1.811, 1.416];[2.267, 2.058, 1.274]
38;18392.18;460.888;3379.292;56.286;199.261;1662.709;2732.4;0.0;14552.0;32756.906;6058.236;-8306.49;10.009;19;128;[1.822, 1.741, 1.689, 1.811, 1.416];[2.267, 2.152, 1.274]
39;18392.18;460.888;3379.292;56.286;199.261;1662.709;2732.4;0.0;14552.0;32756.906;6058.236;-8306.49;8.027;19;128;[1.74, 1.741, 1.689, 1.811, 1.416];[2.14, 2.152, 1.274]
40;18392.18;460.888;3379.292;56.286;199.261;1662.709;2732.4;0.0;14552.0;32756.906;6058.236;-8306.49;7.509;19;128;[1.666, 1.741, 1.689, 1.811, 1.416];[2.14, 2.037, 1.274]
41;18392.18;460.888;3379.292;56.286;199.261;1662.709;2732.4;0.0;14552.0;32756.906;6058.236;-8306.49;9.77;19;128;[1.666, 1.741, 1.82, 1.811, 1.416];[2.226, 2.037, 1.274]
42;18392.18;460.888;3379.292;56.286;199.261;1662.709;2732.4;0.0;14552.0;32756.906;6058.236;-8306.49;9.497;19;128;[1.666, 1.741, 1.938, 1.811, 1.416];[2.226, 2.133, 1.274]
43;18392.18;460.888;3379.292;56.286;199.261;1662.709;2732.4;0.0;14552.0;32756.906;6058.236;-8306.49;9.181;19;128;[1.666, 1.741, 2.044, 1.811, 1.416];[2.303, 2.133, 1.274]
44;18392.18;460.888;3379.292;56.286;199.261;1662.709;2732.4;0.0;14552.0;32756.906;6058.236;-8306.49;8.367;19;128;[1.799, 1.741, 2.044, 1.811, 1.416];[2.303, 2.22, 1.274]
45;18392.18;460.888;3379.292;56.286;199.261;1662.709;2732.4;0.0;14552.0;32756.906;6058.236;-8306.49;4.847;19;128;[1.799, 1.741, 2.044, 1.811, 1.374];[2.303, 2.22, 1.247]
46;18392.18;460.888;3379.292;56.286;199.261;1662.709;2732.4;0.0;14552.0;32756.906;6058.236;-8306.49;1.485;19;128;[1.799, 1.867, 2.044, 1.811, 1.374];[2.373, 2.22, 1.247]
47;18386.797;441.184;3313.613;65.505;199.625;1902.75;3066.0;0.0;14632.0;32756.906;6058.236;-8311.873;20.492;19;128;[1.799, 1.867, 2.044, 1.811, 1.637];[2.536, 2.22, 1.247]
48;18386.797;441.184;3313.613;65.505;199.625;1902.75;3066.0;0.0;14632.0;32756.906;6058.236;-8311.873;4.071;19;128;[1.799, 1.867, 2.044, 1.811, 1.573];[2.536, 2.22, 1.222]
49;18386.797;441.184;3313.613;65.505;199.625;1902.75;3066.0;0.0;14632.0;32756.906;6058.236;-8311.873;2.873;19;128;[1.799, 1.98, 2.044, 1.811, 1.573];[2.536, 2.298, 1.222]
611constructshop:True depot:False weather:False;19250.047;502.395;3532.652;51.368;213.057;1548.638;3322.8;0.0;15215.0;33032.402;5782.74;-7999.615;29.258;19;128;[1.0, 1.0, 1.0, 1.0, 1.0];[1.0, 1.0, 1.0]
0;19234.574;484.748;3473.826;56.504;210.966;1680.061;3513.6;0.0;15276.0;33032.402;5782.74;-8015.088;29.32;18;128;[1.0, 1.0, 1.0, 1.0, 1.3];[1.0, 1.3, 1.0]
1;18992.884;470.512;3426.372;57.309;206.494;1696.524;3442.8;0.0;15096.0;33032.402;5782.74;-8256.778;23.291;18;128;[1.0, 1.0, 1.0, 1.0, 1.57];[1.3, 1.3, 1.0]
2;18963.094;463.406;3402.688;55.662;202.391;1649.613;3561.6;0.0;15097.0;33032.402;5782.74;-8286.568;10.506;18;128;[1.0, 1.0, 1.3, 1.0, 1.57];[1.57, 1.3, 1.0]
3;18963.094;463.406;3402.688;55.662;202.391;1649.613;3561.6;0.0;15097.0;33032.402;5782.74;-8286.568;2.91;18;128;[1.0, 1.0, 1.3, 1.0, 1.57];[1.57, 1.3, 1.0]
4;18934.324;456.767;3380.557;48.827;194.535;1464.037;3561.6;0.0;15097.0;33032.402;5782.74;-8315.338;20.367;18;128;[1.0, 1.0, 1.3, 1.0, 1.813];[1.813, 1.3, 1.0]
5;18931.383;456.088;3378.294;48.827;194.261;1463.763;3561.6;0.0;15097.0;33032.402;5782.74;-8318.279;18.604;18;128;[1.0, 1.0, 1.3, 1.0, 2.032];[2.032, 1.3, 1.0]
6;18931.383;456.088;3378.294;48.827;194.261;1463.763;3561.6;0.0;15097.0;33032.402;5782.74;-8318.279;9.886;18;128;[1.0, 1.0, 1.3, 1.0, 2.032];[1.929, 1.3, 1.0]
7;18931.383;456.088;3378.294;48.827;194.261;1463.763;3561.6;0.0;15097.0;33032.402;5782.74;-8318.279;18.471;18;128;[1.0, 1.0, 1.3, 1.0, 1.929];[1.836, 1.3, 1.0]
8;18901.716;468.165;3418.551;57.57;204.041;1700.858;3348.0;0.0;15015.0;33032.402;5782.74;-8347.946;9.674;18;128;[1.0, 1.0, 1.57, 1.0, 1.929];[1.836, 1.57, 1.0]
9;18827.814;451.111;3361.703;58.307;197.644;1713.628;3348.0;0.0;15015.0;33032.402;5782.74;-8421.848;10.236;18;128;[1.0, 1.0, 1.813, 1.0, 1.929];[2.052, 1.57, 1.0]
10;18827.814;451.111;3361.703;58.307;197.644;1713.628;3348.0;0.0;15015.0;33032.402;5782.74;-8421.848;4.411;18;128;[1.0, 1.0, 1.813, 1.0, 1.836];[2.052, 1.57, 1.0]
11;18750.073;456.248;3378.826;52.777;194.644;1566.837;3324.0;0.0;14915.0;33032.402;5782.74;-8499.589;28.775;18;128;[1.0, 1.0, 1.813, 1.0, 2.052];[2.052, 1.813, 1.0]
12;18750.073;456.248;3378.826;52.777;194.644;1566.837;3324.0;0.0;14915.0;33032.402;5782.74;-8499.589;29.455;18;128;[1.0, 1.0, 1.813, 1.0, 1.947];[2.052, 1.732, 1.0]
13;18750.073;456.248;3378.826;52.777;194.644;1566.837;3324.0;0.0;14915.0;33032.402;5782.74;-8499.589;7.025;18;128;[1.0, 1.2, 1.813, 1.0, 1.947];[2.052, 1.859, 1.0]
14;18750.073;456.248;3378.826;52.777;194.644;1566.837;3324.0;0.0;14915.0;33032.402;5782.74;-8499.589;19.216;18;128;[1.0, 1.2, 1.813, 1.0, 1.852];[2.052, 1.773, 1.0]
15;18693.443;442.948;3334.494;58.283;194.403;1709.758;3512.4;0.0;14916.0;33032.402;5782.74;-8556.219;2.589;18;128;[1.0, 1.48, 1.813, 1.0, 1.852];[2.247, 1.773, 1.0]
16;18693.443;442.948;3334.494;58.283;194.403;1709.758;3512.4;0.0;14916.0;33032.402;5782.74;-8556.219;6.921;18;128;[1.0, 1.48, 1.732, 1.0, 1.852];[2.122, 1.773, 1.0]
17;18683.09;468.482;3419.608;66.811;210.195;1947.271;3252.0;0.0;14795.0;33032.402;5782.74;-8566.572;6.54;18;128;[1.3, 1.48, 1.732, 1.0, 1.852];[2.31, 1.773, 1.0]
18;18529.41;456.095;3378.316;48.331;195.572;1452.183;3394.8;0.0;14695.0;33032.402;5782.74;-8720.252;16.391;18;128;[1.3, 1.48, 1.732, 1.0, 2.067];[2.479, 1.773, 1.0]
19;18529.41;456.095;3378.316;48.331;195.572;1452.183;3394.8;0.0;14695.0;33032.402;5782.74;-8720.252;2.93;18;128;[1.27, 1.48, 1.732, 1.0, 2.067];[2.479, 1.773, 1.0]
20;18510.432;489.1;3488.332;55.699;213.499;1661.682;2850.0;0.0;14533.0;33032.402;5782.74;-8739.23;3.634;18;128;[1.27, 1.48, 1.959, 1.0, 2.067];[2.479, 1.773, 1.3]
21;18510.432;489.1;3488.332;55.699;213.499;1661.682;2850.0;0.0;14533.0;33032.402;5782.74;-8739.23;3.36;18;128;[1.27, 1.48, 1.959, 1.0, 2.067];[2.479, 1.773, 1.27]
22;18449.535;484.277;3472.258;55.948;212.355;1667.002;2850.0;0.0;14493.0;33032.402;5782.74;-8800.127;5.33;18;128;[1.27, 1.732, 1.959, 1.0, 2.067];[2.631, 1.773, 1.27]
23;18392.903;471.208;3428.694;56.809;206.703;1683.738;2850.0;0.0;14493.0;33032.402;5782.74;-8856.759;6.604;18;128;[1.27, 1.959, 1.959, 1.0, 2.067];[2.631, 1.996, 1.27]
24;18343.016;459.696;3390.32;65.733;206.071;1915.134;2850.0;0.0;14493.0;33032.402;5782.74;-8906.646;7.662;18;128;[1.27, 1.959, 2.163, 1.0, 2.067];[2.631, 2.196, 1.27]
25;18332.253;457.212;3382.041;66.699;204.915;1939.093;2850.0;0.0;14493.0;33032.402;5782.74;-8917.409;5.846;18;128;[1.27, 2.163, 2.163, 1.0, 2.067];[2.631, 2.376, 1.27]
26;18332.253;457.212;3382.041;66.699;204.915;1939.093;2850.0;0.0;14493.0;33032.402;5782.74;-8917.409;16.987;18;128;[1.27, 2.163, 2.163, 1.0, 1.96];[2.631, 2.238, 1.27]
27;18332.253;457.212;3382.041;66.699;204.915;1939.093;2850.0;0.0;14493.0;33032.402;5782.74;-8917.409;8.454;18;128;[1.27, 2.163, 2.047, 1.0, 1.96];[2.631, 2.114, 1.27]
28;18332.253;457.212;3382.041;66.699;204.915;1939.093;2850.0;0.0;14493.0;33032.402;5782.74;-8917.409;8.111;18;128;[1.27, 2.163, 1.942, 1.0, 1.96];[2.631, 2.003, 1.27]
29;18332.253;457.212;3382.041;66.699;204.915;1939.093;2850.0;0.0;14493.0;33032.402;5782.74;-8917.409;18.726;18;128;[1.27, 2.163, 1.942, 1.0, 1.864];[2.631, 1.903, 1.27]
30;18332.253;457.212;3382.041;66.699;204.915;1939.093;2850.0;0.0;14493.0;33032.402;5782.74;-8917.409;8.755;18;128;[1.27, 2.163, 1.848, 1.0, 1.864];[2.468, 1.903, 1.27]
31;18332.253;457.212;3382.041;66.699;204.915;1939.093;2850.0;0.0;14493.0;33032.402;5782.74;-8917.409;16.31;18;128;[1.27, 2.163, 1.848, 1.0, 1.778];[2.321, 1.903, 1.27]
32;18332.253;457.212;3382.041;66.699;204.915;1939.093;2850.0;0.0;14493.0;33032.402;5782.74;-8917.409;7.698;18;128;[1.27, 2.163, 1.963, 1.0, 1.778];[2.389, 1.903, 1.27]
33;18332.253;457.212;3382.041;66.699;204.915;1939.093;2850.0;0.0;14493.0;33032.402;5782.74;-8917.409;15.62;18;128;[1.27, 2.163, 1.963, 1.0, 1.9];[2.45, 1.903, 1.27]
34;18332.253;457.212;3382.041;66.699;204.915;1939.093;2850.0;0.0;14493.0;33032.402;5782.74;-8917.409;7.152;18;128;[1.27, 2.163, 2.067, 1.0, 1.9];[2.45, 2.013, 1.27]
35;18332.253;457.212;3382.041;66.699;204.915;1939.093;2850.0;0.0;14493.0;33032.402;5782.74;-8917.409;7.937;18;128;[1.27, 2.047, 2.067, 1.0, 1.9];[2.45, 1.912, 1.27]
36;18332.253;457.212;3382.041;66.699;204.915;1939.093;2850.0;0.0;14493.0;33032.402;5782.74;-8917.409;4.698;18;128;[1.27, 1.942, 2.067, 1.0, 1.9];[2.305, 1.912, 1.27]
37;18332.253;457.212;3382.041;66.699;204.915;1939.093;2850.0;0.0;14493.0;33032.402;5782.74;-8917.409;6.664;18;128;[1.27, 1.942, 1.96, 1.0, 1.9];[2.175, 1.912, 1.27]
38;18332.253;457.212;3382.041;66.699;204.915;1939.093;2850.0;0.0;14493.0;33032.402;5782.74;-8917.409;9.085;18;128;[1.27, 1.942, 1.96, 1.2, 1.9];[2.175, 2.021, 1.27]
39;18332.048;457.396;3382.652;63.853;205.977;1866.162;2731.2;0.0;14492.0;33032.402;5782.74;-8917.614;7.672;18;128;[1.27, 1.942, 2.164, 1.2, 1.9];[2.357, 2.021, 1.27]
40;18332.048;457.396;3382.652;63.853;205.977;1866.162;2731.2;0.0;14492.0;33032.402;5782.74;-8917.614;1.362;18;128;[1.27, 1.848, 2.164, 1.2, 1.9];[2.357, 1.919, 1.27]
41;18319.586;454.751;3373.836;62.697;205.093;1835.21;2731.2;0.0;14491.0;33032.402;5782.74;-8930.076;2.309;18;128;[1.27, 2.063, 2.164, 1.2, 1.9];[2.521, 1.919, 1.27]
42;18319.586;454.751;3373.836;62.697;205.093;1835.21;2731.2;0.0;14491.0;33032.402;5782.74;-8930.076;7.514;18;128;[1.243, 2.063, 2.164, 1.2, 1.9];[2.521, 1.827, 1.27]
43;18319.586;454.751;3373.836;62.697;205.093;1835.21;2731.2;0.0;14491.0;33032.402;5782.74;-8930.076;7.047;18;128;[1.243, 2.063, 2.248, 1.2, 1.9];[2.521, 1.944, 1.27]
44;18319.586;454.751;3373.836;62.697;205.093;1835.21;2731.2;0.0;14491.0;33032.402;5782.74;-8930.076;4.423;18;128;[1.243, 1.957, 2.248, 1.2, 1.9];[2.521, 1.85, 1.27]
45;18319.586;454.751;3373.836;62.697;205.093;1835.21;2731.2;0.0;14491.0;33032.402;5782.74;-8930.076;2.801;18;128;[1.243, 1.861, 2.248, 1.2, 1.9];[2.521, 1.85, 1.243]
46;18319.586;454.751;3373.836;62.697;205.093;1835.21;2731.2;0.0;14491.0;33032.402;5782.74;-8930.076;3.68;18;128;[1.243, 1.861, 2.123, 1.2, 1.9];[2.521, 1.85, 1.219]
47;18319.586;454.751;3373.836;62.697;205.093;1835.21;2731.2;0.0;14491.0;33032.402;5782.74;-8930.076;14.102;18;128;[1.243, 1.861, 2.123, 1.38, 1.9];[2.569, 1.85, 1.219]
48;18319.586;454.751;3373.836;62.697;205.093;1835.21;2731.2;0.0;14491.0;33032.402;5782.74;-8930.076;10.064;18;128;[1.243, 1.861, 2.011, 1.38, 1.9];[2.569, 1.765, 1.219]
49;18319.586;454.751;3373.836;62.697;205.093;1835.21;2731.2;0.0;14491.0;33032.402;5782.74;-8930.076;3.294;18;128;[1.243, 1.775, 2.011, 1.38, 1.9];[2.569, 1.689, 1.219]
612constructshop:True depot:False weather:False;19029.714;537.242;3672.472;82.533;248.505;2394.357;3202.8;0.0;14820.0;32742.838;6072.304;-7640.82;31.538;19;128;[1.0, 1.0, 1.0, 1.0, 1.0];[1.0, 1.0, 1.0]
0;18808.272;521.909;3588.363;75.757;238.38;2208.061;2966.4;0.0;14698.0;32746.058;6069.084;-7868.702;3.785;19;128;[1.0, 1.0, 1.3, 1.0, 1.0];[1.0, 1.0, 1.3]
1;19077.866;516.277;3568.589;76.388;239.47;2225.565;2824.8;0.0;14993.0;33100.658;5714.484;-8308.308;4.335;19;128;[1.0, 1.0, 1.57, 1.0, 1.0];[1.0, 1.0, 1.57]
2;19077.866;516.277;3568.589;76.388;239.47;2225.565;2824.8;0.0;14993.0;33100.658;5714.484;-8308.308;2.535;19;128;[1.0, 1.0, 1.57, 1.0, 1.0];[1.0, 1.0, 1.513]
3;18987.875;504.971;3530.904;80.797;238.549;2339.27;2707.2;0.0;14952.0;33100.658;5714.484;-8398.299;9.571;19;128;[1.3, 1.0, 1.57, 1.0, 1.0];[1.0, 1.3, 1.513]
4;18923.81;484.187;3467.623;85.815;231.865;2463.047;2802.0;0.0;14972.0;33291.086;5524.056;-8843.22;31.724;18;128;[1.3, 1.0, 1.57, 1.0, 1.3];[1.3, 1.3, 1.513]
5;18923.81;484.187;3467.623;85.815;231.865;2463.047;2802.0;0.0;14972.0;33291.086;5524.056;-8843.22;10.44;18;128;[1.3, 1.0, 1.513, 1.0, 1.3];[1.3, 1.27, 1.513]
6;18923.81;484.187;3467.623;85.815;231.865;2463.047;2802.0;0.0;14972.0;33291.086;5524.056;-8843.22;5.809;18;128;[1.3, 1.0, 1.513, 1.0, 1.27];[1.3, 1.27, 1.462]
7;18923.81;484.187;3467.623;85.815;231.865;2463.047;2802.0;0.0;14972.0;33291.086;5524.056;-8843.22;14.823;18;128;[1.3, 1.0, 1.513, 1.2, 1.27];[1.47, 1.27, 1.462]
8;18923.81;484.187;3467.623;85.815;231.865;2463.047;2802.0;0.0;14972.0;33291.086;5524.056;-8843.22;5.176;18;128;[1.3, 1.0, 1.513, 1.2, 1.243];[1.47, 1.27, 1.416]
9;18923.81;484.187;3467.623;85.815;231.865;2463.047;2802.0;0.0;14972.0;33291.086;5524.056;-8843.22;8.186;18;128;[1.3, 1.0, 1.662, 1.2, 1.243];[1.47, 1.443, 1.416]
10;18923.81;484.187;3467.623;85.815;231.865;2463.047;2802.0;0.0;14972.0;33291.086;5524.056;-8843.22;2.884;18;128;[1.3, 1.0, 1.662, 1.2, 1.243];[1.47, 1.443, 1.374]
11;18923.81;484.187;3467.623;85.815;231.865;2463.047;2802.0;0.0;14972.0;33291.086;5524.056;-8843.22;8.771;18;128;[1.3, 1.0, 1.596, 1.2, 1.243];[1.47, 1.399, 1.374]
12;18923.81;484.187;3467.623;85.815;231.865;2463.047;2802.0;0.0;14972.0;33291.086;5524.056;-8843.22;7.777;18;128;[1.3, 1.0, 1.536, 1.2, 1.243];[1.423, 1.399, 1.374]
13;18923.81;484.187;3467.623;85.815;231.865;2463.047;2802.0;0.0;14972.0;33291.086;5524.056;-8843.22;8.066;18;128;[1.3, 1.0, 1.682, 1.2, 1.243];[1.581, 1.399, 1.374]
14;18834.26;477.368;3444.892;70.295;217.4;2045.059;2919.6;0.0;14912.0;33291.086;5524.056;-8932.77;10.186;18;128;[1.57, 1.0, 1.682, 1.2, 1.243];[1.823, 1.399, 1.374]
15;18834.26;477.368;3444.892;70.295;217.4;2045.059;2919.6;0.0;14912.0;33291.086;5524.056;-8932.77;3.535;18;128;[1.57, 1.0, 1.682, 1.18, 1.243];[1.823, 1.399, 1.337]
16;18711.931;462.984;3396.947;72.082;211.484;2085.628;2800.8;0.0;14852.0;33291.086;5524.056;-9055.099;9.832;18;128;[1.813, 1.0, 1.682, 1.18, 1.243];[2.041, 1.399, 1.337]
17;18711.931;462.984;3396.947;72.082;211.484;2085.628;2800.8;0.0;14852.0;33291.086;5524.056;-9055.099;11.07;18;128;[1.813, 1.0, 1.682, 1.162, 1.243];[1.937, 1.399, 1.337]
18;18688.074;457.71;3379.365;71.226;208.353;2060.239;2730.0;0.0;14851.0;33291.086;5524.056;-9078.956;7.057;18;128;[1.813, 1.0, 1.914, 1.162, 1.243];[1.937, 1.659, 1.337]
19;18688.074;457.71;3379.365;71.226;208.353;2060.239;2730.0;0.0;14851.0;33291.086;5524.056;-9078.956;10.227;18;128;[1.732, 1.0, 1.914, 1.162, 1.243];[1.843, 1.659, 1.337]
20;18604.734;456.939;3376.796;74.831;211.06;2156.659;2848.8;0.0;14771.0;33291.086;5524.056;-9162.296;5.926;18;128;[1.732, 1.3, 1.914, 1.162, 1.243];[1.843, 1.893, 1.337]
21;18604.734;456.939;3376.796;74.831;211.06;2156.659;2848.8;0.0;14771.0;33291.086;5524.056;-9162.296;10.499;18;128;[1.732, 1.3, 1.914, 1.146, 1.243];[1.843, 1.804, 1.337]
22;18584.082;452.173;3360.909;77.399;210.484;2222.847;2848.8;0.0;14771.0;33291.086;5524.056;-9182.948;3.892;18;128;[1.732, 1.57, 1.914, 1.146, 1.243];[2.059, 1.804, 1.337]
23;18519.384;432.627;3295.757;70.224;199.357;2025.177;2872.8;0.0;14791.0;33291.086;5524.056;-9247.646;8.735;18;128;[1.732, 1.57, 2.123, 1.146, 1.243];[2.253, 1.804, 1.337]
24;18519.384;432.627;3295.757;70.224;199.357;2025.177;2872.8;0.0;14791.0;33291.086;5524.056;-9247.646;24.212;18;128;[1.732, 1.57, 2.123, 1.146, 1.219];[2.253, 1.724, 1.337]
25;18504.505;443.27;3331.234;86.719;212.133;2466.829;2683.2;0.0;14730.0;33291.086;5524.056;-9262.525;7.417;18;128;[1.732, 1.57, 2.311, 1.146, 1.219];[2.253, 1.952, 1.337]
26;18476.84;436.886;3309.954;79.701;205.213;2277.446;2683.2;0.0;14730.0;33291.086;5524.056;-9290.19;7.556;18;128;[1.732, 1.57, 2.48, 1.146, 1.219];[2.253, 2.157, 1.337]
27;18420.926;433.906;3300.02;65.915;195.58;1909.376;2683.2;0.0;14687.0;33291.086;5524.056;-9346.104;9.183;18;128;[1.732, 1.813, 2.48, 1.146, 1.219];[2.253, 2.341, 1.337]
28;18399.851;429.043;3283.808;67.434;194.757;1948.036;2683.2;0.0;14687.0;33291.086;5524.056;-9367.179;7.774;18;128;[1.732, 1.813, 2.632, 1.146, 1.219];[2.428, 2.341, 1.337]
29;18275.789;427.874;3279.914;67.339;193.709;1944.523;2587.2;0.0;14568.0;33291.086;5524.056;-9491.241;8.85;18;128;[1.959, 1.813, 2.632, 1.146, 1.219];[2.585, 2.341, 1.337]
30;18247.295;421.299;3257.996;65.97;189.078;1904.304;2587.2;0.0;14568.0;33291.086;5524.056;-9519.735;8.611;18;128;[2.163, 1.813, 2.632, 1.146, 1.219];[2.727, 2.341, 1.337]
31;18247.295;421.299;3257.996;65.97;189.078;1904.304;2587.2;0.0;14568.0;33291.086;5524.056;-9519.735;7.212;18;128;[2.163, 1.813, 2.469, 1.146, 1.219];[2.727, 2.207, 1.337]
32;18247.295;421.299;3257.996;65.97;189.078;1904.304;2587.2;0.0;14568.0;33291.086;5524.056;-9519.735;9.956;18;128;[2.047, 1.813, 2.469, 1.146, 1.219];[2.727, 2.086, 1.337]
33;18247.295;421.299;3257.996;65.97;189.078;1904.304;2587.2;0.0;14568.0;33291.086;5524.056;-9519.735;4.112;18;128;[2.047, 1.813, 2.469, 1.146, 1.197];[2.727, 2.086, 1.303]
34;18129.299;412.531;3228.768;63.477;186.27;1836.679;2492.4;0.0;14488.0;33291.086;5524.056;-9637.731;7.025;18;128;[2.047, 1.813, 2.622, 1.146, 1.197];[2.727, 2.277, 1.303]
35;18129.299;412.531;3228.768;63.477;186.27;1836.679;2492.4;0.0;14488.0;33291.086;5524.056;-9637.731;18.993;18;128;[2.047, 1.813, 2.622, 1.146, 1.177];[2.554, 2.277, 1.303]
36;18129.299;412.531;3228.768;63.477;186.27;1836.679;2492.4;0.0;14488.0;33291.086;5524.056;-9637.731;3.517;18;128;[2.047, 1.813, 2.622, 1.146, 1.159];[2.554, 2.277, 1.273]
37;18128.997;412.461;3228.536;70.94;188.187;2032.622;2492.4;0.0;14488.0;33291.086;5524.056;-9638.033;9.14;18;128;[2.242, 1.813, 2.622, 1.146, 1.159];[2.554, 2.449, 1.273]
38;18128.997;412.461;3228.536;70.94;188.187;2032.622;2492.4;0.0;14488.0;33291.086;5524.056;-9638.033;2.677;18;128;[2.242, 1.813, 2.46, 1.146, 1.159];[2.554, 2.449, 1.246]
39;18128.997;412.461;3228.536;70.94;188.187;2032.622;2492.4;0.0;14488.0;33291.086;5524.056;-9638.033;2.741;18;128;[2.242, 1.813, 2.46, 1.131, 1.159];[2.554, 2.449, 1.221]
40;18110.349;408.157;3214.192;75.17;188.521;2142.942;2492.4;0.0;14488.0;33291.086;5524.056;-9656.681;8.788;18;128;[2.418, 1.813, 2.46, 1.131, 1.159];[2.554, 2.604, 1.221]
41;18110.349;408.157;3214.192;75.17;188.521;2142.942;2492.4;0.0;14488.0;33291.086;5524.056;-9656.681;2.878;18;128;[2.418, 1.732, 2.46, 1.131, 1.159];[2.554, 2.604, 1.199]
42;18110.349;408.157;3214.192;75.17;188.521;2142.942;2492.4;0.0;14488.0;33291.086;5524.056;-9656.681;2.513;18;128;[2.418, 1.732, 2.46, 1.118, 1.159];[2.554, 2.604, 1.179]
43;18110.349;408.157;3214.192;75.17;188.521;2142.942;2492.4;0.0;14488.0;33291.086;5524.056;-9656.681;6.808;18;128;[2.418, 1.732, 2.514, 1.118, 1.159];[2.554, 2.644, 1.179]
44;18110.349;408.157;3214.192;75.17;188.521;2142.942;2492.4;0.0;14488.0;33291.086;5524.056;-9656.681;8.185;18;128;[2.276, 1.732, 2.514, 1.118, 1.159];[2.554, 2.48, 1.179]
45;18110.349;408.157;3214.192;75.17;188.521;2142.942;2492.4;0.0;14488.0;33291.086;5524.056;-9656.681;3.599;18;128;[2.276, 1.732, 2.514, 1.118, 1.143];[2.554, 2.48, 1.161]
46;18110.349;408.157;3214.192;75.17;188.521;2142.942;2492.4;0.0;14488.0;33291.086;5524.056;-9656.681;7.724;18;128;[2.276, 1.859, 2.514, 1.118, 1.143];[2.554, 2.532, 1.161]
47;18110.349;408.157;3214.192;75.17;188.521;2142.942;2492.4;0.0;14488.0;33291.086;5524.056;-9656.681;22.836;18;128;[2.276, 1.859, 2.514, 1.118, 1.329];[2.554, 2.579, 1.161]
48;18110.349;408.157;3214.192;75.17;188.521;2142.942;2492.4;0.0;14488.0;33291.086;5524.056;-9656.681;6.762;18;128;[2.276, 1.859, 2.363, 1.118, 1.329];[2.399, 2.579, 1.161]
49;18110.349;408.157;3214.192;75.17;188.521;2142.942;2492.4;0.0;14488.0;33291.086;5524.056;-9656.681;2.851;18;128;[2.148, 1.859, 2.363, 1.118, 1.329];[2.399, 2.579, 1.145]
613constructshop:True depot:False weather:False;19827.134;518.339;3570.796;76.599;237.444;2229.019;4081.2;0.0;15738.0;32756.906;6058.236;-6871.536;31.614;19;128;[1.0, 1.0, 1.0, 1.0, 1.0];[1.0, 1.0, 1.0]
0;19827.134;518.339;3570.796;76.599;237.444;2229.019;4081.2;0.0;15738.0;32756.906;6058.236;-6871.536;11.925;19;128;[1.0, 1.0, 1.0, 1.0, 1.0];[1.0, 1.0, 1.0]
1;19827.134;518.339;3570.796;76.599;237.444;2229.019;4081.2;0.0;15738.0;32756.906;6058.236;-6871.536;9.003;19;128;[1.0, 1.0, 1.0, 1.2, 1.0];[1.0, 1.2, 1.0]
2;19827.134;518.339;3570.796;76.599;237.444;2229.019;4081.2;0.0;15738.0;32756.906;6058.236;-6871.536;3.278;19;128;[1.0, 1.0, 1.0, 1.18, 1.0];[1.0, 1.2, 1.0]
3;19827.134;518.339;3570.796;76.599;237.444;2229.019;4081.2;0.0;15738.0;32756.906;6058.236;-6871.536;0.874;19;128;[1.0, 1.2, 1.0, 1.18, 1.0];[1.2, 1.2, 1.0]
4;19827.134;518.339;3570.796;76.599;237.444;2229.019;4081.2;0.0;15738.0;32756.906;6058.236;-6871.536;2.651;19;128;[1.0, 1.18, 1.0, 1.18, 1.0];[1.18, 1.2, 1.0]
5;19759.628;511.529;3548.098;78.737;235.14;2282.312;4389.6;0.0;15700.0;32756.906;6058.236;-6939.042;5.347;19;128;[1.0, 1.462, 1.0, 1.18, 1.0];[1.462, 1.2, 1.0]
6;19759.628;511.529;3548.098;78.737;235.14;2282.312;4389.6;0.0;15700.0;32756.906;6058.236;-6939.042;1.624;19;128;[1.0, 1.616, 1.0, 1.18, 1.0];[1.616, 1.2, 1.0]
7;19666.617;513.373;3554.244;82.87;240.055;2394.671;4200.0;0.0;15599.0;32756.906;6058.236;-7032.053;4.335;19;128;[1.3, 1.616, 1.0, 1.18, 1.0];[1.616, 1.2, 1.3]
8;19492.185;496.889;3499.296;79.25;229.494;2289.982;3916.8;0.0;15496.0;32756.906;6058.236;-7206.485;9.726;19;128;[1.3, 1.616, 1.3, 1.18, 1.0];[1.616, 1.48, 1.3]
9;19342.559;504.129;3523.43;71.894;228.875;2098.111;3608.4;0.0;15315.0;32756.906;6058.236;-7356.111;7.278;19;128;[1.3, 1.616, 1.3, 1.462, 1.0];[1.854, 1.48, 1.3]
10;19342.559;504.129;3523.43;71.894;228.875;2098.111;3608.4;0.0;15315.0;32756.906;6058.236;-7356.111;6.742;19;128;[1.3, 1.616, 1.3, 1.416, 1.0];[1.854, 1.432, 1.3]
11;19139.605;503.217;3520.388;71.319;227.775;2082.077;3393.6;0.0;15116.0;32756.906;6058.236;-7559.065;9.732;19;128;[1.3, 1.616, 1.57, 1.416, 1.0];[2.069, 1.432, 1.3]
12;18890.412;469.018;3406.394;75.415;215.459;2176.253;3204.0;0.0;15015.0;32756.906;6058.236;-7808.258;23.679;19;128;[1.3, 1.616, 1.57, 1.416, 1.3];[2.069, 1.689, 1.3]
13;18890.35;469.235;3407.116;79.094;219.701;2276.157;3204.0;0.0;15014.0;32756.906;6058.236;-7808.32;8.077;19;128;[1.3, 1.616, 1.57, 1.674, 1.3];[2.262, 1.689, 1.3]
14;18890.35;469.235;3407.116;79.094;219.701;2276.157;3204.0;0.0;15014.0;32756.906;6058.236;-7808.32;4.713;19;128;[1.3, 1.554, 1.57, 1.674, 1.3];[2.262, 1.62, 1.3]
15;18882.145;458.572;3371.573;78.94;215.812;2268.246;3560.4;0.0;15052.0;32756.906;6058.236;-7816.525;21.549;19;128;[1.3, 1.554, 1.57, 1.674, 1.57];[2.436, 1.62, 1.3]
16;18800.911;439.826;3309.086;74.46;204.952;2140.922;3560.4;0.0;15052.0;32756.906;6058.236;-7897.759;8.37;19;128;[1.3, 1.554, 1.813, 1.674, 1.57];[2.592, 1.62, 1.3]
17;18800.911;439.826;3309.086;74.46;204.952;2140.922;3560.4;0.0;15052.0;32756.906;6058.236;-7897.759;16.008;19;128;[1.3, 1.554, 1.813, 1.674, 1.513];[2.592, 1.558, 1.3]
18;18800.911;439.826;3309.086;74.46;204.952;2140.922;3560.4;0.0;15052.0;32756.906;6058.236;-7897.759;2.435;19;128;[1.27, 1.554, 1.813, 1.674, 1.513];[2.592, 1.558, 1.27]
19;18800.911;439.826;3309.086;74.46;204.952;2140.922;3560.4;0.0;15052.0;32756.906;6058.236;-7897.759;6.305;19;128;[1.27, 1.554, 1.813, 1.807, 1.513];[2.633, 1.558, 1.27]
20;18800.911;439.826;3309.086;74.46;204.952;2140.922;3560.4;0.0;15052.0;32756.906;6058.236;-7897.759;18.848;19;128;[1.27, 1.554, 1.813, 1.807, 1.662];[2.67, 1.558, 1.27]
21;18800.911;439.826;3309.086;74.46;204.952;2140.922;3560.4;0.0;15052.0;32756.906;6058.236;-7897.759;22.688;19;128;[1.27, 1.554, 1.813, 1.807, 1.796];[2.703, 1.558, 1.27]
22;18800.911;439.826;3309.086;74.46;204.952;2140.922;3560.4;0.0;15052.0;32756.906;6058.236;-7897.759;7.585;19;128;[1.27, 1.554, 1.813, 1.726, 1.796];[2.533, 1.558, 1.27]
23;18800.911;439.826;3309.086;74.46;204.952;2140.922;3560.4;0.0;15052.0;32756.906;6058.236;-7897.759;7.16;19;128;[1.27, 1.554, 1.813, 1.853, 1.796];[2.58, 1.558, 1.27]
24;18800.911;439.826;3309.086;74.46;204.952;2140.922;3560.4;0.0;15052.0;32756.906;6058.236;-7897.759;24.689;19;128;[1.27, 1.554, 1.813, 1.853, 1.716];[2.422, 1.558, 1.27]
25;18800.911;439.826;3309.086;74.46;204.952;2140.922;3560.4;0.0;15052.0;32756.906;6058.236;-7897.759;7.065;19;128;[1.27, 1.499, 1.813, 1.853, 1.716];[2.28, 1.558, 1.27]
26;18800.911;439.826;3309.086;74.46;204.952;2140.922;3560.4;0.0;15052.0;32756.906;6058.236;-7897.759;6.6;19;128;[1.27, 1.499, 1.813, 1.968, 1.716];[2.352, 1.558, 1.27]
27;18800.911;439.826;3309.086;74.46;204.952;2140.922;3560.4;0.0;15052.0;32756.906;6058.236;-7897.759;6.624;19;128;[1.27, 1.499, 1.813, 1.871, 1.716];[2.217, 1.558, 1.27]
28;18800.911;439.826;3309.086;74.46;204.952;2140.922;3560.4;0.0;15052.0;32756.906;6058.236;-7897.759;2.083;19;128;[1.27, 1.449, 1.813, 1.871, 1.716];[2.217, 1.558, 1.243]
29;18800.911;439.826;3309.086;74.46;204.952;2140.922;3560.4;0.0;15052.0;32756.906;6058.236;-7897.759;3.263;19;128;[1.27, 1.449, 1.932, 1.871, 1.716];[2.217, 1.558, 1.419]
30;18800.911;439.826;3309.086;74.46;204.952;2140.922;3560.4;0.0;15052.0;32756.906;6058.236;-7897.759;23.771;19;128;[1.27, 1.449, 1.932, 1.871, 1.844];[2.295, 1.558, 1.419]
31;18800.911;439.826;3309.086;74.46;204.952;2140.922;3560.4;0.0;15052.0;32756.906;6058.236;-7897.759;21.071;19;128;[1.27, 1.449, 1.932, 1.871, 1.96];[2.365, 1.558, 1.419]
32;18800.911;439.826;3309.086;74.46;204.952;2140.922;3560.4;0.0;15052.0;32756.906;6058.236;-7897.759;2.645;19;128;[1.27, 1.449, 1.839, 1.871, 1.96];[2.365, 1.558, 1.377]
33;18800.911;439.826;3309.086;74.46;204.952;2140.922;3560.4;0.0;15052.0;32756.906;6058.236;-7897.759;4.134;19;128;[1.27, 1.449, 1.839, 1.871, 2.064];[2.365, 1.558, 1.539]
34;18674.478;461.187;3380.291;66.107;206.478;1925.267;3252.0;0.0;14833.0;32756.906;6058.236;-8024.192;9.976;19;128;[1.27, 1.449, 2.055, 1.871, 2.064];[2.365, 1.802, 1.539]
35;18624.299;468.3;3403.999;71.674;212.674;2076.198;3110.4;0.0;14752.0;32756.906;6058.236;-8074.371;8.405;19;128;[1.543, 1.449, 2.055, 1.871, 2.064];[2.365, 2.022, 1.539]
36;18605.498;463.961;3389.537;76.751;214.494;2210.007;3110.4;0.0;14752.0;32756.906;6058.236;-8093.172;7.802;19;128;[1.543, 1.449, 2.055, 2.084, 2.064];[2.529, 2.022, 1.539]
37;18605.498;463.961;3389.537;76.751;214.494;2210.007;3110.4;0.0;14752.0;32756.906;6058.236;-8093.172;20.23;19;128;[1.543, 1.449, 2.055, 2.084, 1.958];[2.376, 2.022, 1.539]
38;18469.039;464.778;3392.261;71.719;213.693;2078.389;2943.6;0.0;14612.0;32756.906;6058.236;-8229.631;7.915;19;128;[1.789, 1.449, 2.055, 2.084, 1.958];[2.376, 2.22, 1.539]
39;18469.039;464.778;3392.261;71.719;213.693;2078.389;2943.6;0.0;14612.0;32756.906;6058.236;-8229.631;2.113;19;128;[1.789, 1.449, 2.055, 1.976, 1.958];[2.376, 2.22, 1.485]
40;18207.503;455.193;3360.31;59.725;203.844;1756.7;2682.0;0.0;14392.0;32756.906;6058.236;-8491.167;8.821;19;128;[2.01, 1.449, 2.055, 1.976, 1.958];[2.538, 2.22, 1.485]
41;18207.503;455.193;3360.31;59.725;203.844;1756.7;2682.0;0.0;14392.0;32756.906;6058.236;-8491.167;8.637;19;128;[2.01, 1.449, 2.055, 1.878, 1.958];[2.538, 2.098, 1.485]
42;18207.503;455.193;3360.31;59.725;203.844;1756.7;2682.0;0.0;14392.0;32756.906;6058.236;-8491.167;2.239;19;128;[2.01, 1.449, 2.055, 1.79, 1.958];[2.538, 2.098, 1.437]
43;18207.503;455.193;3360.31;59.725;203.844;1756.7;2682.0;0.0;14392.0;32756.906;6058.236;-8491.167;4.381;19;128;[2.01, 1.449, 2.055, 1.79, 1.862];[2.538, 2.098, 1.393]
44;18204.535;454.508;3358.027;62.032;203.895;1816.72;2682.0;0.0;14392.0;32756.906;6058.236;-8494.135;8.609;19;128;[2.01, 1.449, 2.25, 1.79, 1.862];[2.684, 2.098, 1.393]
45;18145.375;459.317;3374.058;68.372;209.202;1986.877;2587.2;0.0;14312.0;32756.906;6058.236;-8553.295;9.165;19;128;[2.209, 1.449, 2.25, 1.79, 1.862];[2.684, 2.288, 1.393]
46;18139.62;457.989;3369.631;72.238;208.851;2087.036;2587.2;0.0;14312.0;32756.906;6058.236;-8559.05;7.373;19;128;[2.209, 1.449, 2.25, 2.011, 1.862];[2.684, 2.459, 1.393]
47;18139.62;457.989;3369.631;72.238;208.851;2087.036;2587.2;0.0;14312.0;32756.906;6058.236;-8559.05;6.1;19;128;[2.209, 1.449, 2.25, 1.91, 1.862];[2.516, 2.459, 1.393]
48;18139.62;457.989;3369.631;72.238;208.851;2087.036;2587.2;0.0;14312.0;32756.906;6058.236;-8559.05;7.527;19;128;[2.088, 1.449, 2.25, 1.91, 1.862];[2.516, 2.313, 1.393]
49;18139.62;457.989;3369.631;72.238;208.851;2087.036;2587.2;0.0;14312.0;32756.906;6058.236;-8559.05;6.821;19;128;[2.088, 1.449, 2.325, 1.91, 1.862];[2.564, 2.313, 1.393]
614constructshop:True depot:False weather:False;19482.748;541.788;3648.96;77.855;249.445;2273.674;3206.4;0.0;15292.0;32756.906;6058.236;-7215.922;27.442;19;128;[1.0, 1.0, 1.0, 1.0, 1.0];[1.0, 1.0, 1.0]
0;19482.748;541.788;3648.96;77.855;249.445;2273.674;3206.4;0.0;15292.0;32756.906;6058.236;-7215.922;9.275;19;128;[1.0, 1.0, 1.0, 1.0, 1.0];[1.0, 1.0, 1.0]
1;19482.748;541.788;3648.96;77.855;249.445;2273.674;3206.4;0.0;15292.0;32756.906;6058.236;-7215.922;3.832;19;128;[1.0, 1.0, 1.0, 1.0, 1.0];[1.0, 1.0, 1.0]
2;19482.748;541.788;3648.96;77.855;249.445;2273.674;3206.4;0.0;15292.0;32756.906;6058.236;-7215.922;8.497;19;128;[1.0, 1.0, 1.0, 1.0, 1.0];[1.0, 1.0, 1.0]
3;19482.748;541.788;3648.96;77.855;249.445;2273.674;3206.4;0.0;15292.0;32756.906;6058.236;-7215.922;9.016;19;128;[1.0, 1.0, 1.0, 1.0, 1.0];[1.0, 1.0, 1.0]
4;19482.748;541.788;3648.96;77.855;249.445;2273.674;3206.4;0.0;15292.0;32756.906;6058.236;-7215.922;1.37;19;128;[1.0, 1.2, 1.0, 1.0, 1.0];[1.0, 1.0, 1.2]
5;19482.748;541.788;3648.96;77.855;249.445;2273.674;3206.4;0.0;15292.0;32756.906;6058.236;-7215.922;7.265;19;128;[1.0, 1.2, 1.0, 1.0, 1.0];[1.0, 1.0, 1.2]
6;19398.192;530.813;3612.378;76.417;243.356;2230.198;3564.0;0.0;15255.0;32756.906;6058.236;-7300.478;12.533;19;128;[1.0, 1.2, 1.3, 1.0, 1.0];[1.0, 1.3, 1.2]
7;19347.738;528.401;3604.337;72.42;240.815;2123.723;3517.2;0.0;15215.0;32756.906;6058.236;-7350.932;26.558;19;128;[1.0, 1.2, 1.3, 1.0, 1.3];[1.0, 1.57, 1.2]
8;19212.516;497.427;3501.089;63.806;223.091;1882.052;3398.4;0.0;15214.0;32756.906;6058.236;-7486.154;10.59;19;128;[1.3, 1.2, 1.3, 1.0, 1.3];[1.3, 1.57, 1.2]
9;19212.516;497.427;3501.089;63.806;223.091;1882.052;3398.4;0.0;15214.0;32756.906;6058.236;-7486.154;6.287;19;128;[1.3, 1.2, 1.3, 1.0, 1.27];[1.3, 1.57, 1.18]
10;19212.516;497.427;3501.089;63.806;223.091;1882.052;3398.4;0.0;15214.0;32756.906;6058.236;-7486.154;3.523;19;128;[1.3, 1.2, 1.27, 1.0, 1.27];[1.3, 1.57, 1.162]
11;19212.516;497.427;3501.089;63.806;223.091;1882.052;3398.4;0.0;15214.0;32756.906;6058.236;-7486.154;9.655;19;128;[1.27, 1.2, 1.27, 1.0, 1.27];[1.3, 1.513, 1.162]
12;19212.516;497.427;3501.089;63.806;223.091;1882.052;3398.4;0.0;15214.0;32756.906;6058.236;-7486.154;1.545;19;128;[1.27, 1.38, 1.27, 1.0, 1.27];[1.3, 1.662, 1.162]
13;19212.516;497.427;3501.089;63.806;223.091;1882.052;3398.4;0.0;15214.0;32756.906;6058.236;-7486.154;15.465;19;128;[1.27, 1.542, 1.27, 1.0, 1.27];[1.3, 1.796, 1.162]
14;19133.288;479.144;3440.145;55.76;210.899;1660.65;3398.4;0.0;15214.0;32756.906;6058.236;-7565.382;11.844;19;128;[1.27, 1.542, 1.543, 1.0, 1.27];[1.3, 2.016, 1.162]
15;19133.288;479.144;3440.145;55.76;210.899;1660.65;3398.4;0.0;15214.0;32756.906;6058.236;-7565.382;9.978;19;128;[1.27, 1.542, 1.489, 1.0, 1.27];[1.3, 1.914, 1.162]
16;19133.288;479.144;3440.145;55.76;210.899;1660.65;3398.4;0.0;15214.0;32756.906;6058.236;-7565.382;2.801;19;128;[1.243, 1.542, 1.489, 1.0, 1.27];[1.3, 1.914, 1.146]
17;19133.288;479.144;3440.145;55.76;210.899;1660.65;3398.4;0.0;15214.0;32756.906;6058.236;-7565.382;25.754;19;128;[1.243, 1.542, 1.489, 1.0, 1.243];[1.27, 1.914, 1.146]
18;19133.288;479.144;3440.145;55.76;210.899;1660.65;3398.4;0.0;15214.0;32756.906;6058.236;-7565.382;4.464;19;128;[1.243, 1.542, 1.489, 1.0, 1.219];[1.27, 1.914, 1.131]
19;19133.288;479.144;3440.145;55.76;210.899;1660.65;3398.4;0.0;15214.0;32756.906;6058.236;-7565.382;7.606;19;128;[1.243, 1.542, 1.489, 1.2, 1.219];[1.443, 1.914, 1.131]
20;18976.715;452.242;3350.473;46.987;193.779;1415.44;3422.4;0.0;15174.0;32756.906;6058.236;-7721.955;5.522;19;128;[1.243, 1.788, 1.489, 1.2, 1.219];[1.443, 2.123, 1.131]
21;18951.896;446.745;3332.151;46.279;191.485;1394.733;3303.6;0.0;15173.0;32756.906;6058.236;-7746.774;8.924;19;128;[1.243, 1.788, 1.74, 1.2, 1.219];[1.443, 2.311, 1.131]
22;18951.896;446.745;3332.151;46.279;191.485;1394.733;3303.6;0.0;15173.0;32756.906;6058.236;-7746.774;6.886;19;128;[1.243, 1.909, 1.74, 1.2, 1.219];[1.443, 2.38, 1.131]
23;18859.073;448.171;3336.902;46.881;192.458;1411.365;3303.6;0.0;15074.0;32756.906;6058.236;-7839.597;8.018;19;128;[1.519, 1.909, 1.74, 1.2, 1.219];[1.443, 2.542, 1.131]
24;18859.073;448.171;3336.902;46.881;192.458;1411.365;3303.6;0.0;15074.0;32756.906;6058.236;-7839.597;3.925;19;128;[1.519, 1.909, 1.74, 1.2, 1.197];[1.443, 2.542, 1.118]
25;18859.073;448.171;3336.902;46.881;192.458;1411.365;3303.6;0.0;15074.0;32756.906;6058.236;-7839.597;7.699;19;128;[1.519, 1.909, 1.74, 1.38, 1.197];[1.443, 2.588, 1.118]
26;18859.073;448.171;3336.902;46.881;192.458;1411.365;3303.6;0.0;15074.0;32756.906;6058.236;-7839.597;2.452;19;128;[1.519, 1.818, 1.74, 1.38, 1.197];[1.443, 2.429, 1.118]
27;18859.073;448.171;3336.902;46.881;192.458;1411.365;3303.6;0.0;15074.0;32756.906;6058.236;-7839.597;3.044;19;128;[1.519, 1.736, 1.74, 1.38, 1.197];[1.443, 2.429, 1.106]
28;18859.073;448.171;3336.902;46.881;192.458;1411.365;3303.6;0.0;15074.0;32756.906;6058.236;-7839.597;6.861;19;128;[1.519, 1.736, 1.74, 1.342, 1.197];[1.399, 2.429, 1.106]
29;18859.073;448.171;3336.902;46.881;192.458;1411.365;3303.6;0.0;15074.0;32756.906;6058.236;-7839.597;10.063;19;128;[1.667, 1.736, 1.74, 1.342, 1.197];[1.399, 2.486, 1.106]
30;18836.138;465.724;3395.414;67.017;209.239;1951.68;3397.2;0.0;14975.0;32756.906;6058.236;-7862.532;11.354;19;128;[1.667, 1.736, 1.966, 1.342, 1.197];[1.399, 2.637, 1.106]
31;18823.467;462.8;3385.667;63.27;205.636;1850.651;3397.2;0.0;14975.0;32756.906;6058.236;-7875.203;12.788;19;128;[1.667, 1.736, 2.169, 1.342, 1.197];[1.659, 2.637, 1.106]
32;18823.467;462.8;3385.667;63.27;205.636;1850.651;3397.2;0.0;14975.0;32756.906;6058.236;-7875.203;4.487;19;128;[1.667, 1.736, 2.169, 1.342, 1.177];[1.659, 2.637, 1.095]
33;18823.467;462.8;3385.667;63.27;205.636;1850.651;3397.2;0.0;14975.0;32756.906;6058.236;-7875.203;2.186;19;128;[1.667, 1.662, 2.169, 1.342, 1.177];[1.659, 2.637, 1.086]
34;18823.467;462.8;3385.667;63.27;205.636;1850.651;3397.2;0.0;14975.0;32756.906;6058.236;-7875.203;11.608;19;128;[1.667, 1.662, 2.252, 1.342, 1.177];[1.659, 2.673, 1.086]
35;18823.467;462.8;3385.667;63.27;205.636;1850.651;3397.2;0.0;14975.0;32756.906;6058.236;-7875.203;12.28;19;128;[1.667, 1.796, 2.252, 1.342, 1.177];[1.659, 2.706, 1.086]
36;18823.467;462.8;3385.667;63.27;205.636;1850.651;3397.2;0.0;14975.0;32756.906;6058.236;-7875.203;11.917;19;128;[1.667, 1.796, 2.327, 1.342, 1.177];[1.659, 2.735, 1.086]
37;18823.467;462.8;3385.667;63.27;205.636;1850.651;3397.2;0.0;14975.0;32756.906;6058.236;-7875.203;10.038;19;128;[1.6, 1.796, 2.327, 1.342, 1.177];[1.659, 2.562, 1.086]
38;18823.467;462.8;3385.667;63.27;205.636;1850.651;3397.2;0.0;14975.0;32756.906;6058.236;-7875.203;24.531;19;128;[1.6, 1.796, 2.327, 1.342, 1.359];[1.659, 2.606, 1.086]
39;18787.191;445.429;3327.762;58.219;197.389;1711.089;3394.8;0.0;15014.0;32756.906;6058.236;-7911.479;5.578;19;128;[1.6, 2.016, 2.327, 1.342, 1.359];[1.893, 2.606, 1.086]
40;18787.191;445.429;3327.762;58.219;197.389;1711.089;3394.8;0.0;15014.0;32756.906;6058.236;-7911.479;9.32;19;128;[1.6, 2.016, 2.327, 1.308, 1.359];[1.804, 2.606, 1.086]
41;18763.2;440.123;3310.077;58.239;195.547;1709.753;3372.0;0.0;15013.0;32756.906;6058.236;-7935.47;24.629;19;128;[1.6, 2.016, 2.327, 1.308, 1.623];[1.804, 2.745, 1.086]
42;18713.262;428.599;3271.663;59.996;191.977;1751.861;3372.0;0.0;15013.0;32756.906;6058.236;-7985.408;6.188;19;128;[1.6, 2.214, 2.327, 1.308, 1.623];[2.024, 2.745, 1.086]
43;18713.262;428.599;3271.663;59.996;191.977;1751.861;3372.0;0.0;15013.0;32756.906;6058.236;-7985.408;3.131;19;128;[1.54, 2.214, 2.327, 1.308, 1.623];[2.024, 2.745, 1.077]
44;18713.262;428.599;3271.663;59.996;191.977;1751.861;3372.0;0.0;15013.0;32756.906;6058.236;-7985.408;11.063;19;128;[1.686, 2.214, 2.327, 1.308, 1.623];[2.122, 2.745, 1.077]
45;18713.262;428.599;3271.663;59.996;191.977;1751.861;3372.0;0.0;15013.0;32756.906;6058.236;-7985.408;10.145;19;128;[1.686, 2.214, 2.327, 1.277, 1.623];[2.01, 2.745, 1.077]
46;18713.262;428.599;3271.663;59.996;191.977;1751.861;3372.0;0.0;15013.0;32756.906;6058.236;-7985.408;8.554;19;128;[1.686, 2.093, 2.327, 1.277, 1.623];[2.01, 2.571, 1.077]
47;18713.262;428.599;3271.663;59.996;191.977;1751.861;3372.0;0.0;15013.0;32756.906;6058.236;-7985.408;12.374;19;128;[1.686, 2.093, 2.394, 1.277, 1.623];[2.109, 2.571, 1.077]
48;18585.063;417.476;3234.587;66.929;195.224;1935.382;3277.2;0.0;14933.0;32756.906;6058.236;-8113.607;11.423;19;128;[1.686, 2.093, 2.555, 1.277, 1.623];[2.298, 2.571, 1.077]
49;18566.08;413.095;3219.984;66.093;192.263;1910.69;3277.2;0.0;14933.0;32756.906;6058.236;-8132.59;10.938;19;128;[1.686, 2.093, 2.7, 1.277, 1.623];[2.468, 2.571, 1.077]
615constructshop:True depot:False weather:False;20017.2;538.277;3681.923;88.474;252.519;2552.846;4230.0;0.0;15797.0;32933.266;5881.876;-7034.19;33.058;19;128;[1.0, 1.0, 1.0, 1.0, 1.0];[1.0, 1.0, 1.0]
0;19826.158;533.113;3635.044;72.391;248.126;2130.299;4158.0;0.0;15658.0;33032.402;5782.74;-7423.504;4.278;18;128;[1.0, 1.0, 1.3, 1.0, 1.0];[1.0, 1.0, 1.3]
1;19826.158;533.113;3635.044;72.391;248.126;2130.299;4158.0;0.0;15658.0;33032.402;5782.74;-7423.504;12.133;18;128;[1.0, 1.0, 1.27, 1.0, 1.0];[1.0, 1.0, 1.3]
2;19826.158;533.113;3635.044;72.391;248.126;2130.299;4158.0;0.0;15658.0;33032.402;5782.74;-7423.504;10.107;18;128;[1.0, 1.0, 1.243, 1.0, 1.0];[1.0, 1.0, 1.3]
3;19826.158;533.113;3635.044;72.391;248.126;2130.299;4158.0;0.0;15658.0;33032.402;5782.74;-7423.504;3.446;18;128;[1.0, 1.0, 1.243, 1.0, 1.0];[1.0, 1.0, 1.27]
4;19826.158;533.113;3635.044;72.391;248.126;2130.299;4158.0;0.0;15658.0;33032.402;5782.74;-7423.504;11.712;18;128;[1.0, 1.0, 1.219, 1.0, 1.0];[1.0, 1.0, 1.27]
5;19826.158;533.113;3635.044;72.391;248.126;2130.299;4158.0;0.0;15658.0;33032.402;5782.74;-7423.504;1.395;18;128;[1.0, 1.2, 1.219, 1.0, 1.0];[1.2, 1.0, 1.27]
6;19826.158;533.113;3635.044;72.391;248.126;2130.299;4158.0;0.0;15658.0;33032.402;5782.74;-7423.504;4.477;18;128;[1.0, 1.2, 1.219, 1.0, 1.0];[1.2, 1.0, 1.243]
7;19826.158;533.113;3635.044;72.391;248.126;2130.299;4158.0;0.0;15658.0;33032.402;5782.74;-7423.504;3.92;18;128;[1.0, 1.2, 1.397, 1.0, 1.0];[1.2, 1.0, 1.419]
8;19826.158;533.113;3635.044;72.391;248.126;2130.299;4158.0;0.0;15658.0;33032.402;5782.74;-7423.504;24.657;18;128;[1.0, 1.2, 1.397, 1.0, 1.0];[1.2, 1.0, 1.419]
9;19826.158;533.113;3635.044;72.391;248.126;2130.299;4158.0;0.0;15658.0;33032.402;5782.74;-7423.504;10.667;18;128;[1.0, 1.2, 1.397, 1.2, 1.0];[1.2, 1.2, 1.419]
10;20270.684;541.62;3659.065;81.388;248.343;2364.434;3847.2;0.0;16070.0;33291.086;5524.056;-7496.346;11.246;18;128;[1.3, 1.2, 1.397, 1.2, 1.0];[1.2, 1.48, 1.419]
11;20270.684;541.62;3659.065;81.388;248.343;2364.434;3847.2;0.0;16070.0;33291.086;5524.056;-7496.346;2.509;18;128;[1.3, 1.18, 1.397, 1.2, 1.0];[1.2, 1.48, 1.377]
12;20270.684;541.62;3659.065;81.388;248.343;2364.434;3847.2;0.0;16070.0;33291.086;5524.056;-7496.346;3.387;18;128;[1.3, 1.18, 1.397, 1.18, 1.0];[1.2, 1.48, 1.339]
13;20270.684;541.62;3659.065;81.388;248.343;2364.434;3847.2;0.0;16070.0;33291.086;5524.056;-7496.346;2.016;18;128;[1.3, 1.362, 1.397, 1.18, 1.0];[1.2, 1.48, 1.505]
14;20136.598;528.907;3616.691;62.043;232.84;1845.957;4015.2;0.0;15991.0;33291.086;5524.056;-7630.432;9.568;18;128;[1.57, 1.362, 1.397, 1.18, 1.0];[1.2, 1.732, 1.505]
15;19652.693;513.237;3566.456;61.618;226.231;1828.308;3706.8;0.0;15573.0;33147.002;5668.14;-7826.169;9.286;18;128;[1.57, 1.626, 1.397, 1.18, 1.0];[1.2, 1.959, 1.505]
16;19652.693;513.237;3566.456;61.618;226.231;1828.308;3706.8;0.0;15573.0;33147.002;5668.14;-7826.169;1.924;18;128;[1.57, 1.763, 1.397, 1.18, 1.0];[1.38, 1.959, 1.505]
17;19454.159;518.652;3584.507;67.114;230.951;1975.919;3255.6;0.0;15351.0;33147.002;5668.14;-8024.703;12.392;18;128;[1.57, 1.763, 1.397, 1.462, 1.0];[1.38, 2.163, 1.505]
18;19454.159;518.652;3584.507;67.114;230.951;1975.919;3255.6;0.0;15351.0;33147.002;5668.14;-8024.703;3.611;18;128;[1.513, 1.763, 1.397, 1.462, 1.0];[1.38, 2.163, 1.455]
19;19454.159;518.652;3584.507;67.114;230.951;1975.919;3255.6;0.0;15351.0;33147.002;5668.14;-8024.703;12.334;18;128;[1.513, 1.887, 1.397, 1.462, 1.0];[1.38, 2.247, 1.455]
20;19454.159;518.652;3584.507;67.114;230.951;1975.919;3255.6;0.0;15351.0;33147.002;5668.14;-8024.703;4.011;18;128;[1.513, 1.887, 1.397, 1.416, 1.0];[1.38, 2.247, 1.41]
21;19454.159;518.652;3584.507;67.114;230.951;1975.919;3255.6;0.0;15351.0;33147.002;5668.14;-8024.703;5.161;18;128;[1.513, 1.798, 1.397, 1.416, 1.0];[1.38, 2.122, 1.41]
22;19193.96;541.221;3659.738;82.268;247.75;2386.728;3112.8;0.0;14993.0;33052.202;5762.94;-8095.302;2.362;18;128;[1.513, 1.798, 1.657, 1.416, 1.0];[1.38, 2.122, 1.669]
23;19193.96;541.221;3659.738;82.268;247.75;2386.728;3112.8;0.0;14993.0;33052.202;5762.94;-8095.302;1.679;18;128;[1.513, 1.718, 1.657, 1.416, 1.0];[1.38, 2.122, 1.602]
24;19064.682;529.85;3621.832;79.999;243.22;2323.201;3016.8;0.0;14913.0;33052.202;5762.94;-8224.58;2.83;18;128;[1.513, 1.718, 1.891, 1.416, 1.0];[1.38, 2.122, 1.842]
25;19064.682;529.85;3621.832;79.999;243.22;2323.201;3016.8;0.0;14913.0;33052.202;5762.94;-8224.58;3.123;18;128;[1.513, 1.646, 1.891, 1.416, 1.0];[1.38, 2.122, 1.758]
26;19007.348;526.08;3609.268;83.429;247.653;2416.813;2970.0;0.0;14872.0;33052.202;5762.94;-8281.914;26.291;18;128;[1.513, 1.646, 1.891, 1.416, 1.3];[1.642, 2.122, 1.758]
27;18985.957;521.144;3592.813;79.737;240.959;2314.123;2970.0;0.0;14872.0;33052.202;5762.94;-8303.305;12.917;18;128;[1.513, 1.646, 1.891, 1.674, 1.3];[1.642, 2.31, 1.758]
28;18985.957;521.144;3592.813;79.737;240.959;2314.123;2970.0;0.0;14872.0;33052.202;5762.94;-8303.305;6.991;18;128;[1.513, 1.646, 1.802, 1.674, 1.3];[1.642, 2.179, 1.758]
29;18974.832;518.577;3584.256;79.737;239.414;2312.579;2970.0;0.0;14872.0;33052.202;5762.94;-8314.43;12.025;18;128;[1.513, 1.646, 1.802, 1.907, 1.3];[1.878, 2.179, 1.758]
30;18974.832;518.577;3584.256;79.737;239.414;2312.579;2970.0;0.0;14872.0;33052.202;5762.94;-8314.43;11.414;18;128;[1.513, 1.646, 1.802, 2.016, 1.3];[1.99, 2.179, 1.758]
31;18974.832;518.577;3584.256;79.737;239.414;2312.579;2970.0;0.0;14872.0;33052.202;5762.94;-8314.43;3.704;18;128;[1.513, 1.646, 1.802, 1.914, 1.3];[1.99, 2.179, 1.682]
32;18974.832;518.577;3584.256;79.737;239.414;2312.579;2970.0;0.0;14872.0;33052.202;5762.94;-8314.43;27.246;18;128;[1.513, 1.646, 1.802, 1.914, 1.47];[2.091, 2.179, 1.682]
33;18974.832;518.577;3584.256;79.737;239.414;2312.579;2970.0;0.0;14872.0;33052.202;5762.94;-8314.43;11.482;18;128;[1.513, 1.646, 1.802, 2.023, 1.47];[2.182, 2.179, 1.682]
34;18974.832;518.577;3584.256;79.737;239.414;2312.579;2970.0;0.0;14872.0;33052.202;5762.94;-8314.43;4.334;18;128;[1.513, 1.646, 1.802, 2.023, 1.423];[2.182, 2.179, 1.614]
35;18974.832;518.577;3584.256;79.737;239.414;2312.579;2970.0;0.0;14872.0;33052.202;5762.94;-8314.43;2.935;18;128;[1.513, 1.646, 1.722, 2.023, 1.423];[2.182, 2.179, 1.553]
36;18974.832;518.577;3584.256;79.737;239.414;2312.579;2970.0;0.0;14872.0;33052.202;5762.94;-8314.43;1.586;18;128;[1.513, 1.781, 1.722, 2.023, 1.423];[2.182, 2.179, 1.698]
37;18974.832;518.577;3584.256;79.737;239.414;2312.579;2970.0;0.0;14872.0;33052.202;5762.94;-8314.43;1.242;18;128;[1.513, 1.703, 1.722, 2.023, 1.423];[2.182, 2.179, 1.628]
38;18974.832;518.577;3584.256;79.737;239.414;2312.579;2970.0;0.0;14872.0;33052.202;5762.94;-8314.43;2.752;18;128;[1.513, 1.703, 1.65, 2.023, 1.423];[2.182, 2.179, 1.565]
39;18974.832;518.577;3584.256;79.737;239.414;2312.579;2970.0;0.0;14872.0;33052.202;5762.94;-8314.43;11.106;18;128;[1.462, 1.703, 1.65, 2.023, 1.423];[2.064, 2.179, 1.565]
40;18974.832;518.577;3584.256;79.737;239.414;2312.579;2970.0;0.0;14872.0;33052.202;5762.94;-8314.43;2.269;18;128;[1.462, 1.703, 1.585, 2.023, 1.423];[2.064, 2.179, 1.509]
41;18974.832;518.577;3584.256;79.737;239.414;2312.579;2970.0;0.0;14872.0;33052.202;5762.94;-8314.43;8.374;18;128;[1.462, 1.703, 1.727, 2.023, 1.423];[2.064, 2.261, 1.509]
42;18661.203;482.893;3465.31;87.238;230.315;2498.494;3708.0;0.0;14713.0;33052.202;5762.94;-8628.059;9.03;18;128;[1.462, 1.933, 1.727, 2.023, 1.423];[2.258, 2.261, 1.509]
43;18632.909;476.364;3443.546;79.688;223.161;2295.048;3708.0;0.0;14713.0;33052.202;5762.94;-8656.353;6.907;18;128;[1.462, 1.933, 1.954, 2.023, 1.423];[2.432, 2.261, 1.509]
44;18632.909;476.364;3443.546;79.688;223.161;2295.048;3708.0;0.0;14713.0;33052.202;5762.94;-8656.353;26.122;18;128;[1.462, 1.933, 1.954, 2.023, 1.381];[2.432, 2.135, 1.509]
45;18632.909;476.364;3443.546;79.688;223.161;2295.048;3708.0;0.0;14713.0;33052.202;5762.94;-8656.353;10.104;18;128;[1.462, 2.04, 1.954, 2.023, 1.381];[2.489, 2.135, 1.509]
46;18632.909;476.364;3443.546;79.688;223.161;2295.048;3708.0;0.0;14713.0;33052.202;5762.94;-8656.353;5.815;18;128;[1.462, 2.04, 1.859, 2.023, 1.381];[2.34, 2.135, 1.509]
47;18632.909;476.364;3443.546;79.688;223.161;2295.048;3708.0;0.0;14713.0;33052.202;5762.94;-8656.353;7.181;18;128;[1.462, 2.04, 1.859, 2.121, 1.381];[2.406, 2.135, 1.509]
48;18632.909;476.364;3443.546;79.688;223.161;2295.048;3708.0;0.0;14713.0;33052.202;5762.94;-8656.353;24.559;18;128;[1.462, 2.04, 1.859, 2.121, 1.343];[2.406, 2.021, 1.509]
49;18632.909;476.364;3443.546;79.688;223.161;2295.048;3708.0;0.0;14713.0;33052.202;5762.94;-8656.353;6.23;18;128;[1.462, 2.04, 1.859, 2.209, 1.343];[2.465, 2.021, 1.509]
616constructshop:True depot:False weather:False;19803.896;535.668;3673.228;64.878;235.729;1922.554;3847.2;0.0;15595.0;32952.266;5862.876;-7285.494;26.314;19;128;[1.0, 1.0, 1.0, 1.0, 1.0];[1.0, 1.0, 1.0]
0;19625.346;531.849;3660.497;68.689;236.229;2022.149;3610.8;0.0;15433.0;32952.266;5862.876;-7464.044;10.668;18;128;[1.3, 1.0, 1.0, 1.0, 1.0];[1.0, 1.3, 1.0]
1;19409.867;528.508;3649.359;67.163;233.577;1979.805;3278.4;0.0;15232.0;32952.266;5862.876;-7679.523;9.369;18;128;[1.57, 1.0, 1.0, 1.0, 1.0];[1.0, 1.57, 1.0]
2;19220.536;521.739;3626.797;70.886;233.552;2076.591;3562.8;0.0;15072.0;32952.266;5862.876;-7868.854;3.331;18;128;[1.57, 1.3, 1.0, 1.0, 1.0];[1.0, 1.57, 1.3]
3;19299.258;523.675;3603.583;54.137;226.939;1634.505;3634.8;0.0;15172.0;33032.402;5782.74;-7950.404;4.194;18;128;[1.57, 1.3, 1.0, 1.0, 1.3];[1.0, 1.57, 1.57]
4;19285.033;525.008;3608.026;61.165;230.504;1820.789;3610.8;0.0;15152.0;33032.402;5782.74;-7964.629;11.054;18;128;[1.57, 1.3, 1.0, 1.3, 1.3];[1.3, 1.57, 1.57]
5;19265.829;520.576;3593.253;62.452;229.937;1853.698;3610.8;0.0;15152.0;33032.402;5782.74;-7983.833;21.228;18;128;[1.57, 1.3, 1.0, 1.3, 1.57];[1.3, 1.813, 1.57]
6;19374.825;539.498;3684.327;71.409;245.243;2101.876;3538.8;0.0;15151.0;33354.098;5461.044;-8518.229;4.595;17;128;[1.57, 1.3, 1.0, 1.57, 1.57];[1.3, 1.813, 1.813]
7;19374.825;539.498;3684.327;71.409;245.243;2101.876;3538.8;0.0;15151.0;33354.098;5461.044;-8518.229;3.282;17;128;[1.57, 1.3, 1.0, 1.513, 1.57];[1.3, 1.813, 1.732]
8;19219.497;531.346;3657.152;64.61;236.103;1915.954;3394.8;0.0;15031.0;33354.098;5461.044;-8673.557;9.049;17;128;[1.57, 1.3, 1.3, 1.513, 1.57];[1.3, 2.032, 1.732]
9;19153.064;520.861;3622.203;63.442;230.932;1880.42;3252.0;0.0;15010.0;33354.098;5461.044;-8739.99;24.04;17;128;[1.57, 1.3, 1.3, 1.513, 1.813];[1.3, 2.229, 1.732]
10;19200.621;517.143;3594.478;56.822;225.873;1703.25;3205.2;0.0;15089.0;33422.498;5392.644;-8829.233;9.759;17;128;[1.57, 1.3, 1.3, 1.762, 1.813];[1.57, 2.229, 1.732]
11;19182.542;531.433;3642.109;56.027;232.759;1689.448;3110.4;0.0;15009.0;33422.498;5392.644;-8847.312;15.792;17;128;[1.57, 1.3, 1.3, 1.762, 2.032];[1.57, 2.406, 1.732]
12;19130.672;533.309;3648.363;60.306;236.012;1803.956;3110.4;0.0;14949.0;33422.498;5392.644;-8899.182;15.185;17;128;[1.57, 1.3, 1.3, 1.762, 2.229];[1.57, 2.565, 1.732]
13;18969.204;523.74;3616.465;61.545;232.653;1832.81;3110.4;0.0;14829.0;33422.498;5392.644;-9060.649;8.097;17;128;[1.813, 1.3, 1.3, 1.762, 2.229];[1.813, 2.565, 1.732]
14;18911.777;510.948;3573.828;61.545;227.299;1827.456;2968.8;0.0;14827.0;33422.498;5392.644;-9118.077;1.674;17;128;[1.813, 1.57, 1.3, 1.762, 2.229];[1.813, 2.708, 1.732]
15;18911.777;510.948;3573.828;61.545;227.299;1827.456;2968.8;0.0;14827.0;33422.498;5392.644;-9118.077;13.638;17;128;[1.813, 1.57, 1.3, 1.762, 2.106];[1.813, 2.537, 1.732]
16;18911.777;510.948;3573.828;61.545;227.299;1827.456;2968.8;0.0;14827.0;33422.498;5392.644;-9118.077;12.307;17;128;[1.813, 1.57, 1.3, 1.762, 1.995];[1.813, 2.383, 1.732]
17;18911.777;510.948;3573.828;61.545;227.299;1827.456;2968.8;0.0;14827.0;33422.498;5392.644;-9118.077;3.497;17;128;[1.813, 1.57, 1.27, 1.762, 1.995];[1.732, 2.383, 1.732]
18;18911.777;510.948;3573.828;61.545;227.299;1827.456;2968.8;0.0;14827.0;33422.498;5392.644;-9118.077;2.949;17;128;[1.732, 1.57, 1.27, 1.762, 1.995];[1.732, 2.383, 1.659]
19;18911.777;510.948;3573.828;61.545;227.299;1827.456;2968.8;0.0;14827.0;33422.498;5392.644;-9118.077;6.905;17;128;[1.732, 1.57, 1.27, 1.886, 1.995];[1.859, 2.383, 1.659]
20;18911.777;510.948;3573.828;61.545;227.299;1827.456;2968.8;0.0;14827.0;33422.498;5392.644;-9118.077;5.972;17;128;[1.732, 1.57, 1.27, 1.997, 1.995];[1.859, 2.445, 1.659]
21;18911.777;510.948;3573.828;61.545;227.299;1827.456;2968.8;0.0;14827.0;33422.498;5392.644;-9118.077;5.325;17;128;[1.732, 1.713, 1.27, 1.997, 1.995];[1.973, 2.445, 1.659]
22;18911.777;510.948;3573.828;61.545;227.299;1827.456;2968.8;0.0;14827.0;33422.498;5392.644;-9118.077;6.153;17;128;[1.732, 1.713, 1.27, 2.097, 1.995];[1.973, 2.5, 1.659]
23;18911.777;510.948;3573.828;61.545;227.299;1827.456;2968.8;0.0;14827.0;33422.498;5392.644;-9118.077;4.209;17;128;[1.732, 1.842, 1.27, 2.097, 1.995];[2.076, 2.5, 1.659]
24;18879.296;512.684;3579.612;70.467;228.568;2060.697;2613.6;0.0;14787.0;33422.498;5392.644;-9150.558;9.465;17;128;[1.959, 1.842, 1.27, 2.097, 1.995];[2.076, 2.65, 1.659]
25;18717.255;502.982;3547.273;68.167;225.77;1998.114;2613.6;0.0;14667.0;33422.498;5392.644;-9312.599;8.176;17;128;[2.163, 1.842, 1.27, 2.097, 1.995];[2.268, 2.65, 1.659]
26;18626.481;495.88;3523.601;55.172;215.449;1649.911;2613.6;0.0;14607.0;33422.498;5392.644;-9403.373;15.475;17;128;[2.163, 1.842, 1.27, 2.097, 2.196];[2.268, 2.785, 1.659]
27;18626.481;495.88;3523.601;55.172;215.449;1649.911;2613.6;0.0;14607.0;33422.498;5392.644;-9403.373;7.766;17;128;[2.163, 1.842, 1.27, 1.987, 2.196];[2.141, 2.785, 1.659]
28;18477.612;479.988;3470.625;71.38;215.89;2071.775;2518.8;0.0;14527.0;33422.498;5392.644;-9552.242;5.059;17;128;[2.163, 1.842, 1.543, 1.987, 2.196];[2.327, 2.785, 1.659]
29;18477.612;479.988;3470.625;71.38;215.89;2071.775;2518.8;0.0;14527.0;33422.498;5392.644;-9552.242;4.284;17;128;[2.163, 1.842, 1.489, 1.987, 2.196];[2.194, 2.785, 1.659]
30;18477.612;479.988;3470.625;71.38;215.89;2071.775;2518.8;0.0;14527.0;33422.498;5392.644;-9552.242;3.858;17;128;[2.163, 1.842, 1.64, 1.987, 2.196];[2.275, 2.785, 1.659]
31;18477.612;479.988;3470.625;71.38;215.89;2071.775;2518.8;0.0;14527.0;33422.498;5392.644;-9552.242;8.159;17;128;[2.047, 1.842, 1.64, 1.987, 2.196];[2.147, 2.785, 1.659]
32;18477.612;479.988;3470.625;71.38;215.89;2071.775;2518.8;0.0;14527.0;33422.498;5392.644;-9552.242;7.083;17;128;[2.047, 1.842, 1.64, 1.888, 2.196];[2.032, 2.785, 1.659]
33;18477.612;479.988;3470.625;71.38;215.89;2071.775;2518.8;0.0;14527.0;33422.498;5392.644;-9552.242;15.122;17;128;[2.047, 1.842, 1.64, 1.888, 2.076];[1.929, 2.785, 1.659]
34;18454.198;474.584;3452.614;83.643;222.826;2397.534;2518.8;0.0;14527.0;33422.498;5392.644;-9575.656;14.58;17;128;[2.047, 1.842, 1.64, 1.888, 2.268];[2.136, 2.785, 1.659]
35;18424.781;472.411;3445.37;83.643;221.457;2396.165;2518.8;0.0;14507.0;33422.498;5392.644;-9605.073;2.712;17;128;[2.047, 2.058, 1.64, 1.888, 2.268];[2.322, 2.785, 1.659]
36;18424.781;472.411;3445.37;83.643;221.457;2396.165;2518.8;0.0;14507.0;33422.498;5392.644;-9605.073;6.483;17;128;[1.942, 2.058, 1.64, 1.888, 2.268];[2.322, 2.607, 1.659]
37;18424.781;472.411;3445.37;83.643;221.457;2396.165;2518.8;0.0;14507.0;33422.498;5392.644;-9605.073;2.282;17;128;[1.848, 2.058, 1.64, 1.888, 2.268];[2.322, 2.607, 1.593]
38;18424.781;472.411;3445.37;83.643;221.457;2396.165;2518.8;0.0;14507.0;33422.498;5392.644;-9605.073;2.786;17;128;[1.763, 2.058, 1.64, 1.888, 2.268];[2.322, 2.607, 1.534]
39;18424.781;472.411;3445.37;83.643;221.457;2396.165;2518.8;0.0;14507.0;33422.498;5392.644;-9605.073;2.453;17;128;[1.763, 2.058, 1.64, 1.799, 2.268];[2.322, 2.607, 1.481]
40;18424.781;472.411;3445.37;83.643;221.457;2396.165;2518.8;0.0;14507.0;33422.498;5392.644;-9605.073;6.209;17;128;[1.887, 2.058, 1.64, 1.799, 2.268];[2.322, 2.646, 1.481]
41;18397.718;447.473;3362.244;75.086;208.201;2160.448;2589.6;0.0;14588.0;33422.498;5392.644;-9632.136;5.448;17;128;[1.887, 2.252, 1.64, 1.799, 2.268];[2.322, 2.781, 1.481]
42;18373.943;442.218;3344.726;76.078;206.727;2184.76;2470.8;0.0;14587.0;33422.498;5392.644;-9655.911;2.942;17;128;[1.887, 2.427, 1.64, 1.799, 2.268];[2.322, 2.903, 1.481]
43;18373.943;442.218;3344.726;76.078;206.727;2184.76;2470.8;0.0;14587.0;33422.498;5392.644;-9655.911;5.202;17;128;[1.887, 2.427, 1.576, 1.799, 2.268];[2.322, 2.713, 1.481]
44;18373.943;442.218;3344.726;76.078;206.727;2184.76;2470.8;0.0;14587.0;33422.498;5392.644;-9655.911;14.447;17;128;[1.887, 2.427, 1.576, 1.799, 2.341];[2.39, 2.713, 1.481]
45;18359.284;438.835;3333.449;78.316;205.205;2241.417;2470.8;0.0;14587.0;33422.498;5392.644;-9670.57;21.335;17;128;[1.887, 2.427, 1.576, 1.799, 2.507];[2.39, 2.842, 1.481]
46;18359.284;438.835;3333.449;78.316;205.205;2241.417;2470.8;0.0;14587.0;33422.498;5392.644;-9670.57;4.148;17;128;[1.887, 2.427, 1.576, 1.799, 2.356];[2.39, 2.842, 1.433]
47;18359.284;438.835;3333.449;78.316;205.205;2241.417;2470.8;0.0;14587.0;33422.498;5392.644;-9670.57;6.768;17;128;[1.887, 2.427, 1.518, 1.799, 2.356];[2.39, 2.658, 1.433]
48;18344.347;440.003;3337.344;78.566;205.637;2248.345;2446.8;0.0;14567.0;33422.498;5392.644;-9685.507;10.516;17;128;[1.887, 2.427, 1.518, 2.019, 2.356];[2.551, 2.658, 1.433]
49;18336.004;438.078;3330.926;78.566;204.948;2247.655;2446.8;0.0;14567.0;33422.498;5392.644;-9693.85;2.527;17;128;[1.887, 2.584, 1.518, 2.019, 2.356];[2.551, 2.792, 1.433]
617constructshop:True depot:False weather:False;19707.543;570.125;3743.418;79.977;264.852;2344.247;3538.8;0.0;15394.0;32756.906;6058.236;-6991.127;32.168;19;128;[1.0, 1.0, 1.0, 1.0, 1.0];[1.0, 1.0, 1.0]
0;19666.511;550.964;3679.547;74.929;251.866;2200.007;3776.4;0.0;15436.0;32756.906;6058.236;-7032.159;10.243;19;128;[1.3, 1.0, 1.0, 1.0, 1.0];[1.0, 1.3, 1.0]
1;19603.112;531.718;3615.394;76.087;243.912;2222.169;3800.4;0.0;15456.0;32756.906;6058.236;-7095.558;16.317;19;128;[1.3, 1.3, 1.0, 1.0, 1.0];[1.3, 1.3, 1.0]
2;19442.029;531.699;3615.33;66.066;237.041;1954.76;3540.0;0.0;15295.0;32756.906;6058.236;-7256.641;27.128;19;128;[1.3, 1.3, 1.0, 1.0, 1.3];[1.3, 1.57, 1.0]
3;19442.029;531.699;3615.33;66.066;237.041;1954.76;3540.0;0.0;15295.0;32756.906;6058.236;-7256.641;24.268;19;128;[1.3, 1.3, 1.0, 1.0, 1.27];[1.3, 1.513, 1.0]
4;19435.615;521.219;3580.396;80.51;241.37;2334.63;3586.8;0.0;15334.0;32756.906;6058.236;-7263.055;9.991;19;128;[1.57, 1.3, 1.0, 1.0, 1.27];[1.57, 1.513, 1.0]
5;19416.521;516.812;3565.708;80.161;239.058;2323.238;3586.8;0.0;15334.0;32756.906;6058.236;-7282.149;9.918;19;128;[1.813, 1.3, 1.0, 1.0, 1.27];[1.813, 1.513, 1.0]
6;19351.24;515.594;3561.646;91.346;246.061;2621.055;3658.8;0.0;15274.0;32756.906;6058.236;-7347.43;26.027;19;128;[1.813, 1.3, 1.0, 1.0, 1.543];[1.813, 1.762, 1.0]
7;18991.191;515.813;3562.378;78.192;237.321;2270.311;3303.6;0.0;14913.0;32756.906;6058.236;-7707.479;28.038;19;128;[1.813, 1.3, 1.0, 1.0, 1.789];[1.813, 1.986, 1.0]
8;18961.649;508.996;3539.653;77.243;234.544;2242.858;3303.6;0.0;14913.0;32756.906;6058.236;-7737.021;9.769;19;128;[2.032, 1.3, 1.0, 1.0, 1.789];[2.032, 1.986, 1.0]
9;18843.709;500.24;3510.468;77.243;231.264;2239.577;3208.8;0.0;14833.0;32756.906;6058.236;-7854.961;13.337;19;128;[2.032, 1.57, 1.0, 1.0, 1.789];[2.032, 2.187, 1.0]
10;18786.826;487.114;3466.712;81.333;228.491;2343.158;3208.8;0.0;14833.0;32756.906;6058.236;-7911.844;11.446;19;128;[2.032, 1.57, 1.0, 1.3, 1.789];[2.032, 2.368, 1.0]
11;18786.826;487.114;3466.712;81.333;228.491;2343.158;3208.8;0.0;14833.0;32756.906;6058.236;-7911.844;9.214;19;128;[2.032, 1.57, 1.0, 1.47, 1.789];[2.032, 2.431, 1.0]
12;18786.826;487.114;3466.712;81.333;228.491;2343.158;3208.8;0.0;14833.0;32756.906;6058.236;-7911.844;12.505;19;128;[2.032, 1.57, 1.0, 1.47, 1.789];[1.929, 2.431, 1.0]
13;18679.96;471.221;3413.738;76.312;217.178;2201.298;3374.4;0.0;14795.0;32756.906;6058.236;-8018.71;10.088;19;128;[2.032, 1.57, 1.3, 1.47, 1.789];[1.929, 2.588, 1.0]
14;18679.96;471.221;3413.738;76.312;217.178;2201.298;3374.4;0.0;14795.0;32756.906;6058.236;-8018.71;4.611;19;128;[2.032, 1.57, 1.3, 1.47, 1.71];[1.929, 2.588, 1.0]
15;18679.96;471.221;3413.738;76.312;217.178;2201.298;3374.4;0.0;14795.0;32756.906;6058.236;-8018.71;10.166;19;128;[2.129, 1.57, 1.3, 1.47, 1.71];[1.929, 2.629, 1.0]
16;18679.96;471.221;3413.738;76.312;217.178;2201.298;3374.4;0.0;14795.0;32756.906;6058.236;-8018.71;9.035;19;128;[2.216, 1.57, 1.3, 1.47, 1.71];[1.929, 2.666, 1.0]
17;18594.383;488.396;3470.987;84.886;232.084;2439.109;3374.4;0.0;14635.0;32756.906;6058.236;-8104.287;26.703;19;128;[2.216, 1.57, 1.3, 1.47, 1.939];[2.136, 2.666, 1.0]
18;18445.734;482.246;3450.488;78.829;225.465;2275.024;3042.0;0.0;14513.0;32756.906;6058.236;-8252.936;10.967;19;128;[2.394, 1.57, 1.3, 1.47, 1.939];[2.322, 2.666, 1.0]
19;18441.683;481.542;3448.141;78.829;225.233;2274.792;2923.2;0.0;14512.0;32756.906;6058.236;-8256.987;9.729;19;128;[2.394, 1.57, 1.3, 1.723, 1.939];[2.49, 2.666, 1.0]
20;18360.256;467.367;3400.889;79.453;221.596;2287.371;2900.4;0.0;14492.0;32756.906;6058.236;-8338.414;13.868;19;128;[2.394, 1.57, 1.57, 1.723, 1.939];[2.641, 2.666, 1.0]
21;18360.256;467.367;3400.889;79.453;221.596;2287.371;2900.4;0.0;14492.0;32756.906;6058.236;-8338.414;9.056;19;128;[2.394, 1.57, 1.57, 1.851, 1.939];[2.641, 2.699, 1.0]
22;18350.725;465.167;3393.558;79.453;220.91;2286.685;2900.4;0.0;14492.0;32756.906;6058.236;-8347.945;11.341;19;128;[2.394, 1.57, 1.813, 1.851, 1.939];[2.777, 2.699, 1.0]
23;18350.725;465.167;3393.558;79.453;220.91;2286.685;2900.4;0.0;14492.0;32756.906;6058.236;-8347.945;2.807;19;128;[2.394, 1.57, 1.813, 1.766, 1.939];[2.777, 2.699, 1.0]
24;18350.725;465.167;3393.558;79.453;220.91;2286.685;2900.4;0.0;14492.0;32756.906;6058.236;-8347.945;27.057;19;128;[2.394, 1.57, 1.813, 1.766, 1.845];[2.599, 2.699, 1.0]
25;18350.725;465.167;3393.558;79.453;220.91;2286.685;2900.4;0.0;14492.0;32756.906;6058.236;-8347.945;26.215;19;128;[2.394, 1.57, 1.813, 1.766, 1.761];[2.439, 2.699, 1.0]
26;18350.725;465.167;3393.558;79.453;220.91;2286.685;2900.4;0.0;14492.0;32756.906;6058.236;-8347.945;8.858;19;128;[2.394, 1.57, 1.813, 1.689, 1.761];[2.439, 2.529, 1.0]
27;18350.725;465.167;3393.558;79.453;220.91;2286.685;2900.4;0.0;14492.0;32756.906;6058.236;-8347.945;2.937;19;128;[2.394, 1.713, 1.813, 1.689, 1.761];[2.439, 2.529, 1.2]
28;18350.725;465.167;3393.558;79.453;220.91;2286.685;2900.4;0.0;14492.0;32756.906;6058.236;-8347.945;3.516;19;128;[2.255, 1.713, 1.813, 1.689, 1.761];[2.439, 2.529, 1.18]
29;18350.725;465.167;3393.558;79.453;220.91;2286.685;2900.4;0.0;14492.0;32756.906;6058.236;-8347.945;10.488;19;128;[2.13, 1.713, 1.813, 1.689, 1.761];[2.439, 2.376, 1.18]
30;18350.725;465.167;3393.558;79.453;220.91;2286.685;2900.4;0.0;14492.0;32756.906;6058.236;-8347.945;28.93;19;128;[2.13, 1.713, 1.813, 1.689, 1.885];[2.495, 2.376, 1.18]
31;18350.725;465.167;3393.558;79.453;220.91;2286.685;2900.4;0.0;14492.0;32756.906;6058.236;-8347.945;3.407;19;128;[2.13, 1.842, 1.813, 1.689, 1.885];[2.495, 2.376, 1.362]
32;18350.725;465.167;3393.558;79.453;220.91;2286.685;2900.4;0.0;14492.0;32756.906;6058.236;-8347.945;10.358;19;128;[2.13, 1.842, 1.813, 1.62, 1.885];[2.495, 2.238, 1.362]
33;18350.725;465.167;3393.558;79.453;220.91;2286.685;2900.4;0.0;14492.0;32756.906;6058.236;-8347.945;12.298;19;128;[2.13, 1.842, 1.732, 1.62, 1.885];[2.346, 2.238, 1.362]
34;18350.725;465.167;3393.558;79.453;220.91;2286.685;2900.4;0.0;14492.0;32756.906;6058.236;-8347.945;13.197;19;128;[2.13, 1.758, 1.732, 1.62, 1.885];[2.346, 2.114, 1.362]
35;18350.725;465.167;3393.558;79.453;220.91;2286.685;2900.4;0.0;14492.0;32756.906;6058.236;-8347.945;6.148;19;128;[2.13, 1.882, 1.732, 1.62, 1.885];[2.346, 2.203, 1.362]
36;18312.399;464.63;3391.768;73.908;214.642;2136.242;3278.4;0.0;14456.0;32756.906;6058.236;-8386.271;1.532;19;128;[2.13, 2.094, 1.732, 1.62, 1.885];[2.346, 2.203, 1.626]
37;18312.399;464.63;3391.768;73.908;214.642;2136.242;3278.4;0.0;14456.0;32756.906;6058.236;-8386.271;3.313;19;128;[2.017, 2.094, 1.732, 1.62, 1.885];[2.346, 2.203, 1.563]
38;18312.399;464.63;3391.768;73.908;214.642;2136.242;3278.4;0.0;14456.0;32756.906;6058.236;-8386.271;27.677;19;128;[2.017, 2.094, 1.732, 1.62, 1.997];[2.346, 2.283, 1.563]
39;18312.399;464.63;3391.768;73.908;214.642;2136.242;3278.4;0.0;14456.0;32756.906;6058.236;-8386.271;10.417;19;128;[2.017, 2.094, 1.732, 1.558, 1.997];[2.346, 2.155, 1.563]
40;18312.399;464.63;3391.768;73.908;214.642;2136.242;3278.4;0.0;14456.0;32756.906;6058.236;-8386.271;3.194;19;128;[2.017, 2.185, 1.732, 1.558, 1.997];[2.411, 2.155, 1.563]
41;18312.399;464.63;3391.768;73.908;214.642;2136.242;3278.4;0.0;14456.0;32756.906;6058.236;-8386.271;2.463;19;128;[2.017, 2.267, 1.732, 1.558, 1.997];[2.411, 2.155, 1.707]
42;18312.399;464.63;3391.768;73.908;214.642;2136.242;3278.4;0.0;14456.0;32756.906;6058.236;-8386.271;0.838;19;128;[2.017, 2.34, 1.732, 1.558, 1.997];[2.411, 2.239, 1.707]
43;18312.399;464.63;3391.768;73.908;214.642;2136.242;3278.4;0.0;14456.0;32756.906;6058.236;-8386.271;2.932;19;128;[2.017, 2.406, 1.732, 1.558, 1.997];[2.411, 2.239, 1.836]
44;18312.399;464.63;3391.768;73.908;214.642;2136.242;3278.4;0.0;14456.0;32756.906;6058.236;-8386.271;21.656;19;128;[2.017, 2.406, 1.732, 1.558, 2.097];[2.47, 2.239, 1.836]
45;18312.399;464.63;3391.768;73.908;214.642;2136.242;3278.4;0.0;14456.0;32756.906;6058.236;-8386.271;4.539;19;128;[2.017, 2.406, 1.732, 1.558, 1.987];[2.47, 2.239, 1.752]
46;18312.399;464.63;3391.768;73.908;214.642;2136.242;3278.4;0.0;14456.0;32756.906;6058.236;-8386.271;3.202;19;128;[2.017, 2.406, 1.659, 1.558, 1.987];[2.47, 2.239, 1.677]
47;18312.399;464.63;3391.768;73.908;214.642;2136.242;3278.4;0.0;14456.0;32756.906;6058.236;-8386.271;10.668;19;128;[2.017, 2.406, 1.793, 1.558, 1.987];[2.523, 2.239, 1.677]
48;18312.399;464.63;3391.768;73.908;214.642;2136.242;3278.4;0.0;14456.0;32756.906;6058.236;-8386.271;8.415;19;128;[2.017, 2.265, 1.793, 1.558, 1.987];[2.371, 2.239, 1.677]
49;18312.399;464.63;3391.768;73.908;214.642;2136.242;3278.4;0.0;14456.0;32756.906;6058.236;-8386.271;18.048;19;128;[2.017, 2.265, 1.793, 1.558, 1.888];[2.371, 2.115, 1.677]
618constructshop:True depot:False weather:False;19759.682;538.157;3649.524;74.899;240.81;2188.187;3445.2;0.0;15572.0;33123.002;5692.14;-7671.18;26.253;19;128;[1.0, 1.0, 1.0, 1.0, 1.0];[1.0, 1.0, 1.0]
0;19540.48;542.264;3663.215;66.958;241.33;1982.229;3420.0;0.0;15335.0;33123.002;5692.14;-7890.382;3.641;18;128;[1.0, 1.0, 1.0, 1.0, 1.3];[1.0, 1.0, 1.3]
1;19472.931;545.369;3673.562;65.436;239.647;1940.983;3279.6;0.0;15254.0;33123.002;5692.14;-7957.931;4.044;18;128;[1.0, 1.0, 1.3, 1.0, 1.3];[1.0, 1.0, 1.57]
2;19456.905;527.593;3614.312;62.48;229.193;1853.672;3373.2;0.0;15315.0;33123.002;5692.14;-7973.957;3.398;18;128;[1.3, 1.0, 1.3, 1.0, 1.3];[1.0, 1.0, 1.813]
3;19447.552;525.666;3607.886;63.327;231.812;1878.312;3350.4;0.0;15314.0;33123.002;5692.14;-7983.31;4.408;18;128;[1.3, 1.0, 1.3, 1.3, 1.3];[1.0, 1.0, 2.032]
4;19447.552;525.666;3607.886;63.327;231.812;1878.312;3350.4;0.0;15314.0;33123.002;5692.14;-7983.31;15.436;18;128;[1.3, 1.0, 1.3, 1.27, 1.3];[1.0, 1.0, 2.032]
5;19447.552;525.666;3607.886;63.327;231.812;1878.312;3350.4;0.0;15314.0;33123.002;5692.14;-7983.31;1.64;18;128;[1.3, 1.2, 1.3, 1.27, 1.3];[1.0, 1.0, 2.129]
6;19447.552;525.666;3607.886;63.327;231.812;1878.312;3350.4;0.0;15314.0;33123.002;5692.14;-7983.31;14.926;18;128;[1.3, 1.18, 1.3, 1.27, 1.3];[1.0, 1.0, 2.129]
7;19447.552;525.666;3607.886;63.327;231.812;1878.312;3350.4;0.0;15314.0;33123.002;5692.14;-7983.31;4.988;18;128;[1.3, 1.18, 1.3, 1.27, 1.27];[1.0, 1.0, 2.016]
8;19447.552;525.666;3607.886;63.327;231.812;1878.312;3350.4;0.0;15314.0;33123.002;5692.14;-7983.31;3.616;18;128;[1.3, 1.18, 1.27, 1.27, 1.27];[1.0, 1.0, 1.914]
9;19447.552;525.666;3607.886;63.327;231.812;1878.312;3350.4;0.0;15314.0;33123.002;5692.14;-7983.31;4.172;18;128;[1.3, 1.162, 1.27, 1.27, 1.27];[1.0, 1.0, 1.823]
10;19447.552;525.666;3607.886;63.327;231.812;1878.312;3350.4;0.0;15314.0;33123.002;5692.14;-7983.31;3.441;18;128;[1.3, 1.162, 1.243, 1.27, 1.27];[1.0, 1.0, 1.741]
11;19447.552;525.666;3607.886;63.327;231.812;1878.312;3350.4;0.0;15314.0;33123.002;5692.14;-7983.31;2.834;18;128;[1.3, 1.162, 1.219, 1.27, 1.27];[1.0, 1.0, 1.667]
12;19447.552;525.666;3607.886;63.327;231.812;1878.312;3350.4;0.0;15314.0;33123.002;5692.14;-7983.31;13.455;18;128;[1.3, 1.162, 1.219, 1.443, 1.27];[1.2, 1.0, 1.667]
13;19447.552;525.666;3607.886;63.327;231.812;1878.312;3350.4;0.0;15314.0;33123.002;5692.14;-7983.31;10.001;18;128;[1.3, 1.162, 1.219, 1.399, 1.27];[1.2, 1.0, 1.667]
14;19447.552;525.666;3607.886;63.327;231.812;1878.312;3350.4;0.0;15314.0;33123.002;5692.14;-7983.31;12.52;18;128;[1.3, 1.162, 1.219, 1.359, 1.27];[1.18, 1.0, 1.667]
15;19447.552;525.666;3607.886;63.327;231.812;1878.312;3350.4;0.0;15314.0;33123.002;5692.14;-7983.31;4.217;18;128;[1.3, 1.162, 1.397, 1.359, 1.27];[1.18, 1.0, 1.8]
16;19447.552;525.666;3607.886;63.327;231.812;1878.312;3350.4;0.0;15314.0;33123.002;5692.14;-7983.31;3.7;18;128;[1.47, 1.162, 1.397, 1.359, 1.27];[1.18, 1.0, 1.92]
17;19447.552;525.666;3607.886;63.327;231.812;1878.312;3350.4;0.0;15314.0;33123.002;5692.14;-7983.31;2.6;18;128;[1.47, 1.162, 1.397, 1.323, 1.27];[1.18, 1.0, 1.828]
18;19447.552;525.666;3607.886;63.327;231.812;1878.312;3350.4;0.0;15314.0;33123.002;5692.14;-7983.31;1.266;18;128;[1.47, 1.146, 1.397, 1.323, 1.27];[1.162, 1.0, 1.828]
19;19447.552;525.666;3607.886;63.327;231.812;1878.312;3350.4;0.0;15314.0;33123.002;5692.14;-7983.31;4.307;18;128;[1.47, 1.146, 1.397, 1.323, 1.443];[1.162, 1.0, 1.945]
20;19447.552;525.666;3607.886;63.327;231.812;1878.312;3350.4;0.0;15314.0;33123.002;5692.14;-7983.31;3.527;18;128;[1.423, 1.146, 1.397, 1.323, 1.443];[1.162, 1.0, 1.851]
21;19447.552;525.666;3607.886;63.327;231.812;1878.312;3350.4;0.0;15314.0;33123.002;5692.14;-7983.31;2.713;18;128;[1.423, 1.146, 1.357, 1.323, 1.443];[1.162, 1.0, 1.766]
22;19447.552;525.666;3607.886;63.327;231.812;1878.312;3350.4;0.0;15314.0;33123.002;5692.14;-7983.31;5.974;18;128;[1.423, 1.331, 1.357, 1.323, 1.443];[1.162, 1.2, 1.766]
23;19447.552;525.666;3607.886;63.327;231.812;1878.312;3350.4;0.0;15314.0;33123.002;5692.14;-7983.31;4.016;18;128;[1.423, 1.498, 1.357, 1.323, 1.443];[1.162, 1.38, 1.766]
24;19213.939;531.986;3628.953;80.094;248.562;2331.018;3373.2;0.0;15053.0;33123.002;5692.14;-8216.923;6.716;18;128;[1.423, 1.748, 1.357, 1.323, 1.443];[1.162, 1.642, 1.766]
25;19156.717;518.55;3584.167;69.858;239.368;2055.68;3134.4;0.0;15054.0;33123.002;5692.14;-8274.145;2.561;18;128;[1.423, 1.973, 1.357, 1.323, 1.443];[1.162, 1.642, 1.989]
26;19132.486;526.574;3610.912;77.732;245.039;2266.064;3229.2;0.0;14995.0;33123.002;5692.14;-8298.376;11.076;18;128;[1.681, 1.973, 1.357, 1.323, 1.443];[1.446, 1.642, 1.989]
27;18899.292;505.067;3539.224;78.931;236.146;2288.358;3062.4;0.0;14855.0;33123.002;5692.14;-8531.57;10.536;18;128;[1.681, 1.973, 1.621, 1.323, 1.443];[1.446, 1.878, 1.989]
28;18899.292;505.067;3539.224;78.931;236.146;2288.358;3062.4;0.0;14855.0;33123.002;5692.14;-8531.57;2.943;18;128;[1.681, 1.973, 1.559, 1.323, 1.443];[1.446, 1.878, 1.89]
29;18721.841;492.04;3495.801;69.114;222.457;2019.409;2992.8;0.0;14734.0;33123.002;5692.14;-8709.021;21.203;18;128;[1.681, 1.973, 1.559, 1.323, 1.699];[1.446, 2.09, 1.89]
30;18691.346;485.003;3472.343;71.221;220.731;2072.469;3016.8;0.0;14734.0;33123.002;5692.14;-8739.516;9.57;18;128;[1.681, 1.973, 1.803, 1.323, 1.699];[1.446, 2.281, 1.89]
31;18670.484;480.419;3457.064;70.149;215.708;2039.579;3016.8;0.0;14733.0;33123.002;5692.14;-8760.378;10.583;18;128;[1.681, 1.973, 1.803, 1.591, 1.699];[1.446, 2.453, 1.89]
32;18670.484;480.419;3457.064;70.149;215.708;2039.579;3016.8;0.0;14733.0;33123.002;5692.14;-8760.378;3.487;18;128;[1.681, 1.973, 1.803, 1.591, 1.629];[1.446, 2.453, 1.801]
33;18670.484;480.419;3457.064;70.149;215.708;2039.579;3016.8;0.0;14733.0;33123.002;5692.14;-8760.378;8.099;18;128;[1.681, 1.973, 1.803, 1.732, 1.629];[1.446, 2.508, 1.801]
34;18665.748;474.711;3438.037;60.714;207.772;1786.344;3039.6;0.0;14753.0;33123.002;5692.14;-8765.114;17.076;18;128;[1.681, 1.973, 1.803, 1.732, 1.866];[1.446, 2.657, 1.801]
35;18665.748;474.711;3438.037;60.714;207.772;1786.344;3039.6;0.0;14753.0;33123.002;5692.14;-8765.114;18.154;18;128;[1.681, 1.973, 1.803, 1.732, 1.779];[1.446, 2.491, 1.801]
36;18609.726;462.475;3397.251;63.387;209.428;1857.493;3206.4;0.0;14750.0;33123.002;5692.14;-8821.136;16.523;18;128;[1.681, 1.973, 1.803, 1.732, 2.001];[1.701, 2.491, 1.801]
37;18609.726;462.475;3397.251;63.387;209.428;1857.493;3206.4;0.0;14750.0;33123.002;5692.14;-8821.136;3.521;18;128;[1.681, 1.876, 1.803, 1.732, 2.001];[1.701, 2.342, 1.801]
38;18609.726;462.475;3397.251;63.387;209.428;1857.493;3206.4;0.0;14750.0;33123.002;5692.14;-8821.136;15.846;18;128;[1.681, 1.876, 1.803, 1.732, 1.901];[1.701, 2.208, 1.801]
39;18609.726;462.475;3397.251;63.387;209.428;1857.493;3206.4;0.0;14750.0;33123.002;5692.14;-8821.136;2.787;18;128;[1.813, 1.876, 1.803, 1.732, 1.901];[1.701, 2.208, 1.921]
40;18605.884;493.435;3500.449;64.227;219.341;1889.236;2943.6;0.0;14612.0;33123.002;5692.14;-8824.978;0.906;18;128;[1.813, 2.088, 1.803, 1.732, 1.901];[1.701, 2.208, 2.129]
41;18601.687;492.466;3497.221;67.828;223.997;1987.531;2943.6;0.0;14612.0;33123.002;5692.14;-8829.175;16.132;18;128;[1.813, 2.088, 1.803, 1.732, 2.111];[1.931, 2.208, 2.129]
42;18588.532;507.892;3548.64;63.668;226.583;1881.944;2848.8;0.0;14532.0;33123.002;5692.14;-8842.33;2.077;18;128;[2.032, 2.088, 1.803, 1.732, 2.111];[1.931, 2.208, 2.316]
43;18567.452;503.028;3532.425;62.616;224.088;1852.102;2826.0;0.0;14532.0;33123.002;5692.14;-8863.41;18.2;18;128;[2.032, 2.088, 1.803, 1.732, 2.3];[1.931, 2.387, 2.316]
44;18567.452;503.028;3532.425;62.616;224.088;1852.102;2826.0;0.0;14532.0;33123.002;5692.14;-8863.41;17.564;18;128;[2.032, 2.088, 1.803, 1.732, 2.17];[1.931, 2.248, 2.316]
45;18567.452;503.028;3532.425;62.616;224.088;1852.102;2826.0;0.0;14532.0;33123.002;5692.14;-8863.41;2.16;18;128;[2.032, 1.979, 1.803, 1.732, 2.17];[1.931, 2.248, 2.184]
46;18567.452;503.028;3532.425;62.616;224.088;1852.102;2826.0;0.0;14532.0;33123.002;5692.14;-8863.41;3.512;18;128;[2.032, 2.081, 1.803, 1.732, 2.17];[1.931, 2.323, 2.184]
47;18567.452;503.028;3532.425;62.616;224.088;1852.102;2826.0;0.0;14532.0;33123.002;5692.14;-8863.41;2.733;18;128;[1.929, 2.081, 1.803, 1.732, 2.17];[1.931, 2.323, 2.066]
48;18567.452;503.028;3532.425;62.616;224.088;1852.102;2826.0;0.0;14532.0;33123.002;5692.14;-8863.41;20.482;18;128;[1.929, 2.081, 1.803, 1.732, 2.253];[2.038, 2.323, 2.066]
49;18567.452;503.028;3532.425;62.616;224.088;1852.102;2826.0;0.0;14532.0;33123.002;5692.14;-8863.41;8.709;18;128;[1.836, 2.081, 1.803, 1.732, 2.253];[1.934, 2.323, 2.066]
619constructshop:True depot:False weather:False;19903.241;565.056;3746.186;68.028;248.586;2017.301;3561.6;0.0;15592.0;33093.686;5721.456;-7468.989;32.081;19;128;[1.0, 1.0, 1.0, 1.0, 1.0];[1.0, 1.0, 1.0]
0;19603.985;542.15;3669.835;74.583;245.438;2184.586;3324.0;0.0;15392.0;33093.686;5721.456;-7768.244;21.305;18;128;[1.0, 1.0, 1.0, 1.0, 1.3];[1.3, 1.0, 1.0]
1;19352.679;530.311;3630.368;75.917;239.42;2213.259;3088.8;0.0;15192.0;33093.686;5721.456;-8019.551;26.386;18;128;[1.0, 1.0, 1.0, 1.0, 1.57];[1.3, 1.3, 1.0]
2;19117.15;517.496;3587.654;68.655;230.113;2015.145;2922.0;0.0;15012.0;33093.686;5721.456;-8255.08;11.343;18;128;[1.3, 1.0, 1.0, 1.0, 1.57];[1.3, 1.57, 1.0]
3;19117.15;517.496;3587.654;68.655;230.113;2015.145;2922.0;0.0;15012.0;33093.686;5721.456;-8255.08;4.185;18;128;[1.27, 1.0, 1.0, 1.0, 1.57];[1.3, 1.57, 1.0]
4;18941.887;513.974;3575.913;66.478;227.69;1956.124;2875.2;0.0;14852.0;33093.686;5721.456;-8430.343;13.133;18;128;[1.27, 1.0, 1.0, 1.3, 1.57];[1.3, 1.813, 1.0]
5;18941.887;513.974;3575.913;66.478;227.69;1956.124;2875.2;0.0;14852.0;33093.686;5721.456;-8430.343;11.145;18;128;[1.243, 1.0, 1.0, 1.3, 1.57];[1.27, 1.813, 1.0]
6;18941.887;513.974;3575.913;66.478;227.69;1956.124;2875.2;0.0;14852.0;33093.686;5721.456;-8430.343;10.854;18;128;[1.219, 1.0, 1.0, 1.3, 1.57];[1.243, 1.813, 1.0]
7;18863.196;505.045;3546.151;66.903;223.762;1963.241;2970.0;0.0;14812.0;33093.686;5721.456;-8509.034;20.707;18;128;[1.219, 1.0, 1.0, 1.3, 1.813];[1.519, 1.813, 1.0]
8;18863.196;505.045;3546.151;66.903;223.762;1963.241;2970.0;0.0;14812.0;33093.686;5721.456;-8509.034;11.984;18;128;[1.219, 1.0, 1.0, 1.27, 1.813];[1.467, 1.813, 1.0]
9;18863.196;505.045;3546.151;66.903;223.762;1963.241;2970.0;0.0;14812.0;33093.686;5721.456;-8509.034;11.078;18;128;[1.219, 1.0, 1.0, 1.443, 1.813];[1.62, 1.813, 1.0]
10;18800.197;508.738;3558.459;67.458;224.81;1978.713;3064.8;0.0;14733.0;33093.686;5721.456;-8572.033;2.113;18;128;[1.219, 1.3, 1.0, 1.443, 1.813];[1.62, 1.813, 1.3]
11;18800.197;508.738;3558.459;67.458;224.81;1978.713;3064.8;0.0;14733.0;33093.686;5721.456;-8572.033;2.576;18;128;[1.219, 1.27, 1.0, 1.443, 1.813];[1.62, 1.813, 1.27]
12;18800.197;508.738;3558.459;67.458;224.81;1978.713;3064.8;0.0;14733.0;33093.686;5721.456;-8572.033;14.162;18;128;[1.219, 1.443, 1.0, 1.443, 1.813];[1.62, 1.932, 1.27]
13;18800.197;508.738;3558.459;67.458;224.81;1978.713;3064.8;0.0;14733.0;33093.686;5721.456;-8572.033;20.106;18;128;[1.219, 1.443, 1.0, 1.443, 1.932];[1.758, 1.932, 1.27]
14;18643.143;505.033;3546.11;70.32;229.056;2057.369;2828.4;0.0;14592.0;33093.686;5721.456;-8729.087;3.265;18;128;[1.219, 1.443, 1.3, 1.443, 1.932];[1.758, 1.932, 1.543]
15;18643.143;505.033;3546.11;70.32;229.056;2057.369;2828.4;0.0;14592.0;33093.686;5721.456;-8729.087;3.704;18;128;[1.197, 1.443, 1.3, 1.443, 1.932];[1.758, 1.932, 1.489]
16;18643.143;505.033;3546.11;70.32;229.056;2057.369;2828.4;0.0;14592.0;33093.686;5721.456;-8729.087;11.891;18;128;[1.197, 1.443, 1.3, 1.599, 1.932];[1.882, 1.932, 1.489]
17;18643.143;505.033;3546.11;70.32;229.056;2057.369;2828.4;0.0;14592.0;33093.686;5721.456;-8729.087;17.64;18;128;[1.197, 1.443, 1.3, 1.599, 1.839];[1.794, 1.932, 1.489]
18;18643.143;505.033;3546.11;70.32;229.056;2057.369;2828.4;0.0;14592.0;33093.686;5721.456;-8729.087;15.82;18;128;[1.197, 1.443, 1.3, 1.599, 1.755];[1.715, 1.932, 1.489]
19;18643.143;505.033;3546.11;70.32;229.056;2057.369;2828.4;0.0;14592.0;33093.686;5721.456;-8729.087;9.551;18;128;[1.197, 1.443, 1.3, 1.539, 1.755];[1.715, 1.839, 1.489]
20;18643.143;505.033;3546.11;70.32;229.056;2057.369;2828.4;0.0;14592.0;33093.686;5721.456;-8729.087;4.873;18;128;[1.197, 1.443, 1.3, 1.539, 1.679];[1.715, 1.839, 1.44]
21;18643.143;505.033;3546.11;70.32;229.056;2057.369;2828.4;0.0;14592.0;33093.686;5721.456;-8729.087;1.959;18;128;[1.197, 1.599, 1.3, 1.539, 1.679];[1.715, 1.955, 1.44]
22;18643.143;505.033;3546.11;70.32;229.056;2057.369;2828.4;0.0;14592.0;33093.686;5721.456;-8729.087;19.19;18;128;[1.197, 1.599, 1.3, 1.539, 1.611];[1.715, 1.86, 1.44]
23;18643.143;505.033;3546.11;70.32;229.056;2057.369;2828.4;0.0;14592.0;33093.686;5721.456;-8729.087;15.244;18;128;[1.197, 1.599, 1.3, 1.539, 1.55];[1.644, 1.86, 1.44]
24;18643.143;505.033;3546.11;70.32;229.056;2057.369;2828.4;0.0;14592.0;33093.686;5721.456;-8729.087;3.586;18;128;[1.197, 1.599, 1.3, 1.539, 1.495];[1.644, 1.86, 1.396]
25;18643.143;505.033;3546.11;70.32;229.056;2057.369;2828.4;0.0;14592.0;33093.686;5721.456;-8729.087;14.677;18;128;[1.197, 1.599, 1.3, 1.539, 1.446];[1.58, 1.86, 1.396]
26;18574.857;493.89;3508.967;85.754;234.66;2464.263;3066.0;0.0;14572.0;33093.686;5721.456;-8797.373;7.729;18;128;[1.197, 1.839, 1.3, 1.539, 1.446];[1.58, 2.074, 1.396]
27;18574.857;493.89;3508.967;85.754;234.66;2464.263;3066.0;0.0;14572.0;33093.686;5721.456;-8797.373;2.493;18;128;[1.197, 1.755, 1.3, 1.539, 1.446];[1.58, 2.074, 1.356]
28;18574.857;493.89;3508.967;85.754;234.66;2464.263;3066.0;0.0;14572.0;33093.686;5721.456;-8797.373;2.963;18;128;[1.197, 1.755, 1.3, 1.485, 1.446];[1.58, 2.074, 1.32]
29;18574.857;493.89;3508.967;85.754;234.66;2464.263;3066.0;0.0;14572.0;33093.686;5721.456;-8797.373;1.781;18;128;[1.197, 1.679, 1.3, 1.485, 1.446];[1.58, 2.074, 1.288]
30;18574.857;493.89;3508.967;85.754;234.66;2464.263;3066.0;0.0;14572.0;33093.686;5721.456;-8797.373;10.643;18;128;[1.197, 1.679, 1.27, 1.485, 1.446];[1.522, 2.074, 1.288]
31;18574.857;493.89;3508.967;85.754;234.66;2464.263;3066.0;0.0;14572.0;33093.686;5721.456;-8797.373;4.337;18;128;[1.197, 1.679, 1.27, 1.485, 1.401];[1.522, 2.074, 1.259]
32;18574.857;493.89;3508.967;85.754;234.66;2464.263;3066.0;0.0;14572.0;33093.686;5721.456;-8797.373;9.093;18;128;[1.377, 1.679, 1.27, 1.485, 1.401];[1.522, 2.167, 1.259]
33;18574.857;493.89;3508.967;85.754;234.66;2464.263;3066.0;0.0;14572.0;33093.686;5721.456;-8797.373;8.627;18;128;[1.377, 1.679, 1.27, 1.637, 1.401];[1.67, 2.167, 1.259]
34;18574.857;493.89;3508.967;85.754;234.66;2464.263;3066.0;0.0;14572.0;33093.686;5721.456;-8797.373;7.474;18;128;[1.377, 1.679, 1.27, 1.573, 1.401];[1.67, 2.05, 1.259]
35;18574.857;493.89;3508.967;85.754;234.66;2464.263;3066.0;0.0;14572.0;33093.686;5721.456;-8797.373;3.093;18;128;[1.377, 1.679, 1.243, 1.573, 1.401];[1.67, 2.05, 1.233]
36;18574.857;493.89;3508.967;85.754;234.66;2464.263;3066.0;0.0;14572.0;33093.686;5721.456;-8797.373;9.362;18;128;[1.377, 1.679, 1.219, 1.573, 1.401];[1.67, 1.945, 1.233]
37;18574.857;493.89;3508.967;85.754;234.66;2464.263;3066.0;0.0;14572.0;33093.686;5721.456;-8797.373;8.092;18;128;[1.377, 1.679, 1.219, 1.516, 1.401];[1.67, 1.851, 1.233]
38;18574.857;493.89;3508.967;85.754;234.66;2464.263;3066.0;0.0;14572.0;33093.686;5721.456;-8797.373;7.715;18;128;[1.339, 1.679, 1.219, 1.516, 1.401];[1.603, 1.851, 1.233]
39;18574.857;493.89;3508.967;85.754;234.66;2464.263;3066.0;0.0;14572.0;33093.686;5721.456;-8797.373;8.304;18;128;[1.339, 1.679, 1.219, 1.664, 1.401];[1.743, 1.851, 1.233]
40;18574.857;493.89;3508.967;85.754;234.66;2464.263;3066.0;0.0;14572.0;33093.686;5721.456;-8797.373;23.177;18;128;[1.339, 1.679, 1.219, 1.664, 1.561];[1.743, 1.966, 1.233]
41;18574.857;493.89;3508.967;85.754;234.66;2464.263;3066.0;0.0;14572.0;33093.686;5721.456;-8797.373;11.731;18;128;[1.339, 1.811, 1.219, 1.664, 1.561];[1.743, 2.069, 1.233]
42;18574.857;493.89;3508.967;85.754;234.66;2464.263;3066.0;0.0;14572.0;33093.686;5721.456;-8797.373;3.886;18;128;[1.339, 1.811, 1.219, 1.664, 1.505];[1.743, 2.069, 1.21]
43;18574.857;493.89;3508.967;85.754;234.66;2464.263;3066.0;0.0;14572.0;33093.686;5721.456;-8797.373;6.044;18;128;[1.339, 1.811, 1.219, 1.798, 1.505];[1.869, 2.069, 1.21]
44;18574.857;493.89;3508.967;85.754;234.66;2464.263;3066.0;0.0;14572.0;33093.686;5721.456;-8797.373;2.326;18;128;[1.339, 1.811, 1.219, 1.718, 1.505];[1.869, 2.069, 1.189]
45;18574.857;493.89;3508.967;85.754;234.66;2464.263;3066.0;0.0;14572.0;33093.686;5721.456;-8797.373;17.691;18;128;[1.339, 1.811, 1.219, 1.718, 1.655];[1.982, 2.069, 1.189]
46;18574.857;493.89;3508.967;85.754;234.66;2464.263;3066.0;0.0;14572.0;33093.686;5721.456;-8797.373;5.388;18;128;[1.339, 1.811, 1.397, 1.718, 1.655];[2.084, 2.069, 1.189]
47;18574.857;493.89;3508.967;85.754;234.66;2464.263;3066.0;0.0;14572.0;33093.686;5721.456;-8797.373;5.127;18;128;[1.339, 1.811, 1.397, 1.846, 1.655];[2.084, 2.162, 1.189]
48;18574.857;493.89;3508.967;85.754;234.66;2464.263;3066.0;0.0;14572.0;33093.686;5721.456;-8797.373;17.14;18;128;[1.339, 1.811, 1.397, 1.846, 1.79];[2.084, 2.246, 1.189]
49;18574.857;493.89;3508.967;85.754;234.66;2464.263;3066.0;0.0;14572.0;33093.686;5721.456;-8797.373;15.586;18;128;[1.339, 1.811, 1.397, 1.846, 1.711];[2.084, 2.121, 1.189]
620constructshop:True depot:False weather:False;19212.252;543.981;3650.271;78.396;248.58;2286.885;3394.8;0.0;15018.0;32566.478;6248.664;-7105.562;31.528;19;128;[1.0, 1.0, 1.0, 1.0, 1.0];[1.0, 1.0, 1.0]
0;18975.695;512.93;3546.766;78.071;237.86;2267.714;3062.4;0.0;14916.0;32566.478;6248.664;-7342.119;13.341;20;128;[1.0, 1.0, 1.3, 1.0, 1.0];[1.3, 1.0, 1.0]
1;18873.037;497.316;3500.721;83.336;230.18;2396.927;2920.8;0.0;14875.0;32756.906;6058.236;-7825.633;14.642;19;128;[1.0, 1.0, 1.57, 1.0, 1.0];[1.57, 1.0, 1.0]
2;18836.999;493.846;3489.153;74.56;224.879;2163.443;2874.0;0.0;14854.0;32756.906;6058.236;-7861.671;14.507;19;128;[1.0, 1.0, 1.813, 1.0, 1.0];[1.57, 1.3, 1.0]
3;18836.999;493.846;3489.153;74.56;224.879;2163.443;2874.0;0.0;14854.0;32756.906;6058.236;-7861.671;4.334;19;128;[1.0, 1.0, 1.732, 1.0, 1.0];[1.57, 1.3, 1.0]
4;18836.999;493.846;3489.153;74.56;224.879;2163.443;2874.0;0.0;14854.0;32756.906;6058.236;-7861.671;3.816;19;128;[1.0, 1.0, 1.732, 1.0, 1.0];[1.57, 1.3, 1.0]
5;18836.999;493.846;3489.153;74.56;224.879;2163.443;2874.0;0.0;14854.0;32756.906;6058.236;-7861.671;4.3;19;128;[1.0, 1.0, 1.732, 1.0, 1.0];[1.57, 1.3, 1.0]
6;18818.806;489.878;3475.928;82.105;229.713;2364.449;2779.2;0.0;14853.0;32756.906;6058.236;-7879.864;3.148;19;128;[1.0, 1.0, 1.732, 1.3, 1.0];[1.57, 1.3, 1.3]
7;18818.806;489.878;3475.928;82.105;229.713;2364.449;2779.2;0.0;14853.0;32756.906;6058.236;-7879.864;4.707;19;128;[1.0, 1.0, 1.732, 1.3, 1.0];[1.57, 1.3, 1.27]
8;18818.806;489.878;3475.928;82.105;229.713;2364.449;2779.2;0.0;14853.0;32756.906;6058.236;-7879.864;10.935;19;128;[1.0, 1.0, 1.732, 1.3, 1.0];[1.57, 1.27, 1.27]
9;18818.806;489.878;3475.928;82.105;229.713;2364.449;2779.2;0.0;14853.0;32756.906;6058.236;-7879.864;10.974;19;128;[1.0, 1.0, 1.659, 1.3, 1.0];[1.513, 1.27, 1.27]
10;18818.806;489.878;3475.928;82.105;229.713;2364.449;2779.2;0.0;14853.0;32756.906;6058.236;-7879.864;10.683;19;128;[1.2, 1.0, 1.659, 1.3, 1.0];[1.513, 1.443, 1.27]
11;18818.806;489.878;3475.928;82.105;229.713;2364.449;2779.2;0.0;14853.0;32756.906;6058.236;-7879.864;3.212;19;128;[1.2, 1.0, 1.593, 1.3, 1.0];[1.513, 1.443, 1.243]
12;18818.806;489.878;3475.928;82.105;229.713;2364.449;2779.2;0.0;14853.0;32756.906;6058.236;-7879.864;4.145;19;128;[1.2, 1.0, 1.593, 1.3, 1.2];[1.513, 1.443, 1.419]
13;18773.394;464.629;3391.764;70.008;213.936;2034.137;3300.0;0.0;14917.0;32756.906;6058.236;-7925.276;10.849;19;128;[1.2, 1.0, 1.834, 1.3, 1.2];[1.762, 1.443, 1.419]
14;18580.768;443.946;3322.822;75.429;208.915;2170.075;3182.4;0.0;14814.0;32756.906;6058.236;-8117.902;27.015;19;128;[1.2, 1.0, 1.834, 1.3, 1.48];[1.986, 1.443, 1.419]
15;18469.933;464.523;3391.41;77.442;218.011;2231.494;2659.2;0.0;14614.0;32756.906;6058.236;-8228.737;3.367;19;128;[1.2, 1.0, 2.051, 1.3, 1.48];[1.986, 1.443, 1.677]
16;18469.933;464.523;3391.41;77.442;218.011;2231.494;2659.2;0.0;14614.0;32756.906;6058.236;-8228.737;3.483;19;128;[1.18, 1.0, 2.051, 1.3, 1.48];[1.986, 1.443, 1.609]
17;18469.933;464.523;3391.41;77.442;218.011;2231.494;2659.2;0.0;14614.0;32756.906;6058.236;-8228.737;12.926;19;128;[1.18, 1.0, 2.146, 1.3, 1.48];[2.087, 1.443, 1.609]
18;18469.933;464.523;3391.41;77.442;218.011;2231.494;2659.2;0.0;14614.0;32756.906;6058.236;-8228.737;2.978;19;128;[1.362, 1.0, 2.146, 1.3, 1.48];[2.087, 1.443, 1.748]
19;18469.933;464.523;3391.41;77.442;218.011;2231.494;2659.2;0.0;14614.0;32756.906;6058.236;-8228.737;12.867;19;128;[1.362, 1.0, 2.231, 1.3, 1.48];[2.178, 1.443, 1.748]
20;18469.933;464.523;3391.41;77.442;218.011;2231.494;2659.2;0.0;14614.0;32756.906;6058.236;-8228.737;1.306;19;128;[1.362, 1.2, 2.231, 1.3, 1.48];[2.26, 1.443, 1.748]
21;18469.933;464.523;3391.41;77.442;218.011;2231.494;2659.2;0.0;14614.0;32756.906;6058.236;-8228.737;3.626;19;128;[1.362, 1.2, 2.108, 1.3, 1.48];[2.26, 1.443, 1.673]
22;18469.933;464.523;3391.41;77.442;218.011;2231.494;2659.2;0.0;14614.0;32756.906;6058.236;-8228.737;3.741;19;128;[1.526, 1.2, 2.108, 1.3, 1.48];[2.26, 1.443, 1.806]
23;18469.933;464.523;3391.41;77.442;218.011;2231.494;2659.2;0.0;14614.0;32756.906;6058.236;-8228.737;1.499;19;128;[1.526, 1.38, 2.108, 1.3, 1.48];[2.26, 1.443, 1.925]
24;18469.933;464.523;3391.41;77.442;218.011;2231.494;2659.2;0.0;14614.0;32756.906;6058.236;-8228.737;8.311;19;128;[1.473, 1.38, 2.108, 1.3, 1.48];[2.26, 1.399, 1.925]
25;18469.933;464.523;3391.41;77.442;218.011;2231.494;2659.2;0.0;14614.0;32756.906;6058.236;-8228.737;1.291;19;128;[1.473, 1.542, 2.108, 1.3, 1.48];[2.334, 1.399, 1.925]
26;18391.0;460.154;3376.846;70.974;212.703;2058.016;2611.2;0.0;14554.0;32756.906;6058.236;-8307.67;22.165;19;128;[1.473, 1.542, 2.108, 1.3, 1.732];[2.501, 1.399, 1.925]
27;18391.0;460.154;3376.846;70.974;212.703;2058.016;2611.2;0.0;14554.0;32756.906;6058.236;-8307.67;2.991;19;128;[1.426, 1.542, 2.108, 1.3, 1.732];[2.501, 1.399, 1.833]
28;18324.669;444.616;3325.053;65.056;201.507;1892.967;2634.0;0.0;14555.0;32756.906;6058.236;-8374.001;7.227;19;128;[1.426, 1.542, 2.108, 1.57, 1.732];[2.651, 1.399, 1.833]
29;18324.669;444.616;3325.053;65.056;201.507;1892.967;2634.0;0.0;14555.0;32756.906;6058.236;-8374.001;23.057;19;128;[1.426, 1.542, 2.108, 1.57, 1.659];[2.486, 1.399, 1.833]
30;18249.455;431.874;3282.581;64.46;195.261;1871.223;2611.2;0.0;14535.0;32756.906;6058.236;-8449.215;2.415;19;128;[1.426, 1.788, 2.108, 1.57, 1.659];[2.486, 1.399, 2.05]
31;18249.455;431.874;3282.581;64.46;195.261;1871.223;2611.2;0.0;14535.0;32756.906;6058.236;-8449.215;3.611;19;128;[1.426, 1.788, 2.108, 1.57, 1.593];[2.486, 1.399, 1.945]
32;18249.455;431.874;3282.581;64.46;195.261;1871.223;2611.2;0.0;14535.0;32756.906;6058.236;-8449.215;3.046;19;128;[1.426, 1.788, 1.997, 1.57, 1.593];[2.486, 1.399, 1.851]
33;18249.455;431.874;3282.581;64.46;195.261;1871.223;2611.2;0.0;14535.0;32756.906;6058.236;-8449.215;2.439;19;128;[1.426, 1.788, 1.997, 1.513, 1.593];[2.486, 1.399, 1.766]
34;18249.455;431.874;3282.581;64.46;195.261;1871.223;2611.2;0.0;14535.0;32756.906;6058.236;-8449.215;21.84;19;128;[1.426, 1.788, 1.997, 1.513, 1.734];[2.537, 1.399, 1.766]
35;18249.455;431.874;3282.581;64.46;195.261;1871.223;2611.2;0.0;14535.0;32756.906;6058.236;-8449.215;23.602;19;128;[1.426, 1.788, 1.997, 1.513, 1.661];[2.537, 1.359, 1.766]
36;18249.455;431.874;3282.581;64.46;195.261;1871.223;2611.2;0.0;14535.0;32756.906;6058.236;-8449.215;8.732;19;128;[1.426, 1.788, 2.097, 1.513, 1.661];[2.583, 1.359, 1.766]
37;18249.455;431.874;3282.581;64.46;195.261;1871.223;2611.2;0.0;14535.0;32756.906;6058.236;-8449.215;10.083;19;128;[1.426, 1.788, 1.987, 1.513, 1.661];[2.583, 1.323, 1.766]
38;18249.455;431.874;3282.581;64.46;195.261;1871.223;2611.2;0.0;14535.0;32756.906;6058.236;-8449.215;1.88;19;128;[1.426, 1.709, 1.987, 1.513, 1.661];[2.583, 1.323, 1.689]
39;18249.455;431.874;3282.581;64.46;195.261;1871.223;2611.2;0.0;14535.0;32756.906;6058.236;-8449.215;7.048;19;128;[1.383, 1.709, 1.987, 1.513, 1.661];[2.583, 1.291, 1.689]
40;18249.455;431.874;3282.581;64.46;195.261;1871.223;2611.2;0.0;14535.0;32756.906;6058.236;-8449.215;2.654;19;128;[1.383, 1.638, 1.987, 1.513, 1.661];[2.583, 1.291, 1.62]
41;18249.455;431.874;3282.581;64.46;195.261;1871.223;2611.2;0.0;14535.0;32756.906;6058.236;-8449.215;9.501;19;128;[1.383, 1.638, 2.088, 1.513, 1.661];[2.625, 1.291, 1.62]
42;18249.455;431.874;3282.581;64.46;195.261;1871.223;2611.2;0.0;14535.0;32756.906;6058.236;-8449.215;10.378;19;128;[1.383, 1.638, 2.179, 1.513, 1.661];[2.663, 1.291, 1.62]
43;18249.455;431.874;3282.581;64.46;195.261;1871.223;2611.2;0.0;14535.0;32756.906;6058.236;-8449.215;4.076;19;128;[1.383, 1.638, 2.179, 1.513, 1.595];[2.663, 1.291, 1.558]
44;18249.455;431.874;3282.581;64.46;195.261;1871.223;2611.2;0.0;14535.0;32756.906;6058.236;-8449.215;23.802;19;128;[1.383, 1.638, 2.179, 1.513, 1.736];[2.697, 1.291, 1.558]
45;18249.455;431.874;3282.581;64.46;195.261;1871.223;2611.2;0.0;14535.0;32756.906;6058.236;-8449.215;6.977;19;128;[1.383, 1.774, 2.179, 1.513, 1.736];[2.727, 1.291, 1.558]
46;18249.455;431.874;3282.581;64.46;195.261;1871.223;2611.2;0.0;14535.0;32756.906;6058.236;-8449.215;9.249;19;128;[1.545, 1.774, 2.179, 1.513, 1.736];[2.754, 1.291, 1.558]
47;18249.455;431.874;3282.581;64.46;195.261;1871.223;2611.2;0.0;14535.0;32756.906;6058.236;-8449.215;6.456;19;128;[1.545, 1.897, 2.179, 1.513, 1.736];[2.779, 1.291, 1.558]
48;18249.455;431.874;3282.581;64.46;195.261;1871.223;2611.2;0.0;14535.0;32756.906;6058.236;-8449.215;3.077;19;128;[1.491, 1.897, 2.179, 1.513, 1.736];[2.779, 1.291, 1.502]
49;18249.455;431.874;3282.581;64.46;195.261;1871.223;2611.2;0.0;14535.0;32756.906;6058.236;-8449.215;12.097;19;128;[1.491, 2.007, 2.179, 1.513, 1.736];[2.801, 1.291, 1.502]
621constructshop:True depot:False weather:False;19962.252;526.904;3623.348;75.245;234.164;2190.528;3774.0;0.0;15812.0;33190.202;5624.94;-7603.01;26.323;19;128;[1.0, 1.0, 1.0, 1.0, 1.0];[1.0, 1.0, 1.0]
0;19917.82;539.728;3666.092;80.935;244.056;2348.375;3774.0;0.0;15712.0;33190.202;5624.94;-7647.442;12.674;18;128;[1.0, 1.0, 1.0, 1.3, 1.0];[1.0, 1.3, 1.0]
1;19769.458;528.798;3629.66;70.97;236.409;2081.622;3656.4;0.0;15611.0;33190.202;5624.94;-7795.804;26.098;18;128;[1.0, 1.0, 1.0, 1.3, 1.3];[1.0, 1.57, 1.0]
2;19769.458;528.798;3629.66;70.97;236.409;2081.622;3656.4;0.0;15611.0;33190.202;5624.94;-7795.804;5.234;18;128;[1.0, 1.0, 1.0, 1.3, 1.27];[1.0, 1.57, 1.0]
3;19742.073;522.479;3608.595;71.198;232.476;2083.626;3656.4;0.0;15611.0;33190.202;5624.94;-7823.188;11.937;18;128;[1.0, 1.0, 1.0, 1.57, 1.27];[1.0, 1.813, 1.0]
4;19566.083;495.942;3520.141;58.452;213.969;1733.727;3656.4;0.0;15550.0;33190.202;5624.94;-7999.179;18.764;18;128;[1.0, 1.0, 1.0, 1.57, 1.543];[1.0, 2.032, 1.0]
5;19566.083;495.942;3520.141;58.452;213.969;1733.727;3656.4;0.0;15550.0;33190.202;5624.94;-7999.179;3.574;18;128;[1.0, 1.0, 1.0, 1.513, 1.543];[1.0, 2.032, 1.0]
6;19566.083;495.942;3520.141;58.452;213.969;1733.727;3656.4;0.0;15550.0;33190.202;5624.94;-7999.179;8.176;18;128;[1.2, 1.0, 1.0, 1.513, 1.543];[1.0, 2.129, 1.0]
7;19566.083;495.942;3520.141;58.452;213.969;1733.727;3656.4;0.0;15550.0;33190.202;5624.94;-7999.179;3.33;18;128;[1.2, 1.0, 1.0, 1.462, 1.543];[1.0, 2.129, 1.0]
8;19566.083;495.942;3520.141;58.452;213.969;1733.727;3656.4;0.0;15550.0;33190.202;5624.94;-7999.179;0.889;18;128;[1.2, 1.2, 1.0, 1.462, 1.543];[1.2, 2.129, 1.0]
9;19435.852;507.427;3558.424;55.748;218.047;1667.491;3513.6;0.0;15370.0;33190.202;5624.94;-8129.41;4.477;18;128;[1.2, 1.2, 1.0, 1.462, 1.789];[1.2, 2.129, 1.3]
10;19435.852;507.427;3558.424;55.748;218.047;1667.491;3513.6;0.0;15370.0;33190.202;5624.94;-8129.41;1.468;18;128;[1.2, 1.38, 1.0, 1.462, 1.789];[1.38, 2.129, 1.3]
11;19308.114;510.026;3567.088;57.915;220.406;1726.202;3465.6;0.0;15231.0;33190.202;5624.94;-8257.148;11.487;18;128;[1.48, 1.38, 1.0, 1.462, 1.789];[1.38, 2.316, 1.3]
12;19308.114;510.026;3567.088;57.915;220.406;1726.202;3465.6;0.0;15231.0;33190.202;5624.94;-8257.148;5.12;18;128;[1.432, 1.38, 1.0, 1.462, 1.789];[1.38, 2.316, 1.27]
13;19308.114;510.026;3567.088;57.915;220.406;1726.202;3465.6;0.0;15231.0;33190.202;5624.94;-8257.148;3.706;18;128;[1.432, 1.38, 1.0, 1.416, 1.789];[1.38, 2.316, 1.243]
14;19308.114;510.026;3567.088;57.915;220.406;1726.202;3465.6;0.0;15231.0;33190.202;5624.94;-8257.148;25.057;18;128;[1.432, 1.38, 1.0, 1.416, 1.71];[1.38, 2.184, 1.243]
15;19308.114;510.026;3567.088;57.915;220.406;1726.202;3465.6;0.0;15231.0;33190.202;5624.94;-8257.148;2.271;18;128;[1.432, 1.38, 1.0, 1.574, 1.71];[1.38, 2.184, 1.419]
16;19308.114;510.026;3567.088;57.915;220.406;1726.202;3465.6;0.0;15231.0;33190.202;5624.94;-8257.148;4.803;18;128;[1.432, 1.38, 1.0, 1.574, 1.639];[1.38, 2.184, 1.377]
17;19238.103;507.024;3557.079;66.503;230.969;1960.038;3535.2;0.0;15174.0;33190.202;5624.94;-8327.159;5.834;18;128;[1.432, 1.642, 1.0, 1.574, 1.639];[1.38, 2.366, 1.377]
18;19135.062;501.707;3539.356;74.209;233.425;2162.855;3440.4;0.0;15094.0;33190.202;5624.94;-8430.2;7.656;18;128;[1.689, 1.642, 1.0, 1.574, 1.639];[1.642, 2.366, 1.377]
19;19065.813;494.957;3516.856;72.193;227.511;2104.518;3511.2;0.0;15054.0;33190.202;5624.94;-8499.449;1.521;18;128;[1.689, 1.878, 1.0, 1.574, 1.639];[1.642, 2.366, 1.639]
20;18856.797;497.722;3526.074;74.321;228.59;2160.924;3180.0;0.0;14833.0;33190.202;5624.94;-8708.465;8.225;18;128;[1.92, 1.878, 1.0, 1.574, 1.639];[1.642, 2.529, 1.639]
21;18756.843;475.348;3451.494;71.526;217.024;2076.701;3109.2;0.0;14830.0;33190.202;5624.94;-8808.419;24.402;18;128;[1.92, 1.878, 1.0, 1.574, 1.875];[1.878, 2.529, 1.639]
22;18664.347;467.849;3426.498;70.836;213.533;2055.278;3109.2;0.0;14770.0;33190.202;5624.94;-8900.915;4.624;18;128;[1.92, 2.09, 1.0, 1.574, 1.875];[1.878, 2.676, 1.639]
23;18664.347;467.849;3426.498;70.836;213.533;2055.278;3109.2;0.0;14770.0;33190.202;5624.94;-8900.915;9.786;18;128;[1.92, 2.09, 1.0, 1.517, 1.875];[1.878, 2.508, 1.639]
24;18664.347;467.849;3426.498;70.836;213.533;2055.278;3109.2;0.0;14770.0;33190.202;5624.94;-8900.915;7.822;18;128;[1.92, 2.09, 1.0, 1.665, 1.875];[1.878, 2.557, 1.639]
25;18664.347;467.849;3426.498;70.836;213.533;2055.278;3109.2;0.0;14770.0;33190.202;5624.94;-8900.915;1.835;18;128;[1.92, 2.181, 1.0, 1.665, 1.875];[1.99, 2.557, 1.639]
26;18640.425;466.944;3423.481;58.883;207.013;1737.978;3015.6;0.0;14750.0;33190.202;5624.94;-8924.837;20.862;18;128;[1.92, 2.181, 1.0, 1.665, 2.087];[2.191, 2.557, 1.639]
27;18640.425;466.944;3423.481;58.883;207.013;1737.978;3015.6;0.0;14750.0;33190.202;5624.94;-8924.837;21.631;18;128;[1.92, 2.181, 1.0, 1.665, 1.978];[2.072, 2.557, 1.639]
28;18640.425;466.944;3423.481;58.883;207.013;1737.978;3015.6;0.0;14750.0;33190.202;5624.94;-8924.837;8.332;18;128;[1.828, 2.181, 1.0, 1.665, 1.978];[1.965, 2.557, 1.639]
29;18548.356;450.313;3368.043;68.423;205.536;1984.54;2922.0;0.0;14730.0;33190.202;5624.94;-9016.906;8.298;18;128;[2.045, 2.181, 1.0, 1.665, 1.978];[1.965, 2.701, 1.639]
30;18548.356;450.313;3368.043;68.423;205.536;1984.54;2922.0;0.0;14730.0;33190.202;5624.94;-9016.906;7.474;18;128;[2.045, 2.181, 1.0, 1.665, 1.978];[1.965, 2.531, 1.639]
31;18548.356;450.313;3368.043;68.423;205.536;1984.54;2922.0;0.0;14730.0;33190.202;5624.94;-9016.906;2.708;18;128;[2.045, 2.063, 1.0, 1.665, 1.978];[1.965, 2.531, 1.575]
32;18548.356;450.313;3368.043;68.423;205.536;1984.54;2922.0;0.0;14730.0;33190.202;5624.94;-9016.906;2.131;18;128;[2.045, 1.957, 1.0, 1.665, 1.978];[1.965, 2.531, 1.518]
33;18548.356;450.313;3368.043;68.423;205.536;1984.54;2922.0;0.0;14730.0;33190.202;5624.94;-9016.906;3.376;18;128;[2.045, 1.957, 1.0, 1.665, 1.88];[1.965, 2.531, 1.466]
34;18548.356;450.313;3368.043;68.423;205.536;1984.54;2922.0;0.0;14730.0;33190.202;5624.94;-9016.906;8.493;18;128;[2.045, 1.957, 1.2, 1.665, 1.88];[2.069, 2.531, 1.466]
35;18548.356;450.313;3368.043;68.423;205.536;1984.54;2922.0;0.0;14730.0;33190.202;5624.94;-9016.906;3.488;18;128;[2.045, 1.957, 1.2, 1.665, 1.792];[2.069, 2.531, 1.419]
36;18548.356;450.313;3368.043;68.423;205.536;1984.54;2922.0;0.0;14730.0;33190.202;5624.94;-9016.906;2.522;18;128;[1.941, 1.957, 1.2, 1.665, 1.792];[2.069, 2.531, 1.377]
37;18548.356;450.313;3368.043;68.423;205.536;1984.54;2922.0;0.0;14730.0;33190.202;5624.94;-9016.906;19.763;18;128;[1.941, 1.957, 1.2, 1.665, 1.913];[2.069, 2.578, 1.377]
38;18548.356;450.313;3368.043;68.423;205.536;1984.54;2922.0;0.0;14730.0;33190.202;5624.94;-9016.906;20.213;18;128;[1.941, 1.957, 1.2, 1.665, 1.822];[1.962, 2.578, 1.377]
39;18548.356;450.313;3368.043;68.423;205.536;1984.54;2922.0;0.0;14730.0;33190.202;5624.94;-9016.906;2.137;18;128;[1.941, 1.957, 1.2, 1.599, 1.822];[1.962, 2.578, 1.339]
40;18548.356;450.313;3368.043;68.423;205.536;1984.54;2922.0;0.0;14730.0;33190.202;5624.94;-9016.906;5.828;18;128;[1.941, 1.861, 1.2, 1.599, 1.822];[1.866, 2.578, 1.339]
41;18548.356;450.313;3368.043;68.423;205.536;1984.54;2922.0;0.0;14730.0;33190.202;5624.94;-9016.906;3.754;18;128;[1.941, 1.975, 1.2, 1.599, 1.822];[1.979, 2.578, 1.339]
42;18548.356;450.313;3368.043;68.423;205.536;1984.54;2922.0;0.0;14730.0;33190.202;5624.94;-9016.906;9.48;18;128;[1.941, 1.975, 1.2, 1.539, 1.822];[1.979, 2.42, 1.339]
43;18548.356;450.313;3368.043;68.423;205.536;1984.54;2922.0;0.0;14730.0;33190.202;5624.94;-9016.906;7.628;18;128;[1.941, 1.975, 1.38, 1.539, 1.822];[2.081, 2.42, 1.339]
44;18548.356;450.313;3368.043;68.423;205.536;1984.54;2922.0;0.0;14730.0;33190.202;5624.94;-9016.906;3.416;18;128;[1.941, 1.975, 1.38, 1.539, 1.94];[2.081, 2.42, 1.505]
45;18548.356;450.313;3368.043;68.423;205.536;1984.54;2922.0;0.0;14730.0;33190.202;5624.94;-9016.906;2.922;18;128;[1.941, 1.975, 1.38, 1.539, 1.846];[2.081, 2.42, 1.455]
46;18543.021;430.851;3303.17;62.502;187.625;1812.672;3328.8;0.0;14809.0;33190.202;5624.94;-9022.241;9.725;18;128;[1.941, 1.975, 1.642, 1.539, 1.846];[2.273, 2.42, 1.455]
47;18543.021;430.851;3303.17;62.502;187.625;1812.672;3328.8;0.0;14809.0;33190.202;5624.94;-9022.241;8.698;18;128;[1.941, 1.975, 1.642, 1.485, 1.846];[2.146, 2.42, 1.455]
48;18543.021;430.851;3303.17;62.502;187.625;1812.672;3328.8;0.0;14809.0;33190.202;5624.94;-9022.241;9.225;18;128;[1.847, 1.975, 1.642, 1.485, 1.846];[2.146, 2.278, 1.455]
49;18543.021;430.851;3303.17;62.502;187.625;1812.672;3328.8;0.0;14809.0;33190.202;5624.94;-9022.241;24.762;18;128;[1.847, 1.975, 1.642, 1.485, 1.761];[2.031, 2.278, 1.455]
622constructshop:True depot:False weather:False;19747.575;573.363;3754.212;84.463;270.89;2466.93;3963.6;0.0;15420.0;32756.906;6058.236;-6951.095;31.382;19;128;[1.0, 1.0, 1.0, 1.0, 1.0];[1.0, 1.0, 1.0]
0;19650.997;560.538;3711.459;84.807;265.249;2470.235;3724.8;0.0;15379.0;32756.906;6058.236;-7047.673;9.315;19;128;[1.3, 1.0, 1.0, 1.0, 1.0];[1.3, 1.0, 1.0]
1;19589.138;560.339;3710.798;79.477;261.003;2327.403;3606.0;0.0;15318.0;32756.906;6058.236;-7109.532;10.469;19;128;[1.57, 1.0, 1.0, 1.0, 1.0];[1.57, 1.0, 1.0]
2;19266.247;545.826;3662.421;72.466;248.959;2133.07;3369.6;0.0;15058.0;32756.906;6058.236;-7432.423;27.43;19;128;[1.57, 1.0, 1.0, 1.0, 1.3];[1.57, 1.3, 1.0]
3;19169.754;523.789;3588.965;72.466;238.909;2123.019;3346.8;0.0;15057.0;32756.906;6058.236;-7528.916;11.211;19;128;[1.57, 1.0, 1.0, 1.3, 1.3];[1.57, 1.57, 1.0]
4;19169.058;523.398;3587.66;72.466;238.851;2122.962;3369.6;0.0;15058.0;32756.906;6058.236;-7529.612;9.145;19;128;[1.57, 1.0, 1.0, 1.57, 1.3];[1.813, 1.57, 1.0]
5;19000.43;512.407;3551.023;65.224;231.091;1926.909;3298.8;0.0;14937.0;32756.906;6058.236;-7698.24;9.583;19;128;[1.813, 1.0, 1.0, 1.57, 1.3];[2.032, 1.57, 1.0]
6;18986.776;509.025;3539.751;65.224;229.732;1925.549;3321.6;0.0;14938.0;32756.906;6058.236;-7711.894;8.818;19;128;[1.813, 1.0, 1.0, 1.813, 1.3];[2.229, 1.57, 1.0]
7;18986.776;509.025;3539.751;65.224;229.732;1925.549;3321.6;0.0;14938.0;32756.906;6058.236;-7711.894;3.595;19;128;[1.732, 1.0, 1.0, 1.813, 1.3];[2.229, 1.57, 1.0]
8;18986.776;509.025;3539.751;65.224;229.732;1925.549;3321.6;0.0;14938.0;32756.906;6058.236;-7711.894;9.737;19;128;[1.732, 1.0, 1.0, 1.732, 1.3];[2.229, 1.513, 1.0]
9;18986.776;509.025;3539.751;65.224;229.732;1925.549;3321.6;0.0;14938.0;32756.906;6058.236;-7711.894;9.507;19;128;[1.732, 1.0, 1.0, 1.859, 1.3];[2.306, 1.513, 1.0]
10;18986.776;509.025;3539.751;65.224;229.732;1925.549;3321.6;0.0;14938.0;32756.906;6058.236;-7711.894;8.959;19;128;[1.859, 1.0, 1.0, 1.859, 1.3];[2.375, 1.513, 1.0]
11;18986.776;509.025;3539.751;65.224;229.732;1925.549;3321.6;0.0;14938.0;32756.906;6058.236;-7711.894;3.99;19;128;[1.859, 1.2, 1.0, 1.859, 1.3];[2.375, 1.662, 1.0]
12;18986.776;509.025;3539.751;65.224;229.732;1925.549;3321.6;0.0;14938.0;32756.906;6058.236;-7711.894;4.109;19;128;[1.859, 1.2, 1.0, 1.859, 1.3];[2.375, 1.662, 1.0]
13;18986.776;509.025;3539.751;65.224;229.732;1925.549;3321.6;0.0;14938.0;32756.906;6058.236;-7711.894;9.709;19;128;[1.859, 1.2, 1.2, 1.859, 1.3];[2.375, 1.796, 1.0]
14;18986.776;509.025;3539.751;65.224;229.732;1925.549;3321.6;0.0;14938.0;32756.906;6058.236;-7711.894;9.397;19;128;[1.859, 1.2, 1.2, 1.973, 1.3];[2.375, 1.916, 1.0]
15;18986.776;509.025;3539.751;65.224;229.732;1925.549;3321.6;0.0;14938.0;32756.906;6058.236;-7711.894;9.03;19;128;[1.973, 1.2, 1.2, 1.973, 1.3];[2.438, 1.916, 1.0]
16;18979.546;517.511;3568.036;62.738;232.398;1863.576;3087.6;0.0;14894.0;32756.906;6058.236;-7719.124;9.66;19;128;[2.176, 1.2, 1.2, 1.973, 1.3];[2.594, 1.916, 1.0]
17;18979.546;517.511;3568.036;62.738;232.398;1863.576;3087.6;0.0;14894.0;32756.906;6058.236;-7719.124;3.838;19;128;[2.176, 1.2, 1.2, 1.876, 1.3];[2.594, 1.916, 1.0]
18;18719.842;499.117;3506.724;57.011;219.951;1702.229;2968.8;0.0;14714.0;32756.906;6058.236;-7978.828;26.493;19;128;[2.176, 1.2, 1.2, 1.876, 1.57];[2.594, 2.124, 1.0]
19;18719.842;499.117;3506.724;57.011;219.951;1702.229;2968.8;0.0;14714.0;32756.906;6058.236;-7978.828;11.427;19;128;[2.176, 1.2, 1.18, 1.876, 1.57];[2.435, 2.124, 1.0]
20;18703.166;495.269;3493.897;50.172;215.186;1519.655;3064.8;0.0;14714.0;32756.906;6058.236;-7995.504;8.928;19;128;[2.176, 1.2, 1.18, 2.088, 1.57];[2.591, 2.124, 1.0]
21;18703.166;495.269;3493.897;50.172;215.186;1519.655;3064.8;0.0;14714.0;32756.906;6058.236;-7995.504;3.547;19;128;[2.176, 1.2, 1.18, 1.979, 1.57];[2.591, 2.124, 1.0]
22;18703.166;495.269;3493.897;50.172;215.186;1519.655;3064.8;0.0;14714.0;32756.906;6058.236;-7995.504;3.601;19;128;[2.176, 1.38, 1.18, 1.979, 1.57];[2.591, 2.212, 1.0]
23;18703.166;495.269;3493.897;50.172;215.186;1519.655;3064.8;0.0;14714.0;32756.906;6058.236;-7995.504;3.956;19;128;[2.058, 1.38, 1.18, 1.979, 1.57];[2.591, 2.212, 1.0]
24;18600.907;503.055;3519.852;65.787;229.205;1939.661;3492.0;0.0;14578.0;32756.906;6058.236;-8097.763;10.276;19;128;[2.252, 1.38, 1.18, 1.979, 1.57];[2.732, 2.212, 1.0]
25;18537.401;488.862;3472.539;65.124;219.222;1912.452;3326.4;0.0;14576.0;32756.906;6058.236;-8161.269;8.866;19;128;[2.252, 1.38, 1.18, 2.181, 1.57];[2.859, 2.212, 1.0]
26;18507.909;482.056;3449.853;65.704;216.932;1925.224;3326.4;0.0;14576.0;32756.906;6058.236;-8190.761;10.948;19;128;[2.252, 1.38, 1.462, 2.181, 1.57];[2.859, 2.391, 1.0]
27;18507.909;482.056;3449.853;65.704;216.932;1925.224;3326.4;0.0;14576.0;32756.906;6058.236;-8190.761;21.779;19;128;[2.252, 1.38, 1.462, 2.181, 1.513];[2.859, 2.252, 1.0]
28;18507.909;482.056;3449.853;65.704;216.932;1925.224;3326.4;0.0;14576.0;32756.906;6058.236;-8190.761;3.487;19;128;[2.127, 1.38, 1.462, 2.181, 1.513];[2.859, 2.252, 1.0]
29;18507.909;482.056;3449.853;65.704;216.932;1925.224;3326.4;0.0;14576.0;32756.906;6058.236;-8190.761;11.592;19;128;[2.127, 1.38, 1.616, 2.181, 1.513];[2.873, 2.252, 1.0]
30;18507.909;482.056;3449.853;65.704;216.932;1925.224;3326.4;0.0;14576.0;32756.906;6058.236;-8190.761;2.899;19;128;[2.127, 1.542, 1.616, 2.181, 1.513];[2.886, 2.252, 1.0]
31;18507.909;482.056;3449.853;65.704;216.932;1925.224;3326.4;0.0;14576.0;32756.906;6058.236;-8190.761;2.821;19;128;[2.014, 1.542, 1.616, 2.181, 1.513];[2.886, 2.252, 1.0]
32;18507.909;482.056;3449.853;65.704;216.932;1925.224;3326.4;0.0;14576.0;32756.906;6058.236;-8190.761;3.544;19;128;[2.113, 1.542, 1.616, 2.181, 1.513];[2.886, 2.252, 1.2]
33;18507.909;482.056;3449.853;65.704;216.932;1925.224;3326.4;0.0;14576.0;32756.906;6058.236;-8190.761;8.931;19;128;[2.002, 1.542, 1.616, 2.181, 1.513];[2.697, 2.252, 1.2]
34;18507.909;482.056;3449.853;65.704;216.932;1925.224;3326.4;0.0;14576.0;32756.906;6058.236;-8190.761;3.164;19;128;[2.002, 1.542, 1.554, 2.181, 1.513];[2.697, 2.252, 1.18]
35;18507.909;482.056;3449.853;65.704;216.932;1925.224;3326.4;0.0;14576.0;32756.906;6058.236;-8190.761;7.929;19;128;[2.102, 1.542, 1.554, 2.181, 1.513];[2.727, 2.252, 1.18]
36;18507.909;482.056;3449.853;65.704;216.932;1925.224;3326.4;0.0;14576.0;32756.906;6058.236;-8190.761;2.868;19;128;[2.102, 1.542, 1.554, 2.063, 1.513];[2.727, 2.252, 1.162]
37;18507.909;482.056;3449.853;65.704;216.932;1925.224;3326.4;0.0;14576.0;32756.906;6058.236;-8190.761;8.269;19;128;[2.192, 1.542, 1.554, 2.063, 1.513];[2.727, 2.327, 1.162]
38;18507.909;482.056;3449.853;65.704;216.932;1925.224;3326.4;0.0;14576.0;32756.906;6058.236;-8190.761;6.915;19;128;[2.192, 1.688, 1.554, 2.063, 1.513];[2.754, 2.327, 1.162]
39;18507.909;482.056;3449.853;65.704;216.932;1925.224;3326.4;0.0;14576.0;32756.906;6058.236;-8190.761;7.571;19;128;[2.192, 1.619, 1.554, 2.063, 1.513];[2.754, 2.194, 1.162]
40;18507.909;482.056;3449.853;65.704;216.932;1925.224;3326.4;0.0;14576.0;32756.906;6058.236;-8190.761;5.885;19;128;[2.073, 1.619, 1.554, 2.063, 1.513];[2.579, 2.194, 1.162]
41;18507.909;482.056;3449.853;65.704;216.932;1925.224;3326.4;0.0;14576.0;32756.906;6058.236;-8190.761;2.903;19;128;[2.073, 1.619, 1.499, 2.063, 1.513];[2.579, 2.194, 1.146]
42;18507.909;482.056;3449.853;65.704;216.932;1925.224;3326.4;0.0;14576.0;32756.906;6058.236;-8190.761;7.767;19;128;[2.073, 1.619, 1.649, 2.063, 1.513];[2.579, 2.275, 1.146]
43;18326.29;440.375;3310.916;70.939;200.516;2044.927;3565.2;0.0;14575.0;32756.906;6058.236;-8372.38;7.605;19;128;[2.266, 1.619, 1.649, 2.063, 1.513];[2.721, 2.275, 1.146]
44;18273.811;446.726;3332.086;75.903;205.397;2178.865;3470.4;0.0;14495.0;32756.906;6058.236;-8424.859;6.961;19;128;[2.439, 1.619, 1.649, 2.063, 1.513];[2.721, 2.447, 1.146]
45;18273.811;446.726;3332.086;75.903;205.397;2178.865;3470.4;0.0;14495.0;32756.906;6058.236;-8424.859;3.349;19;128;[2.439, 1.557, 1.649, 2.063, 1.513];[2.721, 2.302, 1.146]
46;18219.706;434.24;3290.466;75.756;200.729;2170.378;3470.4;0.0;14495.0;32756.906;6058.236;-8478.964;8.154;19;128;[2.439, 1.557, 1.884, 2.063, 1.513];[2.849, 2.302, 1.146]
47;18219.706;434.24;3290.466;75.756;200.729;2170.378;3470.4;0.0;14495.0;32756.906;6058.236;-8478.964;6.611;19;128;[2.295, 1.557, 1.884, 2.063, 1.513];[2.664, 2.302, 1.146]
48;18219.706;434.24;3290.466;75.756;200.729;2170.378;3470.4;0.0;14495.0;32756.906;6058.236;-8478.964;7.134;19;128;[2.295, 1.557, 1.796, 2.063, 1.513];[2.498, 2.302, 1.146]
49;18219.706;434.24;3290.466;75.756;200.729;2170.378;3470.4;0.0;14495.0;32756.906;6058.236;-8478.964;8.247;19;128;[2.295, 1.557, 1.716, 2.063, 1.513];[2.498, 2.172, 1.146]
623constructshop:True depot:False weather:False;19547.446;505.257;3527.189;59.477;221.418;1767.807;3727.2;0.0;15515.0;32756.906;6058.236;-7151.224;30.906;19;128;[1.0, 1.0, 1.0, 1.0, 1.0];[1.0, 1.0, 1.0]
0;19682.407;514.094;3576.313;76.905;236.624;2236.164;3514.8;0.0;15592.0;33093.686;5721.456;-7689.823;42.469;18;128;[1.0, 1.0, 1.0, 1.0, 1.3];[1.3, 1.0, 1.0]
1;19682.407;514.094;3576.313;76.905;236.624;2236.164;3514.8;0.0;15592.0;33093.686;5721.456;-7689.823;3.406;18;128;[1.0, 1.0, 1.0, 1.0, 1.3];[1.3, 1.0, 1.0]
2;19529.981;501.765;3535.216;77.741;231.704;2252.965;3633.6;0.0;15493.0;33093.686;5721.456;-7842.249;4.661;18;128;[1.0, 1.3, 1.0, 1.0, 1.3];[1.3, 1.3, 1.0]
3;19529.981;501.765;3535.216;77.741;231.704;2252.965;3633.6;0.0;15493.0;33093.686;5721.456;-7842.249;8.725;18;128;[1.0, 1.27, 1.0, 1.0, 1.3];[1.3, 1.27, 1.0]
4;19282.935;504.754;3545.181;66.495;226.819;1955.701;3325.2;0.0;15233.0;33093.686;5721.456;-8089.295;9.311;18;128;[1.3, 1.27, 1.0, 1.0, 1.3];[1.57, 1.27, 1.0]
5;19282.935;504.754;3545.181;66.495;226.819;1955.701;3325.2;0.0;15233.0;33093.686;5721.456;-8089.295;9.57;18;128;[1.27, 1.27, 1.0, 1.0, 1.3];[1.513, 1.27, 1.0]
6;19282.935;504.754;3545.181;66.495;226.819;1955.701;3325.2;0.0;15233.0;33093.686;5721.456;-8089.295;10.637;18;128;[1.27, 1.27, 1.0, 1.0, 1.3];[1.513, 1.243, 1.0]
7;19282.935;504.754;3545.181;66.495;226.819;1955.701;3325.2;0.0;15233.0;33093.686;5721.456;-8089.295;10.284;18;128;[1.243, 1.27, 1.0, 1.0, 1.3];[1.513, 1.219, 1.0]
8;19162.064;514.015;3576.049;57.99;225.421;1733.156;3015.6;0.0;15072.0;33093.686;5721.456;-8210.166;10.643;18;128;[1.243, 1.27, 1.0, 1.3, 1.3];[1.513, 1.497, 1.0]
9;19032.487;511.805;3568.682;63.094;227.871;1868.315;2872.8;0.0;14952.0;33093.686;5721.456;-8339.743;21.496;18;128;[1.243, 1.27, 1.0, 1.3, 1.57];[1.513, 1.747, 1.0]
10;19032.487;511.805;3568.682;63.094;227.871;1868.315;2872.8;0.0;14952.0;33093.686;5721.456;-8339.743;7.448;18;128;[1.243, 1.27, 1.0, 1.3, 1.57];[1.513, 1.672, 1.0]
11;19004.702;505.393;3547.309;63.094;225.681;1866.125;2872.8;0.0;14952.0;33093.686;5721.456;-8367.528;7.013;18;128;[1.243, 1.27, 1.0, 1.57, 1.57];[1.762, 1.672, 1.0]
12;19004.702;505.393;3547.309;63.094;225.681;1866.125;2872.8;0.0;14952.0;33093.686;5721.456;-8367.528;1.144;18;128;[1.243, 1.443, 1.0, 1.57, 1.57];[1.886, 1.672, 1.0]
13;19004.702;505.393;3547.309;63.094;225.681;1866.125;2872.8;0.0;14952.0;33093.686;5721.456;-8367.528;2.179;18;128;[1.243, 1.443, 1.0, 1.513, 1.57];[1.886, 1.672, 1.0]
14;19004.702;505.393;3547.309;63.094;225.681;1866.125;2872.8;0.0;14952.0;33093.686;5721.456;-8367.528;15.913;18;128;[1.243, 1.443, 1.0, 1.513, 1.713];[1.886, 1.805, 1.0]
15;19004.702;505.393;3547.309;63.094;225.681;1866.125;2872.8;0.0;14952.0;33093.686;5721.456;-8367.528;3.264;18;128;[1.243, 1.399, 1.0, 1.513, 1.713];[1.886, 1.805, 1.0]
16;18886.884;482.819;3472.064;67.617;218.413;1976.446;2895.6;0.0;14932.0;33093.686;5721.456;-8485.346;6.942;18;128;[1.243, 1.399, 1.3, 1.513, 1.713];[2.097, 1.805, 1.0]
17;18881.832;491.115;3499.717;65.647;220.038;1926.853;2824.8;0.0;14891.0;33093.686;5721.456;-8490.398;3.156;18;128;[1.243, 1.399, 1.57, 1.513, 1.713];[2.097, 1.805, 1.3]
18;18881.832;491.115;3499.717;65.647;220.038;1926.853;2824.8;0.0;14891.0;33093.686;5721.456;-8490.398;8.831;18;128;[1.243, 1.399, 1.513, 1.513, 1.713];[1.987, 1.805, 1.3]
19;18881.602;491.062;3499.54;65.647;219.741;1926.556;2824.8;0.0;14891.0;33093.686;5721.456;-8490.628;2.134;18;128;[1.243, 1.659, 1.513, 1.513, 1.713];[2.188, 1.805, 1.3]
20;18865.236;487.285;3486.951;66.488;218.021;1946.721;2824.8;0.0;14891.0;33093.686;5721.456;-8506.994;2.022;18;128;[1.243, 1.893, 1.513, 1.513, 1.713];[2.369, 1.805, 1.3]
21;18790.228;497.437;3520.791;66.913;223.336;1963.074;2704.8;0.0;14772.0;33093.686;5721.456;-8582.002;9.149;18;128;[1.243, 1.893, 1.513, 1.762, 1.713];[2.532, 1.805, 1.3]
22;18790.075;497.402;3520.673;66.913;223.156;1962.893;2704.8;0.0;14772.0;33093.686;5721.456;-8582.155;9.707;18;128;[1.243, 1.893, 1.513, 1.986, 1.713];[2.679, 1.805, 1.3]
23;18790.075;497.402;3520.673;66.913;223.156;1962.893;2704.8;0.0;14772.0;33093.686;5721.456;-8582.155;9.656;18;128;[1.243, 1.893, 1.513, 2.087, 1.713];[2.711, 1.805, 1.3]
24;18790.075;497.402;3520.673;66.913;223.156;1962.893;2704.8;0.0;14772.0;33093.686;5721.456;-8582.155;3.475;18;128;[1.243, 2.004, 1.513, 2.087, 1.713];[2.711, 1.925, 1.3]
25;18790.075;497.402;3520.673;66.913;223.156;1962.893;2704.8;0.0;14772.0;33093.686;5721.456;-8582.155;2.289;18;128;[1.243, 1.904, 1.513, 2.087, 1.713];[2.711, 1.925, 1.27]
26;18790.075;497.402;3520.673;66.913;223.156;1962.893;2704.8;0.0;14772.0;33093.686;5721.456;-8582.155;3.76;18;128;[1.243, 1.904, 1.513, 2.087, 1.642];[2.711, 1.925, 1.243]
27;18790.075;497.402;3520.673;66.913;223.156;1962.893;2704.8;0.0;14772.0;33093.686;5721.456;-8582.155;10.088;18;128;[1.243, 1.904, 1.513, 2.178, 1.642];[2.74, 1.925, 1.243]
28;18790.075;497.402;3520.673;66.913;223.156;1962.893;2704.8;0.0;14772.0;33093.686;5721.456;-8582.155;27.34;18;128;[1.243, 1.904, 1.513, 2.178, 1.578];[2.566, 1.925, 1.243]
29;18790.075;497.402;3520.673;66.913;223.156;1962.893;2704.8;0.0;14772.0;33093.686;5721.456;-8582.155;10.253;18;128;[1.243, 1.904, 1.462, 2.178, 1.578];[2.566, 1.833, 1.243]
30;18790.075;497.402;3520.673;66.913;223.156;1962.893;2704.8;0.0;14772.0;33093.686;5721.456;-8582.155;9.603;18;128;[1.243, 1.904, 1.462, 2.26, 1.578];[2.609, 1.833, 1.243]
31;18770.319;487.766;3488.553;65.669;215.775;1923.172;2919.6;0.0;14794.0;33093.686;5721.456;-8601.911;3.694;18;128;[1.519, 1.904, 1.462, 2.26, 1.578];[2.609, 1.833, 1.519]
32;18770.319;487.766;3488.553;65.669;215.775;1923.172;2919.6;0.0;14794.0;33093.686;5721.456;-8601.911;10.911;18;128;[1.467, 1.904, 1.462, 2.26, 1.578];[2.448, 1.833, 1.519]
33;18770.319;487.766;3488.553;65.669;215.775;1923.172;2919.6;0.0;14794.0;33093.686;5721.456;-8601.911;13.145;18;128;[1.467, 1.814, 1.462, 2.26, 1.578];[2.448, 1.75, 1.519]
34;18709.627;492.452;3504.174;64.874;219.293;1906.015;2706.0;0.0;14713.0;33093.686;5721.456;-8662.603;10.466;18;128;[1.467, 1.814, 1.462, 2.434, 1.578];[2.448, 1.975, 1.519]
35;18674.999;484.461;3477.538;66.047;216.562;1933.784;2706.0;0.0;14713.0;33093.686;5721.456;-8697.231;8.881;18;128;[1.467, 1.814, 1.462, 2.591, 1.578];[2.603, 1.975, 1.519]
36;18674.999;484.461;3477.538;66.047;216.562;1933.784;2706.0;0.0;14713.0;33093.686;5721.456;-8697.231;11.189;18;128;[1.467, 1.814, 1.416, 2.591, 1.578];[2.443, 1.975, 1.519]
37;18674.999;484.461;3477.538;66.047;216.562;1933.784;2706.0;0.0;14713.0;33093.686;5721.456;-8697.231;1.56;18;128;[1.467, 1.933, 1.416, 2.591, 1.578];[2.499, 1.975, 1.519]
38;18674.999;484.461;3477.538;66.047;216.562;1933.784;2706.0;0.0;14713.0;33093.686;5721.456;-8697.231;9.618;18;128;[1.467, 1.933, 1.416, 2.432, 1.578];[2.499, 1.878, 1.519]
39;18674.999;484.461;3477.538;66.047;216.562;1933.784;2706.0;0.0;14713.0;33093.686;5721.456;-8697.231;2.742;18;128;[1.467, 1.84, 1.416, 2.432, 1.578];[2.499, 1.878, 1.467]
40;18674.999;484.461;3477.538;66.047;216.562;1933.784;2706.0;0.0;14713.0;33093.686;5721.456;-8697.231;1.971;18;128;[1.467, 1.756, 1.416, 2.432, 1.578];[2.499, 1.878, 1.42]
41;18674.999;484.461;3477.538;66.047;216.562;1933.784;2706.0;0.0;14713.0;33093.686;5721.456;-8697.231;25.532;18;128;[1.467, 1.756, 1.416, 2.432, 1.52];[2.349, 1.878, 1.42]
42;18674.999;484.461;3477.538;66.047;216.562;1933.784;2706.0;0.0;14713.0;33093.686;5721.456;-8697.231;11.282;18;128;[1.467, 1.756, 1.416, 2.289, 1.52];[2.349, 1.79, 1.42]
43;18674.999;484.461;3477.538;66.047;216.562;1933.784;2706.0;0.0;14713.0;33093.686;5721.456;-8697.231;1.874;18;128;[1.467, 1.88, 1.416, 2.289, 1.52];[2.349, 1.911, 1.42]
44;18674.999;484.461;3477.538;66.047;216.562;1933.784;2706.0;0.0;14713.0;33093.686;5721.456;-8697.231;24.695;18;128;[1.467, 1.88, 1.416, 2.289, 1.468];[2.349, 1.82, 1.42]
45;18674.999;484.461;3477.538;66.047;216.562;1933.784;2706.0;0.0;14713.0;33093.686;5721.456;-8697.231;3.695;18;128;[1.467, 1.88, 1.416, 2.16, 1.468];[2.349, 1.82, 1.378]
46;18674.999;484.461;3477.538;66.047;216.562;1933.784;2706.0;0.0;14713.0;33093.686;5721.456;-8697.231;9.531;18;128;[1.467, 1.88, 1.416, 2.244, 1.468];[2.414, 1.82, 1.378]
47;18674.999;484.461;3477.538;66.047;216.562;1933.784;2706.0;0.0;14713.0;33093.686;5721.456;-8697.231;2.891;18;128;[1.42, 1.88, 1.416, 2.244, 1.468];[2.414, 1.82, 1.34]
48;18674.999;484.461;3477.538;66.047;216.562;1933.784;2706.0;0.0;14713.0;33093.686;5721.456;-8697.231;10.598;18;128;[1.42, 1.88, 1.374, 2.244, 1.468];[2.273, 1.82, 1.34]
49;18674.999;484.461;3477.538;66.047;216.562;1933.784;2706.0;0.0;14713.0;33093.686;5721.456;-8697.231;2.309;18;128;[1.378, 1.88, 1.374, 2.244, 1.468];[2.273, 1.82, 1.306]
624constructshop:True depot:False weather:False;19662.995;536.768;3632.227;68.228;241.689;2015.626;3488.4;0.0;15494.0;32756.906;6058.236;-7035.675;27.358;19;128;[1.0, 1.0, 1.0, 1.0, 1.0];[1.0, 1.0, 1.0]
0;19322.627;518.452;3571.174;65.328;228.973;1927.492;3370.8;0.0;15233.0;32756.906;6058.236;-7376.043;25.049;19;128;[1.0, 1.0, 1.0, 1.0, 1.3];[1.0, 1.3, 1.0]
1;19322.627;518.452;3571.174;65.328;228.973;1927.492;3370.8;0.0;15233.0;32756.906;6058.236;-7376.043;3.702;19;128;[1.0, 1.0, 1.0, 1.0, 1.3];[1.0, 1.3, 1.0]
2;19322.627;518.452;3571.174;65.328;228.973;1927.492;3370.8;0.0;15233.0;32756.906;6058.236;-7376.043;4.626;19;128;[1.0, 1.0, 1.0, 1.0, 1.27];[1.0, 1.3, 1.0]
3;19321.724;517.782;3568.942;67.188;231.629;1978.53;3205.2;0.0;15235.0;32756.906;6058.236;-7376.946;8.839;19;128;[1.0, 1.3, 1.0, 1.0, 1.27];[1.0, 1.57, 1.0]
4;19220.943;508.371;3537.572;69.167;224.955;2023.288;3277.2;0.0;15175.0;32756.906;6058.236;-7477.727;8.8;19;128;[1.0, 1.3, 1.0, 1.3, 1.27];[1.3, 1.57, 1.0]
5;19220.943;508.371;3537.572;69.167;224.955;2023.288;3277.2;0.0;15175.0;32756.906;6058.236;-7477.727;2.617;19;128;[1.0, 1.3, 1.0, 1.27, 1.27];[1.3, 1.57, 1.0]
6;19220.943;508.371;3537.572;69.167;224.955;2023.288;3277.2;0.0;15175.0;32756.906;6058.236;-7477.727;10.287;19;128;[1.0, 1.3, 1.0, 1.27, 1.27];[1.3, 1.513, 1.0]
7;19220.943;508.371;3537.572;69.167;224.955;2023.288;3277.2;0.0;15175.0;32756.906;6058.236;-7477.727;9.6;19;128;[1.0, 1.3, 1.0, 1.27, 1.27];[1.3, 1.462, 1.0]
8;19214.793;506.952;3532.841;71.754;227.077;2092.692;3277.2;0.0;15175.0;32756.906;6058.236;-7483.877;9.769;19;128;[1.0, 1.3, 1.0, 1.543, 1.27];[1.3, 1.716, 1.0]
9;19214.793;506.952;3532.841;71.754;227.077;2092.692;3277.2;0.0;15175.0;32756.906;6058.236;-7483.877;2.664;19;128;[1.0, 1.3, 1.0, 1.489, 1.27];[1.3, 1.716, 1.0]
10;19214.793;506.952;3532.841;71.754;227.077;2092.692;3277.2;0.0;15175.0;32756.906;6058.236;-7483.877;10.084;19;128;[1.0, 1.3, 1.0, 1.44, 1.27];[1.27, 1.716, 1.0]
11;19032.193;515.352;3560.841;88.575;239.384;2542.334;3110.4;0.0;14956.0;32756.906;6058.236;-7666.477;32.196;19;128;[1.0, 1.3, 1.0, 1.44, 1.543];[1.543, 1.716, 1.0]
12;18993.457;506.413;3531.044;80.535;230.789;2324.696;3420.0;0.0;14956.0;32756.906;6058.236;-7705.213;11.527;19;128;[1.0, 1.57, 1.0, 1.44, 1.543];[1.789, 1.716, 1.0]
13;18904.592;499.752;3508.84;76.606;227.415;2219.182;3348.0;0.0;14896.0;32756.906;6058.236;-7794.078;28.479;19;128;[1.0, 1.57, 1.0, 1.44, 1.789];[2.01, 1.716, 1.0]
14;18904.592;499.752;3508.84;76.606;227.415;2219.182;3348.0;0.0;14896.0;32756.906;6058.236;-7794.078;2.714;19;128;[1.0, 1.57, 1.0, 1.396, 1.789];[2.01, 1.716, 1.0]
15;18904.592;499.752;3508.84;76.606;227.415;2219.182;3348.0;0.0;14896.0;32756.906;6058.236;-7794.078;9.43;19;128;[1.2, 1.57, 1.0, 1.396, 1.789];[2.109, 1.716, 1.0]
16;18850.929;487.83;3469.099;80.019;224.709;2305.199;3158.4;0.0;14894.0;32756.906;6058.236;-7847.741;8.89;19;128;[1.2, 1.57, 1.0, 1.656, 1.789];[2.109, 1.944, 1.0]
17;18733.304;488.608;3471.695;80.019;225.899;2306.389;3158.4;0.0;14773.0;32756.906;6058.236;-7965.366;4.489;19;128;[1.2, 1.813, 1.0, 1.656, 1.789];[2.109, 2.15, 1.0]
18;18733.304;488.608;3471.695;80.019;225.899;2306.389;3158.4;0.0;14773.0;32756.906;6058.236;-7965.366;12.03;19;128;[1.2, 1.813, 1.0, 1.656, 1.789];[2.109, 2.035, 1.0]
19;18537.963;471.914;3416.048;84.841;222.268;2428.127;2827.2;0.0;14650.0;32756.906;6058.236;-8160.707;9.692;19;128;[1.48, 1.813, 1.0, 1.656, 1.789];[2.109, 2.232, 1.0]
20;18426.274;469.217;3407.057;79.745;216.572;2289.932;2874.0;0.0;14550.0;32756.906;6058.236;-8272.396;28.284;19;128;[1.48, 1.813, 1.0, 1.656, 2.01];[2.109, 2.409, 1.0]
21;18364.268;454.908;3359.36;85.435;214.062;2435.384;2874.0;0.0;14550.0;32756.906;6058.236;-8334.402;28.037;19;128;[1.48, 1.813, 1.0, 1.656, 2.209];[2.298, 2.409, 1.0]
22;18362.621;454.528;3358.093;85.435;213.83;2435.152;2874.0;0.0;14550.0;32756.906;6058.236;-8336.049;4.445;19;128;[1.48, 2.032, 1.0, 1.656, 2.209];[2.298, 2.568, 1.0]
23;18362.621;454.528;3358.093;85.435;213.83;2435.152;2874.0;0.0;14550.0;32756.906;6058.236;-8336.049;2.738;19;128;[1.48, 2.032, 1.0, 1.656, 2.209];[2.298, 2.568, 1.0]
24;18362.621;454.528;3358.093;85.435;213.83;2435.152;2874.0;0.0;14550.0;32756.906;6058.236;-8336.049;30.364;19;128;[1.48, 2.032, 1.0, 1.656, 2.288];[2.298, 2.611, 1.0]
25;18362.621;454.528;3358.093;85.435;213.83;2435.152;2874.0;0.0;14550.0;32756.906;6058.236;-8336.049;27.254;19;128;[1.48, 2.032, 1.0, 1.656, 2.159];[2.168, 2.611, 1.0]
26;18362.621;454.528;3358.093;85.435;213.83;2435.152;2874.0;0.0;14550.0;32756.906;6058.236;-8336.049;25.686;19;128;[1.48, 2.032, 1.0, 1.656, 2.243];[2.168, 2.65, 1.0]
27;18362.621;454.528;3358.093;85.435;213.83;2435.152;2874.0;0.0;14550.0;32756.906;6058.236;-8336.049;8.671;19;128;[1.632, 2.032, 1.0, 1.656, 2.243];[2.168, 2.685, 1.0]
28;18362.621;454.528;3358.093;85.435;213.83;2435.152;2874.0;0.0;14550.0;32756.906;6058.236;-8336.049;25.86;19;128;[1.632, 2.032, 1.0, 1.656, 2.319];[2.168, 2.716, 1.0]
29;18362.621;454.528;3358.093;85.435;213.83;2435.152;2874.0;0.0;14550.0;32756.906;6058.236;-8336.049;8.995;19;128;[1.632, 2.032, 1.0, 1.59, 2.319];[2.051, 2.716, 1.0]
30;18362.621;454.528;3358.093;85.435;213.83;2435.152;2874.0;0.0;14550.0;32756.906;6058.236;-8336.049;2.557;19;128;[1.632, 1.929, 1.0, 1.59, 2.319];[2.051, 2.716, 1.0]
31;18362.621;454.528;3358.093;85.435;213.83;2435.152;2874.0;0.0;14550.0;32756.906;6058.236;-8336.049;2.116;19;128;[1.632, 2.036, 1.0, 1.59, 2.319];[2.051, 2.716, 1.2]
32;18362.621;454.528;3358.093;85.435;213.83;2435.152;2874.0;0.0;14550.0;32756.906;6058.236;-8336.049;10.784;19;128;[1.632, 2.036, 1.0, 1.59, 2.319];[2.051, 2.544, 1.2]
33;18362.621;454.528;3358.093;85.435;213.83;2435.152;2874.0;0.0;14550.0;32756.906;6058.236;-8336.049;26.918;19;128;[1.632, 2.036, 1.0, 1.59, 2.187];[1.946, 2.544, 1.2]
34;18362.621;454.528;3358.093;85.435;213.83;2435.152;2874.0;0.0;14550.0;32756.906;6058.236;-8336.049;3.115;19;128;[1.769, 2.036, 1.0, 1.59, 2.187];[1.946, 2.544, 1.38]
35;18362.621;454.528;3358.093;85.435;213.83;2435.152;2874.0;0.0;14550.0;32756.906;6058.236;-8336.049;11.076;19;128;[1.769, 2.036, 1.0, 1.731, 2.187];[2.051, 2.544, 1.38]
36;18362.621;454.528;3358.093;85.435;213.83;2435.152;2874.0;0.0;14550.0;32756.906;6058.236;-8336.049;14.661;19;128;[1.769, 2.132, 1.0, 1.731, 2.187];[2.146, 2.544, 1.38]
37;18362.621;454.528;3358.093;85.435;213.83;2435.152;2874.0;0.0;14550.0;32756.906;6058.236;-8336.049;9.228;19;128;[1.769, 2.132, 1.0, 1.858, 2.187];[2.146, 2.59, 1.38]
38;18362.621;454.528;3358.093;85.435;213.83;2435.152;2874.0;0.0;14550.0;32756.906;6058.236;-8336.049;2.379;19;128;[1.769, 2.019, 1.0, 1.858, 2.187];[2.146, 2.59, 1.342]
39;18362.621;454.528;3358.093;85.435;213.83;2435.152;2874.0;0.0;14550.0;32756.906;6058.236;-8336.049;3.539;19;128;[1.769, 2.019, 1.0, 1.858, 2.187];[2.146, 2.59, 1.308]
40;18362.621;454.528;3358.093;85.435;213.83;2435.152;2874.0;0.0;14550.0;32756.906;6058.236;-8336.049;3.084;19;128;[1.769, 2.019, 1.0, 1.772, 2.187];[2.146, 2.59, 1.277]
41;18362.621;454.528;3358.093;85.435;213.83;2435.152;2874.0;0.0;14550.0;32756.906;6058.236;-8336.049;2.49;19;128;[1.769, 2.019, 1.0, 1.695, 2.187];[2.146, 2.59, 1.249]
42;18362.621;454.528;3358.093;85.435;213.83;2435.152;2874.0;0.0;14550.0;32756.906;6058.236;-8336.049;1.849;19;128;[1.769, 2.019, 1.0, 1.626, 2.187];[2.146, 2.59, 1.224]
43;18362.621;454.528;3358.093;85.435;213.83;2435.152;2874.0;0.0;14550.0;32756.906;6058.236;-8336.049;10.363;19;128;[1.769, 2.117, 1.0, 1.626, 2.187];[2.231, 2.59, 1.224]
44;18362.621;454.528;3358.093;85.435;213.83;2435.152;2874.0;0.0;14550.0;32756.906;6058.236;-8336.049;10.477;19;128;[1.769, 2.117, 1.2, 1.626, 2.187];[2.231, 2.631, 1.224]
45;18362.621;454.528;3358.093;85.435;213.83;2435.152;2874.0;0.0;14550.0;32756.906;6058.236;-8336.049;25.027;19;128;[1.769, 2.117, 1.2, 1.626, 2.268];[2.231, 2.668, 1.224]
46;18317.313;430.226;3277.087;74.438;198.253;2133.647;3470.4;0.0;14610.0;32756.906;6058.236;-8381.357;7.706;19;128;[1.769, 2.117, 1.2, 1.863, 2.268];[2.231, 2.801, 1.224]
47;18315.635;429.839;3275.796;76.599;199.513;2191.091;3470.4;0.0;14610.0;32756.906;6058.236;-8383.035;24.663;19;128;[1.769, 2.117, 1.2, 1.863, 2.441];[2.408, 2.801, 1.224]
48;18315.635;429.839;3275.796;76.599;199.513;2191.091;3470.4;0.0;14610.0;32756.906;6058.236;-8383.035;2.769;19;128;[1.769, 2.117, 1.18, 1.863, 2.441];[2.408, 2.801, 1.202]
49;18315.635;429.839;3275.796;76.599;199.513;2191.091;3470.4;0.0;14610.0;32756.906;6058.236;-8383.035;10.515;19;128;[1.769, 2.005, 1.18, 1.863, 2.441];[2.408, 2.621, 1.202]
625constructshop:True depot:False weather:False;19881.728;546.707;3677.022;73.283;243.701;2149.067;4033.2;0.0;15658.0;32936.486;5878.656;-7176.102;32.597;19;128;[1.0, 1.0, 1.0, 1.0, 1.0];[1.0, 1.0, 1.0]
0;19642.279;542.449;3662.83;71.589;248.439;2109.756;4152.0;0.0;15437.0;32936.486;5878.656;-7415.551;5.076;18;128;[1.0, 1.0, 1.0, 1.0, 1.3];[1.0, 1.0, 1.3]
1;19619.322;537.151;3645.171;64.999;243.182;1933.161;4152.0;0.0;15437.0;32936.486;5878.656;-7438.508;4.89;18;128;[1.0, 1.3, 1.0, 1.0, 1.3];[1.0, 1.3, 1.3]
2;19619.322;537.151;3645.171;64.999;243.182;1933.161;4152.0;0.0;15437.0;32936.486;5878.656;-7438.508;1.337;18;128;[1.0, 1.27, 1.0, 1.0, 1.3];[1.0, 1.3, 1.27]
3;19619.322;537.151;3645.171;64.999;243.182;1933.161;4152.0;0.0;15437.0;32936.486;5878.656;-7438.508;10.117;18;128;[1.2, 1.27, 1.0, 1.0, 1.3];[1.0, 1.47, 1.27]
4;19442.38;491.934;3494.446;56.374;217.499;1683.233;4437.6;0.0;15456.0;32936.486;5878.656;-7615.45;27.557;18;128;[1.2, 1.27, 1.0, 1.0, 1.57];[1.0, 1.723, 1.27]
5;19332.227;494.514;3522.713;66.842;222.224;1960.12;3890.4;0.0;15315.0;33249.266;5565.876;-8351.163;3.461;17;128;[1.2, 1.27, 1.3, 1.0, 1.57];[1.0, 1.723, 1.543]
6;19332.227;494.514;3522.713;66.842;222.224;1960.12;3890.4;0.0;15315.0;33249.266;5565.876;-8351.163;22.035;17;128;[1.2, 1.27, 1.3, 1.0, 1.513];[1.0, 1.723, 1.543]
7;19332.227;494.514;3522.713;66.842;222.224;1960.12;3890.4;0.0;15315.0;33249.266;5565.876;-8351.163;24.643;17;128;[1.2, 1.27, 1.3, 1.0, 1.462];[1.0, 1.651, 1.543]
8;19332.227;494.514;3522.713;66.842;222.224;1960.12;3890.4;0.0;15315.0;33249.266;5565.876;-8351.163;4.589;17;128;[1.2, 1.27, 1.3, 1.0, 1.416];[1.0, 1.651, 1.489]
9;19332.227;494.514;3522.713;66.842;222.224;1960.12;3890.4;0.0;15315.0;33249.266;5565.876;-8351.163;3.947;17;128;[1.2, 1.27, 1.3, 1.0, 1.416];[1.0, 1.651, 1.44]
10;19332.227;494.514;3522.713;66.842;222.224;1960.12;3890.4;0.0;15315.0;33249.266;5565.876;-8351.163;2.641;17;128;[1.2, 1.27, 1.3, 1.0, 1.416];[1.0, 1.651, 1.396]
11;19332.227;494.514;3522.713;66.842;222.224;1960.12;3890.4;0.0;15315.0;33249.266;5565.876;-8351.163;11.311;17;128;[1.2, 1.27, 1.47, 1.0, 1.416];[1.0, 1.786, 1.396]
12;19332.227;494.514;3522.713;66.842;222.224;1960.12;3890.4;0.0;15315.0;33249.266;5565.876;-8351.163;2.915;17;128;[1.2, 1.243, 1.47, 1.0, 1.416];[1.0, 1.786, 1.356]
13;19332.227;494.514;3522.713;66.842;222.224;1960.12;3890.4;0.0;15315.0;33249.266;5565.876;-8351.163;10.843;17;128;[1.2, 1.243, 1.423, 1.0, 1.416];[1.0, 1.707, 1.356]
14;19332.227;494.514;3522.713;66.842;222.224;1960.12;3890.4;0.0;15315.0;33249.266;5565.876;-8351.163;3.741;17;128;[1.2, 1.419, 1.423, 1.0, 1.416];[1.0, 1.836, 1.356]
15;19332.227;494.514;3522.713;66.842;222.224;1960.12;3890.4;0.0;15315.0;33249.266;5565.876;-8351.163;12.826;17;128;[1.2, 1.419, 1.581, 1.0, 1.416];[1.0, 1.952, 1.356]
16;19332.227;494.514;3522.713;66.842;222.224;1960.12;3890.4;0.0;15315.0;33249.266;5565.876;-8351.163;4.031;17;128;[1.2, 1.419, 1.581, 1.0, 1.374];[1.0, 1.952, 1.32]
17;19332.227;494.514;3522.713;66.842;222.224;1960.12;3890.4;0.0;15315.0;33249.266;5565.876;-8351.163;10.893;17;128;[1.2, 1.419, 1.723, 1.0, 1.374];[1.0, 2.057, 1.32]
18;19332.227;494.514;3522.713;66.842;222.224;1960.12;3890.4;0.0;15315.0;33249.266;5565.876;-8351.163;3.926;17;128;[1.2, 1.419, 1.651, 1.0, 1.374];[1.0, 2.057, 1.288]
19;19332.227;494.514;3522.713;66.842;222.224;1960.12;3890.4;0.0;15315.0;33249.266;5565.876;-8351.163;3.606;17;128;[1.2, 1.577, 1.651, 1.0, 1.374];[1.2, 2.057, 1.288]
20;19332.227;494.514;3522.713;66.842;222.224;1960.12;3890.4;0.0;15315.0;33249.266;5565.876;-8351.163;3.278;17;128;[1.2, 1.577, 1.586, 1.0, 1.374];[1.2, 2.057, 1.259]
21;19332.227;494.514;3522.713;66.842;222.224;1960.12;3890.4;0.0;15315.0;33249.266;5565.876;-8351.163;11.955;17;128;[1.2, 1.577, 1.586, 1.2, 1.374];[1.2, 2.151, 1.259]
22;19332.227;494.514;3522.713;66.842;222.224;1960.12;3890.4;0.0;15315.0;33249.266;5565.876;-8351.163;23.944;17;128;[1.2, 1.577, 1.586, 1.2, 1.337];[1.2, 2.036, 1.259]
23;19257.195;496.122;3528.073;83.676;228.989;2404.555;3369.6;0.0;15233.0;33249.266;5565.876;-8426.195;3.933;17;128;[1.2, 1.819, 1.586, 1.2, 1.337];[1.2, 2.232, 1.259]
24;19257.195;496.122;3528.073;83.676;228.989;2404.555;3369.6;0.0;15233.0;33249.266;5565.876;-8426.195;22.051;17;128;[1.2, 1.819, 1.586, 1.2, 1.303];[1.2, 2.109, 1.259]
25;19204.721;483.782;3486.939;91.123;228.79;2597.992;3440.4;0.0;15234.0;33249.266;5565.876;-8478.669;1.979;17;128;[1.2, 2.037, 1.586, 1.2, 1.303];[1.2, 2.109, 1.533]
26;19322.675;508.002;3600.673;115.475;256.358;3258.712;3560.4;0.0;15214.0;33327.782;5487.36;-8517.747;11.608;17;128;[1.48, 2.037, 1.586, 1.2, 1.303];[1.2, 2.298, 1.533]
27;19310.053;505.089;3590.964;91.668;242.526;2625.888;3560.4;0.0;15214.0;33327.782;5487.36;-8530.369;20.097;17;128;[1.48, 2.037, 1.586, 1.2, 1.573];[1.2, 2.468, 1.533]
28;19302.982;503.457;3585.524;86.033;239.258;2476.126;3560.4;0.0;15214.0;33327.782;5487.36;-8537.44;3.404;17;128;[1.48, 2.233, 1.586, 1.2, 1.573];[1.2, 2.621, 1.533]
29;19302.982;503.457;3585.524;86.033;239.258;2476.126;3560.4;0.0;15214.0;33327.782;5487.36;-8537.44;19.708;17;128;[1.48, 2.233, 1.586, 1.2, 1.516];[1.2, 2.459, 1.533]
30;19302.982;503.457;3585.524;86.033;239.258;2476.126;3560.4;0.0;15214.0;33327.782;5487.36;-8537.44;11.095;17;128;[1.48, 2.233, 1.586, 1.18, 1.516];[1.2, 2.313, 1.533]
31;19262.785;494.181;3554.604;73.966;223.976;2147.097;3560.4;0.0;15214.0;33327.782;5487.36;-8577.637;17.696;17;128;[1.48, 2.233, 1.586, 1.18, 1.764];[1.48, 2.313, 1.533]
32;19262.785;494.181;3554.604;73.966;223.976;2147.097;3560.4;0.0;15214.0;33327.782;5487.36;-8577.637;18.046;17;128;[1.48, 2.233, 1.586, 1.18, 1.688];[1.432, 2.313, 1.533]
33;19253.929;492.137;3547.792;73.649;222.776;2137.651;3560.4;0.0;15214.0;33327.782;5487.36;-8586.493;9.97;17;128;[1.48, 2.233, 1.586, 1.462, 1.688];[1.432, 2.482, 1.533]
34;19253.929;492.137;3547.792;73.649;222.776;2137.651;3560.4;0.0;15214.0;33327.782;5487.36;-8586.493;30.768;17;128;[1.48, 2.233, 1.527, 1.462, 1.688];[1.389, 2.482, 1.533]
35;19253.929;492.137;3547.792;73.649;222.776;2137.651;3560.4;0.0;15214.0;33327.782;5487.36;-8586.493;22.359;17;128;[1.48, 2.233, 1.527, 1.462, 1.819];[1.55, 2.482, 1.533]
36;19253.929;492.137;3547.792;73.649;222.776;2137.651;3560.4;0.0;15214.0;33327.782;5487.36;-8586.493;20.975;17;128;[1.48, 2.233, 1.527, 1.462, 1.737];[1.55, 2.334, 1.533]
37;18876.715;504.934;3538.781;71.708;232.293;2096.689;3038.4;0.0;14833.0;33147.002;5668.14;-8602.147;7.907;18;128;[1.732, 2.233, 1.527, 1.462, 1.737];[1.55, 2.501, 1.533]
38;18876.715;504.934;3538.781;71.708;232.293;2096.689;3038.4;0.0;14833.0;33147.002;5668.14;-8602.147;1.973;18;128;[1.732, 2.11, 1.527, 1.462, 1.737];[1.55, 2.501, 1.48]
39;18780.995;492.306;3496.688;74.102;228.348;2154.987;2920.8;0.0;14792.0;33147.002;5668.14;-8697.867;6.64;18;128;[1.732, 2.299, 1.527, 1.462, 1.737];[1.55, 2.651, 1.48]
40;18759.576;487.364;3480.212;74.102;227.134;2153.773;3086.4;0.0;14792.0;33147.002;5668.14;-8719.286;8.428;18;128;[1.959, 2.299, 1.527, 1.462, 1.737];[1.55, 2.786, 1.48]
41;18732.714;481.165;3459.549;74.102;224.268;2150.907;3086.4;0.0;14792.0;33147.002;5668.14;-8746.148;2.292;18;128;[1.959, 2.469, 1.527, 1.462, 1.737];[1.55, 2.907, 1.48]
42;18650.921;471.52;3427.401;56.0;210.198;1666.2;3039.6;0.0;14752.0;33147.002;5668.14;-8827.941;8.89;18;128;[2.163, 2.469, 1.527, 1.462, 1.737];[1.795, 2.907, 1.48]
43;18650.921;471.52;3427.401;56.0;210.198;1666.2;3039.6;0.0;14752.0;33147.002;5668.14;-8827.941;17.118;18;128;[2.163, 2.469, 1.527, 1.462, 1.663];[1.795, 2.716, 1.48]
44;18650.921;471.52;3427.401;56.0;210.198;1666.2;3039.6;0.0;14752.0;33147.002;5668.14;-8827.941;10.357;18;128;[2.163, 2.469, 1.527, 1.416, 1.663];[1.795, 2.544, 1.48]
45;18650.921;471.52;3427.401;56.0;210.198;1666.2;3039.6;0.0;14752.0;33147.002;5668.14;-8827.941;2.864;18;128;[2.163, 2.469, 1.527, 1.374, 1.663];[1.795, 2.544, 1.432]
46;18650.921;471.52;3427.401;56.0;210.198;1666.2;3039.6;0.0;14752.0;33147.002;5668.14;-8827.941;1.81;18;128;[2.163, 2.469, 1.527, 1.337, 1.663];[1.795, 2.544, 1.389]
47;18650.921;471.52;3427.401;56.0;210.198;1666.2;3039.6;0.0;14752.0;33147.002;5668.14;-8827.941;1.959;18;128;[2.163, 2.469, 1.527, 1.303, 1.663];[1.795, 2.544, 1.35]
48;18650.921;471.52;3427.401;56.0;210.198;1666.2;3039.6;0.0;14752.0;33147.002;5668.14;-8827.941;8.389;18;128;[2.163, 2.469, 1.527, 1.473, 1.663];[1.795, 2.59, 1.35]
49;18650.921;471.52;3427.401;56.0;210.198;1666.2;3039.6;0.0;14752.0;33147.002;5668.14;-8827.941;16.572;18;128;[2.163, 2.469, 1.527, 1.473, 1.597];[1.795, 2.431, 1.35]
626constructshop:True depot:False weather:False;19885.49;549.805;3683.684;69.74;246.584;2059.836;3634.8;0.0;15652.0;32781.158;6033.984;-6861.684;31.479;19;128;[1.0, 1.0, 1.0, 1.0, 1.0];[1.0, 1.0, 1.0]
0;20060.914;565.98;3743.934;67.954;254.134;2020.933;3682.8;0.0;15751.0;33082.886;5732.256;-7289.716;4.677;18;128;[1.0, 1.0, 1.0, 1.3, 1.0];[1.0, 1.0, 1.3]
1;20004.861;553.045;3700.816;71.479;251.745;2110.197;3682.8;0.0;15751.0;33082.886;5732.256;-7345.769;10.021;18;128;[1.0, 1.3, 1.0, 1.3, 1.0];[1.3, 1.0, 1.3]
2;19853.026;568.775;3753.251;66.189;251.916;1972.825;3564.0;0.0;15531.0;33082.886;5732.256;-7497.604;5.256;18;128;[1.0, 1.3, 1.0, 1.3, 1.3];[1.3, 1.0, 1.57]
3;19744.008;543.848;3670.16;67.13;238.648;1984.022;3445.2;0.0;15530.0;33082.886;5732.256;-7606.622;11.794;18;128;[1.0, 1.3, 1.0, 1.57, 1.3];[1.57, 1.0, 1.57]
4;19744.008;543.848;3670.16;67.13;238.648;1984.022;3445.2;0.0;15530.0;33082.886;5732.256;-7606.622;1.639;18;128;[1.0, 1.47, 1.0, 1.57, 1.3];[1.57, 1.2, 1.57]
5;19744.008;543.848;3670.16;67.13;238.648;1984.022;3445.2;0.0;15530.0;33082.886;5732.256;-7606.622;9.03;18;128;[1.0, 1.47, 1.0, 1.713, 1.3];[1.713, 1.2, 1.57]
6;19702.153;547.574;3682.579;81.282;249.113;2362.446;3516.0;0.0;15472.0;33082.886;5732.256;-7648.477;4.414;18;128;[1.0, 1.47, 1.0, 1.713, 1.57];[1.713, 1.2, 1.813]
7;19632.8;541.031;3660.769;79.129;244.71;2302.053;3398.4;0.0;15431.0;33082.886;5732.256;-7717.83;12.018;18;128;[1.0, 1.723, 1.0, 1.713, 1.57];[1.713, 1.48, 1.813]
8;19545.984;539.689;3656.296;76.3;243.965;2227.773;3232.8;0.0;15350.0;33082.886;5732.256;-7804.646;11.661;18;128;[1.0, 1.723, 1.0, 1.942, 1.57];[1.713, 1.732, 1.813]
9;19545.984;539.689;3656.296;76.3;243.965;2227.773;3232.8;0.0;15350.0;33082.886;5732.256;-7804.646;10.564;18;128;[1.0, 1.723, 1.0, 2.048, 1.57];[1.713, 1.859, 1.813]
10;19545.984;539.689;3656.296;76.3;243.965;2227.773;3232.8;0.0;15350.0;33082.886;5732.256;-7804.646;2.894;18;128;[1.0, 1.723, 1.0, 2.048, 1.57];[1.713, 1.859, 1.732]
11;19545.984;539.689;3656.296;76.3;243.965;2227.773;3232.8;0.0;15350.0;33082.886;5732.256;-7804.646;3.286;18;128;[1.0, 1.723, 1.0, 2.048, 1.57];[1.713, 1.859, 1.659]
12;19175.48;537.495;3648.984;70.812;242.601;2083.713;2733.6;0.0;14989.0;33082.886;5732.256;-8175.15;23.977;18;128;[1.0, 1.723, 1.0, 2.048, 1.813];[1.942, 1.859, 1.659]
13;19175.48;537.495;3648.984;70.812;242.601;2083.713;2733.6;0.0;14989.0;33082.886;5732.256;-8175.15;11.404;18;128;[1.0, 1.723, 1.0, 1.943, 1.813];[1.942, 1.773, 1.659]
14;19120.462;524.799;3606.663;74.23;238.926;2168.898;2733.6;0.0;14989.0;33082.886;5732.256;-8230.168;12.389;18;128;[1.0, 1.723, 1.3, 1.943, 1.813];[2.148, 1.773, 1.659]
15;19120.462;524.799;3606.663;74.23;238.926;2168.898;2733.6;0.0;14989.0;33082.886;5732.256;-8230.168;5.29;18;128;[1.0, 1.723, 1.3, 1.943, 1.732];[2.148, 1.773, 1.593]
16;19027.718;503.397;3535.322;77.836;232.234;2255.98;2876.4;0.0;14989.0;33082.886;5732.256;-8322.912;1.177;18;128;[1.0, 1.951, 1.3, 1.943, 1.732];[2.148, 1.773, 1.834]
17;18969.692;513.083;3567.609;74.333;235.002;2167.667;2876.4;0.0;14889.0;33082.886;5732.256;-8380.938;1.295;18;128;[1.0, 2.156, 1.3, 1.943, 1.732];[2.333, 1.773, 1.834]
18;18969.692;513.083;3567.609;74.333;235.002;2167.667;2876.4;0.0;14889.0;33082.886;5732.256;-8380.938;22.687;18;128;[1.0, 2.156, 1.3, 1.943, 1.659];[2.2, 1.773, 1.834]
19;18969.692;513.083;3567.609;74.333;235.002;2167.667;2876.4;0.0;14889.0;33082.886;5732.256;-8380.938;3.159;18;128;[1.0, 2.156, 1.3, 1.943, 1.659];[2.2, 1.773, 1.751]
20;18902.119;515.951;3577.168;74.333;236.567;2169.231;2781.6;0.0;14809.0;33082.886;5732.256;-8448.511;12.601;18;128;[1.0, 2.156, 1.3, 2.149, 1.659];[2.2, 1.996, 1.751]
21;18902.119;515.951;3577.168;74.333;236.567;2169.231;2781.6;0.0;14809.0;33082.886;5732.256;-8448.511;11.44;18;128;[1.0, 2.156, 1.3, 2.234, 1.659];[2.2, 2.096, 1.751]
22;18902.119;515.951;3577.168;74.333;236.567;2169.231;2781.6;0.0;14809.0;33082.886;5732.256;-8448.511;3.417;18;128;[1.0, 2.156, 1.3, 2.111, 1.659];[2.2, 2.096, 1.676]
23;18902.119;515.951;3577.168;74.333;236.567;2169.231;2781.6;0.0;14809.0;33082.886;5732.256;-8448.511;24.762;18;128;[1.0, 2.156, 1.3, 2.111, 1.593];[2.2, 1.986, 1.676]
24;18902.119;515.951;3577.168;74.333;236.567;2169.231;2781.6;0.0;14809.0;33082.886;5732.256;-8448.511;8.513;18;128;[1.0, 2.156, 1.3, 2.2, 1.593];[2.2, 2.087, 1.676]
25;18902.119;515.951;3577.168;74.333;236.567;2169.231;2781.6;0.0;14809.0;33082.886;5732.256;-8448.511;2.604;18;128;[1.0, 2.04, 1.3, 2.2, 1.593];[2.2, 2.087, 1.608]
26;18902.119;515.951;3577.168;74.333;236.567;2169.231;2781.6;0.0;14809.0;33082.886;5732.256;-8448.511;10.546;18;128;[1.0, 2.04, 1.3, 2.2, 1.593];[2.2, 1.978, 1.608]
27;18902.119;515.951;3577.168;74.333;236.567;2169.231;2781.6;0.0;14809.0;33082.886;5732.256;-8448.511;4.974;18;128;[1.0, 2.04, 1.3, 2.2, 1.734];[2.2, 1.978, 1.747]
28;18902.119;515.951;3577.168;74.333;236.567;2169.231;2781.6;0.0;14809.0;33082.886;5732.256;-8448.511;18.238;18;128;[1.0, 2.136, 1.3, 2.2, 1.734];[2.2, 2.08, 1.747]
29;18902.119;515.951;3577.168;74.333;236.567;2169.231;2781.6;0.0;14809.0;33082.886;5732.256;-8448.511;8.989;18;128;[1.0, 2.136, 1.3, 2.08, 1.734];[2.08, 2.08, 1.747]
30;18902.119;515.951;3577.168;74.333;236.567;2169.231;2781.6;0.0;14809.0;33082.886;5732.256;-8448.511;3.129;18;128;[1.0, 2.136, 1.3, 2.08, 1.734];[2.08, 2.08, 1.672]
31;18902.119;515.951;3577.168;74.333;236.567;2169.231;2781.6;0.0;14809.0;33082.886;5732.256;-8448.511;26.441;18;128;[1.0, 2.136, 1.3, 2.08, 1.861];[2.08, 2.172, 1.672]
32;18902.119;515.951;3577.168;74.333;236.567;2169.231;2781.6;0.0;14809.0;33082.886;5732.256;-8448.511;8.606;18;128;[1.0, 2.136, 1.3, 1.972, 1.861];[2.08, 2.055, 1.672]
33;18902.119;515.951;3577.168;74.333;236.567;2169.231;2781.6;0.0;14809.0;33082.886;5732.256;-8448.511;8.632;18;128;[1.0, 2.136, 1.3, 2.075, 1.861];[2.172, 2.055, 1.672]
34;18902.119;515.951;3577.168;74.333;236.567;2169.231;2781.6;0.0;14809.0;33082.886;5732.256;-8448.511;25.023;18;128;[1.0, 2.136, 1.3, 2.075, 1.975];[2.255, 2.055, 1.672]
35;18902.119;515.951;3577.168;74.333;236.567;2169.231;2781.6;0.0;14809.0;33082.886;5732.256;-8448.511;23.029;18;128;[1.0, 2.136, 1.3, 2.075, 2.078];[2.255, 2.15, 1.672]
36;18585.221;513.128;3598.093;77.421;236.586;2249.541;2614.8;0.0;14474.0;32933.266;5881.876;-8466.169;2.878;18;128;[1.3, 2.136, 1.3, 2.075, 2.078];[2.255, 2.15, 1.905]
37;18576.958;511.221;3591.737;77.615;236.058;2254.048;2614.8;0.0;14474.0;32933.266;5881.876;-8474.432;25.273;18;128;[1.3, 2.136, 1.3, 2.075, 2.27];[2.429, 2.15, 1.905]
38;18576.958;511.221;3591.737;77.615;236.058;2254.048;2614.8;0.0;14474.0;32933.266;5881.876;-8474.432;5.347;18;128;[1.3, 2.136, 1.3, 2.075, 2.143];[2.429, 2.15, 1.815]
39;18576.958;511.221;3591.737;77.615;236.058;2254.048;2614.8;0.0;14474.0;32933.266;5881.876;-8474.432;4.91;18;128;[1.3, 2.022, 1.3, 2.075, 2.143];[2.429, 2.035, 1.815]
40;18576.958;511.221;3591.737;77.615;236.058;2254.048;2614.8;0.0;14474.0;32933.266;5881.876;-8474.432;2.665;18;128;[1.3, 2.12, 1.3, 2.075, 2.143];[2.486, 2.035, 1.815]
41;18576.958;511.221;3591.737;77.615;236.058;2254.048;2614.8;0.0;14474.0;32933.266;5881.876;-8474.432;3.804;18;128;[1.3, 2.12, 1.3, 2.075, 2.229];[2.486, 2.035, 1.933]
42;18705.356;492.544;3499.812;60.551;219.556;1793.892;2943.6;0.0;14713.0;33032.402;5782.74;-8544.306;3.696;18;128;[1.3, 2.12, 1.3, 2.075, 2.406];[2.486, 2.035, 2.14]
43;18705.356;492.544;3499.812;60.551;219.556;1793.892;2943.6;0.0;14713.0;33032.402;5782.74;-8544.306;4.598;18;128;[1.3, 2.12, 1.3, 2.075, 2.265];[2.486, 2.035, 2.026]
44;18705.356;492.544;3499.812;60.551;219.556;1793.892;2943.6;0.0;14713.0;33032.402;5782.74;-8544.306;9.404;18;128;[1.27, 2.12, 1.3, 2.075, 2.265];[2.486, 1.932, 2.026]
45;18705.356;492.544;3499.812;60.551;219.556;1793.892;2943.6;0.0;14713.0;33032.402;5782.74;-8544.306;2.975;18;128;[1.27, 2.208, 1.3, 2.075, 2.265];[2.486, 2.039, 2.026]
46;18705.356;492.544;3499.812;60.551;219.556;1793.892;2943.6;0.0;14713.0;33032.402;5782.74;-8544.306;1.853;18;128;[1.27, 2.208, 1.3, 1.968, 2.265];[2.486, 2.039, 1.923]
47;18705.356;492.544;3499.812;60.551;219.556;1793.892;2943.6;0.0;14713.0;33032.402;5782.74;-8544.306;12.775;18;128;[1.243, 2.208, 1.3, 1.968, 2.265];[2.486, 1.935, 1.923]
48;18705.356;492.544;3499.812;60.551;219.556;1793.892;2943.6;0.0;14713.0;33032.402;5782.74;-8544.306;28.076;18;128;[1.243, 2.208, 1.3, 1.968, 2.338];[2.537, 1.935, 1.923]
49;18705.356;492.544;3499.812;60.551;219.556;1793.892;2943.6;0.0;14713.0;33032.402;5782.74;-8544.306;2.821;18;128;[1.243, 2.287, 1.3, 1.968, 2.338];[2.537, 2.042, 1.923]
627constructshop:True depot:False weather:False;19685.271;546.293;3663.978;73.762;248.364;2166.187;3585.6;0.0;15475.0;32756.906;6058.236;-7013.399;30.639;19;128;[1.0, 1.0, 1.0, 1.0, 1.0];[1.0, 1.0, 1.0]
0;19426.635;514.531;3558.104;62.041;230.74;1843.806;3538.8;0.0;15354.0;32756.906;6058.236;-7272.035;10.089;19;128;[1.3, 1.0, 1.0, 1.0, 1.0];[1.3, 1.0, 1.0]
1;19339.027;513.006;3553.021;65.095;231.029;1923.502;3538.8;0.0;15273.0;32756.906;6058.236;-7359.643;8.123;19;128;[1.3, 1.3, 1.0, 1.0, 1.0];[1.57, 1.0, 1.0]
2;19246.601;505.754;3528.847;65.917;226.479;1940.326;3444.0;0.0;15212.0;32756.906;6058.236;-7452.069;10.254;19;128;[1.3, 1.3, 1.0, 1.3, 1.0];[1.57, 1.3, 1.0]
3;19246.601;505.754;3528.847;65.917;226.479;1940.326;3444.0;0.0;15212.0;32756.906;6058.236;-7452.069;7.665;19;128;[1.3, 1.3, 1.0, 1.47, 1.0];[1.57, 1.47, 1.0]
4;19241.327;504.306;3524.021;58.748;222.799;1750.242;3514.8;0.0;15213.0;32756.906;6058.236;-7457.343;3.252;19;128;[1.57, 1.3, 1.0, 1.47, 1.0];[1.57, 1.47, 1.3]
5;19241.327;504.306;3524.021;58.748;222.799;1750.242;3514.8;0.0;15213.0;32756.906;6058.236;-7457.343;2.722;19;128;[1.57, 1.3, 1.0, 1.423, 1.0];[1.57, 1.47, 1.27]
6;19241.327;504.306;3524.021;58.748;222.799;1750.242;3514.8;0.0;15213.0;32756.906;6058.236;-7457.343;2.35;19;128;[1.57, 1.3, 1.0, 1.581, 1.0];[1.57, 1.47, 1.443]
7;19183.465;490.954;3479.512;62.6;220.735;1848.33;3514.8;0.0;15213.0;32756.906;6058.236;-7515.205;9.239;19;128;[1.57, 1.3, 1.0, 1.823, 1.0];[1.813, 1.47, 1.443]
8;19183.465;490.954;3479.512;62.6;220.735;1848.33;3514.8;0.0;15213.0;32756.906;6058.236;-7515.205;7.397;19;128;[1.57, 1.3, 1.0, 1.941, 1.0];[1.813, 1.623, 1.443]
9;19183.465;490.954;3479.512;62.6;220.735;1848.33;3514.8;0.0;15213.0;32756.906;6058.236;-7515.205;2.226;19;128;[1.57, 1.3, 1.0, 1.847, 1.0];[1.813, 1.623, 1.399]
10;19183.465;490.954;3479.512;62.6;220.735;1848.33;3514.8;0.0;15213.0;32756.906;6058.236;-7515.205;23.715;19;128;[1.57, 1.3, 1.0, 1.847, 1.2];[1.813, 1.761, 1.399]
11;19183.465;490.954;3479.512;62.6;220.735;1848.33;3514.8;0.0;15213.0;32756.906;6058.236;-7515.205;3.413;19;128;[1.513, 1.3, 1.0, 1.847, 1.2];[1.813, 1.761, 1.359]
12;19183.465;490.954;3479.512;62.6;220.735;1848.33;3514.8;0.0;15213.0;32756.906;6058.236;-7515.205;6.949;19;128;[1.513, 1.3, 1.0, 1.962, 1.2];[1.932, 1.761, 1.359]
13;19183.465;490.954;3479.512;62.6;220.735;1848.33;3514.8;0.0;15213.0;32756.906;6058.236;-7515.205;1.626;19;128;[1.513, 1.3, 1.0, 1.866, 1.2];[1.932, 1.761, 1.323]
14;19183.465;490.954;3479.512;62.6;220.735;1848.33;3514.8;0.0;15213.0;32756.906;6058.236;-7515.205;7.966;19;128;[1.462, 1.3, 1.0, 1.866, 1.2];[1.839, 1.761, 1.323]
15;19126.436;523.947;3589.489;67.397;234.664;1986.983;3489.6;0.0;15013.0;32756.906;6058.236;-7572.234;19.841;19;128;[1.462, 1.3, 1.0, 1.866, 1.48];[1.839, 1.985, 1.323]
16;18934.05;503.089;3519.962;60.738;224.03;1803.205;3277.2;0.0;14911.0;32756.906;6058.236;-7764.62;20.921;19;128;[1.462, 1.3, 1.0, 1.866, 1.732];[1.839, 2.187, 1.323]
17;18826.044;496.395;3497.649;77.972;229.733;2256.999;3229.2;0.0;14832.0;32756.906;6058.236;-7872.626;11.451;19;128;[1.462, 1.3, 1.3, 1.866, 1.732];[1.839, 2.368, 1.323]
18;18826.044;496.395;3497.649;77.972;229.733;2256.999;3229.2;0.0;14832.0;32756.906;6058.236;-7872.626;7.037;19;128;[1.462, 1.3, 1.3, 1.779, 1.732];[1.839, 2.231, 1.323]
19;18826.044;496.395;3497.649;77.972;229.733;2256.999;3229.2;0.0;14832.0;32756.906;6058.236;-7872.626;9.847;19;128;[1.616, 1.3, 1.3, 1.779, 1.732];[1.839, 2.308, 1.323]
20;18702.399;472.246;3417.153;71.803;217.778;2084.656;3466.8;0.0;14813.0;32756.906;6058.236;-7996.271;11.009;19;128;[1.616, 1.3, 1.57, 1.779, 1.732];[1.839, 2.477, 1.323]
21;18702.399;472.246;3417.153;71.803;217.778;2084.656;3466.8;0.0;14813.0;32756.906;6058.236;-7996.271;10.444;19;128;[1.616, 1.3, 1.513, 1.779, 1.732];[1.839, 2.329, 1.323]
22;18702.399;472.246;3417.153;71.803;217.778;2084.656;3466.8;0.0;14813.0;32756.906;6058.236;-7996.271;2.272;19;128;[1.616, 1.47, 1.513, 1.779, 1.732];[1.955, 2.329, 1.323]
23;18702.399;472.246;3417.153;71.803;217.778;2084.656;3466.8;0.0;14813.0;32756.906;6058.236;-7996.271;4.911;19;128;[1.616, 1.47, 1.513, 1.779, 1.659];[1.955, 2.329, 1.291]
24;18630.127;455.568;3361.559;59.585;201.748;1750.946;3466.8;0.0;14813.0;32756.906;6058.236;-8068.543;9.642;19;128;[1.616, 1.47, 1.762, 1.779, 1.659];[2.159, 2.329, 1.291]
25;19044.783;466.642;3409.141;61.506;210.498;1809.651;3324.0;0.0;15169.0;33291.086;5524.056;-8722.247;2.195;18;128;[1.616, 1.723, 1.762, 1.779, 1.659];[2.159, 2.329, 1.562]
26;19044.783;466.642;3409.141;61.506;210.498;1809.651;3324.0;0.0;15169.0;33291.086;5524.056;-8722.247;2.877;18;128;[1.616, 1.723, 1.686, 1.779, 1.659];[2.159, 2.329, 1.506]
27;18941.507;461.04;3390.467;54.946;204.659;1633.251;3252.0;0.0;15090.0;33291.086;5524.056;-8825.523;22.199;18;128;[1.616, 1.723, 1.686, 1.779, 1.893];[2.343, 2.329, 1.506]
28;18941.507;461.04;3390.467;54.946;204.659;1633.251;3252.0;0.0;15090.0;33291.086;5524.056;-8825.523;17.997;18;128;[1.616, 1.723, 1.686, 1.779, 1.804];[2.343, 2.196, 1.506]
29;18941.507;461.04;3390.467;54.946;204.659;1633.251;3252.0;0.0;15090.0;33291.086;5524.056;-8825.523;2.872;18;128;[1.616, 1.723, 1.617, 1.779, 1.804];[2.343, 2.196, 1.455]
30;18941.507;461.04;3390.467;54.946;204.659;1633.251;3252.0;0.0;15090.0;33291.086;5524.056;-8825.523;7.697;18;128;[1.616, 1.723, 1.755, 1.779, 1.804];[2.343, 2.276, 1.455]
31;18941.507;461.04;3390.467;54.946;204.659;1633.251;3252.0;0.0;15090.0;33291.086;5524.056;-8825.523;1.928;18;128;[1.616, 1.651, 1.755, 1.779, 1.804];[2.209, 2.276, 1.455]
32;18941.507;461.04;3390.467;54.946;204.659;1633.251;3252.0;0.0;15090.0;33291.086;5524.056;-8825.523;3.823;18;128;[1.616, 1.786, 1.755, 1.779, 1.804];[2.288, 2.276, 1.455]
33;18941.507;461.04;3390.467;54.946;204.659;1633.251;3252.0;0.0;15090.0;33291.086;5524.056;-8825.523;11.532;18;128;[1.616, 1.786, 1.755, 1.901, 1.804];[2.288, 2.348, 1.455]
34;18941.507;461.04;3390.467;54.946;204.659;1633.251;3252.0;0.0;15090.0;33291.086;5524.056;-8825.523;5.551;18;128;[1.616, 1.907, 1.755, 1.901, 1.804];[2.288, 2.413, 1.455]
35;18941.507;461.04;3390.467;54.946;204.659;1633.251;3252.0;0.0;15090.0;33291.086;5524.056;-8825.523;3.317;18;128;[1.616, 2.016, 1.755, 1.901, 1.804];[2.288, 2.472, 1.455]
36;18941.507;461.04;3390.467;54.946;204.659;1633.251;3252.0;0.0;15090.0;33291.086;5524.056;-8825.523;8.774;18;128;[1.616, 2.016, 1.879, 1.901, 1.804];[2.359, 2.472, 1.455]
37;18941.507;461.04;3390.467;54.946;204.659;1633.251;3252.0;0.0;15090.0;33291.086;5524.056;-8825.523;7.154;18;128;[1.616, 1.914, 1.879, 1.901, 1.804];[2.223, 2.472, 1.455]
38;18941.507;461.04;3390.467;54.946;204.659;1633.251;3252.0;0.0;15090.0;33291.086;5524.056;-8825.523;8.425;18;128;[1.616, 1.914, 1.791, 1.901, 1.804];[2.101, 2.472, 1.455]
39;18941.507;461.04;3390.467;54.946;204.659;1633.251;3252.0;0.0;15090.0;33291.086;5524.056;-8825.523;9.263;18;128;[1.616, 1.914, 1.791, 2.011, 1.804];[2.191, 2.472, 1.455]
40;18941.507;461.04;3390.467;54.946;204.659;1633.251;3252.0;0.0;15090.0;33291.086;5524.056;-8825.523;15.236;18;128;[1.616, 1.914, 1.791, 2.011, 1.924];[2.191, 2.525, 1.455]
41;18941.507;461.04;3390.467;54.946;204.659;1633.251;3252.0;0.0;15090.0;33291.086;5524.056;-8825.523;3.915;18;128;[1.616, 1.914, 1.791, 2.011, 1.832];[2.191, 2.525, 1.41]
42;18941.507;461.04;3390.467;54.946;204.659;1633.251;3252.0;0.0;15090.0;33291.086;5524.056;-8825.523;8.405;18;128;[1.754, 1.914, 1.791, 2.011, 1.832];[2.191, 2.572, 1.41]
43;18941.507;461.04;3390.467;54.946;204.659;1633.251;3252.0;0.0;15090.0;33291.086;5524.056;-8825.523;8.073;18;128;[1.679, 1.914, 1.791, 2.011, 1.832];[2.072, 2.572, 1.41]
44;18941.507;461.04;3390.467;54.946;204.659;1633.251;3252.0;0.0;15090.0;33291.086;5524.056;-8825.523;4.105;18;128;[1.679, 1.823, 1.791, 2.011, 1.832];[1.965, 2.572, 1.41]
45;18941.507;461.04;3390.467;54.946;204.659;1633.251;3252.0;0.0;15090.0;33291.086;5524.056;-8825.523;7.858;18;128;[1.679, 1.823, 1.791, 1.91, 1.832];[1.965, 2.415, 1.41]
46;18941.507;461.04;3390.467;54.946;204.659;1633.251;3252.0;0.0;15090.0;33291.086;5524.056;-8825.523;1.642;18;128;[1.679, 1.941, 1.791, 1.91, 1.832];[1.965, 2.415, 1.569]
47;18941.507;461.04;3390.467;54.946;204.659;1633.251;3252.0;0.0;15090.0;33291.086;5524.056;-8825.523;2.5;18;128;[1.679, 1.941, 1.712, 1.91, 1.832];[1.965, 2.415, 1.512]
48;18941.507;461.04;3390.467;54.946;204.659;1633.251;3252.0;0.0;15090.0;33291.086;5524.056;-8825.523;3.635;18;128;[1.679, 1.941, 1.712, 1.91, 1.749];[1.965, 2.415, 1.461]
49;18941.507;461.04;3390.467;54.946;204.659;1633.251;3252.0;0.0;15090.0;33291.086;5524.056;-8825.523;18.962;18;128;[1.679, 1.941, 1.712, 1.91, 1.874];[1.965, 2.474, 1.461]
628constructshop:True depot:False weather:False;19308.157;519.959;3576.198;73.253;238.11;2142.683;3114.0;0.0;15212.0;32756.906;6058.236;-7390.513;26.435;19;128;[1.0, 1.0, 1.0, 1.0, 1.0];[1.0, 1.0, 1.0]
0;19308.157;519.959;3576.198;73.253;238.11;2142.683;3114.0;0.0;15212.0;32756.906;6058.236;-7390.513;10.076;19;128;[1.0, 1.0, 1.0, 1.0, 1.0];[1.0, 1.0, 1.0]
1;19151.201;515.816;3562.386;81.408;241.829;2358.448;3232.8;0.0;15073.0;32756.906;6058.236;-7547.469;10.601;19;128;[1.0, 1.0, 1.3, 1.0, 1.0];[1.3, 1.0, 1.0]
2;19077.366;512.623;3551.743;83.303;241.054;2406.927;3162.0;0.0;15013.0;32756.906;6058.236;-7621.304;4.361;19;128;[1.0, 1.3, 1.3, 1.0, 1.0];[1.3, 1.3, 1.0]
3;19037.817;503.496;3521.321;78.969;232.857;2286.041;3162.0;0.0;15013.0;32756.906;6058.236;-7660.853;7.303;19;128;[1.3, 1.3, 1.3, 1.0, 1.0];[1.3, 1.57, 1.0]
4;18680.22;481.205;3447.016;57.376;209.671;1701.451;3091.2;0.0;14752.0;32756.906;6058.236;-8018.45;20.45;19;128;[1.3, 1.3, 1.3, 1.0, 1.3];[1.57, 1.57, 1.0]
5;18680.22;481.205;3447.016;57.376;209.671;1701.451;3091.2;0.0;14752.0;32756.906;6058.236;-8018.45;3.552;19;128;[1.3, 1.47, 1.3, 1.0, 1.3];[1.57, 1.713, 1.0]
6;18516.797;475.799;3428.998;61.631;210.499;1812.895;3091.2;0.0;14612.0;32756.906;6058.236;-8181.873;10.351;19;128;[1.3, 1.723, 1.3, 1.0, 1.3];[1.57, 1.942, 1.0]
7;18516.797;475.799;3428.998;61.631;210.499;1812.895;3091.2;0.0;14612.0;32756.906;6058.236;-8181.873;18.792;19;128;[1.3, 1.723, 1.3, 1.0, 1.27];[1.513, 1.942, 1.0]
8;18516.797;475.799;3428.998;61.631;210.499;1812.895;3091.2;0.0;14612.0;32756.906;6058.236;-8181.873;8.219;19;128;[1.3, 1.723, 1.27, 1.0, 1.27];[1.513, 1.848, 1.0]
9;18516.797;475.799;3428.998;61.631;210.499;1812.895;3091.2;0.0;14612.0;32756.906;6058.236;-8181.873;4.81;19;128;[1.3, 1.851, 1.27, 1.0, 1.27];[1.513, 1.963, 1.0]
10;18516.797;475.799;3428.998;61.631;210.499;1812.895;3091.2;0.0;14612.0;32756.906;6058.236;-8181.873;3.346;19;128;[1.3, 1.851, 1.27, 1.0, 1.27];[1.513, 1.963, 1.0]
11;18516.797;475.799;3428.998;61.631;210.499;1812.895;3091.2;0.0;14612.0;32756.906;6058.236;-8181.873;4.901;19;128;[1.3, 1.766, 1.27, 1.0, 1.27];[1.513, 1.867, 1.0]
12;18459.959;462.913;3386.045;52.166;200.362;1556.669;3091.2;0.0;14611.0;32756.906;6058.236;-8238.712;6.409;19;128;[1.3, 1.766, 1.27, 1.3, 1.27];[1.762, 1.867, 1.0]
13;18459.959;462.913;3386.045;52.166;200.362;1556.669;3091.2;0.0;14611.0;32756.906;6058.236;-8238.712;5.064;19;128;[1.3, 1.766, 1.27, 1.47, 1.27];[1.886, 1.867, 1.0]
14;18293.479;461.418;3381.061;60.488;206.646;1779.321;3091.2;0.0;14451.0;32756.906;6058.236;-8405.191;17.526;19;128;[1.3, 1.766, 1.27, 1.47, 1.543];[1.886, 2.08, 1.0]
15;18293.479;461.418;3381.061;60.488;206.646;1779.321;3091.2;0.0;14451.0;32756.906;6058.236;-8405.191;6.22;19;128;[1.3, 1.766, 1.27, 1.423, 1.543];[1.797, 2.08, 1.0]
16;18293.479;461.418;3381.061;60.488;206.646;1779.321;3091.2;0.0;14451.0;32756.906;6058.236;-8405.191;4.367;19;128;[1.3, 1.766, 1.243, 1.423, 1.543];[1.797, 2.08, 1.0]
17;18293.479;461.418;3381.061;60.488;206.646;1779.321;3091.2;0.0;14451.0;32756.906;6058.236;-8405.191;2.565;19;128;[1.3, 1.889, 1.243, 1.423, 1.543];[1.797, 2.172, 1.0]
18;18293.479;461.418;3381.061;60.488;206.646;1779.321;3091.2;0.0;14451.0;32756.906;6058.236;-8405.191;6.041;19;128;[1.3, 1.889, 1.243, 1.423, 1.489];[1.797, 2.172, 1.0]
19;18293.479;461.418;3381.061;60.488;206.646;1779.321;3091.2;0.0;14451.0;32756.906;6058.236;-8405.191;10.803;19;128;[1.3, 1.889, 1.419, 1.423, 1.489];[1.797, 2.255, 1.0]
20;18293.479;461.418;3381.061;60.488;206.646;1779.321;3091.2;0.0;14451.0;32756.906;6058.236;-8405.191;9.86;19;128;[1.47, 1.889, 1.419, 1.423, 1.489];[1.917, 2.255, 1.0]
21;18184.259;459.06;3373.199;68.085;208.949;1979.149;2662.8;0.0;14352.0;32756.906;6058.236;-8514.411;10.162;19;128;[1.723, 1.889, 1.419, 1.423, 1.489];[2.125, 2.255, 1.0]
22;18184.259;459.06;3373.199;68.085;208.949;1979.149;2662.8;0.0;14352.0;32756.906;6058.236;-8514.411;7.83;19;128;[1.723, 1.889, 1.419, 1.381, 1.489];[2.125, 2.13, 1.0]
23;18184.259;459.06;3373.199;68.085;208.949;1979.149;2662.8;0.0;14352.0;32756.906;6058.236;-8514.411;5.851;19;128;[1.723, 1.889, 1.419, 1.543, 1.489];[2.125, 2.217, 1.0]
24;18184.259;459.06;3373.199;68.085;208.949;1979.149;2662.8;0.0;14352.0;32756.906;6058.236;-8514.411;5.379;19;128;[1.723, 1.8, 1.419, 1.543, 1.489];[2.125, 2.095, 1.0]
25;18141.68;449.234;3340.446;70.207;205.44;2030.826;2662.8;0.0;14352.0;32756.906;6058.236;-8556.99;7.413;19;128;[1.951, 1.8, 1.419, 1.543, 1.489];[2.125, 2.286, 1.0]
26;18141.68;449.234;3340.446;70.207;205.44;2030.826;2662.8;0.0;14352.0;32756.906;6058.236;-8556.99;6.294;19;128;[1.951, 1.72, 1.419, 1.543, 1.489];[2.125, 2.157, 1.0]
27;18141.68;449.234;3340.446;70.207;205.44;2030.826;2662.8;0.0;14352.0;32756.906;6058.236;-8556.99;3.129;19;128;[1.951, 1.848, 1.419, 1.543, 1.489];[2.125, 2.241, 1.0]
28;18062.47;449.647;3341.823;62.069;202.397;1816.2;2662.8;0.0;14271.0;32756.906;6058.236;-8636.2;2.966;19;128;[1.951, 2.063, 1.419, 1.543, 1.489];[2.125, 2.417, 1.0]
29;18062.47;449.647;3341.823;62.069;202.397;1816.2;2662.8;0.0;14271.0;32756.906;6058.236;-8636.2;9.004;19;128;[1.951, 1.957, 1.419, 1.543, 1.489];[2.125, 2.275, 1.0]
30;18062.47;449.647;3341.823;62.069;202.397;1816.2;2662.8;0.0;14271.0;32756.906;6058.236;-8636.2;5.97;19;128;[1.951, 2.061, 1.419, 1.543, 1.489];[2.125, 2.348, 1.0]
31;18062.47;449.647;3341.823;62.069;202.397;1816.2;2662.8;0.0;14271.0;32756.906;6058.236;-8636.2;6.244;19;128;[1.951, 1.955, 1.419, 1.543, 1.489];[2.125, 2.213, 1.0]
32;18062.47;449.647;3341.823;62.069;202.397;1816.2;2662.8;0.0;14271.0;32756.906;6058.236;-8636.2;3.263;19;128;[1.951, 2.059, 1.419, 1.543, 1.489];[2.213, 2.213, 1.0]
33;18062.47;449.647;3341.823;62.069;202.397;1816.2;2662.8;0.0;14271.0;32756.906;6058.236;-8636.2;6.251;19;128;[2.056, 2.059, 1.419, 1.543, 1.489];[2.213, 2.292, 1.0]
34;18282.223;456.359;3376.864;64.555;203.043;1881.462;2662.8;0.0;14449.0;33147.002;5668.14;-9196.639;12.176;18;128;[2.25, 2.059, 1.419, 1.543, 1.489];[2.392, 2.292, 1.0]
35;18282.223;456.359;3376.864;64.555;203.043;1881.462;2662.8;0.0;14449.0;33147.002;5668.14;-9196.639;8.556;18;128;[2.25, 2.059, 1.419, 1.489, 1.489];[2.253, 2.292, 1.0]
36;18282.223;456.359;3376.864;64.555;203.043;1881.462;2662.8;0.0;14449.0;33147.002;5668.14;-9196.639;21.339;18;128;[2.25, 2.059, 1.419, 1.489, 1.44];[2.253, 2.163, 1.0]
37;18282.223;456.359;3376.864;64.555;203.043;1881.462;2662.8;0.0;14449.0;33147.002;5668.14;-9196.639;10.808;18;128;[2.25, 2.059, 1.419, 1.44, 1.44];[2.253, 2.047, 1.0]
38;18282.223;456.359;3376.864;64.555;203.043;1881.462;2662.8;0.0;14449.0;33147.002;5668.14;-9196.639;4.766;18;128;[2.25, 2.153, 1.419, 1.44, 1.44];[2.253, 2.142, 1.0]
39;18282.223;456.359;3376.864;64.555;203.043;1881.462;2662.8;0.0;14449.0;33147.002;5668.14;-9196.639;9.294;18;128;[2.25, 2.153, 1.577, 1.44, 1.44];[2.253, 2.228, 1.0]
40;18282.223;456.359;3376.864;64.555;203.043;1881.462;2662.8;0.0;14449.0;33147.002;5668.14;-9196.639;2.938;18;128;[2.25, 2.038, 1.577, 1.44, 1.44];[2.253, 2.228, 1.0]
41;18282.223;456.359;3376.864;64.555;203.043;1881.462;2662.8;0.0;14449.0;33147.002;5668.14;-9196.639;2.842;18;128;[2.25, 2.038, 1.577, 1.396, 1.44];[2.253, 2.228, 1.0]
42;18282.223;456.359;3376.864;64.555;203.043;1881.462;2662.8;0.0;14449.0;33147.002;5668.14;-9196.639;3.783;18;128;[2.25, 2.038, 1.577, 1.396, 1.396];[2.253, 2.228, 1.0]
43;18282.223;456.359;3376.864;64.555;203.043;1881.462;2662.8;0.0;14449.0;33147.002;5668.14;-9196.639;1.807;18;128;[2.25, 2.134, 1.577, 1.396, 1.396];[2.328, 2.228, 1.0]
44;18282.223;456.359;3376.864;64.555;203.043;1881.462;2662.8;0.0;14449.0;33147.002;5668.14;-9196.639;2.621;18;128;[2.125, 2.134, 1.577, 1.396, 1.396];[2.328, 2.228, 1.0]
45;18282.223;456.359;3376.864;64.555;203.043;1881.462;2662.8;0.0;14449.0;33147.002;5668.14;-9196.639;2.133;18;128;[2.125, 2.221, 1.577, 1.396, 1.396];[2.395, 2.228, 1.0]
46;18282.223;456.359;3376.864;64.555;203.043;1881.462;2662.8;0.0;14449.0;33147.002;5668.14;-9196.639;8.601;18;128;[2.013, 2.221, 1.577, 1.396, 1.396];[2.395, 2.105, 1.0]
47;18282.223;456.359;3376.864;64.555;203.043;1881.462;2662.8;0.0;14449.0;33147.002;5668.14;-9196.639;10.143;18;128;[2.013, 2.221, 1.577, 1.556, 1.396];[2.395, 2.195, 1.0]
48;18282.223;456.359;3376.864;64.555;203.043;1881.462;2662.8;0.0;14449.0;33147.002;5668.14;-9196.639;3.411;18;128;[2.013, 2.221, 1.577, 1.556, 1.356];[2.395, 2.195, 1.0]
49;18282.223;456.359;3376.864;64.555;203.043;1881.462;2662.8;0.0;14449.0;33147.002;5668.14;-9196.639;5.793;18;128;[2.112, 2.221, 1.577, 1.556, 1.356];[2.455, 2.195, 1.0]
629constructshop:True depot:False weather:False;19349.378;507.703;3549.676;90.624;240.648;2596.862;3300.0;0.0;15292.0;33082.886;5732.256;-8001.252;26.017;19;128;[1.0, 1.0, 1.0, 1.0, 1.0];[1.0, 1.0, 1.0]
0;19296.471;495.724;3509.747;83.52;229.195;2400.706;3181.2;0.0;15291.0;33082.886;5732.256;-8054.159;8.296;18;128;[1.3, 1.0, 1.0, 1.0, 1.0];[1.3, 1.0, 1.0]
1;19261.693;487.929;3483.764;79.655;223.601;2294.639;3134.4;0.0;15290.0;33082.886;5732.256;-8088.937;9.006;18;128;[1.3, 1.0, 1.3, 1.0, 1.0];[1.3, 1.3, 1.0]
2;19201.138;487.801;3483.337;79.655;224.503;2295.542;3063.6;0.0;15230.0;33082.886;5732.256;-8149.492;7.455;18;128;[1.57, 1.0, 1.3, 1.0, 1.0];[1.3, 1.57, 1.0]
3;19201.138;487.801;3483.337;79.655;224.503;2295.542;3063.6;0.0;15230.0;33082.886;5732.256;-8149.492;6.799;18;128;[1.57, 1.0, 1.27, 1.0, 1.0];[1.3, 1.513, 1.0]
4;19184.473;484.186;3471.287;68.403;221.621;2000.089;2944.8;0.0;15229.0;33082.886;5732.256;-8166.157;17.169;18;128;[1.57, 1.0, 1.27, 1.0, 1.3];[1.3, 1.762, 1.0]
5;19184.473;484.186;3471.287;68.403;221.621;2000.089;2944.8;0.0;15229.0;33082.886;5732.256;-8166.157;2.684;18;128;[1.57, 1.0, 1.243, 1.0, 1.3];[1.3, 1.762, 1.0]
6;19184.473;484.186;3471.287;68.403;221.621;2000.089;2944.8;0.0;15229.0;33082.886;5732.256;-8166.157;1.752;18;128;[1.57, 1.0, 1.219, 1.0, 1.3];[1.3, 1.762, 1.0]
7;19184.473;484.186;3471.287;68.403;221.621;2000.089;2944.8;0.0;15229.0;33082.886;5732.256;-8166.157;19.636;18;128;[1.57, 1.0, 1.219, 1.0, 1.27];[1.3, 1.686, 1.0]
8;19163.78;479.411;3455.369;65.019;218.75;1909.251;2944.8;0.0;15229.0;33082.886;5732.256;-8186.85;8.158;18;128;[1.813, 1.0, 1.219, 1.0, 1.27];[1.3, 1.917, 1.0]
9;19008.392;471.244;3428.148;62.139;215.242;1830.861;2944.8;0.0;15109.0;33082.886;5732.256;-8342.238;9.346;18;128;[2.032, 1.0, 1.219, 1.0, 1.27];[1.3, 2.125, 1.0]
10;19008.392;471.244;3428.148;62.139;215.242;1830.861;2944.8;0.0;15109.0;33082.886;5732.256;-8342.238;4.036;18;128;[2.032, 1.0, 1.219, 1.0, 1.27];[1.3, 2.125, 1.0]
11;19008.392;471.244;3428.148;62.139;215.242;1830.861;2944.8;0.0;15109.0;33082.886;5732.256;-8342.238;6.418;18;128;[2.032, 1.2, 1.219, 1.0, 1.27];[1.47, 2.125, 1.0]
12;19008.392;471.244;3428.148;62.139;215.242;1830.861;2944.8;0.0;15109.0;33082.886;5732.256;-8342.238;10.662;18;128;[2.032, 1.2, 1.219, 1.2, 1.27];[1.47, 2.213, 1.0]
13;19008.392;471.244;3428.148;62.139;215.242;1830.861;2944.8;0.0;15109.0;33082.886;5732.256;-8342.238;3.572;18;128;[2.032, 1.38, 1.219, 1.2, 1.27];[1.47, 2.292, 1.0]
14;19008.392;471.244;3428.148;62.139;215.242;1830.861;2944.8;0.0;15109.0;33082.886;5732.256;-8342.238;8.865;18;128;[2.032, 1.38, 1.219, 1.38, 1.27];[1.47, 2.363, 1.0]
15;18915.436;468.485;3418.951;59.885;210.411;1767.433;2850.0;0.0;15028.0;33082.886;5732.256;-8435.194;18.688;18;128;[2.032, 1.38, 1.219, 1.38, 1.543];[1.47, 2.527, 1.0]
16;18915.436;468.485;3418.951;59.885;210.411;1767.433;2850.0;0.0;15028.0;33082.886;5732.256;-8435.194;3.182;18;128;[2.032, 1.38, 1.219, 1.342, 1.543];[1.47, 2.527, 1.0]
17;18915.436;468.485;3418.951;59.885;210.411;1767.433;2850.0;0.0;15028.0;33082.886;5732.256;-8435.194;6.477;18;128;[2.032, 1.342, 1.219, 1.342, 1.543];[1.47, 2.374, 1.0]
18;18915.436;468.485;3418.951;59.885;210.411;1767.433;2850.0;0.0;15028.0;33082.886;5732.256;-8435.194;2.768;18;128;[2.032, 1.308, 1.219, 1.342, 1.543];[1.47, 2.374, 1.0]
19;18752.563;481.438;3462.126;72.451;221.765;2105.498;2588.4;0.0;14809.0;33082.886;5732.256;-8598.067;8.402;18;128;[2.032, 1.308, 1.497, 1.342, 1.543];[1.47, 2.537, 1.0]
20;18693.071;467.709;3416.362;73.199;215.972;2119.139;2588.4;0.0;14809.0;33082.886;5732.256;-8657.559;9.845;18;128;[2.032, 1.308, 1.747, 1.342, 1.543];[1.723, 2.537, 1.0]
21;18693.071;467.709;3416.362;73.199;215.972;2119.139;2588.4;0.0;14809.0;33082.886;5732.256;-8657.559;1.295;18;128;[2.032, 1.477, 1.747, 1.342, 1.543];[1.723, 2.583, 1.0]
22;18693.071;467.709;3416.362;73.199;215.972;2119.139;2588.4;0.0;14809.0;33082.886;5732.256;-8657.559;4.26;18;128;[2.032, 1.477, 1.747, 1.342, 1.489];[1.723, 2.583, 1.0]
23;18693.071;467.709;3416.362;73.199;215.972;2119.139;2588.4;0.0;14809.0;33082.886;5732.256;-8657.559;2.773;18;128;[2.032, 1.629, 1.747, 1.342, 1.489];[1.851, 2.583, 1.0]
24;18693.071;467.709;3416.362;73.199;215.972;2119.139;2588.4;0.0;14809.0;33082.886;5732.256;-8657.559;11.299;18;128;[2.032, 1.566, 1.747, 1.342, 1.489];[1.851, 2.425, 1.0]
25;18619.0;455.462;3375.538;63.405;204.557;1853.079;2731.2;0.0;14788.0;33082.886;5732.256;-8731.63;7.757;18;128;[2.229, 1.566, 1.747, 1.342, 1.489];[2.066, 2.425, 1.0]
26;18617.214;455.049;3374.164;71.16;210.466;2060.627;2731.2;0.0;14788.0;33082.886;5732.256;-8733.416;14.944;18;128;[2.229, 1.566, 1.747, 1.342, 1.74];[2.066, 2.583, 1.0]
27;18617.214;455.049;3374.164;71.16;210.466;2060.627;2731.2;0.0;14788.0;33082.886;5732.256;-8733.416;1.645;18;128;[2.229, 1.509, 1.747, 1.342, 1.74];[2.066, 2.583, 1.0]
28;18617.214;455.049;3374.164;71.16;210.466;2060.627;2731.2;0.0;14788.0;33082.886;5732.256;-8733.416;3.571;18;128;[2.229, 1.509, 1.747, 1.308, 1.74];[2.066, 2.583, 1.0]
29;18617.214;455.049;3374.164;71.16;210.466;2060.627;2731.2;0.0;14788.0;33082.886;5732.256;-8733.416;9.399;18;128;[2.229, 1.509, 1.872, 1.308, 1.74];[2.066, 2.625, 1.0]
30;18617.214;455.049;3374.164;71.16;210.466;2060.627;2731.2;0.0;14788.0;33082.886;5732.256;-8733.416;9.88;18;128;[2.306, 1.509, 1.872, 1.308, 1.74];[2.066, 2.663, 1.0]
31;18617.214;455.049;3374.164;71.16;210.466;2060.627;2731.2;0.0;14788.0;33082.886;5732.256;-8733.416;3.247;18;128;[2.306, 1.458, 1.872, 1.308, 1.74];[1.959, 2.663, 1.0]
32;18599.289;469.375;3421.915;80.15;223.296;2307.196;2517.6;0.0;14708.0;33082.886;5732.256;-8751.341;16.147;18;128;[2.306, 1.458, 1.872, 1.308, 1.966];[1.959, 2.797, 1.0]
33;18507.452;466.643;3412.809;75.025;219.334;2169.971;2422.8;0.0;14628.0;33082.886;5732.256;-8843.178;7.234;18;128;[2.475, 1.458, 1.872, 1.308, 1.966];[1.959, 2.917, 1.0]
34;18315.102;459.177;3387.924;83.334;220.313;2387.01;2280.0;0.0;14468.0;33082.886;5732.256;-9035.528;8.516;18;128;[2.627, 1.458, 1.872, 1.308, 1.966];[2.163, 2.917, 1.0]
35;18300.233;455.746;3376.487;86.323;221.36;2465.769;2280.0;0.0;14468.0;33082.886;5732.256;-9050.397;10.391;18;128;[2.627, 1.458, 1.872, 1.577, 1.966];[2.163, 3.025, 1.0]
36;18300.233;455.746;3376.487;86.323;221.36;2465.769;2280.0;0.0;14468.0;33082.886;5732.256;-9050.397;6.769;18;128;[2.627, 1.458, 1.872, 1.719, 1.966];[2.247, 3.025, 1.0]
37;18287.629;448.222;3351.407;83.618;216.201;2390.263;2445.6;0.0;14488.0;33082.886;5732.256;-9063.001;16.372;18;128;[2.627, 1.458, 1.872, 1.719, 2.169];[2.247, 3.123, 1.0]
38;18275.136;445.339;3341.797;83.618;215.458;2389.52;2445.6;0.0;14488.0;33082.886;5732.256;-9075.494;3.9;18;128;[2.627, 1.712, 1.872, 1.719, 2.169];[2.247, 3.211, 1.0]
39;18275.136;445.339;3341.797;83.618;215.458;2389.52;2445.6;0.0;14488.0;33082.886;5732.256;-9075.494;3.198;18;128;[2.627, 1.712, 1.785, 1.719, 2.169];[2.247, 3.211, 1.0]
40;18275.136;445.339;3341.797;83.618;215.458;2389.52;2445.6;0.0;14488.0;33082.886;5732.256;-9075.494;9.965;18;128;[2.664, 1.712, 1.785, 1.719, 2.169];[2.247, 3.19, 1.0]
41;18275.136;445.339;3341.797;83.618;215.458;2389.52;2445.6;0.0;14488.0;33082.886;5732.256;-9075.494;11.615;18;128;[2.664, 1.712, 1.785, 1.647, 2.169];[2.122, 3.19, 1.0]
42;18275.136;445.339;3341.797;83.618;215.458;2389.52;2445.6;0.0;14488.0;33082.886;5732.256;-9075.494;7.566;18;128;[2.664, 1.712, 1.907, 1.647, 2.169];[2.122, 3.171, 1.0]
43;18275.136;445.339;3341.797;83.618;215.458;2389.52;2445.6;0.0;14488.0;33082.886;5732.256;-9075.494;7.956;18;128;[2.698, 1.712, 1.907, 1.647, 2.169];[2.21, 3.171, 1.0]
44;18275.136;445.339;3341.797;83.618;215.458;2389.52;2445.6;0.0;14488.0;33082.886;5732.256;-9075.494;7.762;18;128;[2.528, 1.712, 1.907, 1.647, 2.169];[2.089, 3.171, 1.0]
45;18275.136;445.339;3341.797;83.618;215.458;2389.52;2445.6;0.0;14488.0;33082.886;5732.256;-9075.494;20.024;18;128;[2.528, 1.712, 1.907, 1.647, 2.252];[2.089, 3.154, 1.0]
46;18275.136;445.339;3341.797;83.618;215.458;2389.52;2445.6;0.0;14488.0;33082.886;5732.256;-9075.494;3.095;18;128;[2.528, 1.841, 1.907, 1.647, 2.252];[2.18, 3.154, 1.0]
47;18275.136;445.339;3341.797;83.618;215.458;2389.52;2445.6;0.0;14488.0;33082.886;5732.256;-9075.494;10.357;18;128;[2.575, 1.841, 1.907, 1.647, 2.252];[2.18, 3.139, 1.0]
48;18275.136;445.339;3341.797;83.618;215.458;2389.52;2445.6;0.0;14488.0;33082.886;5732.256;-9075.494;3.988;18;128;[2.575, 1.757, 1.907, 1.647, 2.252];[2.18, 2.925, 1.0]
49;18275.136;445.339;3341.797;83.618;215.458;2389.52;2445.6;0.0;14488.0;33082.886;5732.256;-9075.494;8.904;18;128;[2.575, 1.757, 1.907, 1.582, 2.252];[2.18, 2.732, 1.0]
630constructshop:True depot:False weather:False;19864.487;534.112;3617.375;65.336;235.526;1934.265;3703.2;0.0;15713.0;32566.478;6248.664;-6453.326;31.851;19;128;[1.0, 1.0, 1.0, 1.0, 1.0];[1.0, 1.0, 1.0]
0;19782.601;529.062;3600.539;71.148;237.042;2086.889;3846.0;0.0;15653.0;32566.478;6248.664;-6535.213;5.844;20;128;[1.0, 1.3, 1.0, 1.0, 1.0];[1.0, 1.3, 1.0]
1;19243.174;513.963;3556.211;61.167;228.13;1818.474;3560.4;0.0;15173.0;32756.906;6058.236;-7455.496;30.22;19;128;[1.0, 1.3, 1.0, 1.0, 1.3];[1.0, 1.57, 1.0]
2;18999.475;508.494;3537.981;57.65;224.27;1723.169;3300.0;0.0;14953.0;32756.906;6058.236;-7699.195;12.262;19;128;[1.0, 1.3, 1.3, 1.0, 1.3];[1.3, 1.57, 1.0]
3;18732.939;493.14;3486.799;57.65;217.91;1716.809;3300.0;0.0;14753.0;32756.906;6058.236;-7965.731;2.002;19;128;[1.0, 1.57, 1.3, 1.0, 1.3];[1.57, 1.57, 1.0]
4;18521.121;471.951;3416.17;57.65;209.872;1708.77;3300.0;0.0;14633.0;32756.906;6058.236;-8177.549;3.976;19;128;[1.0, 1.813, 1.3, 1.0, 1.3];[1.813, 1.57, 1.0]
5;18503.269;467.6;3401.668;55.281;205.273;1642.571;3537.6;0.0;14634.0;32756.906;6058.236;-8195.401;1.114;19;128;[1.0, 2.032, 1.3, 1.0, 1.3];[1.813, 1.57, 1.3]
6;18503.269;467.6;3401.668;55.281;205.273;1642.571;3537.6;0.0;14634.0;32756.906;6058.236;-8195.401;13.864;19;128;[1.0, 1.929, 1.3, 1.0, 1.3];[1.732, 1.57, 1.3]
7;18503.269;467.6;3401.668;55.281;205.273;1642.571;3537.6;0.0;14634.0;32756.906;6058.236;-8195.401;10.089;19;128;[1.0, 1.929, 1.3, 1.0, 1.3];[1.732, 1.513, 1.3]
8;18503.269;467.6;3401.668;55.281;205.273;1642.571;3537.6;0.0;14634.0;32756.906;6058.236;-8195.401;29.459;19;128;[1.0, 1.929, 1.3, 1.0, 1.47];[1.732, 1.662, 1.3]
9;18503.269;467.6;3401.668;55.281;205.273;1642.571;3537.6;0.0;14634.0;32756.906;6058.236;-8195.401;4.312;19;128;[1.0, 1.929, 1.3, 1.0, 1.47];[1.732, 1.662, 1.27]
10;18503.269;467.6;3401.668;55.281;205.273;1642.571;3537.6;0.0;14634.0;32756.906;6058.236;-8195.401;3.937;19;128;[1.0, 1.929, 1.3, 1.2, 1.47];[1.732, 1.662, 1.443]
11;18503.269;467.6;3401.668;55.281;205.273;1642.571;3537.6;0.0;14634.0;32756.906;6058.236;-8195.401;9.301;19;128;[1.2, 1.929, 1.3, 1.2, 1.47];[1.859, 1.662, 1.443]
12;18503.269;467.6;3401.668;55.281;205.273;1642.571;3537.6;0.0;14634.0;32756.906;6058.236;-8195.401;1.879;19;128;[1.2, 1.836, 1.3, 1.2, 1.47];[1.859, 1.596, 1.443]
13;18442.776;504.641;3525.136;84.035;238.093;2423.003;3109.2;0.0;14413.0;32756.906;6058.236;-8255.894;11.2;19;128;[1.48, 1.836, 1.3, 1.2, 1.47];[2.073, 1.596, 1.443]
14;18431.732;502.092;3516.64;80.59;234.791;2330.136;3109.2;0.0;14413.0;32756.906;6058.236;-8266.938;2.347;19;128;[1.48, 1.836, 1.57, 1.2, 1.47];[2.073, 1.596, 1.699]
15;18409.405;496.939;3499.465;78.521;230.871;2272.404;3109.2;0.0;14413.0;32756.906;6058.236;-8289.266;9.253;19;128;[1.48, 1.836, 1.813, 1.2, 1.47];[2.266, 1.596, 1.699]
16;18355.327;498.306;3504.021;76.827;228.961;2226.451;3109.2;0.0;14353.0;32756.906;6058.236;-8343.343;10.273;19;128;[1.732, 1.836, 1.813, 1.2, 1.47];[2.439, 1.596, 1.699]
17;18355.327;498.306;3504.021;76.827;228.961;2226.451;3109.2;0.0;14353.0;32756.906;6058.236;-8343.343;2.83;19;128;[1.659, 1.836, 1.813, 1.2, 1.47];[2.439, 1.596, 1.629]
18;18355.327;498.306;3504.021;76.827;228.961;2226.451;3109.2;0.0;14353.0;32756.906;6058.236;-8343.343;5.226;19;128;[1.659, 1.836, 1.813, 1.2, 1.423];[2.439, 1.596, 1.566]
19;18355.327;498.306;3504.021;76.827;228.961;2226.451;3109.2;0.0;14353.0;32756.906;6058.236;-8343.343;9.037;19;128;[1.659, 1.836, 1.813, 1.18, 1.423];[2.439, 1.536, 1.566]
20;18355.327;498.306;3504.021;76.827;228.961;2226.451;3109.2;0.0;14353.0;32756.906;6058.236;-8343.343;3.259;19;128;[1.659, 1.836, 1.732, 1.18, 1.423];[2.439, 1.536, 1.509]
21;18355.327;498.306;3504.021;76.827;228.961;2226.451;3109.2;0.0;14353.0;32756.906;6058.236;-8343.343;2.792;19;128;[1.793, 1.836, 1.732, 1.18, 1.423];[2.439, 1.536, 1.658]
22;18355.327;498.306;3504.021;76.827;228.961;2226.451;3109.2;0.0;14353.0;32756.906;6058.236;-8343.343;13.884;19;128;[1.793, 1.836, 1.859, 1.18, 1.423];[2.439, 1.682, 1.658]
23;18355.327;498.306;3504.021;76.827;228.961;2226.451;3109.2;0.0;14353.0;32756.906;6058.236;-8343.343;10.054;19;128;[1.914, 1.836, 1.859, 1.18, 1.423];[2.495, 1.682, 1.658]
24;18355.327;498.306;3504.021;76.827;228.961;2226.451;3109.2;0.0;14353.0;32756.906;6058.236;-8343.343;8.693;19;128;[1.914, 1.836, 1.859, 1.162, 1.423];[2.346, 1.682, 1.658]
25;18355.327;498.306;3504.021;76.827;228.961;2226.451;3109.2;0.0;14353.0;32756.906;6058.236;-8343.343;9.728;19;128;[1.823, 1.836, 1.859, 1.162, 1.423];[2.211, 1.682, 1.658]
26;18355.327;498.306;3504.021;76.827;228.961;2226.451;3109.2;0.0;14353.0;32756.906;6058.236;-8343.343;11.827;19;128;[1.823, 1.836, 1.973, 1.162, 1.423];[2.29, 1.682, 1.658]
27;18355.327;498.306;3504.021;76.827;228.961;2226.451;3109.2;0.0;14353.0;32756.906;6058.236;-8343.343;7.464;19;128;[1.741, 1.836, 1.973, 1.162, 1.423];[2.161, 1.682, 1.658]
28;18355.327;498.306;3504.021;76.827;228.961;2226.451;3109.2;0.0;14353.0;32756.906;6058.236;-8343.343;7.723;19;128;[1.741, 1.836, 1.973, 1.346, 1.423];[2.245, 1.682, 1.658]
29;18355.327;498.306;3504.021;76.827;228.961;2226.451;3109.2;0.0;14353.0;32756.906;6058.236;-8343.343;5.057;19;128;[1.741, 1.836, 1.973, 1.511, 1.423];[2.321, 1.682, 1.658]
30;18355.327;498.306;3504.021;76.827;228.961;2226.451;3109.2;0.0;14353.0;32756.906;6058.236;-8343.343;1.476;19;128;[1.741, 1.752, 1.973, 1.511, 1.423];[2.321, 1.682, 1.592]
31;18355.327;498.306;3504.021;76.827;228.961;2226.451;3109.2;0.0;14353.0;32756.906;6058.236;-8343.343;5.381;19;128;[1.741, 1.752, 1.973, 1.46, 1.423];[2.189, 1.682, 1.592]
32;18355.327;498.306;3504.021;76.827;228.961;2226.451;3109.2;0.0;14353.0;32756.906;6058.236;-8343.343;16.564;19;128;[1.741, 1.752, 1.973, 1.46, 1.581];[2.189, 1.814, 1.592]
33;18355.327;498.306;3504.021;76.827;228.961;2226.451;3109.2;0.0;14353.0;32756.906;6058.236;-8343.343;2.117;19;128;[1.741, 1.752, 1.876, 1.46, 1.581];[2.189, 1.814, 1.533]
34;18355.327;498.306;3504.021;76.827;228.961;2226.451;3109.2;0.0;14353.0;32756.906;6058.236;-8343.343;6.2;19;128;[1.741, 1.752, 1.876, 1.414, 1.581];[2.189, 1.733, 1.533]
35;18355.327;498.306;3504.021;76.827;228.961;2226.451;3109.2;0.0;14353.0;32756.906;6058.236;-8343.343;15.407;19;128;[1.741, 1.752, 1.876, 1.414, 1.523];[2.189, 1.66, 1.533]
36;18355.327;498.306;3504.021;76.827;228.961;2226.451;3109.2;0.0;14353.0;32756.906;6058.236;-8343.343;15.346;19;128;[1.741, 1.752, 1.876, 1.414, 1.671];[2.27, 1.66, 1.533]
37;18355.327;498.306;3504.021;76.827;228.961;2226.451;3109.2;0.0;14353.0;32756.906;6058.236;-8343.343;5.746;19;128;[1.741, 1.752, 1.876, 1.573, 1.671];[2.343, 1.66, 1.533]
38;18355.327;498.306;3504.021;76.827;228.961;2226.451;3109.2;0.0;14353.0;32756.906;6058.236;-8343.343;5.855;19;128;[1.741, 1.752, 1.876, 1.716, 1.671];[2.409, 1.66, 1.533]
39;18355.327;498.306;3504.021;76.827;228.961;2226.451;3109.2;0.0;14353.0;32756.906;6058.236;-8343.343;2.892;19;128;[1.741, 1.752, 1.788, 1.716, 1.671];[2.409, 1.66, 1.48]
40;18355.327;498.306;3504.021;76.827;228.961;2226.451;3109.2;0.0;14353.0;32756.906;6058.236;-8343.343;5.87;19;128;[1.741, 1.752, 1.788, 1.716, 1.604];[2.409, 1.66, 1.432]
41;18355.327;498.306;3504.021;76.827;228.961;2226.451;3109.2;0.0;14353.0;32756.906;6058.236;-8343.343;5.786;19;128;[1.741, 1.752, 1.788, 1.844, 1.604];[2.468, 1.66, 1.432]
42;18355.327;498.306;3504.021;76.827;228.961;2226.451;3109.2;0.0;14353.0;32756.906;6058.236;-8343.343;6.919;19;128;[1.741, 1.752, 1.709, 1.844, 1.604];[2.321, 1.66, 1.432]
43;18355.327;498.306;3504.021;76.827;228.961;2226.451;3109.2;0.0;14353.0;32756.906;6058.236;-8343.343;8.184;19;128;[1.741, 1.752, 1.638, 1.844, 1.604];[2.321, 1.594, 1.432]
44;18355.327;498.306;3504.021;76.827;228.961;2226.451;3109.2;0.0;14353.0;32756.906;6058.236;-8343.343;18.706;19;128;[1.741, 1.752, 1.638, 1.844, 1.744];[2.389, 1.594, 1.432]
45;18355.327;498.306;3504.021;76.827;228.961;2226.451;3109.2;0.0;14353.0;32756.906;6058.236;-8343.343;17.6;19;128;[1.741, 1.752, 1.638, 1.844, 1.87];[2.45, 1.594, 1.432]
46;18355.327;498.306;3504.021;76.827;228.961;2226.451;3109.2;0.0;14353.0;32756.906;6058.236;-8343.343;2.703;19;128;[1.667, 1.752, 1.638, 1.844, 1.87];[2.45, 1.594, 1.389]
47;18355.327;498.306;3504.021;76.827;228.961;2226.451;3109.2;0.0;14353.0;32756.906;6058.236;-8343.343;9.152;19;128;[1.667, 1.752, 1.774, 1.844, 1.87];[2.505, 1.594, 1.389]
48;18355.327;498.306;3504.021;76.827;228.961;2226.451;3109.2;0.0;14353.0;32756.906;6058.236;-8343.343;6.449;19;128;[1.667, 1.752, 1.774, 1.96, 1.87];[2.554, 1.594, 1.389]
49;18355.327;498.306;3504.021;76.827;228.961;2226.451;3109.2;0.0;14353.0;32756.906;6058.236;-8343.343;2.118;19;128;[1.667, 1.677, 1.774, 1.96, 1.87];[2.554, 1.594, 1.35]
