iteration;totalMonetaryCost;totalPathCost;totalTimeCost;totalWeatherExtraTime;totalWeatherSafetyRiskKm;totalWeatherCost;totalShopCost;totalDepotCost;totalResourceCost;totalIncome;forgottenTaskCost;weight;time;unassigned_tasks;total_tasks;destroy;repair
constructshop:True depot:True weather:False;19661.97;554.301;3690.669;90.178;267.772;2612.4;3748.8;0.0;15417.0;32756.906;6058.236;-7036.7;22.456;19;128;[1.0, 1.0, 1.0, 1.0, 1.0];[1.0, 1.0, 1.0]
0;19661.97;554.301;3690.669;90.178;267.772;2612.4;3748.8;0.0;15417.0;32756.906;6058.236;-7036.7;14.204;19;128;[1.0, 1.0, 1.0, 1.0, 1.0];[1.0, 1.0, 1.0]
1;19386.472;523.032;3586.44;88.905;249.332;2560.875;3583.2;0.0;15277.0;32756.906;6058.236;-7312.198;16.599;19;128;[1.0, 1.0, 1.3, 1.0, 1.0];[1.3, 1.0, 1.0]
2;18928.071;514.17;3556.901;68.904;234.361;2025.877;3655.2;0.0;14857.0;32756.906;6058.236;-7770.599;29.646;19;128;[1.0, 1.0, 1.3, 1.0, 1.3];[1.57, 1.0, 1.0]
3;18813.727;506.475;3531.252;60.988;224.787;1810.482;3465.6;0.0;14776.0;32756.906;6058.236;-7884.943;10.836;19;128;[1.0, 1.0, 1.3, 1.3, 1.3];[1.57, 1.3, 1.0]
4;18799.47;503.185;3520.285;60.988;223.299;1808.995;3465.6;0.0;14776.0;32756.906;6058.236;-7899.199;1.795;19;128;[1.0, 1.3, 1.3, 1.3, 1.3];[1.57, 1.3, 1.3]
5;18799.47;503.185;3520.285;60.988;223.299;1808.995;3465.6;0.0;14776.0;32756.906;6058.236;-7899.199;2.867;19;128;[1.0, 1.27, 1.3, 1.3, 1.3];[1.57, 1.3, 1.27]
6;18799.47;503.185;3520.285;60.988;223.299;1808.995;3465.6;0.0;14776.0;32756.906;6058.236;-7899.199;10.537;19;128;[1.0, 1.27, 1.27, 1.3, 1.3];[1.513, 1.3, 1.27]
7;18799.47;503.185;3520.285;60.988;223.299;1808.995;3465.6;0.0;14776.0;32756.906;6058.236;-7899.199;3.289;19;128;[1.0, 1.243, 1.27, 1.3, 1.3];[1.513, 1.27, 1.27]
8;18799.47;503.185;3520.285;60.988;223.299;1808.995;3465.6;0.0;14776.0;32756.906;6058.236;-7899.199;4.298;19;128;[1.0, 1.243, 1.27, 1.3, 1.27];[1.513, 1.27, 1.243]
9;18799.47;503.185;3520.285;60.988;223.299;1808.995;3465.6;0.0;14776.0;32756.906;6058.236;-7899.199;3.976;19;128;[1.0, 1.243, 1.443, 1.3, 1.27];[1.513, 1.27, 1.419]
10;18799.47;503.185;3520.285;60.988;223.299;1808.995;3465.6;0.0;14776.0;32756.906;6058.236;-7899.199;12.772;19;128;[1.0, 1.243, 1.443, 1.47, 1.27];[1.513, 1.443, 1.419]
11;18799.47;503.185;3520.285;60.988;223.299;1808.995;3465.6;0.0;14776.0;32756.906;6058.236;-7899.199;15.192;19;128;[1.0, 1.243, 1.443, 1.47, 1.27];[1.513, 1.399, 1.419]
12;18799.47;503.185;3520.285;60.988;223.299;1808.995;3465.6;0.0;14776.0;32756.906;6058.236;-7899.199;4.031;19;128;[1.0, 1.243, 1.399, 1.47, 1.27];[1.513, 1.399, 1.377]
13;18799.47;503.185;3520.285;60.988;223.299;1808.995;3465.6;0.0;14776.0;32756.906;6058.236;-7899.199;12.441;19;128;[1.0, 1.243, 1.399, 1.623, 1.27];[1.662, 1.399, 1.377]
14;18799.47;503.185;3520.285;60.988;223.299;1808.995;3465.6;0.0;14776.0;32756.906;6058.236;-7899.199;13.03;19;128;[1.0, 1.243, 1.399, 1.761, 1.27];[1.796, 1.399, 1.377]
15;18799.47;503.185;3520.285;60.988;223.299;1808.995;3465.6;0.0;14776.0;32756.906;6058.236;-7899.199;16.882;19;128;[1.0, 1.243, 1.559, 1.761, 1.27];[1.796, 1.559, 1.377]
16;18799.47;503.185;3520.285;60.988;223.299;1808.995;3465.6;0.0;14776.0;32756.906;6058.236;-7899.199;18.513;19;128;[1.0, 1.243, 1.503, 1.761, 1.27];[1.716, 1.559, 1.377]
17;18799.47;503.185;3520.285;60.988;223.299;1808.995;3465.6;0.0;14776.0;32756.906;6058.236;-7899.199;14.53;19;128;[1.2, 1.243, 1.503, 1.761, 1.27];[1.716, 1.703, 1.377]
18;18799.47;503.185;3520.285;60.988;223.299;1808.995;3465.6;0.0;14776.0;32756.906;6058.236;-7899.199;3.053;19;128;[1.2, 1.243, 1.503, 1.685, 1.27];[1.716, 1.703, 1.339]
19;18799.47;503.185;3520.285;60.988;223.299;1808.995;3465.6;0.0;14776.0;32756.906;6058.236;-7899.199;1.821;19;128;[1.2, 1.419, 1.503, 1.685, 1.27];[1.716, 1.833, 1.339]
20;18799.47;503.185;3520.285;60.988;223.299;1808.995;3465.6;0.0;14776.0;32756.906;6058.236;-7899.199;16.736;19;128;[1.2, 1.419, 1.503, 1.817, 1.27];[1.716, 1.95, 1.339]
21;18799.47;503.185;3520.285;60.988;223.299;1808.995;3465.6;0.0;14776.0;32756.906;6058.236;-7899.199;14.634;19;128;[1.2, 1.419, 1.653, 1.817, 1.27];[1.716, 2.055, 1.339]
22;18787.643;482.456;3451.187;46.354;204.89;1410.102;3561.6;0.0;14854.0;32756.906;6058.236;-7911.027;4.398;19;128;[1.2, 1.419, 1.653, 1.817, 1.543];[1.716, 2.055, 1.605]
23;18742.955;472.374;3417.581;46.192;201.473;1402.47;3490.8;0.0;14853.0;32756.906;6058.236;-7955.715;13.785;19;128;[1.2, 1.419, 1.888, 1.817, 1.543];[1.716, 2.25, 1.605]
24;18742.955;472.374;3417.581;46.192;201.473;1402.47;3490.8;0.0;14853.0;32756.906;6058.236;-7955.715;2.399;19;128;[1.2, 1.377, 1.888, 1.817, 1.543];[1.716, 2.25, 1.545]
25;18742.955;472.374;3417.581;46.192;201.473;1402.47;3490.8;0.0;14853.0;32756.906;6058.236;-7955.715;3.587;19;128;[1.2, 1.339, 1.888, 1.817, 1.543];[1.716, 2.25, 1.491]
26;18742.955;472.374;3417.581;46.192;201.473;1402.47;3490.8;0.0;14853.0;32756.906;6058.236;-7955.715;28.447;19;128;[1.2, 1.339, 1.888, 1.817, 1.489];[1.716, 2.125, 1.491]
27;18742.955;472.374;3417.581;46.192;201.473;1402.47;3490.8;0.0;14853.0;32756.906;6058.236;-7955.715;10.611;19;128;[1.2, 1.339, 1.888, 1.935, 1.489];[1.716, 2.213, 1.491]
28;18742.955;472.374;3417.581;46.192;201.473;1402.47;3490.8;0.0;14853.0;32756.906;6058.236;-7955.715;13.118;19;128;[1.2, 1.339, 1.999, 1.935, 1.489];[1.716, 2.292, 1.491]
29;18742.955;472.374;3417.581;46.192;201.473;1402.47;3490.8;0.0;14853.0;32756.906;6058.236;-7955.715;9.121;19;128;[1.2, 1.305, 1.999, 1.935, 1.489];[1.644, 2.292, 1.491]
30;18742.955;472.374;3417.581;46.192;201.473;1402.47;3490.8;0.0;14853.0;32756.906;6058.236;-7955.715;12.625;19;128;[1.2, 1.305, 2.099, 1.935, 1.489];[1.644, 2.363, 1.491]
31;18700.522;480.813;3445.709;77.831;226.346;2249.95;3610.8;0.0;14774.0;32756.906;6058.236;-7998.148;12.605;19;128;[1.2, 1.305, 2.289, 1.935, 1.489];[1.644, 2.527, 1.491]
32;18686.466;477.569;3434.897;78.463;225.675;2265.715;3610.8;0.0;14774.0;32756.906;6058.236;-8012.204;10.621;19;128;[1.2, 1.305, 2.289, 2.142, 1.489];[1.644, 2.674, 1.491]
33;18686.466;477.569;3434.897;78.463;225.675;2265.715;3610.8;0.0;14774.0;32756.906;6058.236;-8012.204;2.848;19;128;[1.2, 1.274, 2.289, 2.142, 1.489];[1.644, 2.507, 1.491]
34;19014.43;498.407;3524.023;67.94;225.378;1991.816;3681.6;0.0;14992.0;33093.686;5721.456;-8357.8;3.926;18;128;[1.48, 1.274, 2.289, 2.142, 1.489];[1.644, 2.507, 1.742]
35;18953.607;493.602;3508.005;64.087;219.597;1885.864;3634.8;0.0;14952.0;33093.686;5721.456;-8418.624;11.478;18;128;[1.732, 1.274, 2.289, 2.142, 1.489];[1.644, 2.656, 1.742]
36;18953.607;493.602;3508.005;64.087;219.597;1885.864;3634.8;0.0;14952.0;33093.686;5721.456;-8418.624;12.465;18;128;[1.732, 1.274, 2.16, 2.142, 1.489];[1.58, 2.656, 1.742]
37;18953.607;493.602;3508.005;64.087;219.597;1885.864;3634.8;0.0;14952.0;33093.686;5721.456;-8418.624;13.799;18;128;[1.732, 1.274, 2.16, 2.028, 1.489];[1.522, 2.656, 1.742]
38;18894.274;479.91;3462.365;69.66;217.422;2028.58;3634.8;0.0;14952.0;33093.686;5721.456;-8477.955;10.337;18;128;[1.732, 1.274, 2.344, 2.028, 1.489];[1.77, 2.656, 1.742]
39;18894.274;479.91;3462.365;69.66;217.422;2028.58;3634.8;0.0;14952.0;33093.686;5721.456;-8477.955;10.695;18;128;[1.732, 1.274, 2.21, 2.028, 1.489];[1.77, 2.49, 1.742]
40;18894.274;479.91;3462.365;69.66;217.422;2028.58;3634.8;0.0;14952.0;33093.686;5721.456;-8477.955;10.166;18;128;[1.732, 1.274, 2.289, 2.028, 1.489];[1.77, 2.541, 1.742]
41;18894.274;479.91;3462.365;69.66;217.422;2028.58;3634.8;0.0;14952.0;33093.686;5721.456;-8477.955;6.959;18;128;[1.732, 1.247, 2.289, 2.028, 1.489];[1.77, 2.387, 1.742]
42;18894.274;479.91;3462.365;69.66;217.422;2028.58;3634.8;0.0;14952.0;33093.686;5721.456;-8477.955;11.119;18;128;[1.859, 1.247, 2.289, 2.028, 1.489];[1.77, 2.448, 1.742]
43;18894.274;479.91;3462.365;69.66;217.422;2028.58;3634.8;0.0;14952.0;33093.686;5721.456;-8477.955;27.007;18;128;[1.859, 1.247, 2.289, 2.028, 1.44];[1.693, 2.448, 1.742]
44;18894.274;479.91;3462.365;69.66;217.422;2028.58;3634.8;0.0;14952.0;33093.686;5721.456;-8477.955;2.894;18;128;[1.859, 1.422, 2.289, 2.028, 1.44];[1.824, 2.448, 1.742]
45;18894.274;479.91;3462.365;69.66;217.422;2028.58;3634.8;0.0;14952.0;33093.686;5721.456;-8477.955;12.803;18;128;[1.859, 1.422, 2.289, 1.925, 1.44];[1.742, 2.448, 1.742]
46;18649.489;483.421;3474.068;66.398;216.32;1942.673;3325.2;0.0;14692.0;33093.686;5721.456;-8722.741;11.619;18;128;[2.073, 1.422, 2.289, 1.925, 1.44];[1.742, 2.603, 1.742]
47;18649.489;483.421;3474.068;66.398;216.32;1942.673;3325.2;0.0;14692.0;33093.686;5721.456;-8722.741;31.361;18;128;[2.073, 1.422, 2.289, 1.925, 1.396];[1.668, 2.603, 1.742]
48;18649.489;483.421;3474.068;66.398;216.32;1942.673;3325.2;0.0;14692.0;33093.686;5721.456;-8722.741;3.442;18;128;[2.073, 1.422, 2.16, 1.925, 1.396];[1.668, 2.603, 1.668]
49;18649.489;483.421;3474.068;66.398;216.32;1942.673;3325.2;0.0;14692.0;33093.686;5721.456;-8722.741;2.938;18;128;[2.073, 1.422, 2.16, 1.833, 1.396];[1.668, 2.603, 1.601]
602constructshop:True depot:True weather:False;19772.581;535.442;3642.139;81.015;242.56;2348.951;3871.2;0.0;15595.0;33082.886;5732.256;-7578.049;28.256;19;128;[1.0, 1.0, 1.0, 1.0, 1.0];[1.0, 1.0, 1.0]
0;19663.026;510.16;3557.866;81.932;234.061;2364.291;4014.0;0.0;15595.0;33082.886;5732.256;-7687.604;1.484;18;128;[1.0, 1.3, 1.0, 1.0, 1.0];[1.0, 1.0, 1.3]
1;19663.026;510.16;3557.866;81.932;234.061;2364.291;4014.0;0.0;15595.0;33082.886;5732.256;-7687.604;3.485;18;128;[1.0, 1.3, 1.0, 1.0, 1.0];[1.0, 1.0, 1.27]
2;19465.019;519.62;3589.399;83.783;240.776;2419.126;3800.4;0.0;15356.0;33082.886;5732.256;-7885.611;14.241;18;128;[1.0, 1.3, 1.0, 1.3, 1.0];[1.0, 1.3, 1.27]
3;19445.933;515.215;3574.718;85.222;238.743;2454.526;3967.2;0.0;15356.0;33082.886;5732.256;-7904.697;2.71;18;128;[1.0, 1.57, 1.0, 1.3, 1.0];[1.0, 1.3, 1.543]
4;19445.933;515.215;3574.718;85.222;238.743;2454.526;3967.2;0.0;15356.0;33082.886;5732.256;-7904.697;11.481;18;128;[1.0, 1.57, 1.0, 1.27, 1.0];[1.0, 1.27, 1.543]
5;19429.522;511.428;3562.094;84.854;237.924;2444.121;3967.2;0.0;15356.0;33082.886;5732.256;-7921.108;0.96;18;128;[1.0, 1.813, 1.0, 1.27, 1.0];[1.0, 1.27, 1.789]
6;19352.439;493.64;3502.799;86.865;230.164;2488.661;3967.2;0.0;15356.0;33082.886;5732.256;-7998.191;11.789;18;128;[1.0, 1.813, 1.0, 1.543, 1.0];[1.0, 1.543, 1.789]
7;19352.439;493.64;3502.799;86.865;230.164;2488.661;3967.2;0.0;15356.0;33082.886;5732.256;-7998.191;5.577;18;128;[1.0, 1.813, 1.0, 1.543, 1.0];[1.0, 1.543, 1.71]
8;19273.819;493.958;3503.861;89.519;233.474;2560.978;3872.4;0.0;15276.0;33082.886;5732.256;-8076.811;8.783;18;128;[1.0, 2.032, 1.0, 1.543, 1.0];[1.0, 1.789, 1.71]
9;19169.583;483.75;3469.833;83.003;224.826;2382.915;3801.6;0.0;15216.0;33082.886;5732.256;-8181.047;22.726;18;128;[1.0, 2.032, 1.0, 1.543, 1.3];[1.0, 2.01, 1.71]
10;19169.583;483.75;3469.833;83.003;224.826;2382.915;3801.6;0.0;15216.0;33082.886;5732.256;-8181.047;10.133;18;128;[1.0, 2.032, 1.0, 1.489, 1.3];[1.0, 1.909, 1.71]
11;19169.583;483.75;3469.833;83.003;224.826;2382.915;3801.6;0.0;15216.0;33082.886;5732.256;-8181.047;2.617;18;128;[1.0, 2.032, 1.0, 1.44, 1.3];[1.0, 1.909, 1.639]
12;19169.583;483.75;3469.833;83.003;224.826;2382.915;3801.6;0.0;15216.0;33082.886;5732.256;-8181.047;3.672;18;128;[1.0, 2.032, 1.0, 1.44, 1.27];[1.0, 1.909, 1.575]
13;19169.583;483.75;3469.833;83.003;224.826;2382.915;3801.6;0.0;15216.0;33082.886;5732.256;-8181.047;1.902;18;128;[1.0, 2.032, 1.0, 1.396, 1.27];[1.0, 1.909, 1.518]
14;19169.583;483.75;3469.833;83.003;224.826;2382.915;3801.6;0.0;15216.0;33082.886;5732.256;-8181.047;3.154;18;128;[1.0, 1.929, 1.0, 1.396, 1.27];[1.0, 1.909, 1.466]
15;19169.583;483.75;3469.833;83.003;224.826;2382.915;3801.6;0.0;15216.0;33082.886;5732.256;-8181.047;2.613;18;128;[1.0, 1.929, 1.0, 1.396, 1.27];[1.0, 1.909, 1.419]
16;19169.583;483.75;3469.833;83.003;224.826;2382.915;3801.6;0.0;15216.0;33082.886;5732.256;-8181.047;2.661;18;128;[1.0, 1.929, 1.0, 1.356, 1.27];[1.0, 1.909, 1.377]
17;19169.583;483.75;3469.833;83.003;224.826;2382.915;3801.6;0.0;15216.0;33082.886;5732.256;-8181.047;10.81;18;128;[1.0, 1.929, 1.0, 1.32, 1.27];[1.0, 1.818, 1.377]
18;19169.583;483.75;3469.833;83.003;224.826;2382.915;3801.6;0.0;15216.0;33082.886;5732.256;-8181.047;3.658;18;128;[1.0, 1.929, 1.0, 1.32, 1.243];[1.0, 1.818, 1.339]
19;19169.583;483.75;3469.833;83.003;224.826;2382.915;3801.6;0.0;15216.0;33082.886;5732.256;-8181.047;1.665;18;128;[1.0, 2.036, 1.0, 1.32, 1.243];[1.2, 1.818, 1.339]
20;19169.583;483.75;3469.833;83.003;224.826;2382.915;3801.6;0.0;15216.0;33082.886;5732.256;-8181.047;11.763;18;128;[1.0, 2.036, 1.0, 1.488, 1.243];[1.38, 1.818, 1.339]
21;19169.583;483.75;3469.833;83.003;224.826;2382.915;3801.6;0.0;15216.0;33082.886;5732.256;-8181.047;10.173;18;128;[1.0, 2.036, 1.0, 1.639, 1.243];[1.542, 1.818, 1.339]
22;19169.583;483.75;3469.833;83.003;224.826;2382.915;3801.6;0.0;15216.0;33082.886;5732.256;-8181.047;3.796;18;128;[1.0, 2.036, 1.0, 1.639, 1.219];[1.542, 1.818, 1.305]
23;19169.583;483.75;3469.833;83.003;224.826;2382.915;3801.6;0.0;15216.0;33082.886;5732.256;-8181.047;12.439;18;128;[1.0, 2.036, 1.2, 1.639, 1.219];[1.542, 1.936, 1.305]
24;19169.583;483.75;3469.833;83.003;224.826;2382.915;3801.6;0.0;15216.0;33082.886;5732.256;-8181.047;15.641;18;128;[1.0, 2.036, 1.2, 1.575, 1.219];[1.542, 1.842, 1.305]
25;19169.583;483.75;3469.833;83.003;224.826;2382.915;3801.6;0.0;15216.0;33082.886;5732.256;-8181.047;26.864;18;128;[1.0, 2.036, 1.2, 1.575, 1.197];[1.542, 1.758, 1.305]
26;19169.583;483.75;3469.833;83.003;224.826;2382.915;3801.6;0.0;15216.0;33082.886;5732.256;-8181.047;13.057;18;128;[1.0, 2.036, 1.2, 1.718, 1.197];[1.542, 1.882, 1.305]
27;19169.583;483.75;3469.833;83.003;224.826;2382.915;3801.6;0.0;15216.0;33082.886;5732.256;-8181.047;13.136;18;128;[1.0, 2.036, 1.2, 1.846, 1.197];[1.542, 1.994, 1.305]
28;19169.583;483.75;3469.833;83.003;224.826;2382.915;3801.6;0.0;15216.0;33082.886;5732.256;-8181.047;24.679;18;128;[1.0, 2.036, 1.2, 1.846, 1.177];[1.542, 1.895, 1.305]
29;19169.583;483.75;3469.833;83.003;224.826;2382.915;3801.6;0.0;15216.0;33082.886;5732.256;-8181.047;11.81;18;128;[1.2, 2.036, 1.2, 1.846, 1.177];[1.542, 2.006, 1.305]
30;19169.583;483.75;3469.833;83.003;224.826;2382.915;3801.6;0.0;15216.0;33082.886;5732.256;-8181.047;2.016;18;128;[1.2, 2.036, 1.2, 1.761, 1.177];[1.542, 2.006, 1.274]
31;19169.583;483.75;3469.833;83.003;224.826;2382.915;3801.6;0.0;15216.0;33082.886;5732.256;-8181.047;20.917;18;128;[1.2, 1.932, 1.2, 1.761, 1.177];[1.542, 1.905, 1.274]
32;19169.583;483.75;3469.833;83.003;224.826;2382.915;3801.6;0.0;15216.0;33082.886;5732.256;-8181.047;12.247;18;128;[1.2, 1.932, 1.38, 1.761, 1.177];[1.542, 2.014, 1.274]
33;19169.583;483.75;3469.833;83.003;224.826;2382.915;3801.6;0.0;15216.0;33082.886;5732.256;-8181.047;14.993;18;128;[1.2, 1.932, 1.38, 1.885, 1.177];[1.542, 2.113, 1.274]
34;19169.583;483.75;3469.833;83.003;224.826;2382.915;3801.6;0.0;15216.0;33082.886;5732.256;-8181.047;2.951;18;128;[1.2, 1.839, 1.38, 1.885, 1.177];[1.542, 2.002, 1.274]
35;19169.583;483.75;3469.833;83.003;224.826;2382.915;3801.6;0.0;15216.0;33082.886;5732.256;-8181.047;12.811;18;128;[1.18, 1.839, 1.38, 1.885, 1.177];[1.542, 1.902, 1.274]
36;19169.583;483.75;3469.833;83.003;224.826;2382.915;3801.6;0.0;15216.0;33082.886;5732.256;-8181.047;16.709;18;128;[1.18, 1.839, 1.38, 1.797, 1.177];[1.488, 1.902, 1.274]
37;19169.583;483.75;3469.833;83.003;224.826;2382.915;3801.6;0.0;15216.0;33082.886;5732.256;-8181.047;14.924;18;128;[1.18, 1.839, 1.38, 1.917, 1.177];[1.488, 2.012, 1.274]
38;19169.583;483.75;3469.833;83.003;224.826;2382.915;3801.6;0.0;15216.0;33082.886;5732.256;-8181.047;15.261;18;128;[1.18, 1.839, 1.38, 2.025, 1.177];[1.488, 2.111, 1.274]
39;19169.583;483.75;3469.833;83.003;224.826;2382.915;3801.6;0.0;15216.0;33082.886;5732.256;-8181.047;2.576;18;128;[1.18, 1.839, 1.38, 1.923, 1.177];[1.488, 2.111, 1.247]
40;19169.583;483.75;3469.833;83.003;224.826;2382.915;3801.6;0.0;15216.0;33082.886;5732.256;-8181.047;6.174;18;128;[1.18, 1.955, 1.38, 1.923, 1.177];[1.488, 2.2, 1.247]
41;19169.583;483.75;3469.833;83.003;224.826;2382.915;3801.6;0.0;15216.0;33082.886;5732.256;-8181.047;14.001;18;128;[1.18, 1.955, 1.342, 1.923, 1.177];[1.439, 2.2, 1.247]
42;19169.583;483.75;3469.833;83.003;224.826;2382.915;3801.6;0.0;15216.0;33082.886;5732.256;-8181.047;15.936;18;128;[1.18, 1.955, 1.342, 1.831, 1.177];[1.395, 2.2, 1.247]
43;19169.583;483.75;3469.833;83.003;224.826;2382.915;3801.6;0.0;15216.0;33082.886;5732.256;-8181.047;1.292;18;128;[1.18, 2.059, 1.342, 1.831, 1.177];[1.395, 2.28, 1.247]
44;19169.583;483.75;3469.833;83.003;224.826;2382.915;3801.6;0.0;15216.0;33082.886;5732.256;-8181.047;4.489;18;128;[1.18, 2.059, 1.342, 1.831, 1.159];[1.395, 2.28, 1.222]
45;19169.583;483.75;3469.833;83.003;224.826;2382.915;3801.6;0.0;15216.0;33082.886;5732.256;-8181.047;3.448;18;128;[1.18, 2.059, 1.342, 1.831, 1.143];[1.395, 2.28, 1.2]
46;19169.583;483.75;3469.833;83.003;224.826;2382.915;3801.6;0.0;15216.0;33082.886;5732.256;-8181.047;3.211;18;128;[1.162, 2.059, 1.342, 1.831, 1.143];[1.395, 2.28, 1.18]
47;19169.583;483.75;3469.833;83.003;224.826;2382.915;3801.6;0.0;15216.0;33082.886;5732.256;-8181.047;14.397;18;128;[1.162, 2.059, 1.342, 1.748, 1.143];[1.356, 2.28, 1.18]
48;19169.583;483.75;3469.833;83.003;224.826;2382.915;3801.6;0.0;15216.0;33082.886;5732.256;-8181.047;3.552;18;128;[1.162, 1.953, 1.342, 1.748, 1.143];[1.356, 2.28, 1.162]
49;19169.583;483.75;3469.833;83.003;224.826;2382.915;3801.6;0.0;15216.0;33082.886;5732.256;-8181.047;12.8;18;128;[1.162, 1.953, 1.342, 1.673, 1.143];[1.356, 2.152, 1.162]
603constructshop:True depot:True weather:False;20112.103;536.408;3642.694;58.49;237.363;1758.103;4160.4;0.0;15933.0;32936.486;5878.656;-6945.727;30.209;19;128;[1.0, 1.0, 1.0, 1.0, 1.0];[1.0, 1.0, 1.0]
0;20015.379;546.626;3676.753;68.972;246.661;2039.944;3898.8;0.0;15792.0;32936.486;5878.656;-7042.451;9.855;18;128;[1.3, 1.0, 1.0, 1.0, 1.0];[1.0, 1.3, 1.0]
1;20015.379;546.626;3676.753;68.972;246.661;2039.944;3898.8;0.0;15792.0;32936.486;5878.656;-7042.451;1.875;18;128;[1.3, 1.0, 1.0, 1.0, 1.0];[1.0, 1.3, 1.0]
2;20009.556;531.436;3626.12;67.531;241.745;1997.546;4231.2;0.0;15852.0;32936.486;5878.656;-7048.274;5.461;18;128;[1.3, 1.3, 1.0, 1.0, 1.0];[1.0, 1.57, 1.0]
3;19768.489;531.19;3625.299;73.016;243.897;2142.309;3945.6;0.0;15612.0;32936.486;5878.656;-7289.341;4.294;18;128;[1.3, 1.3, 1.3, 1.0, 1.0];[1.0, 1.57, 1.3]
4;19768.489;531.19;3625.299;73.016;243.897;2142.309;3945.6;0.0;15612.0;32936.486;5878.656;-7289.341;4.394;18;128;[1.3, 1.3, 1.3, 1.0, 1.0];[1.0, 1.57, 1.27]
5;19609.115;522.104;3595.012;75.822;239.942;2211.306;3684.0;0.0;15492.0;32936.486;5878.656;-7448.715;11.193;18;128;[1.57, 1.3, 1.3, 1.0, 1.0];[1.3, 1.57, 1.27]
6;19462.131;525.107;3605.024;78.927;244.483;2296.59;3494.4;0.0;15332.0;32936.486;5878.656;-7595.699;10.181;18;128;[1.813, 1.3, 1.3, 1.0, 1.0];[1.3, 1.813, 1.27]
7;19393.514;514.119;3568.396;78.77;239.205;2287.222;3375.6;0.0;15311.0;32936.486;5878.656;-7664.316;11.235;18;128;[1.813, 1.3, 1.3, 1.3, 1.0];[1.57, 1.813, 1.27]
8;19060.27;492.832;3497.438;67.257;224.38;1973.068;2972.4;0.0;15070.0;32936.486;5878.656;-7997.56;12.166;18;128;[1.813, 1.3, 1.57, 1.3, 1.0];[1.57, 2.032, 1.27]
9;19023.124;484.259;3468.864;66.0;220.804;1936.809;2972.4;0.0;15070.0;32936.486;5878.656;-8034.706;10.544;18;128;[2.032, 1.3, 1.57, 1.3, 1.0];[1.57, 2.229, 1.27]
10;19023.124;484.259;3468.864;66.0;220.804;1936.809;2972.4;0.0;15070.0;32936.486;5878.656;-8034.706;3.546;18;128;[2.032, 1.3, 1.513, 1.3, 1.0];[1.57, 2.229, 1.243]
11;18905.308;457.071;3378.237;75.196;213.952;2169.036;2972.4;0.0;15070.0;32936.486;5878.656;-8152.522;9.35;18;128;[2.032, 1.3, 1.513, 1.57, 1.0];[1.813, 2.229, 1.243]
12;18905.308;457.071;3378.237;75.196;213.952;2169.036;2972.4;0.0;15070.0;32936.486;5878.656;-8152.522;7.81;18;128;[2.032, 1.3, 1.513, 1.713, 1.0];[1.932, 2.229, 1.243]
13;18899.677;455.541;3373.136;79.16;216.291;2274.457;3091.2;0.0;15071.0;32936.486;5878.656;-8158.153;9.771;18;128;[2.229, 1.3, 1.513, 1.713, 1.0];[2.139, 2.229, 1.243]
14;18805.719;452.32;3362.399;70.017;209.4;2029.847;3091.2;0.0;14991.0;32936.486;5878.656;-8252.111;2.137;18;128;[2.229, 1.57, 1.513, 1.713, 1.0];[2.139, 2.229, 1.519]
15;18805.719;452.32;3362.399;70.017;209.4;2029.847;3091.2;0.0;14991.0;32936.486;5878.656;-8252.111;8.822;18;128;[2.229, 1.57, 1.462, 1.713, 1.0];[2.139, 2.106, 1.519]
16;18805.719;452.32;3362.399;70.017;209.4;2029.847;3091.2;0.0;14991.0;32936.486;5878.656;-8252.111;8.892;18;128;[2.229, 1.57, 1.616, 1.713, 1.0];[2.225, 2.106, 1.519]
17;18702.566;451.823;3360.743;72.401;212.406;2094.833;2853.6;0.0;14890.0;32936.486;5878.656;-8355.264;9.876;18;128;[2.229, 1.57, 1.616, 1.942, 1.0];[2.402, 2.106, 1.519]
18;18702.566;451.823;3360.743;72.401;212.406;2094.833;2853.6;0.0;14890.0;32936.486;5878.656;-8355.264;4.722;18;128;[2.229, 1.57, 1.616, 1.942, 1.0];[2.402, 2.106, 1.467]
19;18702.566;451.823;3360.743;72.401;212.406;2094.833;2853.6;0.0;14890.0;32936.486;5878.656;-8355.264;3.746;18;128;[2.106, 1.57, 1.616, 1.942, 1.0];[2.402, 2.106, 1.42]
20;18702.566;451.823;3360.743;72.401;212.406;2094.833;2853.6;0.0;14890.0;32936.486;5878.656;-8355.264;8.701;18;128;[1.995, 1.57, 1.616, 1.942, 1.0];[2.262, 2.106, 1.42]
21;18668.083;443.865;3334.218;72.401;209.572;2091.999;2853.6;0.0;14890.0;32936.486;5878.656;-8389.747;2.067;18;128;[1.995, 1.813, 1.616, 1.942, 1.0];[2.436, 2.106, 1.42]
22;18668.083;443.865;3334.218;72.401;209.572;2091.999;2853.6;0.0;14890.0;32936.486;5878.656;-8389.747;6.792;18;128;[1.995, 1.732, 1.616, 1.942, 1.0];[2.436, 1.995, 1.42]
23;18589.284;444.143;3335.142;71.991;209.302;2081.061;2853.6;0.0;14810.0;32936.486;5878.656;-8468.546;3.799;18;128;[1.995, 1.959, 1.616, 1.942, 1.0];[2.592, 1.995, 1.42]
24;18589.284;444.143;3335.142;71.991;209.302;2081.061;2853.6;0.0;14810.0;32936.486;5878.656;-8468.546;0.857;18;128;[1.995, 1.863, 1.616, 1.942, 1.0];[2.592, 1.995, 1.378]
25;18589.284;444.143;3335.142;71.991;209.302;2081.061;2853.6;0.0;14810.0;32936.486;5878.656;-8468.546;5.124;18;128;[1.995, 1.777, 1.616, 1.942, 1.0];[2.433, 1.995, 1.378]
26;18780.801;448.954;3363.847;67.75;205.109;1966.596;2853.6;0.0;14968.0;33302.582;5512.56;-9009.221;1.942;17;128;[1.995, 1.999, 1.616, 1.942, 1.0];[2.433, 1.995, 1.64]
27;18752.539;442.432;3342.107;67.75;201.862;1963.35;2853.6;0.0;14968.0;33302.582;5512.56;-9037.483;10.288;17;128;[1.995, 1.999, 1.616, 2.148, 1.0];[2.433, 2.196, 1.64]
28;18752.539;442.432;3342.107;67.75;201.862;1963.35;2853.6;0.0;14968.0;33302.582;5512.56;-9037.483;8.945;17;128;[1.995, 1.999, 1.616, 2.233, 1.0];[2.433, 2.276, 1.64]
29;18752.539;442.432;3342.107;67.75;201.862;1963.35;2853.6;0.0;14968.0;33302.582;5512.56;-9037.483;3.34;17;128;[1.896, 1.999, 1.616, 2.233, 1.0];[2.433, 2.276, 1.576]
30;18752.539;442.432;3342.107;67.75;201.862;1963.35;2853.6;0.0;14968.0;33302.582;5512.56;-9037.483;8.92;17;128;[1.896, 1.999, 1.616, 2.31, 1.0];[2.433, 2.348, 1.576]
31;18731.292;437.529;3325.763;70.39;202.877;2033.028;2853.6;0.0;14968.0;33302.582;5512.56;-9058.73;12.09;17;128;[2.106, 1.999, 1.616, 2.31, 1.0];[2.433, 2.513, 1.576]
32;18579.496;434.807;3316.689;65.596;200.98;1906.478;2686.8;0.0;14828.0;33302.582;5512.56;-9210.526;8.052;17;128;[2.106, 1.999, 1.854, 2.31, 1.0];[2.433, 2.662, 1.576]
33;18579.496;434.807;3316.689;65.596;200.98;1906.478;2686.8;0.0;14828.0;33302.582;5512.56;-9210.526;3.593;17;128;[2.106, 1.999, 1.769, 2.31, 1.0];[2.433, 2.662, 1.518]
34;18579.496;434.807;3316.689;65.596;200.98;1906.478;2686.8;0.0;14828.0;33302.582;5512.56;-9210.526;2.539;17;128;[2.106, 1.999, 1.769, 2.179, 1.0];[2.433, 2.662, 1.466]
35;18466.687;436.466;3322.221;67.328;202.281;1952.821;2544.0;0.0;14708.0;33302.582;5512.56;-9323.335;7.371;17;128;[2.106, 1.999, 1.992, 2.179, 1.0];[2.59, 2.662, 1.466]
36;18432.505;428.578;3295.927;68.012;201.137;1969.447;2544.0;0.0;14708.0;33302.582;5512.56;-9357.517;7.854;17;128;[2.106, 1.999, 1.992, 2.361, 1.0];[2.731, 2.662, 1.466]
37;18378.037;434.47;3315.567;68.581;203.317;1986.427;2449.2;0.0;14628.0;33302.582;5512.56;-9411.985;7.866;17;128;[2.106, 1.999, 2.193, 2.361, 1.0];[2.731, 2.796, 1.466]
38;18378.037;434.47;3315.567;68.581;203.317;1986.427;2449.2;0.0;14628.0;33302.582;5512.56;-9411.985;2.583;17;128;[1.995, 1.999, 2.193, 2.361, 1.0];[2.731, 2.796, 1.419]
39;18377.224;434.282;3314.942;68.581;203.477;1986.587;2449.2;0.0;14628.0;33302.582;5512.56;-9412.798;4.42;17;128;[1.995, 2.199, 2.193, 2.361, 1.0];[2.731, 2.916, 1.419]
40;18377.224;434.282;3314.942;68.581;203.477;1986.587;2449.2;0.0;14628.0;33302.582;5512.56;-9412.798;4.022;17;128;[1.995, 2.079, 2.193, 2.361, 1.0];[2.731, 2.724, 1.419]
41;18377.224;434.282;3314.942;68.581;203.477;1986.587;2449.2;0.0;14628.0;33302.582;5512.56;-9412.798;2.474;17;128;[1.995, 2.079, 2.193, 2.225, 1.0];[2.731, 2.724, 1.377]
42;18377.224;434.282;3314.942;68.581;203.477;1986.587;2449.2;0.0;14628.0;33302.582;5512.56;-9412.798;1.627;17;128;[1.995, 2.079, 2.193, 2.103, 1.0];[2.731, 2.724, 1.339]
43;18371.457;432.951;3310.505;66.364;201.975;1927.442;2449.2;0.0;14628.0;33302.582;5512.56;-9418.565;13.496;17;128;[1.995, 2.079, 2.193, 2.103, 1.3];[2.858, 2.724, 1.339]
44;18371.457;432.951;3310.505;66.364;201.975;1927.442;2449.2;0.0;14628.0;33302.582;5512.56;-9418.565;2.764;17;128;[1.896, 2.079, 2.193, 2.103, 1.3];[2.858, 2.724, 1.305]
45;18371.457;432.951;3310.505;66.364;201.975;1927.442;2449.2;0.0;14628.0;33302.582;5512.56;-9418.565;7.346;17;128;[1.896, 2.079, 2.193, 1.993, 1.3];[2.858, 2.552, 1.305]
46;18354.653;429.074;3297.579;66.119;200.236;1919.339;2449.2;0.0;14628.0;33302.582;5512.56;-9435.369;8.047;17;128;[1.896, 2.079, 2.374, 1.993, 1.3];[2.972, 2.552, 1.305]
47;18354.653;429.074;3297.579;66.119;200.236;1919.339;2449.2;0.0;14628.0;33302.582;5512.56;-9435.369;7.465;17;128;[1.896, 2.079, 2.374, 1.894, 1.3];[2.775, 2.552, 1.305]
48;18354.653;429.074;3297.579;66.119;200.236;1919.339;2449.2;0.0;14628.0;33302.582;5512.56;-9435.369;1.87;17;128;[1.896, 2.079, 2.374, 1.805, 1.3];[2.775, 2.552, 1.274]
49;18354.653;429.074;3297.579;66.119;200.236;1919.339;2449.2;0.0;14628.0;33302.582;5512.56;-9435.369;6.667;17;128;[1.896, 2.079, 2.374, 1.725, 1.3];[2.598, 2.552, 1.274]
604constructshop:True depot:True weather:False;19674.508;524.04;3634.468;80.316;245.301;2333.522;3561.6;276.0;15516.0;32952.266;5862.876;-7414.882;25.144;19;128;[1.0, 1.0, 1.0, 1.0, 1.0];[1.0, 1.0, 1.0]
0;19352.357;523.544;3632.813;79.764;245.644;2319.513;3561.6;276.0;15196.0;32952.266;5862.876;-7737.033;4.69;18;128;[1.0, 1.3, 1.0, 1.0, 1.0];[1.0, 1.3, 1.0]
1;19266.719;504.243;3568.476;81.433;236.559;2353.814;3466.8;217.0;15194.0;32952.266;5862.876;-7822.671;17.641;18;128;[1.0, 1.3, 1.0, 1.3, 1.0];[1.0, 1.57, 1.0]
2;19266.719;504.243;3568.476;81.433;236.559;2353.814;3466.8;217.0;15194.0;32952.266;5862.876;-7822.671;1.251;18;128;[1.0, 1.27, 1.0, 1.3, 1.0];[1.0, 1.57, 1.0]
3;19299.165;514.73;3571.434;78.165;238.464;2270.744;3348.0;217.0;15213.0;33147.002;5668.14;-8179.697;34.7;18;128;[1.0, 1.27, 1.3, 1.3, 1.0];[1.3, 1.57, 1.0]
4;19213.899;503.823;3535.076;77.959;233.49;2260.429;3489.6;217.0;15175.0;33147.002;5668.14;-8264.963;4.906;18;128;[1.3, 1.27, 1.3, 1.3, 1.0];[1.3, 1.57, 1.3]
5;19138.473;500.494;3523.979;88.952;241.16;2553.91;3370.8;217.0;15114.0;33147.002;5668.14;-8340.389;16.881;18;128;[1.57, 1.27, 1.3, 1.3, 1.0];[1.3, 1.813, 1.3]
6;19138.473;500.494;3523.979;88.952;241.16;2553.91;3370.8;217.0;15114.0;33147.002;5668.14;-8340.389;4.125;18;128;[1.57, 1.27, 1.3, 1.27, 1.0];[1.3, 1.813, 1.27]
7;19041.466;492.185;3496.282;90.218;239.958;2585.631;3394.8;217.0;15053.0;33147.002;5668.14;-8437.396;4.026;18;128;[1.57, 1.27, 1.3, 1.543, 1.0];[1.3, 1.813, 1.543]
8;19034.366;490.546;3490.82;90.346;237.063;2586.063;3394.8;217.0;15053.0;33147.002;5668.14;-8444.496;13.138;18;128;[1.57, 1.27, 1.57, 1.543, 1.0];[1.3, 2.032, 1.543]
9;19000.525;496.814;3511.712;93.513;241.94;2673.279;3253.2;217.0;14992.0;33147.002;5668.14;-8478.337;15.631;18;128;[1.813, 1.27, 1.57, 1.543, 1.0];[1.3, 2.229, 1.543]
10;18808.17;489.347;3486.823;90.589;238.026;2593.338;3063.6;217.0;14832.0;33147.002;5668.14;-8670.692;9.405;18;128;[1.813, 1.543, 1.57, 1.543, 1.0];[1.3, 2.406, 1.543]
11;18652.721;485.782;3474.939;93.27;238.776;2663.804;2896.8;217.0;14692.0;33147.002;5668.14;-8826.141;13.7;18;128;[1.813, 1.543, 1.813, 1.543, 1.0];[1.57, 2.406, 1.543]
12;18652.721;485.782;3474.939;93.27;238.776;2663.804;2896.8;217.0;14692.0;33147.002;5668.14;-8826.141;2.212;18;128;[1.813, 1.489, 1.813, 1.543, 1.0];[1.57, 2.406, 1.489]
13;18652.721;485.782;3474.939;93.27;238.776;2663.804;2896.8;217.0;14692.0;33147.002;5668.14;-8826.141;15.399;18;128;[1.732, 1.489, 1.813, 1.543, 1.0];[1.57, 2.265, 1.489]
14;18550.165;475.961;3442.204;75.553;224.075;2188.442;2824.8;217.0;14632.0;33147.002;5668.14;-8928.697;3.31;18;128;[1.732, 1.489, 2.032, 1.543, 1.0];[1.57, 2.265, 1.74]
15;18549.331;475.769;3441.562;78.752;224.9;2272.459;2824.8;217.0;14632.0;33147.002;5668.14;-8929.531;9.186;18;128;[1.732, 1.74, 2.032, 1.543, 1.0];[1.57, 2.438, 1.74]
16;18449.803;452.801;3365.002;74.207;212.027;2141.416;2824.8;217.0;14632.0;33147.002;5668.14;-9029.059;9.979;18;128;[1.732, 1.966, 2.032, 1.543, 1.0];[1.813, 2.438, 1.74]
17;18449.803;452.801;3365.002;74.207;212.027;2141.416;2824.8;217.0;14632.0;33147.002;5668.14;-9029.059;2.799;18;128;[1.732, 1.966, 1.929, 1.543, 1.0];[1.813, 2.438, 1.666]
18;18447.311;470.918;3425.393;73.921;219.765;2141.699;2896.8;217.0;14551.0;33147.002;5668.14;-9031.551;12.141;18;128;[1.959, 1.966, 1.929, 1.543, 1.0];[1.813, 2.594, 1.666]
19;18447.311;470.918;3425.393;73.921;219.765;2141.699;2896.8;217.0;14551.0;33147.002;5668.14;-9031.551;2.598;18;128;[1.959, 1.966, 1.836, 1.543, 1.0];[1.813, 2.594, 1.599]
20;18447.311;470.918;3425.393;73.921;219.765;2141.699;2896.8;217.0;14551.0;33147.002;5668.14;-9031.551;14.568;18;128;[1.959, 2.069, 1.836, 1.543, 1.0];[1.813, 2.635, 1.599]
21;18447.311;470.918;3425.393;73.921;219.765;2141.699;2896.8;217.0;14551.0;33147.002;5668.14;-9031.551;17.088;18;128;[2.063, 2.069, 1.836, 1.543, 1.0];[1.813, 2.671, 1.599]
22;18447.311;470.918;3425.393;73.921;219.765;2141.699;2896.8;217.0;14551.0;33147.002;5668.14;-9031.551;3.936;18;128;[2.063, 2.069, 1.836, 1.543, 1.0];[1.813, 2.671, 1.539]
23;18443.394;479.245;3453.149;78.213;223.972;2257.523;2850.0;217.0;14511.0;33147.002;5668.14;-9035.468;16.208;18;128;[2.063, 2.069, 1.836, 1.789, 1.0];[2.032, 2.671, 1.539]
24;18438.952;478.45;3450.502;73.763;224.797;2142.63;2803.2;217.0;14510.0;33147.002;5668.14;-9039.91;2.567;18;128;[2.063, 2.069, 2.052, 1.789, 1.0];[2.032, 2.671, 1.785]
25;18438.952;478.45;3450.502;73.763;224.797;2142.63;2803.2;217.0;14510.0;33147.002;5668.14;-9039.91;2.306;18;128;[2.063, 2.162, 2.052, 1.789, 1.0];[2.129, 2.671, 1.785]
26;18438.952;478.45;3450.502;73.763;224.797;2142.63;2803.2;217.0;14510.0;33147.002;5668.14;-9039.91;16.101;18;128;[1.957, 2.162, 2.052, 1.789, 1.0];[2.129, 2.504, 1.785]
27;18218.759;467.79;3421.968;75.794;221.949;2192.587;2542.8;217.0;14329.0;33069.686;5745.456;-9105.471;14.444;18;128;[1.957, 2.162, 2.247, 1.789, 1.0];[2.129, 2.654, 1.785]
28;18218.759;467.79;3421.968;75.794;221.949;2192.587;2542.8;217.0;14329.0;33069.686;5745.456;-9105.471;18.623;18;128;[1.957, 2.162, 2.247, 1.71, 1.0];[2.129, 2.489, 1.785]
29;18163.257;447.367;3346.89;74.098;208.094;2134.641;2542.8;217.0;14369.0;33147.002;5668.14;-9315.605;12.894;18;128;[1.957, 2.162, 2.422, 1.71, 1.0];[2.316, 2.489, 1.785]
30;18147.363;443.699;3334.664;70.29;204.578;2032.131;2542.8;217.0;14369.0;33147.002;5668.14;-9331.499;8.944;18;128;[1.957, 2.162, 2.58, 1.71, 1.0];[2.316, 2.64, 1.785]
31;18136.356;441.39;3326.966;73.227;207.289;2111.19;2709.6;217.0;14368.0;33147.002;5668.14;-9342.506;5.032;18;128;[1.957, 2.346, 2.58, 1.71, 1.0];[2.484, 2.64, 1.785]
32;18136.356;441.39;3326.966;73.227;207.289;2111.19;2709.6;217.0;14368.0;33147.002;5668.14;-9342.506;3.101;18;128;[1.957, 2.411, 2.58, 1.71, 1.0];[2.484, 2.676, 1.785]
33;18136.356;441.39;3326.966;73.227;207.289;2111.19;2709.6;217.0;14368.0;33147.002;5668.14;-9342.506;6.375;18;128;[1.957, 2.27, 2.58, 1.71, 1.0];[2.484, 2.508, 1.785]
34;18128.947;439.68;3321.267;73.91;207.847;2129.514;2709.6;217.0;14368.0;33147.002;5668.14;-9349.915;7.781;18;128;[1.957, 2.443, 2.58, 1.71, 1.0];[2.636, 2.508, 1.785]
35;18112.375;435.856;3308.519;73.91;206.612;2128.279;2709.6;217.0;14368.0;33147.002;5668.14;-9366.487;7.603;18;128;[1.957, 2.443, 2.722, 1.71, 1.0];[2.636, 2.657, 1.785]
36;18097.97;432.531;3297.438;74.859;207.641;2153.985;2709.6;217.0;14368.0;33147.002;5668.14;-9380.892;17.336;18;128;[1.957, 2.443, 2.722, 1.939, 1.0];[2.772, 2.657, 1.785]
37;18097.97;432.531;3297.438;74.859;207.641;2153.985;2709.6;217.0;14368.0;33147.002;5668.14;-9380.892;4.728;18;128;[1.957, 2.443, 2.722, 1.939, 1.0];[2.772, 2.657, 1.707]
38;18097.97;432.531;3297.438;74.859;207.641;2153.985;2709.6;217.0;14368.0;33147.002;5668.14;-9380.892;3.189;18;128;[1.861, 2.443, 2.722, 1.939, 1.0];[2.772, 2.657, 1.636]
39;18097.97;432.531;3297.438;74.859;207.641;2153.985;2709.6;217.0;14368.0;33147.002;5668.14;-9380.892;7.786;18;128;[1.861, 2.299, 2.722, 1.939, 1.0];[2.595, 2.657, 1.636]
40;18097.97;432.531;3297.438;74.859;207.641;2153.985;2709.6;217.0;14368.0;33147.002;5668.14;-9380.892;2.144;18;128;[1.861, 2.299, 2.55, 1.939, 1.0];[2.595, 2.657, 1.572]
41;18097.97;432.531;3297.438;74.859;207.641;2153.985;2709.6;217.0;14368.0;33147.002;5668.14;-9380.892;2.672;18;128;[1.861, 2.169, 2.55, 1.939, 1.0];[2.436, 2.657, 1.572]
42;18086.977;429.995;3288.982;66.171;198.701;1919.157;2709.6;217.0;14368.0;33147.002;5668.14;-9391.885;9.067;18;128;[1.861, 2.169, 2.695, 1.939, 1.0];[2.592, 2.657, 1.572]
43;18061.781;423.949;3268.832;66.171;195.451;1915.906;2804.4;217.0;14369.0;33147.002;5668.14;-9417.081;9.585;18;128;[1.861, 2.352, 2.695, 1.939, 1.0];[2.592, 2.791, 1.572]
44;18061.781;423.949;3268.832;66.171;195.451;1915.906;2804.4;217.0;14369.0;33147.002;5668.14;-9417.081;1.938;18;128;[1.861, 2.352, 2.526, 1.939, 1.0];[2.592, 2.791, 1.515]
45;18060.99;423.767;3268.223;68.409;196.909;1975.536;2804.4;217.0;14369.0;33147.002;5668.14;-9417.872;29.976;18;128;[1.861, 2.352, 2.526, 1.939, 1.3];[2.733, 2.791, 1.515]
46;18060.99;423.767;3268.223;68.409;196.909;1975.536;2804.4;217.0;14369.0;33147.002;5668.14;-9417.872;6.016;18;128;[1.861, 2.352, 2.373, 1.939, 1.3];[2.733, 2.612, 1.515]
47;18060.99;423.767;3268.223;68.409;196.909;1975.536;2804.4;217.0;14369.0;33147.002;5668.14;-9417.872;3.173;18;128;[1.775, 2.352, 2.373, 1.939, 1.3];[2.733, 2.612, 1.464]
48;18060.99;423.767;3268.223;68.409;196.909;1975.536;2804.4;217.0;14369.0;33147.002;5668.14;-9417.872;9.341;18;128;[1.775, 2.352, 2.236, 1.939, 1.3];[2.56, 2.612, 1.464]
49;18060.99;423.767;3268.223;68.409;196.909;1975.536;2804.4;217.0;14369.0;33147.002;5668.14;-9417.872;17.339;18;128;[1.698, 2.352, 2.236, 1.939, 1.3];[2.56, 2.451, 1.464]
605constructshop:True depot:True weather:False;19861.087;541.174;3640.913;68.431;247.192;2026.39;4155.6;0.0;15679.0;32566.478;6248.664;-6456.727;31.156;19;128;[1.0, 1.0, 1.0, 1.0, 1.0];[1.0, 1.0, 1.0]
0;20031.244;542.133;3650.111;67.635;244.677;2003.197;4369.2;0.0;15839.0;32756.906;6058.236;-6667.426;3.736;19;128;[1.0, 1.0, 1.0, 1.3, 1.0];[1.0, 1.0, 1.3]
1;19613.994;538.845;3639.149;62.915;237.188;1872.973;4322.4;0.0;15436.0;32756.906;6058.236;-7084.676;29.724;19;128;[1.0, 1.0, 1.0, 1.3, 1.3];[1.0, 1.3, 1.3]
2;19414.421;525.097;3593.324;62.915;231.329;1867.114;4155.6;0.0;15296.0;32756.906;6058.236;-7284.249;10.141;19;128;[1.0, 1.3, 1.0, 1.3, 1.3];[1.0, 1.57, 1.3]
3;19236.98;521.072;3579.908;62.915;229.432;1865.217;3966.0;0.0;15136.0;32756.906;6058.236;-7461.69;26.986;19;128;[1.0, 1.3, 1.0, 1.3, 1.57];[1.0, 1.813, 1.3]
4;19149.858;510.429;3544.429;56.65;221.744;1694.636;4156.8;0.0;15095.0;32756.906;6058.236;-7548.812;2.034;19;128;[1.0, 1.57, 1.0, 1.3, 1.57];[1.0, 1.813, 1.57]
5;19149.858;510.429;3544.429;56.65;221.744;1694.636;4156.8;0.0;15095.0;32756.906;6058.236;-7548.812;12.517;19;128;[1.0, 1.57, 1.0, 1.3, 1.57];[1.0, 1.732, 1.57]
6;19146.932;514.6;3558.332;63.689;228.166;1884.088;4300.8;0.0;15074.0;32756.906;6058.236;-7551.738;31.314;19;128;[1.0, 1.57, 1.0, 1.3, 1.813];[1.3, 1.732, 1.57]
7;19146.932;514.6;3558.332;63.689;228.166;1884.088;4300.8;0.0;15074.0;32756.906;6058.236;-7551.738;1.865;19;128;[1.0, 1.713, 1.0, 1.3, 1.813];[1.3, 1.859, 1.57]
8;19146.932;514.6;3558.332;63.689;228.166;1884.088;4300.8;0.0;15074.0;32756.906;6058.236;-7551.738;2.565;19;128;[1.0, 1.642, 1.0, 1.3, 1.813];[1.3, 1.859, 1.513]
9;19146.932;514.6;3558.332;63.689;228.166;1884.088;4300.8;0.0;15074.0;32756.906;6058.236;-7551.738;3.426;19;128;[1.0, 1.578, 1.0, 1.3, 1.813];[1.3, 1.859, 1.462]
10;19146.932;514.6;3558.332;63.689;228.166;1884.088;4300.8;0.0;15074.0;32756.906;6058.236;-7551.738;8.918;19;128;[1.0, 1.578, 1.0, 1.27, 1.813];[1.3, 1.773, 1.462]
11;19139.663;512.692;3551.972;65.276;229.17;1926.348;4275.6;0.0;15075.0;32756.906;6058.236;-7559.007;25.457;19;128;[1.0, 1.578, 1.0, 1.27, 2.032];[1.3, 1.996, 1.462]
12;18783.75;505.096;3526.654;65.996;226.309;1942.201;3802.8;0.0;14752.0;32756.906;6058.236;-7914.92;20.616;19;128;[1.0, 1.82, 1.0, 1.27, 2.032];[1.3, 2.196, 1.462]
13;18774.809;502.802;3519.007;58.396;222.837;1741.137;3945.6;0.0;14753.0;32756.906;6058.236;-7923.861;2.942;19;128;[1.0, 2.038, 1.0, 1.27, 2.032];[1.3, 2.196, 1.716]
14;18774.809;502.802;3519.007;58.396;222.837;1741.137;3945.6;0.0;14753.0;32756.906;6058.236;-7923.861;3.0;19;128;[1.0, 2.038, 1.0, 1.243, 2.032];[1.3, 2.196, 1.644]
15;18774.809;502.802;3519.007;58.396;222.837;1741.137;3945.6;0.0;14753.0;32756.906;6058.236;-7923.861;25.912;19;128;[1.0, 2.038, 1.0, 1.243, 1.929];[1.3, 2.076, 1.644]
16;19299.921;513.52;3574.401;67.013;232.531;1974.876;3589.2;0.0;15212.0;33069.686;5745.456;-8024.309;3.397;18;128;[1.0, 2.234, 1.0, 1.243, 1.929];[1.3, 2.076, 1.88]
17;19210.443;506.718;3551.726;73.26;235.507;2140.266;3589.2;0.0;15152.0;33069.686;5745.456;-8113.787;5.412;18;128;[1.0, 2.411, 1.0, 1.243, 1.929];[1.3, 2.268, 1.88]
18;19210.443;506.718;3551.726;73.26;235.507;2140.266;3589.2;0.0;15152.0;33069.686;5745.456;-8113.787;25.055;18;128;[1.0, 2.411, 1.0, 1.243, 1.836];[1.3, 2.141, 1.88]
19;19210.443;506.718;3551.726;73.26;235.507;2140.266;3589.2;0.0;15152.0;33069.686;5745.456;-8113.787;7.62;18;128;[1.0, 2.47, 1.0, 1.243, 1.836];[1.3, 2.227, 1.88]
20;19094.201;539.893;3662.308;88.603;252.843;2556.53;3730.8;0.0;14892.0;33069.686;5745.456;-8230.029;3.084;18;128;[1.0, 2.623, 1.0, 1.243, 1.836];[1.3, 2.227, 2.092]
21;19070.597;534.445;3644.152;88.603;250.612;2554.298;3730.8;0.0;14892.0;33069.686;5745.456;-8253.633;2.684;18;128;[1.0, 2.761, 1.0, 1.243, 1.836];[1.3, 2.404, 2.092]
22;18997.679;517.618;3588.061;84.153;241.378;2429.344;3730.8;0.0;14892.0;33069.686;5745.456;-8326.551;1.898;18;128;[1.0, 2.885, 1.0, 1.243, 1.836];[1.3, 2.404, 2.283]
23;18997.679;517.618;3588.061;84.153;241.378;2429.344;3730.8;0.0;14892.0;33069.686;5745.456;-8326.551;14.075;18;128;[1.0, 2.885, 1.0, 1.243, 1.836];[1.3, 2.264, 2.283]
24;18997.679;517.618;3588.061;84.153;241.378;2429.344;3730.8;0.0;14892.0;33069.686;5745.456;-8326.551;2.903;18;128;[1.0, 2.885, 1.0, 1.219, 1.836];[1.3, 2.264, 2.155]
25;18997.679;517.618;3588.061;84.153;241.378;2429.344;3730.8;0.0;14892.0;33069.686;5745.456;-8326.551;3.65;18;128;[1.0, 2.885, 1.0, 1.219, 1.752];[1.3, 2.264, 2.039]
26;18912.14;511.724;3568.415;78.872;237.956;2288.632;3516.0;0.0;14832.0;33069.686;5745.456;-8412.09;3.927;18;128;[1.0, 2.996, 1.0, 1.219, 1.752];[1.57, 2.264, 2.039]
27;18688.307;482.917;3472.39;71.323;222.764;2077.168;3706.8;0.0;14733.0;33069.686;5745.456;-8635.923;3.02;18;128;[1.0, 3.096, 1.0, 1.219, 1.752];[1.57, 2.264, 2.235]
28;18688.307;482.917;3472.39;71.323;222.764;2077.168;3706.8;0.0;14733.0;33069.686;5745.456;-8635.923;1.854;18;128;[1.0, 2.886, 1.0, 1.219, 1.752];[1.513, 2.264, 2.235]
29;18688.307;482.917;3472.39;71.323;222.764;2077.168;3706.8;0.0;14733.0;33069.686;5745.456;-8635.923;14.8;18;128;[1.0, 2.886, 1.0, 1.219, 1.752];[1.513, 2.138, 2.235]
30;18688.307;482.917;3472.39;71.323;222.764;2077.168;3706.8;0.0;14733.0;33069.686;5745.456;-8635.923;2.406;18;128;[1.0, 2.697, 1.0, 1.219, 1.752];[1.513, 2.138, 2.111]
31;18688.307;482.917;3472.39;71.323;222.764;2077.168;3706.8;0.0;14733.0;33069.686;5745.456;-8635.923;16.912;18;128;[1.0, 2.697, 1.0, 1.219, 1.752];[1.462, 2.138, 2.111]
32;18688.307;482.917;3472.39;71.323;222.764;2077.168;3706.8;0.0;14733.0;33069.686;5745.456;-8635.923;1.653;18;128;[1.0, 2.727, 1.0, 1.219, 1.752];[1.462, 2.224, 2.111]
33;18688.307;482.917;3472.39;71.323;222.764;2077.168;3706.8;0.0;14733.0;33069.686;5745.456;-8635.923;5.718;18;128;[1.0, 2.754, 1.0, 1.219, 1.752];[1.616, 2.224, 2.111]
34;18688.307;482.917;3472.39;71.323;222.764;2077.168;3706.8;0.0;14733.0;33069.686;5745.456;-8635.923;10.614;18;128;[1.2, 2.754, 1.0, 1.219, 1.752];[1.616, 2.302, 2.111]
35;18688.307;482.917;3472.39;71.323;222.764;2077.168;3706.8;0.0;14733.0;33069.686;5745.456;-8635.923;2.31;18;128;[1.2, 2.779, 1.0, 1.219, 1.752];[1.616, 2.302, 2.2]
36;18688.307;482.917;3472.39;71.323;222.764;2077.168;3706.8;0.0;14733.0;33069.686;5745.456;-8635.923;1.375;18;128;[1.2, 2.801, 1.0, 1.219, 1.752];[1.616, 2.302, 2.28]
37;18688.307;482.917;3472.39;71.323;222.764;2077.168;3706.8;0.0;14733.0;33069.686;5745.456;-8635.923;2.835;18;128;[1.2, 2.801, 1.0, 1.219, 1.752];[1.616, 2.302, 2.152]
38;18688.307;482.917;3472.39;71.323;222.764;2077.168;3706.8;0.0;14733.0;33069.686;5745.456;-8635.923;28.584;18;128;[1.2, 2.801, 1.0, 1.219, 1.877];[1.754, 2.302, 2.152]
39;18688.307;482.917;3472.39;71.323;222.764;2077.168;3706.8;0.0;14733.0;33069.686;5745.456;-8635.923;3.188;18;128;[1.2, 2.801, 1.0, 1.197, 1.877];[1.754, 2.302, 2.037]
40;18688.307;482.917;3472.39;71.323;222.764;2077.168;3706.8;0.0;14733.0;33069.686;5745.456;-8635.923;2.199;18;128;[1.2, 2.621, 1.0, 1.197, 1.877];[1.754, 2.302, 1.933]
41;18688.307;482.917;3472.39;71.323;222.764;2077.168;3706.8;0.0;14733.0;33069.686;5745.456;-8635.923;25.513;18;128;[1.2, 2.621, 1.0, 1.197, 1.789];[1.679, 2.302, 1.933]
42;18688.307;482.917;3472.39;71.323;222.764;2077.168;3706.8;0.0;14733.0;33069.686;5745.456;-8635.923;10.31;18;128;[1.18, 2.621, 1.0, 1.197, 1.789];[1.679, 2.172, 1.933]
43;18688.307;482.917;3472.39;71.323;222.764;2077.168;3706.8;0.0;14733.0;33069.686;5745.456;-8635.923;15.629;18;128;[1.18, 2.659, 1.0, 1.197, 1.789];[1.679, 2.255, 1.933]
44;18688.307;482.917;3472.39;71.323;222.764;2077.168;3706.8;0.0;14733.0;33069.686;5745.456;-8635.923;13.463;18;128;[1.18, 2.693, 1.0, 1.197, 1.789];[1.811, 2.255, 1.933]
45;18688.307;482.917;3472.39;71.323;222.764;2077.168;3706.8;0.0;14733.0;33069.686;5745.456;-8635.923;11.83;18;128;[1.162, 2.693, 1.0, 1.197, 1.789];[1.73, 2.255, 1.933]
46;18688.307;482.917;3472.39;71.323;222.764;2077.168;3706.8;0.0;14733.0;33069.686;5745.456;-8635.923;7.672;18;128;[1.162, 2.724, 1.0, 1.197, 1.789];[1.73, 2.33, 1.933]
47;18688.307;482.917;3472.39;71.323;222.764;2077.168;3706.8;0.0;14733.0;33069.686;5745.456;-8635.923;2.753;18;128;[1.162, 2.552, 1.0, 1.197, 1.789];[1.73, 2.33, 1.84]
48;18688.307;482.917;3472.39;71.323;222.764;2077.168;3706.8;0.0;14733.0;33069.686;5745.456;-8635.923;7.372;18;128;[1.162, 2.597, 1.0, 1.197, 1.789];[1.73, 2.397, 1.84]
49;18688.307;482.917;3472.39;71.323;222.764;2077.168;3706.8;0.0;14733.0;33069.686;5745.456;-8635.923;10.285;18;128;[1.346, 2.597, 1.0, 1.197, 1.789];[1.73, 2.457, 1.84]
606constructshop:True depot:True weather:False;19544.87;511.047;3562.823;53.721;219.698;1616.456;3422.4;0.0;15471.0;33105.602;5709.54;-7851.192;27.995;19;128;[1.0, 1.0, 1.0, 1.0, 1.0];[1.0, 1.0, 1.0]
0;19448.102;521.024;3596.078;59.206;223.513;1762.87;3255.6;0.0;15331.0;33105.602;5709.54;-7947.96;14.265;18;128;[1.3, 1.0, 1.0, 1.0, 1.0];[1.3, 1.0, 1.0]
1;19309.412;506.787;3548.624;53.419;215.284;1604.178;3325.2;0.0;15254.0;33105.602;5709.54;-8086.65;4.848;18;128;[1.3, 1.0, 1.0, 1.0, 1.3];[1.3, 1.0, 1.3]
2;19275.041;498.856;3522.186;54.51;211.748;1629.002;3492.0;0.0;15254.0;33105.602;5709.54;-8121.021;9.422;18;128;[1.3, 1.3, 1.0, 1.0, 1.3];[1.57, 1.0, 1.3]
3;19120.01;495.387;3510.623;52.884;209.975;1584.965;3492.0;0.0;15114.0;33105.602;5709.54;-8276.052;7.688;18;128;[1.3, 1.57, 1.0, 1.0, 1.3];[1.813, 1.0, 1.3]
4;18661.5;486.731;3481.769;52.027;205.746;1558.446;2946.0;0.0;14693.0;33105.602;5709.54;-8734.562;20.186;18;128;[1.3, 1.813, 1.0, 1.0, 1.3];[2.032, 1.0, 1.3]
5;19081.061;511.707;3581.355;55.327;219.232;1657.746;2731.2;0.0;14988.0;33501.098;5314.044;-9105.992;3.955;17;128;[1.57, 1.813, 1.0, 1.0, 1.3];[2.032, 1.0, 1.57]
6;19081.061;511.707;3581.355;55.327;219.232;1657.746;2731.2;0.0;14988.0;33501.098;5314.044;-9105.992;3.39;17;128;[1.513, 1.813, 1.0, 1.0, 1.3];[2.032, 1.0, 1.513]
7;18925.179;507.81;3568.368;68.31;227.08;2003.151;2850.0;0.0;14849.0;33501.098;5314.044;-9261.875;10.727;17;128;[1.762, 1.813, 1.0, 1.0, 1.3];[2.229, 1.0, 1.513]
8;18907.029;503.622;3554.407;64.728;222.708;1905.627;2851.2;0.0;14849.0;33501.098;5314.044;-9280.025;3.814;17;128;[1.762, 1.813, 1.3, 1.0, 1.3];[2.229, 1.0, 1.762]
9;18851.092;490.944;3512.148;67.481;218.754;1973.258;2899.2;0.0;14848.0;33501.098;5314.044;-9335.962;29.118;17;128;[1.762, 1.813, 1.3, 1.0, 1.57];[2.406, 1.0, 1.762]
10;18768.76;471.945;3448.816;67.347;212.844;1963.863;2899.2;0.0;14848.0;33501.098;5314.044;-9418.294;12.651;17;128;[1.762, 1.813, 1.57, 1.0, 1.57];[2.565, 1.0, 1.762]
11;18768.76;471.945;3448.816;67.347;212.844;1963.863;2899.2;0.0;14848.0;33501.098;5314.044;-9418.294;1.632;17;128;[1.762, 1.732, 1.57, 1.0, 1.57];[2.565, 1.0, 1.686]
12;18768.76;471.945;3448.816;67.347;212.844;1963.863;2899.2;0.0;14848.0;33501.098;5314.044;-9418.294;3.02;17;128;[1.686, 1.732, 1.57, 1.0, 1.57];[2.565, 1.0, 1.617]
13;18768.76;471.945;3448.816;67.347;212.844;1963.863;2899.2;0.0;14848.0;33501.098;5314.044;-9418.294;11.71;17;128;[1.617, 1.732, 1.57, 1.0, 1.57];[2.409, 1.0, 1.617]
14;18768.76;471.945;3448.816;67.347;212.844;1963.863;2899.2;0.0;14848.0;33501.098;5314.044;-9418.294;31.157;17;128;[1.617, 1.732, 1.57, 1.0, 1.713];[2.468, 1.0, 1.617]
15;18768.76;471.945;3448.816;67.347;212.844;1963.863;2899.2;0.0;14848.0;33501.098;5314.044;-9418.294;9.221;17;128;[1.617, 1.659, 1.57, 1.0, 1.713];[2.321, 1.0, 1.617]
16;18709.91;468.287;3436.623;67.683;211.697;1971.443;2709.6;0.0;14805.0;33501.098;5314.044;-9477.144;12.568;17;128;[1.617, 1.659, 1.813, 1.0, 1.713];[2.489, 1.0, 1.617]
17;18709.91;468.287;3436.623;67.683;211.697;1971.443;2709.6;0.0;14805.0;33501.098;5314.044;-9477.144;4.197;17;128;[1.617, 1.659, 1.813, 1.0, 1.642];[2.489, 1.0, 1.555]
18;18709.91;468.287;3436.623;67.683;211.697;1971.443;2709.6;0.0;14805.0;33501.098;5314.044;-9477.144;2.69;17;128;[1.617, 1.659, 1.732, 1.0, 1.642];[2.489, 1.0, 1.5]
19;18709.91;468.287;3436.623;67.683;211.697;1971.443;2709.6;0.0;14805.0;33501.098;5314.044;-9477.144;3.528;17;128;[1.617, 1.793, 1.732, 1.0, 1.642];[2.489, 1.2, 1.5]
20;18709.91;468.287;3436.623;67.683;211.697;1971.443;2709.6;0.0;14805.0;33501.098;5314.044;-9477.144;27.873;17;128;[1.617, 1.793, 1.732, 1.0, 1.778];[2.54, 1.2, 1.5]
21;18709.91;468.287;3436.623;67.683;211.697;1971.443;2709.6;0.0;14805.0;33501.098;5314.044;-9477.144;3.576;17;128;[1.617, 1.793, 1.732, 1.0, 1.778];[2.54, 1.2, 1.45]
22;18709.91;468.287;3436.623;67.683;211.697;1971.443;2709.6;0.0;14805.0;33501.098;5314.044;-9477.144;3.45;17;128;[1.555, 1.793, 1.732, 1.0, 1.778];[2.54, 1.2, 1.405]
23;18709.91;468.287;3436.623;67.683;211.697;1971.443;2709.6;0.0;14805.0;33501.098;5314.044;-9477.144;31.888;17;128;[1.555, 1.793, 1.732, 1.0, 1.7];[2.386, 1.2, 1.405]
24;18709.91;468.287;3436.623;67.683;211.697;1971.443;2709.6;0.0;14805.0;33501.098;5314.044;-9477.144;29.127;17;128;[1.555, 1.793, 1.732, 1.0, 1.83];[2.447, 1.2, 1.405]
25;18709.91;468.287;3436.623;67.683;211.697;1971.443;2709.6;0.0;14805.0;33501.098;5314.044;-9477.144;11.579;17;128;[1.5, 1.793, 1.732, 1.0, 1.83];[2.447, 1.18, 1.405]
26;18709.91;468.287;3436.623;67.683;211.697;1971.443;2709.6;0.0;14805.0;33501.098;5314.044;-9477.144;29.599;17;128;[1.5, 1.793, 1.732, 1.0, 1.947];[2.502, 1.18, 1.405]
27;18709.91;468.287;3436.623;67.683;211.697;1971.443;2709.6;0.0;14805.0;33501.098;5314.044;-9477.144;12.586;17;128;[1.5, 1.793, 1.659, 1.0, 1.947];[2.502, 1.162, 1.405]
28;18709.91;468.287;3436.623;67.683;211.697;1971.443;2709.6;0.0;14805.0;33501.098;5314.044;-9477.144;2.873;17;128;[1.5, 1.793, 1.593, 1.0, 1.947];[2.502, 1.162, 1.365]
29;18709.91;468.287;3436.623;67.683;211.697;1971.443;2709.6;0.0;14805.0;33501.098;5314.044;-9477.144;4.653;17;128;[1.65, 1.793, 1.593, 1.0, 1.947];[2.502, 1.162, 1.528]
30;18709.91;468.287;3436.623;67.683;211.697;1971.443;2709.6;0.0;14805.0;33501.098;5314.044;-9477.144;1.02;17;128;[1.65, 1.914, 1.593, 1.0, 1.947];[2.502, 1.162, 1.675]
31;18709.91;468.287;3436.623;67.683;211.697;1971.443;2709.6;0.0;14805.0;33501.098;5314.044;-9477.144;13.855;17;128;[1.65, 1.914, 1.593, 1.0, 1.947];[2.502, 1.146, 1.675]
32;18709.91;468.287;3436.623;67.683;211.697;1971.443;2709.6;0.0;14805.0;33501.098;5314.044;-9477.144;9.587;17;128;[1.585, 1.914, 1.593, 1.0, 1.947];[2.352, 1.146, 1.675]
33;18709.91;468.287;3436.623;67.683;211.697;1971.443;2709.6;0.0;14805.0;33501.098;5314.044;-9477.144;3.633;17;128;[1.585, 1.823, 1.593, 1.0, 1.947];[2.352, 1.146, 1.608]
34;18709.91;468.287;3436.623;67.683;211.697;1971.443;2709.6;0.0;14805.0;33501.098;5314.044;-9477.144;10.541;17;128;[1.585, 1.823, 1.534, 1.0, 1.947];[2.217, 1.146, 1.608]
35;18709.91;468.287;3436.623;67.683;211.697;1971.443;2709.6;0.0;14805.0;33501.098;5314.044;-9477.144;29.636;17;128;[1.585, 1.823, 1.534, 1.0, 1.852];[2.095, 1.146, 1.608]
36;18709.91;468.287;3436.623;67.683;211.697;1971.443;2709.6;0.0;14805.0;33501.098;5314.044;-9477.144;14.311;17;128;[1.527, 1.823, 1.534, 1.0, 1.852];[1.986, 1.146, 1.608]
37;18709.91;468.287;3436.623;67.683;211.697;1971.443;2709.6;0.0;14805.0;33501.098;5314.044;-9477.144;1.839;17;128;[1.527, 1.941, 1.534, 1.0, 1.852];[1.986, 1.146, 1.747]
38;18709.91;468.287;3436.623;67.683;211.697;1971.443;2709.6;0.0;14805.0;33501.098;5314.044;-9477.144;24.516;17;128;[1.527, 1.941, 1.534, 1.0, 1.967];[2.087, 1.146, 1.747]
39;18662.756;465.251;3426.504;63.27;206.643;1851.657;3301.2;0.0;14771.0;33501.098;5314.044;-9524.298;10.847;17;128;[1.527, 1.941, 1.781, 1.0, 1.967];[2.278, 1.146, 1.747]
40;18662.756;465.251;3426.504;63.27;206.643;1851.657;3301.2;0.0;14771.0;33501.098;5314.044;-9524.298;11.969;17;128;[1.527, 1.941, 1.703, 1.0, 1.967];[2.278, 1.131, 1.747]
41;18662.756;465.251;3426.504;63.27;206.643;1851.657;3301.2;0.0;14771.0;33501.098;5314.044;-9524.298;2.462;17;128;[1.527, 1.941, 1.633, 1.0, 1.967];[2.278, 1.131, 1.672]
42;18569.819;476.804;3465.014;60.574;211.121;1786.046;2898.0;0.0;14628.0;33501.098;5314.044;-9617.235;16.31;17;128;[1.774, 1.941, 1.633, 1.0, 1.967];[2.45, 1.131, 1.672]
43;18569.819;476.804;3465.014;60.574;211.121;1786.046;2898.0;0.0;14628.0;33501.098;5314.044;-9617.235;9.897;17;128;[1.774, 1.847, 1.633, 1.0, 1.967];[2.305, 1.131, 1.672]
44;18569.819;476.804;3465.014;60.574;211.121;1786.046;2898.0;0.0;14628.0;33501.098;5314.044;-9617.235;24.753;17;128;[1.774, 1.847, 1.633, 1.0, 2.07];[2.375, 1.131, 1.672]
45;18569.819;476.804;3465.014;60.574;211.121;1786.046;2898.0;0.0;14628.0;33501.098;5314.044;-9617.235;10.55;17;128;[1.697, 1.847, 1.633, 1.0, 2.07];[2.375, 1.118, 1.672]
46;18569.819;476.804;3465.014;60.574;211.121;1786.046;2898.0;0.0;14628.0;33501.098;5314.044;-9617.235;0.898;17;128;[1.697, 1.762, 1.633, 1.0, 2.07];[2.375, 1.118, 1.605]
47;18569.819;476.804;3465.014;60.574;211.121;1786.046;2898.0;0.0;14628.0;33501.098;5314.044;-9617.235;10.517;17;128;[1.827, 1.762, 1.633, 1.0, 2.07];[2.375, 1.306, 1.605]
48;18487.804;485.801;3495.003;67.151;219.27;1965.206;3160.8;0.0;14507.0;33501.098;5314.044;-9699.25;4.9;17;128;[1.827, 1.986, 1.633, 1.0, 2.07];[2.538, 1.306, 1.605]
49;18487.804;485.801;3495.003;67.151;219.27;1965.206;3160.8;0.0;14507.0;33501.098;5314.044;-9699.25;26.943;17;128;[1.827, 1.986, 1.633, 1.0, 1.963];[2.538, 1.275, 1.605]
607constructshop:True depot:True weather:False;19802.725;515.552;3574.173;62.927;226.722;1862.816;3751.2;0.0;15713.0;33052.202;5762.94;-7486.537;31.714;19;128;[1.0, 1.0, 1.0, 1.0, 1.0];[1.0, 1.0, 1.0]
0;19802.725;515.552;3574.173;62.927;226.722;1862.816;3751.2;0.0;15713.0;33052.202;5762.94;-7486.537;14.158;19;128;[1.0, 1.0, 1.0, 1.0, 1.0];[1.0, 1.0, 1.0]
1;19657.332;509.923;3555.409;62.325;225.281;1845.726;3632.4;0.0;15592.0;33052.202;5762.94;-7631.93;18.643;18;128;[1.0, 1.0, 1.0, 1.3, 1.0];[1.0, 1.3, 1.0]
2;19651.628;508.376;3550.252;58.188;219.91;1732.804;3727.2;0.0;15593.0;33052.202;5762.94;-7637.634;17.799;18;128;[1.0, 1.0, 1.0, 1.57, 1.0];[1.3, 1.3, 1.0]
3;19634.183;513.812;3568.372;55.895;221.279;1674.561;3560.4;0.0;15552.0;33052.202;5762.94;-7655.079;4.521;18;128;[1.3, 1.0, 1.0, 1.57, 1.0];[1.3, 1.3, 1.3]
4;19634.183;513.812;3568.372;55.895;221.279;1674.561;3560.4;0.0;15552.0;33052.202;5762.94;-7655.079;4.329;18;128;[1.3, 1.0, 1.0, 1.513, 1.0];[1.3, 1.3, 1.27]
5;19480.514;524.503;3604.011;62.839;227.945;1861.768;3370.8;0.0;15352.0;33052.202;5762.94;-7808.748;31.594;18;128;[1.3, 1.0, 1.0, 1.513, 1.3];[1.57, 1.3, 1.27]
6;19397.017;509.85;3555.167;69.363;228.128;2031.566;3348.0;0.0;15332.0;33052.202;5762.94;-7892.245;12.788;18;128;[1.3, 1.0, 1.3, 1.513, 1.3];[1.813, 1.3, 1.27]
7;19397.017;509.85;3555.167;69.363;228.128;2031.566;3348.0;0.0;15332.0;33052.202;5762.94;-7892.245;8.769;18;128;[1.3, 1.0, 1.3, 1.513, 1.3];[1.732, 1.3, 1.27]
8;19385.523;512.044;3562.479;55.934;221.809;1676.098;3277.2;0.0;15311.0;33052.202;5762.94;-7903.739;3.764;18;128;[1.3, 1.0, 1.57, 1.513, 1.3];[1.732, 1.3, 1.543]
9;19385.523;512.044;3562.479;55.934;221.809;1676.098;3277.2;0.0;15311.0;33052.202;5762.94;-7903.739;3.686;18;128;[1.3, 1.0, 1.57, 1.513, 1.3];[1.732, 1.3, 1.489]
10;19710.743;495.864;3524.879;55.528;211.208;1654.948;3703.2;0.0;15690.0;33447.698;5367.444;-8369.511;4.272;17;128;[1.3, 1.0, 1.57, 1.513, 1.57];[1.732, 1.3, 1.74]
11;19506.622;494.913;3521.709;55.528;210.225;1653.965;3489.6;0.0;15490.0;33447.698;5367.444;-8573.632;9.586;17;128;[1.57, 1.0, 1.57, 1.513, 1.57];[1.732, 1.57, 1.74]
12;19506.622;494.913;3521.709;55.528;210.225;1653.965;3489.6;0.0;15490.0;33447.698;5367.444;-8573.632;3.416;17;128;[1.57, 1.0, 1.57, 1.462, 1.57];[1.732, 1.57, 1.666]
13;19506.622;494.913;3521.709;55.528;210.225;1653.965;3489.6;0.0;15490.0;33447.698;5367.444;-8573.632;3.306;17;128;[1.57, 1.0, 1.57, 1.462, 1.513];[1.732, 1.57, 1.599]
14;19506.622;494.913;3521.709;55.528;210.225;1653.965;3489.6;0.0;15490.0;33447.698;5367.444;-8573.632;3.679;17;128;[1.513, 1.0, 1.57, 1.462, 1.513];[1.732, 1.57, 1.539]
15;19506.622;494.913;3521.709;55.528;210.225;1653.965;3489.6;0.0;15490.0;33447.698;5367.444;-8573.632;14.581;17;128;[1.513, 1.0, 1.57, 1.616, 1.513];[1.732, 1.713, 1.539]
16;19228.556;476.667;3460.889;66.438;210.124;1937.515;3513.6;0.0;15291.0;33447.698;5367.444;-8851.698;3.06;17;128;[1.513, 1.3, 1.57, 1.616, 1.513];[1.732, 1.942, 1.539]
17;19228.556;476.667;3460.889;66.438;210.124;1937.515;3513.6;0.0;15291.0;33447.698;5367.444;-8851.698;26.634;17;128;[1.513, 1.3, 1.57, 1.616, 1.462];[1.659, 1.942, 1.539]
18;19228.556;476.667;3460.889;66.438;210.124;1937.515;3513.6;0.0;15291.0;33447.698;5367.444;-8851.698;4.152;17;128;[1.513, 1.3, 1.57, 1.616, 1.416];[1.659, 1.942, 1.485]
19;19179.036;488.316;3499.72;66.438;214.665;1942.056;3513.6;0.0;15191.0;33447.698;5367.444;-8901.218;13.05;17;128;[1.513, 1.3, 1.57, 1.854, 1.416];[1.659, 2.148, 1.485]
20;19169.344;486.079;3492.264;66.438;213.902;1941.293;3513.6;0.0;15191.0;33447.698;5367.444;-8910.91;12.967;17;128;[1.513, 1.3, 1.57, 2.069, 1.416];[1.893, 2.148, 1.485]
21;19169.344;486.079;3492.264;66.438;213.902;1941.293;3513.6;0.0;15191.0;33447.698;5367.444;-8910.91;24.97;17;128;[1.513, 1.3, 1.57, 2.069, 1.374];[1.804, 2.148, 1.485]
22;19169.344;486.079;3492.264;66.438;213.902;1941.293;3513.6;0.0;15191.0;33447.698;5367.444;-8910.91;10.584;17;128;[1.662, 1.3, 1.57, 2.069, 1.374];[1.804, 2.233, 1.485]
23;18939.636;479.685;3470.951;73.102;218.616;2119.257;3301.2;0.0;14989.0;33447.698;5367.444;-9140.618;11.309;17;128;[1.662, 1.3, 1.813, 2.069, 1.374];[1.804, 2.41, 1.485]
24;18939.636;479.685;3470.951;73.102;218.616;2119.257;3301.2;0.0;14989.0;33447.698;5367.444;-9140.618;10.12;17;128;[1.596, 1.3, 1.813, 2.069, 1.374];[1.724, 2.41, 1.485]
25;18923.523;485.428;3490.094;76.929;223.353;2223.498;3254.4;0.0;14948.0;33447.698;5367.444;-9156.731;33.018;17;128;[1.596, 1.3, 1.813, 2.069, 1.637];[1.952, 2.41, 1.485]
26;18893.976;478.84;3468.135;75.241;220.776;2177.034;3135.6;0.0;14947.0;33447.698;5367.444;-9186.278;11.826;17;128;[1.836, 1.3, 1.813, 2.069, 1.637];[1.952, 2.569, 1.485]
27;18893.976;478.84;3468.135;75.241;220.776;2177.034;3135.6;0.0;14947.0;33447.698;5367.444;-9186.278;15.194;17;128;[1.836, 1.3, 1.813, 1.962, 1.637];[1.857, 2.569, 1.485]
28;18893.976;478.84;3468.135;75.241;220.776;2177.034;3135.6;0.0;14947.0;33447.698;5367.444;-9186.278;14.074;17;128;[1.836, 1.3, 1.813, 2.066, 1.637];[1.971, 2.569, 1.485]
29;18893.976;478.84;3468.135;75.241;220.776;2177.034;3135.6;0.0;14947.0;33447.698;5367.444;-9186.278;14.074;17;128;[1.836, 1.3, 1.813, 2.159, 1.637];[1.971, 2.612, 1.485]
30;18893.976;478.84;3468.135;75.241;220.776;2177.034;3135.6;0.0;14947.0;33447.698;5367.444;-9186.278;4.928;17;128;[1.752, 1.3, 1.813, 2.159, 1.637];[1.971, 2.612, 1.437]
31;18893.976;478.84;3468.135;75.241;220.776;2177.034;3135.6;0.0;14947.0;33447.698;5367.444;-9186.278;3.453;17;128;[1.752, 1.3, 1.813, 2.159, 1.573];[1.971, 2.612, 1.393]
32;18893.976;478.84;3468.135;75.241;220.776;2177.034;3135.6;0.0;14947.0;33447.698;5367.444;-9186.278;1.734;17;128;[1.752, 1.47, 1.813, 2.159, 1.573];[2.074, 2.612, 1.393]
33;18893.976;478.84;3468.135;75.241;220.776;2177.034;3135.6;0.0;14947.0;33447.698;5367.444;-9186.278;12.387;17;128;[1.877, 1.47, 1.813, 2.159, 1.573];[2.167, 2.612, 1.393]
34;18893.976;478.84;3468.135;75.241;220.776;2177.034;3135.6;0.0;14947.0;33447.698;5367.444;-9186.278;11.335;17;128;[1.789, 1.47, 1.813, 2.159, 1.573];[2.05, 2.612, 1.393]
35;18893.976;478.84;3468.135;75.241;220.776;2177.034;3135.6;0.0;14947.0;33447.698;5367.444;-9186.278;13.078;17;128;[1.789, 1.47, 1.813, 2.243, 1.573];[2.145, 2.612, 1.393]
36;18893.976;478.84;3468.135;75.241;220.776;2177.034;3135.6;0.0;14947.0;33447.698;5367.444;-9186.278;14.264;17;128;[1.789, 1.47, 1.732, 2.243, 1.573];[2.03, 2.612, 1.393]
37;18893.976;478.84;3468.135;75.241;220.776;2177.034;3135.6;0.0;14947.0;33447.698;5367.444;-9186.278;12.961;17;128;[1.91, 1.47, 1.732, 2.243, 1.573];[2.03, 2.651, 1.393]
38;18893.976;478.84;3468.135;75.241;220.776;2177.034;3135.6;0.0;14947.0;33447.698;5367.444;-9186.278;8.07;17;128;[1.91, 1.623, 1.732, 2.243, 1.573];[2.127, 2.651, 1.393]
39;18893.976;478.84;3468.135;75.241;220.776;2177.034;3135.6;0.0;14947.0;33447.698;5367.444;-9186.278;14.672;17;128;[1.91, 1.623, 1.732, 2.119, 1.573];[2.127, 2.486, 1.393]
40;18893.976;478.84;3468.135;75.241;220.776;2177.034;3135.6;0.0;14947.0;33447.698;5367.444;-9186.278;25.794;17;128;[1.91, 1.623, 1.732, 2.119, 1.716];[2.127, 2.537, 1.393]
41;18893.976;478.84;3468.135;75.241;220.776;2177.034;3135.6;0.0;14947.0;33447.698;5367.444;-9186.278;12.5;17;128;[1.91, 1.623, 1.732, 2.207, 1.716];[2.214, 2.537, 1.393]
42;18888.595;468.368;3433.227;75.544;221.137;2185.275;3231.6;0.0;14987.0;33447.698;5367.444;-9191.659;10.836;17;128;[2.119, 1.623, 1.732, 2.207, 1.716];[2.393, 2.537, 1.393]
43;18866.68;463.311;3416.369;72.739;215.759;2106.982;3231.6;0.0;14987.0;33447.698;5367.444;-9213.574;14.341;17;128;[2.307, 1.623, 1.732, 2.207, 1.716];[2.554, 2.537, 1.393]
44;18866.68;463.311;3416.369;72.739;215.759;2106.982;3231.6;0.0;14987.0;33447.698;5367.444;-9213.574;15.46;17;128;[2.307, 1.623, 1.732, 2.086, 1.716];[2.554, 2.383, 1.393]
45;18839.416;457.019;3395.397;67.887;211.277;1976.34;3231.6;0.0;14987.0;33447.698;5367.444;-9240.838;14.268;17;128;[2.476, 1.623, 1.732, 2.086, 1.716];[2.554, 2.545, 1.393]
46;19167.023;467.39;3474.633;76.011;217.559;2193.857;3375.6;0.0;15225.0;33643.058;5172.084;-9303.951;3.889;16;128;[2.628, 1.623, 1.732, 2.086, 1.716];[2.554, 2.545, 1.654]
47;19167.023;467.39;3474.633;76.011;217.559;2193.857;3375.6;0.0;15225.0;33643.058;5172.084;-9303.951;2.587;16;128;[2.628, 1.561, 1.732, 2.086, 1.716];[2.554, 2.545, 1.589]
48;19167.023;467.39;3474.633;76.011;217.559;2193.857;3375.6;0.0;15225.0;33643.058;5172.084;-9303.951;25.004;16;128;[2.628, 1.561, 1.732, 2.086, 1.844];[2.554, 2.591, 1.589]
49;19167.023;467.39;3474.633;76.011;217.559;2193.857;3375.6;0.0;15225.0;33643.058;5172.084;-9303.951;2.811;16;128;[2.628, 1.561, 1.732, 1.977, 1.844];[2.554, 2.591, 1.53]
608constructshop:True depot:True weather:False;19977.435;543.408;3699.027;62.969;241.239;1878.439;3966.0;0.0;15735.0;32933.266;5881.876;-7073.955;32.943;19;128;[1.0, 1.0, 1.0, 1.0, 1.0];[1.0, 1.0, 1.0]
0;19973.184;552.12;3728.065;70.326;250.227;2078.705;3800.4;0.0;15693.0;32933.266;5881.876;-7078.205;14.614;18;128;[1.3, 1.0, 1.0, 1.0, 1.0];[1.3, 1.0, 1.0]
1;19971.441;551.717;3726.724;70.326;249.898;2078.375;3800.4;0.0;15693.0;32933.266;5881.876;-7079.949;3.297;18;128;[1.3, 1.3, 1.0, 1.0, 1.0];[1.57, 1.0, 1.0]
2;19884.795;549.953;3720.842;74.658;252.532;2193.632;3799.2;0.0;15614.0;32933.266;5881.876;-7166.595;14.93;18;128;[1.57, 1.3, 1.0, 1.0, 1.0];[1.813, 1.0, 1.0]
3;19470.368;515.162;3560.206;75.729;237.827;2206.788;3632.4;0.0;15395.0;32756.906;6058.236;-7228.302;14.635;19;128;[1.57, 1.3, 1.3, 1.0, 1.0];[1.813, 1.3, 1.0]
4;19345.125;486.49;3464.634;72.248;223.539;2101.976;3513.6;0.0;15394.0;32756.906;6058.236;-7353.545;4.822;19;128;[1.57, 1.57, 1.3, 1.0, 1.0];[1.813, 1.57, 1.0]
5;19280.405;494.401;3491.004;74.84;226.603;2172.436;3490.8;0.0;15295.0;32756.906;6058.236;-7418.265;3.938;19;128;[1.813, 1.57, 1.3, 1.0, 1.0];[1.813, 1.57, 1.3]
6;19280.405;494.401;3491.004;74.84;226.603;2172.436;3490.8;0.0;15295.0;32756.906;6058.236;-7418.265;4.258;19;128;[1.813, 1.57, 1.27, 1.0, 1.0];[1.813, 1.57, 1.27]
7;19258.814;489.649;3475.164;73.035;223.26;2122.175;3490.8;0.0;15294.0;32756.906;6058.236;-7439.856;18.862;19;128;[1.813, 1.813, 1.27, 1.0, 1.0];[1.813, 1.813, 1.27]
8;19180.944;471.91;3416.034;75.439;218.522;2179.923;3372.0;0.0;15293.0;32756.906;6058.236;-7517.726;10.519;19;128;[2.032, 1.813, 1.27, 1.0, 1.0];[2.032, 1.813, 1.27]
9;19180.944;471.91;3416.034;75.439;218.522;2179.923;3372.0;0.0;15293.0;32756.906;6058.236;-7517.726;3.441;19;128;[1.929, 1.813, 1.27, 1.0, 1.0];[2.032, 1.813, 1.243]
10;19054.075;465.71;3395.366;74.129;215.64;2143.003;3372.0;0.0;15193.0;32756.906;6058.236;-7644.595;5.035;19;128;[1.929, 2.032, 1.27, 1.0, 1.0];[2.229, 1.813, 1.243]
11;18821.968;458.531;3371.437;72.445;213.379;2096.954;3372.0;0.0;14992.0;32756.906;6058.236;-7876.702;33.705;19;128;[1.929, 2.032, 1.27, 1.0, 1.3];[2.229, 2.032, 1.243]
12;18821.968;458.531;3371.437;72.445;213.379;2096.954;3372.0;0.0;14992.0;32756.906;6058.236;-7876.702;4.197;19;128;[1.929, 2.032, 1.27, 1.0, 1.27];[2.229, 2.032, 1.219]
13;18815.349;475.004;3426.346;69.354;219.046;2022.245;3110.4;0.0;14914.0;32756.906;6058.236;-7883.321;11.842;19;128;[1.929, 2.032, 1.543, 1.0, 1.27];[2.406, 2.032, 1.219]
14;18592.991;455.998;3362.993;76.698;217.339;2211.491;2943.6;0.0;14774.0;32756.906;6058.236;-8105.679;14.447;19;128;[1.929, 2.032, 1.789, 1.0, 1.27];[2.406, 2.229, 1.219]
15;18544.303;454.454;3357.848;69.884;210.218;2027.205;2824.8;0.0;14732.0;32756.906;6058.236;-8154.367;9.899;19;128;[2.136, 2.032, 1.789, 1.0, 1.27];[2.565, 2.229, 1.219]
16;18544.303;454.454;3357.848;69.884;210.218;2027.205;2824.8;0.0;14732.0;32756.906;6058.236;-8154.367;10.481;19;128;[2.022, 2.032, 1.789, 1.0, 1.27];[2.409, 2.229, 1.219]
17;18544.303;454.454;3357.848;69.884;210.218;2027.205;2824.8;0.0;14732.0;32756.906;6058.236;-8154.367;4.284;19;128;[2.022, 2.129, 1.789, 1.0, 1.27];[2.468, 2.229, 1.219]
18;18459.605;453.37;3354.234;67.453;207.805;1961.586;2730.0;0.0;14652.0;32756.906;6058.236;-8239.065;10.403;19;128;[2.022, 2.129, 1.789, 1.3, 1.27];[2.621, 2.229, 1.219]
19;18381.587;463.059;3386.528;62.586;208.33;1835.56;2728.8;0.0;14532.0;32756.906;6058.236;-8317.083;13.077;19;128;[2.22, 2.129, 1.789, 1.3, 1.27];[2.759, 2.229, 1.219]
20;18352.709;456.394;3364.314;66.384;207.426;1933.412;2728.8;0.0;14532.0;32756.906;6058.236;-8345.961;12.045;19;128;[2.22, 2.129, 2.01, 1.3, 1.27];[2.883, 2.229, 1.219]
21;18347.834;455.5;3361.334;66.262;207.233;1930.034;2658.0;0.0;14531.0;32756.906;6058.236;-8350.836;11.15;19;128;[2.22, 2.129, 2.209, 1.3, 1.27];[2.995, 2.229, 1.219]
22;18297.432;453.1;3353.332;63.243;203.925;1848.248;2658.0;0.0;14491.0;32756.906;6058.236;-8401.238;2.818;19;128;[2.22, 2.316, 2.209, 1.3, 1.27];[2.995, 2.406, 1.219]
23;18179.73;430.553;3278.177;73.713;203.683;2120.23;2752.8;0.0;14471.0;32756.906;6058.236;-8518.94;22.772;19;128;[2.22, 2.316, 2.209, 1.3, 1.543];[2.995, 2.565, 1.219]
24;18046.4;427.477;3267.923;67.387;197.116;1949.19;2610.0;0.0;14351.0;32756.906;6058.236;-8652.27;8.9;19;128;[2.398, 2.316, 2.209, 1.3, 1.543];[3.095, 2.565, 1.219]
25;18046.4;427.477;3267.923;67.387;197.116;1949.19;2610.0;0.0;14351.0;32756.906;6058.236;-8652.27;1.451;19;128;[2.398, 2.384, 2.209, 1.3, 1.543];[3.086, 2.565, 1.219]
26;18028.619;423.143;3253.476;69.732;198.471;2011.51;2728.8;0.0;14352.0;32756.906;6058.236;-8670.051;8.186;19;128;[2.558, 2.384, 2.209, 1.3, 1.543];[3.086, 2.708, 1.219]
27;18021.963;421.607;3248.356;66.575;197.2;1928.162;2728.8;0.0;14352.0;32756.906;6058.236;-8676.707;7.522;19;128;[2.702, 2.384, 2.209, 1.3, 1.543];[3.086, 2.837, 1.219]
28;18021.963;421.607;3248.356;66.575;197.2;1928.162;2728.8;0.0;14352.0;32756.906;6058.236;-8676.707;7.826;19;128;[2.702, 2.246, 2.209, 1.3, 1.543];[2.877, 2.837, 1.219]
29;18021.963;421.607;3248.356;66.575;197.2;1928.162;2728.8;0.0;14352.0;32756.906;6058.236;-8676.707;7.75;19;128;[2.532, 2.246, 2.209, 1.3, 1.543];[2.877, 2.653, 1.219]
30;18021.963;421.607;3248.356;66.575;197.2;1928.162;2728.8;0.0;14352.0;32756.906;6058.236;-8676.707;2.6;19;128;[2.532, 2.121, 2.209, 1.3, 1.543];[2.689, 2.653, 1.219]
31;18015.678;420.156;3243.522;62.877;195.356;1830.17;2728.8;0.0;14352.0;32756.906;6058.236;-8682.992;3.769;19;128;[2.532, 2.309, 2.209, 1.3, 1.543];[2.82, 2.653, 1.219]
32;17983.404;412.709;3218.696;61.308;189.902;1783.903;2728.8;0.0;14352.0;32756.906;6058.236;-8715.266;22.129;19;128;[2.532, 2.309, 2.209, 1.3, 1.789];[2.938, 2.653, 1.219]
33;17983.404;412.709;3218.696;61.308;189.902;1783.903;2728.8;0.0;14352.0;32756.906;6058.236;-8715.266;21.676;19;128;[2.532, 2.309, 2.209, 1.3, 1.71];[2.938, 2.488, 1.219]
34;17983.404;412.709;3218.696;61.308;189.902;1783.903;2728.8;0.0;14352.0;32756.906;6058.236;-8715.266;2.233;19;128;[2.532, 2.378, 2.209, 1.3, 1.71];[2.938, 2.539, 1.219]
35;17983.404;412.709;3218.696;61.308;189.902;1783.903;2728.8;0.0;14352.0;32756.906;6058.236;-8715.266;2.935;19;128;[2.532, 2.44, 2.209, 1.3, 1.71];[2.938, 2.585, 1.219]
36;17983.404;412.709;3218.696;61.308;189.902;1783.903;2728.8;0.0;14352.0;32756.906;6058.236;-8715.266;8.874;19;128;[2.379, 2.44, 2.209, 1.3, 1.71];[2.744, 2.585, 1.219]
37;17983.404;412.709;3218.696;61.308;189.902;1783.903;2728.8;0.0;14352.0;32756.906;6058.236;-8715.266;4.353;19;128;[2.379, 2.44, 2.209, 1.3, 1.639];[2.744, 2.585, 1.197]
38;17983.404;412.709;3218.696;61.308;189.902;1783.903;2728.8;0.0;14352.0;32756.906;6058.236;-8715.266;26.325;19;128;[2.379, 2.44, 2.209, 1.3, 1.575];[2.57, 2.585, 1.197]
39;17983.404;412.709;3218.696;61.308;189.902;1783.903;2728.8;0.0;14352.0;32756.906;6058.236;-8715.266;2.951;19;128;[2.379, 2.496, 2.209, 1.3, 1.575];[2.613, 2.585, 1.197]
40;17983.404;412.709;3218.696;61.308;189.902;1783.903;2728.8;0.0;14352.0;32756.906;6058.236;-8715.266;24.825;19;128;[2.379, 2.496, 2.209, 1.3, 1.718];[2.652, 2.585, 1.197]
41;17983.404;412.709;3218.696;61.308;189.902;1783.903;2728.8;0.0;14352.0;32756.906;6058.236;-8715.266;9.431;19;128;[2.379, 2.496, 2.088, 1.3, 1.718];[2.652, 2.427, 1.197]
42;17983.404;412.709;3218.696;61.308;189.902;1783.903;2728.8;0.0;14352.0;32756.906;6058.236;-8715.266;3.429;19;128;[2.379, 2.346, 2.088, 1.3, 1.718];[2.487, 2.427, 1.197]
43;17983.404;412.709;3218.696;61.308;189.902;1783.903;2728.8;0.0;14352.0;32756.906;6058.236;-8715.266;4.279;19;128;[2.379, 2.346, 2.088, 1.3, 1.646];[2.487, 2.427, 1.177]
44;17983.404;412.709;3218.696;61.308;189.902;1783.903;2728.8;0.0;14352.0;32756.906;6058.236;-8715.266;8.274;19;128;[2.441, 2.346, 2.088, 1.3, 1.646];[2.487, 2.484, 1.177]
45;17983.404;412.709;3218.696;61.308;189.902;1783.903;2728.8;0.0;14352.0;32756.906;6058.236;-8715.266;24.582;19;128;[2.441, 2.346, 2.088, 1.3, 1.781];[2.538, 2.484, 1.177]
46;17968.036;395.547;3161.489;54.495;177.898;1594.758;2680.8;0.0;14411.0;32756.906;6058.236;-8730.634;7.694;19;128;[2.441, 2.346, 2.279, 1.3, 1.781];[2.538, 2.636, 1.177]
47;17847.014;404.542;3191.472;53.334;181.72;1568.402;2491.2;0.0;14251.0;32756.906;6058.236;-8851.656;2.135;19;128;[2.441, 2.511, 2.279, 1.3, 1.781];[2.538, 2.636, 1.459]
48;17847.014;404.542;3191.472;53.334;181.72;1568.402;2491.2;0.0;14251.0;32756.906;6058.236;-8851.656;5.97;19;128;[2.441, 2.36, 2.279, 1.3, 1.781];[2.384, 2.636, 1.459]
49;17847.014;404.542;3191.472;53.334;181.72;1568.402;2491.2;0.0;14251.0;32756.906;6058.236;-8851.656;9.766;19;128;[2.497, 2.36, 2.279, 1.3, 1.781];[2.384, 2.672, 1.459]
609constructshop:True depot:True weather:False;19894.335;557.462;3720.873;89.554;264.344;2592.76;3824.4;0.0;15616.0;33069.686;5745.456;-7429.895;32.964;19;128;[1.0, 1.0, 1.0, 1.0, 1.0];[1.0, 1.0, 1.0]
0;19894.335;557.462;3720.873;89.554;264.344;2592.76;3824.4;0.0;15616.0;33069.686;5745.456;-7429.895;5.97;19;128;[1.0, 1.0, 1.0, 1.0, 1.0];[1.0, 1.0, 1.0]
1;19894.335;557.462;3720.873;89.554;264.344;2592.76;3824.4;0.0;15616.0;33069.686;5745.456;-7429.895;17.617;19;128;[1.0, 1.0, 1.0, 1.0, 1.0];[1.0, 1.0, 1.0]
2;19894.335;557.462;3720.873;89.554;264.344;2592.76;3824.4;0.0;15616.0;33069.686;5745.456;-7429.895;3.717;19;128;[1.0, 1.0, 1.0, 1.0, 1.0];[1.0, 1.0, 1.0]
3;19681.717;536.319;3650.398;81.835;250.74;2378.454;3730.8;0.0;15495.0;33069.686;5745.456;-7642.513;43.898;18;128;[1.0, 1.0, 1.0, 1.0, 1.3];[1.0, 1.3, 1.0]
4;19681.717;536.319;3650.398;81.835;250.74;2378.454;3730.8;0.0;15495.0;33069.686;5745.456;-7642.513;4.777;18;128;[1.0, 1.0, 1.0, 1.0, 1.3];[1.0, 1.3, 1.0]
5;19670.592;511.137;3566.456;89.786;244.622;2579.057;3658.8;0.0;15593.0;33069.686;5745.456;-7653.638;23.306;18;128;[1.0, 1.0, 1.3, 1.0, 1.3];[1.0, 1.57, 1.0]
6;19481.85;490.427;3497.423;89.232;237.937;2557.962;3609.6;0.0;15494.0;33069.686;5745.456;-7842.38;18.135;18;128;[1.0, 1.0, 1.57, 1.0, 1.3];[1.0, 1.813, 1.0]
7;18963.871;477.047;3452.824;79.037;224.401;2279.36;3110.4;0.0;15034.0;33069.686;5745.456;-8360.359;17.34;18;128;[1.0, 1.0, 1.813, 1.0, 1.3];[1.0, 2.032, 1.0]
8;18750.521;469.351;3427.17;77.07;217.082;2220.914;3015.6;0.0;14854.0;33069.686;5745.456;-8573.709;41.881;18;128;[1.0, 1.0, 1.813, 1.0, 1.57];[1.3, 2.032, 1.0]
9;18745.04;468.317;3423.723;71.013;211.912;2058.244;2944.8;0.0;14853.0;33069.686;5745.456;-8579.19;42.964;18;128;[1.0, 1.0, 1.813, 1.0, 1.813];[1.3, 2.229, 1.0]
10;18663.086;449.635;3361.451;74.226;207.596;2137.465;2922.0;0.0;14852.0;33069.686;5745.456;-8661.144;18.962;18;128;[1.0, 1.0, 2.032, 1.0, 1.813];[1.57, 2.229, 1.0]
11;18643.302;463.531;3407.771;76.725;214.149;2208.993;2922.0;0.0;14772.0;33069.686;5745.456;-8680.928;18.443;18;128;[1.0, 1.0, 2.032, 1.3, 1.813];[1.813, 2.229, 1.0]
12;18470.657;455.998;3382.659;77.562;211.67;2228.293;2755.2;0.0;14632.0;33069.686;5745.456;-8853.573;37.062;18;128;[1.0, 1.0, 2.032, 1.3, 2.032];[1.813, 2.406, 1.0]
13;18470.657;455.998;3382.659;77.562;211.67;2228.293;2755.2;0.0;14632.0;33069.686;5745.456;-8853.573;37.522;18;128;[1.0, 1.0, 2.032, 1.3, 1.929];[1.732, 2.406, 1.0]
14;18470.657;455.998;3382.659;77.562;211.67;2228.293;2755.2;0.0;14632.0;33069.686;5745.456;-8853.573;14.556;18;128;[1.0, 1.0, 2.032, 1.47, 1.929];[1.732, 2.465, 1.0]
15;18470.657;455.998;3382.659;77.562;211.67;2228.293;2755.2;0.0;14632.0;33069.686;5745.456;-8853.573;13.671;18;128;[1.0, 1.0, 1.929, 1.47, 1.929];[1.659, 2.465, 1.0]
16;18470.657;455.998;3382.659;77.562;211.67;2228.293;2755.2;0.0;14632.0;33069.686;5745.456;-8853.573;5.094;18;128;[1.0, 1.0, 1.929, 1.47, 1.929];[1.593, 2.465, 1.0]
17;18470.657;455.998;3382.659;77.562;211.67;2228.293;2755.2;0.0;14632.0;33069.686;5745.456;-8853.573;32.949;18;128;[1.0, 1.0, 1.929, 1.47, 2.036];[1.593, 2.519, 1.0]
18;18470.657;455.998;3382.659;77.562;211.67;2228.293;2755.2;0.0;14632.0;33069.686;5745.456;-8853.573;14.652;18;128;[1.0, 1.0, 1.836, 1.47, 2.036];[1.593, 2.367, 1.0]
19;18470.657;455.998;3382.659;77.562;211.67;2228.293;2755.2;0.0;14632.0;33069.686;5745.456;-8853.573;11.562;18;128;[1.0, 1.0, 1.836, 1.47, 2.036];[1.593, 2.23, 1.0]
20;18454.031;452.161;3369.87;74.258;207.491;2138.205;2755.2;0.0;14632.0;33069.686;5745.456;-8870.199;16.541;18;128;[1.0, 1.0, 1.836, 1.723, 2.036];[1.834, 2.23, 1.0]
21;18454.031;452.161;3369.87;74.258;207.491;2138.205;2755.2;0.0;14632.0;33069.686;5745.456;-8870.199;33.333;18;128;[1.0, 1.0, 1.836, 1.723, 1.932];[1.751, 2.23, 1.0]
22;18454.031;452.161;3369.87;74.258;207.491;2138.205;2755.2;0.0;14632.0;33069.686;5745.456;-8870.199;29.095;18;128;[1.0, 1.0, 1.836, 1.723, 1.839];[1.676, 2.23, 1.0]
23;18454.031;452.161;3369.87;74.258;207.491;2138.205;2755.2;0.0;14632.0;33069.686;5745.456;-8870.199;1.798;18;128;[1.0, 1.0, 1.836, 1.723, 1.839];[1.676, 2.23, 1.0]
24;18454.031;452.161;3369.87;74.258;207.491;2138.205;2755.2;0.0;14632.0;33069.686;5745.456;-8870.199;14.159;18;128;[1.0, 1.0, 1.836, 1.651, 1.839];[1.676, 2.107, 1.0]
25;18454.031;452.161;3369.87;74.258;207.491;2138.205;2755.2;0.0;14632.0;33069.686;5745.456;-8870.199;12.774;18;128;[1.2, 1.0, 1.836, 1.651, 1.839];[1.808, 2.107, 1.0]
26;18454.031;452.161;3369.87;74.258;207.491;2138.205;2755.2;0.0;14632.0;33069.686;5745.456;-8870.199;2.78;18;128;[1.2, 1.0, 1.952, 1.651, 1.839];[1.808, 2.107, 1.2]
27;18454.031;452.161;3369.87;74.258;207.491;2138.205;2755.2;0.0;14632.0;33069.686;5745.456;-8870.199;12.096;18;128;[1.18, 1.0, 1.952, 1.651, 1.839];[1.727, 2.107, 1.2]
28;18454.031;452.161;3369.87;74.258;207.491;2138.205;2755.2;0.0;14632.0;33069.686;5745.456;-8870.199;2.947;18;128;[1.18, 1.0, 1.952, 1.586, 1.839];[1.727, 2.107, 1.18]
29;18454.031;452.161;3369.87;74.258;207.491;2138.205;2755.2;0.0;14632.0;33069.686;5745.456;-8870.199;2.67;18;128;[1.18, 1.0, 1.857, 1.586, 1.839];[1.727, 2.107, 1.162]
30;18454.031;452.161;3369.87;74.258;207.491;2138.205;2755.2;0.0;14632.0;33069.686;5745.456;-8870.199;15.244;18;128;[1.18, 1.0, 1.857, 1.727, 1.839];[1.727, 2.196, 1.162]
31;18454.031;452.161;3369.87;74.258;207.491;2138.205;2755.2;0.0;14632.0;33069.686;5745.456;-8870.199;26.289;18;128;[1.18, 1.0, 1.857, 1.727, 1.955];[1.727, 2.276, 1.162]
32;18454.031;452.161;3369.87;74.258;207.491;2138.205;2755.2;0.0;14632.0;33069.686;5745.456;-8870.199;2.898;18;128;[1.18, 1.2, 1.857, 1.727, 1.955];[1.727, 2.348, 1.162]
33;18454.031;452.161;3369.87;74.258;207.491;2138.205;2755.2;0.0;14632.0;33069.686;5745.456;-8870.199;16.159;18;128;[1.18, 1.2, 1.857, 1.654, 1.955];[1.654, 2.348, 1.162]
34;18454.031;452.161;3369.87;74.258;207.491;2138.205;2755.2;0.0;14632.0;33069.686;5745.456;-8870.199;3.378;18;128;[1.18, 1.2, 1.771, 1.654, 1.955];[1.654, 2.348, 1.146]
35;18454.031;452.161;3369.87;74.258;207.491;2138.205;2755.2;0.0;14632.0;33069.686;5745.456;-8870.199;18.96;18;128;[1.18, 1.2, 1.771, 1.789, 1.955];[1.789, 2.348, 1.146]
36;18454.031;452.161;3369.87;74.258;207.491;2138.205;2755.2;0.0;14632.0;33069.686;5745.456;-8870.199;34.607;18;128;[1.18, 1.2, 1.771, 1.789, 2.059];[1.789, 2.413, 1.146]
37;18454.031;452.161;3369.87;74.258;207.491;2138.205;2755.2;0.0;14632.0;33069.686;5745.456;-8870.199;11.656;18;128;[1.18, 1.18, 1.771, 1.789, 2.059];[1.71, 2.413, 1.146]
38;18454.031;452.161;3369.87;74.258;207.491;2138.205;2755.2;0.0;14632.0;33069.686;5745.456;-8870.199;4.202;18;128;[1.18, 1.18, 1.771, 1.789, 1.953];[1.71, 2.413, 1.131]
39;18454.031;452.161;3369.87;74.258;207.491;2138.205;2755.2;0.0;14632.0;33069.686;5745.456;-8870.199;15.817;18;128;[1.18, 1.18, 1.894, 1.789, 1.953];[1.839, 2.413, 1.131]
40;18454.031;452.161;3369.87;74.258;207.491;2138.205;2755.2;0.0;14632.0;33069.686;5745.456;-8870.199;2.555;18;128;[1.18, 1.18, 1.805, 1.789, 1.953];[1.839, 2.413, 1.118]
41;18454.031;452.161;3369.87;74.258;207.491;2138.205;2755.2;0.0;14632.0;33069.686;5745.456;-8870.199;35.378;18;128;[1.18, 1.18, 1.805, 1.789, 2.058];[1.839, 2.472, 1.118]
42;18454.031;452.161;3369.87;74.258;207.491;2138.205;2755.2;0.0;14632.0;33069.686;5745.456;-8870.199;16.513;18;128;[1.18, 1.18, 1.805, 1.71, 2.058];[1.839, 2.325, 1.118]
43;18454.031;452.161;3369.87;74.258;207.491;2138.205;2755.2;0.0;14632.0;33069.686;5745.456;-8870.199;3.399;18;128;[1.18, 1.18, 1.805, 1.71, 1.952];[1.839, 2.325, 1.106]
44;18442.918;445.673;3348.244;59.711;199.467;1751.964;2683.2;0.0;14649.0;33069.686;5745.456;-8881.312;15.704;18;128;[1.18, 1.18, 2.025, 1.71, 1.952];[2.055, 2.325, 1.106]
45;18309.985;433.458;3307.527;54.078;190.789;1596.805;3015.6;0.0;14569.0;33069.686;5745.456;-9014.245;34.026;18;128;[1.18, 1.18, 2.025, 1.71, 2.157];[2.25, 2.325, 1.106]
46;18936.205;471.586;3458.619;55.233;209.195;1645.247;3206.4;0.0;15006.0;33502.982;5312.16;-9254.617;2.641;17;128;[1.462, 1.18, 2.025, 1.71, 2.157];[2.25, 2.325, 1.395]
47;18936.205;471.586;3458.619;55.233;209.195;1645.247;3206.4;0.0;15006.0;33502.982;5312.16;-9254.617;13.409;17;128;[1.462, 1.18, 1.923, 1.71, 2.157];[2.125, 2.325, 1.395]
48;18936.205;471.586;3458.619;55.233;209.195;1645.247;3206.4;0.0;15006.0;33502.982;5312.16;-9254.617;29.706;17;128;[1.462, 1.18, 1.923, 1.71, 2.241];[2.213, 2.325, 1.395]
49;18936.205;471.586;3458.619;55.233;209.195;1645.247;3206.4;0.0;15006.0;33502.982;5312.16;-9254.617;28.899;17;128;[1.462, 1.18, 1.923, 1.71, 2.117];[2.092, 2.325, 1.395]
610constructshop:True depot:True weather:False;19243.131;527.107;3600.024;55.063;227.184;1658.821;3348.0;0.0;15116.0;32756.906;6058.236;-7455.539;31.928;19;128;[1.0, 1.0, 1.0, 1.0, 1.0];[1.0, 1.0, 1.0]
0;19100.924;512.752;3552.172;59.933;223.945;1782.192;3205.2;0.0;15036.0;32756.906;6058.236;-7597.746;4.637;19;128;[1.0, 1.0, 1.0, 1.3, 1.0];[1.0, 1.0, 1.3]
1;19100.924;512.752;3552.172;59.933;223.945;1782.192;3205.2;0.0;15036.0;32756.906;6058.236;-7597.746;2.776;19;128;[1.0, 1.0, 1.0, 1.27, 1.0];[1.0, 1.0, 1.27]
2;19100.924;512.752;3552.172;59.933;223.945;1782.192;3205.2;0.0;15036.0;32756.906;6058.236;-7597.746;15.713;19;128;[1.0, 1.0, 1.0, 1.27, 1.0];[1.0, 1.0, 1.27]
3;19100.924;512.752;3552.172;59.933;223.945;1782.192;3205.2;0.0;15036.0;32756.906;6058.236;-7597.746;12.809;19;128;[1.0, 1.0, 1.0, 1.443, 1.0];[1.2, 1.0, 1.27]
4;19100.924;512.752;3552.172;59.933;223.945;1782.192;3205.2;0.0;15036.0;32756.906;6058.236;-7597.746;3.766;19;128;[1.0, 1.0, 1.0, 1.443, 1.0];[1.2, 1.0, 1.243]
5;18914.602;497.908;3502.694;62.977;219.136;1856.548;2992.8;0.0;14914.0;32756.906;6058.236;-7784.068;12.295;19;128;[1.3, 1.0, 1.0, 1.443, 1.0];[1.2, 1.3, 1.243]
6;18914.602;497.908;3502.694;62.977;219.136;1856.548;2992.8;0.0;14914.0;32756.906;6058.236;-7784.068;10.656;19;128;[1.27, 1.0, 1.0, 1.443, 1.0];[1.18, 1.3, 1.243]
7;18914.602;497.908;3502.694;62.977;219.136;1856.548;2992.8;0.0;14914.0;32756.906;6058.236;-7784.068;11.083;19;128;[1.27, 1.0, 1.0, 1.399, 1.0];[1.18, 1.27, 1.243]
8;18790.189;492.274;3483.914;65.373;218.707;1918.401;2992.8;0.0;14814.0;32756.906;6058.236;-7908.481;9.298;19;128;[1.543, 1.0, 1.0, 1.399, 1.0];[1.18, 1.543, 1.243]
9;18790.189;492.274;3483.914;65.373;218.707;1918.401;2992.8;0.0;14814.0;32756.906;6058.236;-7908.481;9.216;19;128;[1.489, 1.0, 1.0, 1.399, 1.0];[1.18, 1.489, 1.243]
10;18640.496;490.499;3477.997;60.978;218.58;1804.005;2732.4;0.0;14672.0;32756.906;6058.236;-8058.174;31.824;19;128;[1.489, 1.0, 1.0, 1.399, 1.3];[1.462, 1.489, 1.243]
11;18608.393;483.091;3453.302;57.126;213.417;1698.693;2732.4;0.0;14672.0;32756.906;6058.236;-8090.277;29.702;19;128;[1.489, 1.0, 1.0, 1.399, 1.57];[1.716, 1.489, 1.243]
12;18526.143;464.11;3390.033;57.442;204.842;1698.334;2732.4;0.0;14672.0;32756.906;6058.236;-8172.527;12.003;19;128;[1.489, 1.0, 1.3, 1.399, 1.57];[1.944, 1.489, 1.243]
13;18526.143;464.11;3390.033;57.442;204.842;1698.334;2732.4;0.0;14672.0;32756.906;6058.236;-8172.527;10.806;19;128;[1.489, 1.0, 1.3, 1.359, 1.57];[1.944, 1.44, 1.243]
14;18526.143;464.11;3390.033;57.442;204.842;1698.334;2732.4;0.0;14672.0;32756.906;6058.236;-8172.527;1.593;19;128;[1.489, 1.2, 1.3, 1.359, 1.57];[1.944, 1.44, 1.419]
15;18526.143;464.11;3390.033;57.442;204.842;1698.334;2732.4;0.0;14672.0;32756.906;6058.236;-8172.527;12.958;19;128;[1.44, 1.2, 1.3, 1.359, 1.57];[1.944, 1.396, 1.419]
16;18526.143;464.11;3390.033;57.442;204.842;1698.334;2732.4;0.0;14672.0;32756.906;6058.236;-8172.527;3.771;19;128;[1.396, 1.2, 1.3, 1.359, 1.57];[1.944, 1.396, 1.377]
17;18519.764;462.638;3385.126;52.929;200.799;1576.96;2732.4;0.0;14672.0;32756.906;6058.236;-8178.906;11.22;19;128;[1.396, 1.2, 1.3, 1.623, 1.57];[1.944, 1.656, 1.377]
18;18519.764;462.638;3385.126;52.929;200.799;1576.96;2732.4;0.0;14672.0;32756.906;6058.236;-8178.906;34.961;19;128;[1.396, 1.2, 1.3, 1.623, 1.513];[1.85, 1.656, 1.377]
19;18519.764;462.638;3385.126;52.929;200.799;1576.96;2732.4;0.0;14672.0;32756.906;6058.236;-8178.906;13.206;19;128;[1.396, 1.2, 1.3, 1.561, 1.513];[1.765, 1.656, 1.377]
20;18519.764;462.638;3385.126;52.929;200.799;1576.96;2732.4;0.0;14672.0;32756.906;6058.236;-8178.906;4.796;19;128;[1.396, 1.2, 1.3, 1.561, 1.462];[1.765, 1.656, 1.339]
21;18519.764;462.638;3385.126;52.929;200.799;1576.96;2732.4;0.0;14672.0;32756.906;6058.236;-8178.906;16.621;19;128;[1.396, 1.2, 1.27, 1.561, 1.462];[1.765, 1.59, 1.339]
22;18519.764;462.638;3385.126;52.929;200.799;1576.96;2732.4;0.0;14672.0;32756.906;6058.236;-8178.906;3.555;19;128;[1.356, 1.2, 1.27, 1.561, 1.462];[1.765, 1.59, 1.305]
23;18519.764;462.638;3385.126;52.929;200.799;1576.96;2732.4;0.0;14672.0;32756.906;6058.236;-8178.906;12.682;19;128;[1.52, 1.2, 1.27, 1.561, 1.462];[1.889, 1.59, 1.305]
24;18519.764;462.638;3385.126;52.929;200.799;1576.96;2732.4;0.0;14672.0;32756.906;6058.236;-8178.906;5.673;19;128;[1.52, 1.18, 1.27, 1.561, 1.462];[1.8, 1.59, 1.305]
25;18506.615;468.834;3405.781;63.163;208.881;1851.107;2732.4;0.0;14632.0;32756.906;6058.236;-8192.055;10.329;19;128;[1.768, 1.18, 1.27, 1.561, 1.462];[1.8, 1.831, 1.305]
26;18486.39;464.167;3390.223;58.318;203.416;1719.678;2732.4;0.0;14632.0;32756.906;6058.236;-8212.28;13.406;19;128;[1.768, 1.18, 1.543, 1.561, 1.462];[2.02, 1.831, 1.305]
27;18486.39;464.167;3390.223;58.318;203.416;1719.678;2732.4;0.0;14632.0;32756.906;6058.236;-8212.28;11.294;19;128;[1.768, 1.18, 1.543, 1.505, 1.462];[2.02, 1.748, 1.305]
28;18484.292;463.683;3388.609;58.318;202.716;1718.978;2732.4;0.0;14632.0;32756.906;6058.236;-8214.378;12.64;19;128;[1.768, 1.18, 1.543, 1.755, 1.462];[2.218, 1.748, 1.305]
29;18484.292;463.683;3388.609;58.318;202.716;1718.978;2732.4;0.0;14632.0;32756.906;6058.236;-8214.378;11.212;19;128;[1.768, 1.18, 1.543, 1.679, 1.462];[2.218, 1.673, 1.305]
30;18484.292;463.683;3388.609;58.318;202.716;1718.978;2732.4;0.0;14632.0;32756.906;6058.236;-8214.378;11.284;19;128;[1.768, 1.18, 1.543, 1.811, 1.462];[2.218, 1.806, 1.305]
31;18484.292;463.683;3388.609;58.318;202.716;1718.978;2732.4;0.0;14632.0;32756.906;6058.236;-8214.378;12.048;19;128;[1.768, 1.162, 1.543, 1.811, 1.462];[2.218, 1.725, 1.305]
32;18484.292;463.683;3388.609;58.318;202.716;1718.978;2732.4;0.0;14632.0;32756.906;6058.236;-8214.378;34.749;19;128;[1.768, 1.162, 1.543, 1.811, 1.416];[2.096, 1.725, 1.305]
33;18392.18;460.888;3379.292;56.286;199.261;1662.709;2732.4;0.0;14552.0;32756.906;6058.236;-8306.49;3.044;19;128;[1.768, 1.446, 1.543, 1.811, 1.416];[2.096, 1.953, 1.305]
34;18392.18;460.888;3379.292;56.286;199.261;1662.709;2732.4;0.0;14552.0;32756.906;6058.236;-8306.49;3.195;19;128;[1.691, 1.446, 1.543, 1.811, 1.416];[2.096, 1.953, 1.274]
35;18392.18;460.888;3379.292;56.286;199.261;1662.709;2732.4;0.0;14552.0;32756.906;6058.236;-8306.49;10.067;19;128;[1.822, 1.446, 1.543, 1.811, 1.416];[2.186, 1.953, 1.274]
36;18392.18;460.888;3379.292;56.286;199.261;1662.709;2732.4;0.0;14552.0;32756.906;6058.236;-8306.49;5.535;19;128;[1.822, 1.601, 1.543, 1.811, 1.416];[2.267, 1.953, 1.274]
37;18392.18;460.888;3379.292;56.286;199.261;1662.709;2732.4;0.0;14552.0;32756.906;6058.236;-8306.49;4.757;19;128;[1.822, 1.741, 1.543, 1.811, 1.416];[2.267, 2.058, 1.274]
38;18392.18;460.888;3379.292;56.286;199.261;1662.709;2732.4;0.0;14552.0;32756.906;6058.236;-8306.49;9.844;19;128;[1.822, 1.741, 1.689, 1.811, 1.416];[2.267, 2.152, 1.274]
39;18392.18;460.888;3379.292;56.286;199.261;1662.709;2732.4;0.0;14552.0;32756.906;6058.236;-8306.49;8.112;19;128;[1.74, 1.741, 1.689, 1.811, 1.416];[2.14, 2.152, 1.274]
40;18392.18;460.888;3379.292;56.286;199.261;1662.709;2732.4;0.0;14552.0;32756.906;6058.236;-8306.49;7.646;19;128;[1.666, 1.741, 1.689, 1.811, 1.416];[2.14, 2.037, 1.274]
41;18392.18;460.888;3379.292;56.286;199.261;1662.709;2732.4;0.0;14552.0;32756.906;6058.236;-8306.49;10.005;19;128;[1.666, 1.741, 1.82, 1.811, 1.416];[2.226, 2.037, 1.274]
42;18392.18;460.888;3379.292;56.286;199.261;1662.709;2732.4;0.0;14552.0;32756.906;6058.236;-8306.49;9.631;19;128;[1.666, 1.741, 1.938, 1.811, 1.416];[2.226, 2.133, 1.274]
43;18392.18;460.888;3379.292;56.286;199.261;1662.709;2732.4;0.0;14552.0;32756.906;6058.236;-8306.49;9.228;19;128;[1.666, 1.741, 2.044, 1.811, 1.416];[2.303, 2.133, 1.274]
44;18392.18;460.888;3379.292;56.286;199.261;1662.709;2732.4;0.0;14552.0;32756.906;6058.236;-8306.49;8.734;19;128;[1.799, 1.741, 2.044, 1.811, 1.416];[2.303, 2.22, 1.274]
45;18392.18;460.888;3379.292;56.286;199.261;1662.709;2732.4;0.0;14552.0;32756.906;6058.236;-8306.49;4.313;19;128;[1.799, 1.741, 2.044, 1.811, 1.374];[2.303, 2.22, 1.247]
46;18392.18;460.888;3379.292;56.286;199.261;1662.709;2732.4;0.0;14552.0;32756.906;6058.236;-8306.49;1.424;19;128;[1.799, 1.867, 2.044, 1.811, 1.374];[2.373, 2.22, 1.247]
47;18386.797;441.184;3313.613;65.505;199.625;1902.75;3066.0;0.0;14632.0;32756.906;6058.236;-8311.873;27.409;19;128;[1.799, 1.867, 2.044, 1.811, 1.637];[2.536, 2.22, 1.247]
48;18386.797;441.184;3313.613;65.505;199.625;1902.75;3066.0;0.0;14632.0;32756.906;6058.236;-8311.873;4.17;19;128;[1.799, 1.867, 2.044, 1.811, 1.573];[2.536, 2.22, 1.222]
49;18386.797;441.184;3313.613;65.505;199.625;1902.75;3066.0;0.0;14632.0;32756.906;6058.236;-8311.873;3.465;19;128;[1.799, 1.98, 2.044, 1.811, 1.573];[2.536, 2.298, 1.222]
611constructshop:True depot:True weather:False;19250.047;502.395;3532.652;51.368;213.057;1548.638;3322.8;0.0;15215.0;33032.402;5782.74;-7999.615;26.38;19;128;[1.0, 1.0, 1.0, 1.0, 1.0];[1.0, 1.0, 1.0]
0;19234.574;484.748;3473.826;56.504;210.966;1680.061;3513.6;0.0;15276.0;33032.402;5782.74;-8015.088;38.005;18;128;[1.0, 1.0, 1.0, 1.0, 1.3];[1.0, 1.3, 1.0]
1;18992.884;470.512;3426.372;57.309;206.494;1696.524;3442.8;0.0;15096.0;33032.402;5782.74;-8256.778;29.045;18;128;[1.0, 1.0, 1.0, 1.0, 1.57];[1.3, 1.3, 1.0]
2;18963.094;463.406;3402.688;55.662;202.391;1649.613;3561.6;0.0;15097.0;33032.402;5782.74;-8286.568;13.908;18;128;[1.0, 1.0, 1.3, 1.0, 1.57];[1.57, 1.3, 1.0]
3;18963.094;463.406;3402.688;55.662;202.391;1649.613;3561.6;0.0;15097.0;33032.402;5782.74;-8286.568;4.157;18;128;[1.0, 1.0, 1.3, 1.0, 1.57];[1.57, 1.3, 1.0]
4;18934.324;456.767;3380.557;48.827;194.535;1464.037;3561.6;0.0;15097.0;33032.402;5782.74;-8315.338;30.455;18;128;[1.0, 1.0, 1.3, 1.0, 1.813];[1.813, 1.3, 1.0]
5;18931.383;456.088;3378.294;48.827;194.261;1463.763;3561.6;0.0;15097.0;33032.402;5782.74;-8318.279;31.412;18;128;[1.0, 1.0, 1.3, 1.0, 2.032];[2.032, 1.3, 1.0]
6;18931.383;456.088;3378.294;48.827;194.261;1463.763;3561.6;0.0;15097.0;33032.402;5782.74;-8318.279;17.5;18;128;[1.0, 1.0, 1.3, 1.0, 2.032];[1.929, 1.3, 1.0]
7;18931.383;456.088;3378.294;48.827;194.261;1463.763;3561.6;0.0;15097.0;33032.402;5782.74;-8318.279;31.344;18;128;[1.0, 1.0, 1.3, 1.0, 1.929];[1.836, 1.3, 1.0]
8;18901.716;468.165;3418.551;57.57;204.041;1700.858;3348.0;0.0;15015.0;33032.402;5782.74;-8347.946;16.13;18;128;[1.0, 1.0, 1.57, 1.0, 1.929];[1.836, 1.57, 1.0]
9;18827.814;451.111;3361.703;58.307;197.644;1713.628;3348.0;0.0;15015.0;33032.402;5782.74;-8421.848;17.021;18;128;[1.0, 1.0, 1.813, 1.0, 1.929];[2.052, 1.57, 1.0]
10;18827.814;451.111;3361.703;58.307;197.644;1713.628;3348.0;0.0;15015.0;33032.402;5782.74;-8421.848;5.347;18;128;[1.0, 1.0, 1.813, 1.0, 1.836];[2.052, 1.57, 1.0]
11;18750.073;456.248;3378.826;52.777;194.644;1566.837;3324.0;0.0;14915.0;33032.402;5782.74;-8499.589;39.576;18;128;[1.0, 1.0, 1.813, 1.0, 2.052];[2.052, 1.813, 1.0]
12;18750.073;456.248;3378.826;52.777;194.644;1566.837;3324.0;0.0;14915.0;33032.402;5782.74;-8499.589;38.705;18;128;[1.0, 1.0, 1.813, 1.0, 1.947];[2.052, 1.732, 1.0]
13;18750.073;456.248;3378.826;52.777;194.644;1566.837;3324.0;0.0;14915.0;33032.402;5782.74;-8499.589;11.654;18;128;[1.0, 1.2, 1.813, 1.0, 1.947];[2.052, 1.859, 1.0]
14;18750.073;456.248;3378.826;52.777;194.644;1566.837;3324.0;0.0;14915.0;33032.402;5782.74;-8499.589;33.147;18;128;[1.0, 1.2, 1.813, 1.0, 1.852];[2.052, 1.773, 1.0]
15;18693.443;442.948;3334.494;58.283;194.403;1709.758;3512.4;0.0;14916.0;33032.402;5782.74;-8556.219;4.231;18;128;[1.0, 1.48, 1.813, 1.0, 1.852];[2.247, 1.773, 1.0]
16;18693.443;442.948;3334.494;58.283;194.403;1709.758;3512.4;0.0;14916.0;33032.402;5782.74;-8556.219;10.514;18;128;[1.0, 1.48, 1.732, 1.0, 1.852];[2.122, 1.773, 1.0]
17;18683.09;468.482;3419.608;66.811;210.195;1947.271;3252.0;0.0;14795.0;33032.402;5782.74;-8566.572;10.511;18;128;[1.3, 1.48, 1.732, 1.0, 1.852];[2.31, 1.773, 1.0]
18;18529.41;456.095;3378.316;48.331;195.572;1452.183;3394.8;0.0;14695.0;33032.402;5782.74;-8720.252;29.123;18;128;[1.3, 1.48, 1.732, 1.0, 2.067];[2.479, 1.773, 1.0]
19;18529.41;456.095;3378.316;48.331;195.572;1452.183;3394.8;0.0;14695.0;33032.402;5782.74;-8720.252;3.314;18;128;[1.27, 1.48, 1.732, 1.0, 2.067];[2.479, 1.773, 1.0]
20;18510.432;489.1;3488.332;55.699;213.499;1661.682;2850.0;0.0;14533.0;33032.402;5782.74;-8739.23;4.586;18;128;[1.27, 1.48, 1.959, 1.0, 2.067];[2.479, 1.773, 1.3]
21;18510.432;489.1;3488.332;55.699;213.499;1661.682;2850.0;0.0;14533.0;33032.402;5782.74;-8739.23;4.177;18;128;[1.27, 1.48, 1.959, 1.0, 2.067];[2.479, 1.773, 1.27]
22;18449.535;484.277;3472.258;55.948;212.355;1667.002;2850.0;0.0;14493.0;33032.402;5782.74;-8800.127;7.816;18;128;[1.27, 1.732, 1.959, 1.0, 2.067];[2.631, 1.773, 1.27]
23;18392.903;471.208;3428.694;56.809;206.703;1683.738;2850.0;0.0;14493.0;33032.402;5782.74;-8856.759;11.904;18;128;[1.27, 1.959, 1.959, 1.0, 2.067];[2.631, 1.996, 1.27]
24;18343.016;459.696;3390.32;65.733;206.071;1915.134;2850.0;0.0;14493.0;33032.402;5782.74;-8906.646;12.66;18;128;[1.27, 1.959, 2.163, 1.0, 2.067];[2.631, 2.196, 1.27]
25;18332.253;457.212;3382.041;66.699;204.915;1939.093;2850.0;0.0;14493.0;33032.402;5782.74;-8917.409;9.694;18;128;[1.27, 2.163, 2.163, 1.0, 2.067];[2.631, 2.376, 1.27]
26;18332.253;457.212;3382.041;66.699;204.915;1939.093;2850.0;0.0;14493.0;33032.402;5782.74;-8917.409;27.696;18;128;[1.27, 2.163, 2.163, 1.0, 1.96];[2.631, 2.238, 1.27]
27;18332.253;457.212;3382.041;66.699;204.915;1939.093;2850.0;0.0;14493.0;33032.402;5782.74;-8917.409;11.883;18;128;[1.27, 2.163, 2.047, 1.0, 1.96];[2.631, 2.114, 1.27]
28;18332.253;457.212;3382.041;66.699;204.915;1939.093;2850.0;0.0;14493.0;33032.402;5782.74;-8917.409;13.185;18;128;[1.27, 2.163, 1.942, 1.0, 1.96];[2.631, 2.003, 1.27]
29;18332.253;457.212;3382.041;66.699;204.915;1939.093;2850.0;0.0;14493.0;33032.402;5782.74;-8917.409;28.293;18;128;[1.27, 2.163, 1.942, 1.0, 1.864];[2.631, 1.903, 1.27]
30;18332.253;457.212;3382.041;66.699;204.915;1939.093;2850.0;0.0;14493.0;33032.402;5782.74;-8917.409;13.075;18;128;[1.27, 2.163, 1.848, 1.0, 1.864];[2.468, 1.903, 1.27]
31;18332.253;457.212;3382.041;66.699;204.915;1939.093;2850.0;0.0;14493.0;33032.402;5782.74;-8917.409;23.131;18;128;[1.27, 2.163, 1.848, 1.0, 1.778];[2.321, 1.903, 1.27]
32;18332.253;457.212;3382.041;66.699;204.915;1939.093;2850.0;0.0;14493.0;33032.402;5782.74;-8917.409;10.283;18;128;[1.27, 2.163, 1.963, 1.0, 1.778];[2.389, 1.903, 1.27]
33;18332.253;457.212;3382.041;66.699;204.915;1939.093;2850.0;0.0;14493.0;33032.402;5782.74;-8917.409;21.543;18;128;[1.27, 2.163, 1.963, 1.0, 1.9];[2.45, 1.903, 1.27]
34;18332.253;457.212;3382.041;66.699;204.915;1939.093;2850.0;0.0;14493.0;33032.402;5782.74;-8917.409;8.545;18;128;[1.27, 2.163, 2.067, 1.0, 1.9];[2.45, 2.013, 1.27]
35;18332.253;457.212;3382.041;66.699;204.915;1939.093;2850.0;0.0;14493.0;33032.402;5782.74;-8917.409;9.916;18;128;[1.27, 2.047, 2.067, 1.0, 1.9];[2.45, 1.912, 1.27]
36;18332.253;457.212;3382.041;66.699;204.915;1939.093;2850.0;0.0;14493.0;33032.402;5782.74;-8917.409;6.118;18;128;[1.27, 1.942, 2.067, 1.0, 1.9];[2.305, 1.912, 1.27]
37;18332.253;457.212;3382.041;66.699;204.915;1939.093;2850.0;0.0;14493.0;33032.402;5782.74;-8917.409;8.46;18;128;[1.27, 1.942, 1.96, 1.0, 1.9];[2.175, 1.912, 1.27]
38;18332.253;457.212;3382.041;66.699;204.915;1939.093;2850.0;0.0;14493.0;33032.402;5782.74;-8917.409;12.765;18;128;[1.27, 1.942, 1.96, 1.2, 1.9];[2.175, 2.021, 1.27]
39;18332.048;457.396;3382.652;63.853;205.977;1866.162;2731.2;0.0;14492.0;33032.402;5782.74;-8917.614;9.069;18;128;[1.27, 1.942, 2.164, 1.2, 1.9];[2.357, 2.021, 1.27]
40;18332.048;457.396;3382.652;63.853;205.977;1866.162;2731.2;0.0;14492.0;33032.402;5782.74;-8917.614;1.254;18;128;[1.27, 1.848, 2.164, 1.2, 1.9];[2.357, 1.919, 1.27]
41;18319.586;454.751;3373.836;62.697;205.093;1835.21;2731.2;0.0;14491.0;33032.402;5782.74;-8930.076;2.951;18;128;[1.27, 2.063, 2.164, 1.2, 1.9];[2.521, 1.919, 1.27]
42;18319.586;454.751;3373.836;62.697;205.093;1835.21;2731.2;0.0;14491.0;33032.402;5782.74;-8930.076;8.963;18;128;[1.243, 2.063, 2.164, 1.2, 1.9];[2.521, 1.827, 1.27]
43;18319.586;454.751;3373.836;62.697;205.093;1835.21;2731.2;0.0;14491.0;33032.402;5782.74;-8930.076;8.498;18;128;[1.243, 2.063, 2.248, 1.2, 1.9];[2.521, 1.944, 1.27]
44;18319.586;454.751;3373.836;62.697;205.093;1835.21;2731.2;0.0;14491.0;33032.402;5782.74;-8930.076;5.237;18;128;[1.243, 1.957, 2.248, 1.2, 1.9];[2.521, 1.85, 1.27]
45;18319.586;454.751;3373.836;62.697;205.093;1835.21;2731.2;0.0;14491.0;33032.402;5782.74;-8930.076;2.618;18;128;[1.243, 1.861, 2.248, 1.2, 1.9];[2.521, 1.85, 1.243]
46;18319.586;454.751;3373.836;62.697;205.093;1835.21;2731.2;0.0;14491.0;33032.402;5782.74;-8930.076;3.664;18;128;[1.243, 1.861, 2.123, 1.2, 1.9];[2.521, 1.85, 1.219]
47;18319.586;454.751;3373.836;62.697;205.093;1835.21;2731.2;0.0;14491.0;33032.402;5782.74;-8930.076;16.391;18;128;[1.243, 1.861, 2.123, 1.38, 1.9];[2.569, 1.85, 1.219]
48;18319.586;454.751;3373.836;62.697;205.093;1835.21;2731.2;0.0;14491.0;33032.402;5782.74;-8930.076;12.234;18;128;[1.243, 1.861, 2.011, 1.38, 1.9];[2.569, 1.765, 1.219]
49;18319.586;454.751;3373.836;62.697;205.093;1835.21;2731.2;0.0;14491.0;33032.402;5782.74;-8930.076;4.143;18;128;[1.243, 1.775, 2.011, 1.38, 1.9];[2.569, 1.689, 1.219]
612constructshop:True depot:True weather:False;19029.714;537.242;3672.472;82.533;248.505;2394.357;3202.8;0.0;14820.0;32742.838;6072.304;-7640.82;31.58;19;128;[1.0, 1.0, 1.0, 1.0, 1.0];[1.0, 1.0, 1.0]
0;18808.272;521.909;3588.363;75.757;238.38;2208.061;2966.4;0.0;14698.0;32746.058;6069.084;-7868.702;3.926;19;128;[1.0, 1.0, 1.3, 1.0, 1.0];[1.0, 1.0, 1.3]
1;19077.866;516.277;3568.589;76.388;239.47;2225.565;2824.8;0.0;14993.0;33100.658;5714.484;-8308.308;4.353;19;128;[1.0, 1.0, 1.57, 1.0, 1.0];[1.0, 1.0, 1.57]
2;19077.866;516.277;3568.589;76.388;239.47;2225.565;2824.8;0.0;14993.0;33100.658;5714.484;-8308.308;2.66;19;128;[1.0, 1.0, 1.57, 1.0, 1.0];[1.0, 1.0, 1.513]
3;18987.875;504.971;3530.904;80.797;238.549;2339.27;2707.2;0.0;14952.0;33100.658;5714.484;-8398.299;12.16;19;128;[1.3, 1.0, 1.57, 1.0, 1.0];[1.0, 1.3, 1.513]
4;18923.81;484.187;3467.623;85.815;231.865;2463.047;2802.0;0.0;14972.0;33291.086;5524.056;-8843.22;39.56;18;128;[1.3, 1.0, 1.57, 1.0, 1.3];[1.3, 1.3, 1.513]
5;18923.81;484.187;3467.623;85.815;231.865;2463.047;2802.0;0.0;14972.0;33291.086;5524.056;-8843.22;11.153;18;128;[1.3, 1.0, 1.513, 1.0, 1.3];[1.3, 1.27, 1.513]
6;18923.81;484.187;3467.623;85.815;231.865;2463.047;2802.0;0.0;14972.0;33291.086;5524.056;-8843.22;5.445;18;128;[1.3, 1.0, 1.513, 1.0, 1.27];[1.3, 1.27, 1.462]
7;18923.81;484.187;3467.623;85.815;231.865;2463.047;2802.0;0.0;14972.0;33291.086;5524.056;-8843.22;19.475;18;128;[1.3, 1.0, 1.513, 1.2, 1.27];[1.47, 1.27, 1.462]
8;18923.81;484.187;3467.623;85.815;231.865;2463.047;2802.0;0.0;14972.0;33291.086;5524.056;-8843.22;5.023;18;128;[1.3, 1.0, 1.513, 1.2, 1.243];[1.47, 1.27, 1.416]
9;18923.81;484.187;3467.623;85.815;231.865;2463.047;2802.0;0.0;14972.0;33291.086;5524.056;-8843.22;9.994;18;128;[1.3, 1.0, 1.662, 1.2, 1.243];[1.47, 1.443, 1.416]
10;18923.81;484.187;3467.623;85.815;231.865;2463.047;2802.0;0.0;14972.0;33291.086;5524.056;-8843.22;3.02;18;128;[1.3, 1.0, 1.662, 1.2, 1.243];[1.47, 1.443, 1.374]
11;18923.81;484.187;3467.623;85.815;231.865;2463.047;2802.0;0.0;14972.0;33291.086;5524.056;-8843.22;10.692;18;128;[1.3, 1.0, 1.596, 1.2, 1.243];[1.47, 1.399, 1.374]
12;18923.81;484.187;3467.623;85.815;231.865;2463.047;2802.0;0.0;14972.0;33291.086;5524.056;-8843.22;8.034;18;128;[1.3, 1.0, 1.536, 1.2, 1.243];[1.423, 1.399, 1.374]
13;18923.81;484.187;3467.623;85.815;231.865;2463.047;2802.0;0.0;14972.0;33291.086;5524.056;-8843.22;8.341;18;128;[1.3, 1.0, 1.682, 1.2, 1.243];[1.581, 1.399, 1.374]
14;18834.26;477.368;3444.892;70.295;217.4;2045.059;2919.6;0.0;14912.0;33291.086;5524.056;-8932.77;10.797;18;128;[1.57, 1.0, 1.682, 1.2, 1.243];[1.823, 1.399, 1.374]
15;18834.26;477.368;3444.892;70.295;217.4;2045.059;2919.6;0.0;14912.0;33291.086;5524.056;-8932.77;2.863;18;128;[1.57, 1.0, 1.682, 1.18, 1.243];[1.823, 1.399, 1.337]
16;18711.931;462.984;3396.947;72.082;211.484;2085.628;2800.8;0.0;14852.0;33291.086;5524.056;-9055.099;9.836;18;128;[1.813, 1.0, 1.682, 1.18, 1.243];[2.041, 1.399, 1.337]
17;18711.931;462.984;3396.947;72.082;211.484;2085.628;2800.8;0.0;14852.0;33291.086;5524.056;-9055.099;12.27;18;128;[1.813, 1.0, 1.682, 1.162, 1.243];[1.937, 1.399, 1.337]
18;18688.074;457.71;3379.365;71.226;208.353;2060.239;2730.0;0.0;14851.0;33291.086;5524.056;-9078.956;7.269;18;128;[1.813, 1.0, 1.914, 1.162, 1.243];[1.937, 1.659, 1.337]
19;18688.074;457.71;3379.365;71.226;208.353;2060.239;2730.0;0.0;14851.0;33291.086;5524.056;-9078.956;13.186;18;128;[1.732, 1.0, 1.914, 1.162, 1.243];[1.843, 1.659, 1.337]
20;18604.734;456.939;3376.796;74.831;211.06;2156.659;2848.8;0.0;14771.0;33291.086;5524.056;-9162.296;7.547;18;128;[1.732, 1.3, 1.914, 1.162, 1.243];[1.843, 1.893, 1.337]
21;18604.734;456.939;3376.796;74.831;211.06;2156.659;2848.8;0.0;14771.0;33291.086;5524.056;-9162.296;14.627;18;128;[1.732, 1.3, 1.914, 1.146, 1.243];[1.843, 1.804, 1.337]
22;18584.082;452.173;3360.909;77.399;210.484;2222.847;2848.8;0.0;14771.0;33291.086;5524.056;-9182.948;5.024;18;128;[1.732, 1.57, 1.914, 1.146, 1.243];[2.059, 1.804, 1.337]
23;18519.384;432.627;3295.757;70.224;199.357;2025.177;2872.8;0.0;14791.0;33291.086;5524.056;-9247.646;11.072;18;128;[1.732, 1.57, 2.123, 1.146, 1.243];[2.253, 1.804, 1.337]
24;18519.384;432.627;3295.757;70.224;199.357;2025.177;2872.8;0.0;14791.0;33291.086;5524.056;-9247.646;32.369;18;128;[1.732, 1.57, 2.123, 1.146, 1.219];[2.253, 1.724, 1.337]
25;18504.505;443.27;3331.234;86.719;212.133;2466.829;2683.2;0.0;14730.0;33291.086;5524.056;-9262.525;9.743;18;128;[1.732, 1.57, 2.311, 1.146, 1.219];[2.253, 1.952, 1.337]
26;18476.84;436.886;3309.954;79.701;205.213;2277.446;2683.2;0.0;14730.0;33291.086;5524.056;-9290.19;9.897;18;128;[1.732, 1.57, 2.48, 1.146, 1.219];[2.253, 2.157, 1.337]
27;18420.926;433.906;3300.02;65.915;195.58;1909.376;2683.2;0.0;14687.0;33291.086;5524.056;-9346.104;11.948;18;128;[1.732, 1.813, 2.48, 1.146, 1.219];[2.253, 2.341, 1.337]
28;18399.851;429.043;3283.808;67.434;194.757;1948.036;2683.2;0.0;14687.0;33291.086;5524.056;-9367.179;10.389;18;128;[1.732, 1.813, 2.632, 1.146, 1.219];[2.428, 2.341, 1.337]
29;18275.789;427.874;3279.914;67.339;193.709;1944.523;2587.2;0.0;14568.0;33291.086;5524.056;-9491.241;12.095;18;128;[1.959, 1.813, 2.632, 1.146, 1.219];[2.585, 2.341, 1.337]
30;18247.295;421.299;3257.996;65.97;189.078;1904.304;2587.2;0.0;14568.0;33291.086;5524.056;-9519.735;11.201;18;128;[2.163, 1.813, 2.632, 1.146, 1.219];[2.727, 2.341, 1.337]
31;18247.295;421.299;3257.996;65.97;189.078;1904.304;2587.2;0.0;14568.0;33291.086;5524.056;-9519.735;9.182;18;128;[2.163, 1.813, 2.469, 1.146, 1.219];[2.727, 2.207, 1.337]
32;18247.295;421.299;3257.996;65.97;189.078;1904.304;2587.2;0.0;14568.0;33291.086;5524.056;-9519.735;12.841;18;128;[2.047, 1.813, 2.469, 1.146, 1.219];[2.727, 2.086, 1.337]
33;18247.295;421.299;3257.996;65.97;189.078;1904.304;2587.2;0.0;14568.0;33291.086;5524.056;-9519.735;4.202;18;128;[2.047, 1.813, 2.469, 1.146, 1.197];[2.727, 2.086, 1.303]
34;18129.299;412.531;3228.768;63.477;186.27;1836.679;2492.4;0.0;14488.0;33291.086;5524.056;-9637.731;8.429;18;128;[2.047, 1.813, 2.622, 1.146, 1.197];[2.727, 2.277, 1.303]
35;18129.299;412.531;3228.768;63.477;186.27;1836.679;2492.4;0.0;14488.0;33291.086;5524.056;-9637.731;25.161;18;128;[2.047, 1.813, 2.622, 1.146, 1.177];[2.554, 2.277, 1.303]
36;18129.299;412.531;3228.768;63.477;186.27;1836.679;2492.4;0.0;14488.0;33291.086;5524.056;-9637.731;3.689;18;128;[2.047, 1.813, 2.622, 1.146, 1.159];[2.554, 2.277, 1.273]
37;18128.997;412.461;3228.536;70.94;188.187;2032.622;2492.4;0.0;14488.0;33291.086;5524.056;-9638.033;11.881;18;128;[2.242, 1.813, 2.622, 1.146, 1.159];[2.554, 2.449, 1.273]
38;18128.997;412.461;3228.536;70.94;188.187;2032.622;2492.4;0.0;14488.0;33291.086;5524.056;-9638.033;2.708;18;128;[2.242, 1.813, 2.46, 1.146, 1.159];[2.554, 2.449, 1.246]
39;18128.997;412.461;3228.536;70.94;188.187;2032.622;2492.4;0.0;14488.0;33291.086;5524.056;-9638.033;2.903;18;128;[2.242, 1.813, 2.46, 1.131, 1.159];[2.554, 2.449, 1.221]
40;18110.349;408.157;3214.192;75.17;188.521;2142.942;2492.4;0.0;14488.0;33291.086;5524.056;-9656.681;10.884;18;128;[2.418, 1.813, 2.46, 1.131, 1.159];[2.554, 2.604, 1.221]
41;18110.349;408.157;3214.192;75.17;188.521;2142.942;2492.4;0.0;14488.0;33291.086;5524.056;-9656.681;2.988;18;128;[2.418, 1.732, 2.46, 1.131, 1.159];[2.554, 2.604, 1.199]
42;18110.349;408.157;3214.192;75.17;188.521;2142.942;2492.4;0.0;14488.0;33291.086;5524.056;-9656.681;2.633;18;128;[2.418, 1.732, 2.46, 1.118, 1.159];[2.554, 2.604, 1.179]
43;18110.349;408.157;3214.192;75.17;188.521;2142.942;2492.4;0.0;14488.0;33291.086;5524.056;-9656.681;8.116;18;128;[2.418, 1.732, 2.514, 1.118, 1.159];[2.554, 2.644, 1.179]
44;18110.349;408.157;3214.192;75.17;188.521;2142.942;2492.4;0.0;14488.0;33291.086;5524.056;-9656.681;10.13;18;128;[2.276, 1.732, 2.514, 1.118, 1.159];[2.554, 2.48, 1.179]
45;18110.349;408.157;3214.192;75.17;188.521;2142.942;2492.4;0.0;14488.0;33291.086;5524.056;-9656.681;3.648;18;128;[2.276, 1.732, 2.514, 1.118, 1.143];[2.554, 2.48, 1.161]
46;18110.349;408.157;3214.192;75.17;188.521;2142.942;2492.4;0.0;14488.0;33291.086;5524.056;-9656.681;10.818;18;128;[2.276, 1.859, 2.514, 1.118, 1.143];[2.554, 2.532, 1.161]
47;18110.349;408.157;3214.192;75.17;188.521;2142.942;2492.4;0.0;14488.0;33291.086;5524.056;-9656.681;29.367;18;128;[2.276, 1.859, 2.514, 1.118, 1.329];[2.554, 2.579, 1.161]
48;18110.349;408.157;3214.192;75.17;188.521;2142.942;2492.4;0.0;14488.0;33291.086;5524.056;-9656.681;8.369;18;128;[2.276, 1.859, 2.363, 1.118, 1.329];[2.399, 2.579, 1.161]
49;18110.349;408.157;3214.192;75.17;188.521;2142.942;2492.4;0.0;14488.0;33291.086;5524.056;-9656.681;2.881;18;128;[2.148, 1.859, 2.363, 1.118, 1.329];[2.399, 2.579, 1.145]
613constructshop:True depot:True weather:False;19827.134;518.339;3570.796;76.599;237.444;2229.019;4081.2;0.0;15738.0;32756.906;6058.236;-6871.536;32.458;19;128;[1.0, 1.0, 1.0, 1.0, 1.0];[1.0, 1.0, 1.0]
0;19827.134;518.339;3570.796;76.599;237.444;2229.019;4081.2;0.0;15738.0;32756.906;6058.236;-6871.536;15.417;19;128;[1.0, 1.0, 1.0, 1.0, 1.0];[1.0, 1.0, 1.0]
1;19827.134;518.339;3570.796;76.599;237.444;2229.019;4081.2;0.0;15738.0;32756.906;6058.236;-6871.536;12.446;19;128;[1.0, 1.0, 1.0, 1.2, 1.0];[1.0, 1.2, 1.0]
2;19827.134;518.339;3570.796;76.599;237.444;2229.019;4081.2;0.0;15738.0;32756.906;6058.236;-6871.536;3.598;19;128;[1.0, 1.0, 1.0, 1.18, 1.0];[1.0, 1.2, 1.0]
3;19827.134;518.339;3570.796;76.599;237.444;2229.019;4081.2;0.0;15738.0;32756.906;6058.236;-6871.536;0.929;19;128;[1.0, 1.2, 1.0, 1.18, 1.0];[1.2, 1.2, 1.0]
4;19827.134;518.339;3570.796;76.599;237.444;2229.019;4081.2;0.0;15738.0;32756.906;6058.236;-6871.536;3.259;19;128;[1.0, 1.18, 1.0, 1.18, 1.0];[1.18, 1.2, 1.0]
5;19759.628;511.529;3548.098;78.737;235.14;2282.312;4389.6;0.0;15700.0;32756.906;6058.236;-6939.042;6.547;19;128;[1.0, 1.462, 1.0, 1.18, 1.0];[1.462, 1.2, 1.0]
6;19759.628;511.529;3548.098;78.737;235.14;2282.312;4389.6;0.0;15700.0;32756.906;6058.236;-6939.042;1.845;19;128;[1.0, 1.616, 1.0, 1.18, 1.0];[1.616, 1.2, 1.0]
7;19666.617;513.373;3554.244;82.87;240.055;2394.671;4200.0;0.0;15599.0;32756.906;6058.236;-7032.053;4.591;19;128;[1.3, 1.616, 1.0, 1.18, 1.0];[1.616, 1.2, 1.3]
8;19492.185;496.889;3499.296;79.25;229.494;2289.982;3916.8;0.0;15496.0;32756.906;6058.236;-7206.485;12.213;19;128;[1.3, 1.616, 1.3, 1.18, 1.0];[1.616, 1.48, 1.3]
9;19342.559;504.129;3523.43;71.894;228.875;2098.111;3608.4;0.0;15315.0;32756.906;6058.236;-7356.111;9.037;19;128;[1.3, 1.616, 1.3, 1.462, 1.0];[1.854, 1.48, 1.3]
10;19342.559;504.129;3523.43;71.894;228.875;2098.111;3608.4;0.0;15315.0;32756.906;6058.236;-7356.111;8.534;19;128;[1.3, 1.616, 1.3, 1.416, 1.0];[1.854, 1.432, 1.3]
11;19139.605;503.217;3520.388;71.319;227.775;2082.077;3393.6;0.0;15116.0;32756.906;6058.236;-7559.065;12.259;19;128;[1.3, 1.616, 1.57, 1.416, 1.0];[2.069, 1.432, 1.3]
12;18890.412;469.018;3406.394;75.415;215.459;2176.253;3204.0;0.0;15015.0;32756.906;6058.236;-7808.258;31.012;19;128;[1.3, 1.616, 1.57, 1.416, 1.3];[2.069, 1.689, 1.3]
13;18890.35;469.235;3407.116;79.094;219.701;2276.157;3204.0;0.0;15014.0;32756.906;6058.236;-7808.32;10.748;19;128;[1.3, 1.616, 1.57, 1.674, 1.3];[2.262, 1.689, 1.3]
14;18890.35;469.235;3407.116;79.094;219.701;2276.157;3204.0;0.0;15014.0;32756.906;6058.236;-7808.32;6.119;19;128;[1.3, 1.554, 1.57, 1.674, 1.3];[2.262, 1.62, 1.3]
15;18882.145;458.572;3371.573;78.94;215.812;2268.246;3560.4;0.0;15052.0;32756.906;6058.236;-7816.525;32.198;19;128;[1.3, 1.554, 1.57, 1.674, 1.57];[2.436, 1.62, 1.3]
16;18800.911;439.826;3309.086;74.46;204.952;2140.922;3560.4;0.0;15052.0;32756.906;6058.236;-7897.759;13.055;19;128;[1.3, 1.554, 1.813, 1.674, 1.57];[2.592, 1.62, 1.3]
17;18800.911;439.826;3309.086;74.46;204.952;2140.922;3560.4;0.0;15052.0;32756.906;6058.236;-7897.759;25.778;19;128;[1.3, 1.554, 1.813, 1.674, 1.513];[2.592, 1.558, 1.3]
18;18800.911;439.826;3309.086;74.46;204.952;2140.922;3560.4;0.0;15052.0;32756.906;6058.236;-7897.759;3.084;19;128;[1.27, 1.554, 1.813, 1.674, 1.513];[2.592, 1.558, 1.27]
19;18800.911;439.826;3309.086;74.46;204.952;2140.922;3560.4;0.0;15052.0;32756.906;6058.236;-7897.759;9.78;19;128;[1.27, 1.554, 1.813, 1.807, 1.513];[2.633, 1.558, 1.27]
20;18800.911;439.826;3309.086;74.46;204.952;2140.922;3560.4;0.0;15052.0;32756.906;6058.236;-7897.759;30.846;19;128;[1.27, 1.554, 1.813, 1.807, 1.662];[2.67, 1.558, 1.27]
21;18800.911;439.826;3309.086;74.46;204.952;2140.922;3560.4;0.0;15052.0;32756.906;6058.236;-7897.759;33.414;19;128;[1.27, 1.554, 1.813, 1.807, 1.796];[2.703, 1.558, 1.27]
22;18800.911;439.826;3309.086;74.46;204.952;2140.922;3560.4;0.0;15052.0;32756.906;6058.236;-7897.759;9.691;19;128;[1.27, 1.554, 1.813, 1.726, 1.796];[2.533, 1.558, 1.27]
23;18800.911;439.826;3309.086;74.46;204.952;2140.922;3560.4;0.0;15052.0;32756.906;6058.236;-7897.759;9.422;19;128;[1.27, 1.554, 1.813, 1.853, 1.796];[2.58, 1.558, 1.27]
24;18800.911;439.826;3309.086;74.46;204.952;2140.922;3560.4;0.0;15052.0;32756.906;6058.236;-7897.759;33.65;19;128;[1.27, 1.554, 1.813, 1.853, 1.716];[2.422, 1.558, 1.27]
25;18800.911;439.826;3309.086;74.46;204.952;2140.922;3560.4;0.0;15052.0;32756.906;6058.236;-7897.759;8.698;19;128;[1.27, 1.499, 1.813, 1.853, 1.716];[2.28, 1.558, 1.27]
26;18800.911;439.826;3309.086;74.46;204.952;2140.922;3560.4;0.0;15052.0;32756.906;6058.236;-7897.759;8.539;19;128;[1.27, 1.499, 1.813, 1.968, 1.716];[2.352, 1.558, 1.27]
27;18800.911;439.826;3309.086;74.46;204.952;2140.922;3560.4;0.0;15052.0;32756.906;6058.236;-7897.759;8.836;19;128;[1.27, 1.499, 1.813, 1.871, 1.716];[2.217, 1.558, 1.27]
28;18800.911;439.826;3309.086;74.46;204.952;2140.922;3560.4;0.0;15052.0;32756.906;6058.236;-7897.759;2.138;19;128;[1.27, 1.449, 1.813, 1.871, 1.716];[2.217, 1.558, 1.243]
29;18800.911;439.826;3309.086;74.46;204.952;2140.922;3560.4;0.0;15052.0;32756.906;6058.236;-7897.759;3.329;19;128;[1.27, 1.449, 1.932, 1.871, 1.716];[2.217, 1.558, 1.419]
30;18800.911;439.826;3309.086;74.46;204.952;2140.922;3560.4;0.0;15052.0;32756.906;6058.236;-7897.759;31.952;19;128;[1.27, 1.449, 1.932, 1.871, 1.844];[2.295, 1.558, 1.419]
31;18800.911;439.826;3309.086;74.46;204.952;2140.922;3560.4;0.0;15052.0;32756.906;6058.236;-7897.759;28.243;19;128;[1.27, 1.449, 1.932, 1.871, 1.96];[2.365, 1.558, 1.419]
32;18800.911;439.826;3309.086;74.46;204.952;2140.922;3560.4;0.0;15052.0;32756.906;6058.236;-7897.759;2.774;19;128;[1.27, 1.449, 1.839, 1.871, 1.96];[2.365, 1.558, 1.377]
33;18800.911;439.826;3309.086;74.46;204.952;2140.922;3560.4;0.0;15052.0;32756.906;6058.236;-7897.759;4.349;19;128;[1.27, 1.449, 1.839, 1.871, 2.064];[2.365, 1.558, 1.539]
34;18674.478;461.187;3380.291;66.107;206.478;1925.267;3252.0;0.0;14833.0;32756.906;6058.236;-8024.192;11.848;19;128;[1.27, 1.449, 2.055, 1.871, 2.064];[2.365, 1.802, 1.539]
35;18624.299;468.3;3403.999;71.674;212.674;2076.198;3110.4;0.0;14752.0;32756.906;6058.236;-8074.371;10.591;19;128;[1.543, 1.449, 2.055, 1.871, 2.064];[2.365, 2.022, 1.539]
36;18605.498;463.961;3389.537;76.751;214.494;2210.007;3110.4;0.0;14752.0;32756.906;6058.236;-8093.172;10.473;19;128;[1.543, 1.449, 2.055, 2.084, 2.064];[2.529, 2.022, 1.539]
37;18605.498;463.961;3389.537;76.751;214.494;2210.007;3110.4;0.0;14752.0;32756.906;6058.236;-8093.172;26.478;19;128;[1.543, 1.449, 2.055, 2.084, 1.958];[2.376, 2.022, 1.539]
38;18469.039;464.778;3392.261;71.719;213.693;2078.389;2943.6;0.0;14612.0;32756.906;6058.236;-8229.631;10.172;19;128;[1.789, 1.449, 2.055, 2.084, 1.958];[2.376, 2.22, 1.539]
39;18469.039;464.778;3392.261;71.719;213.693;2078.389;2943.6;0.0;14612.0;32756.906;6058.236;-8229.631;2.2;19;128;[1.789, 1.449, 2.055, 1.976, 1.958];[2.376, 2.22, 1.485]
40;18207.503;455.193;3360.31;59.725;203.844;1756.7;2682.0;0.0;14392.0;32756.906;6058.236;-8491.167;11.318;19;128;[2.01, 1.449, 2.055, 1.976, 1.958];[2.538, 2.22, 1.485]
41;18207.503;455.193;3360.31;59.725;203.844;1756.7;2682.0;0.0;14392.0;32756.906;6058.236;-8491.167;10.991;19;128;[2.01, 1.449, 2.055, 1.878, 1.958];[2.538, 2.098, 1.485]
42;18207.503;455.193;3360.31;59.725;203.844;1756.7;2682.0;0.0;14392.0;32756.906;6058.236;-8491.167;2.275;19;128;[2.01, 1.449, 2.055, 1.79, 1.958];[2.538, 2.098, 1.437]
43;18207.503;455.193;3360.31;59.725;203.844;1756.7;2682.0;0.0;14392.0;32756.906;6058.236;-8491.167;4.434;19;128;[2.01, 1.449, 2.055, 1.79, 1.862];[2.538, 2.098, 1.393]
44;18204.535;454.508;3358.027;62.032;203.895;1816.72;2682.0;0.0;14392.0;32756.906;6058.236;-8494.135;12.739;19;128;[2.01, 1.449, 2.25, 1.79, 1.862];[2.684, 2.098, 1.393]
45;18145.375;459.317;3374.058;68.372;209.202;1986.877;2587.2;0.0;14312.0;32756.906;6058.236;-8553.295;13.801;19;128;[2.209, 1.449, 2.25, 1.79, 1.862];[2.684, 2.288, 1.393]
46;18139.62;457.989;3369.631;72.238;208.851;2087.036;2587.2;0.0;14312.0;32756.906;6058.236;-8559.05;11.549;19;128;[2.209, 1.449, 2.25, 2.011, 1.862];[2.684, 2.459, 1.393]
47;18139.62;457.989;3369.631;72.238;208.851;2087.036;2587.2;0.0;14312.0;32756.906;6058.236;-8559.05;9.677;19;128;[2.209, 1.449, 2.25, 1.91, 1.862];[2.516, 2.459, 1.393]
48;18139.62;457.989;3369.631;72.238;208.851;2087.036;2587.2;0.0;14312.0;32756.906;6058.236;-8559.05;9.259;19;128;[2.088, 1.449, 2.25, 1.91, 1.862];[2.516, 2.313, 1.393]
49;18139.62;457.989;3369.631;72.238;208.851;2087.036;2587.2;0.0;14312.0;32756.906;6058.236;-8559.05;11.016;19;128;[2.088, 1.449, 2.325, 1.91, 1.862];[2.564, 2.313, 1.393]
614constructshop:True depot:True weather:False;19482.748;541.788;3648.96;77.855;249.445;2273.674;3206.4;0.0;15292.0;32756.906;6058.236;-7215.922;27.849;19;128;[1.0, 1.0, 1.0, 1.0, 1.0];[1.0, 1.0, 1.0]
0;19482.748;541.788;3648.96;77.855;249.445;2273.674;3206.4;0.0;15292.0;32756.906;6058.236;-7215.922;14.082;19;128;[1.0, 1.0, 1.0, 1.0, 1.0];[1.0, 1.0, 1.0]
1;19482.748;541.788;3648.96;77.855;249.445;2273.674;3206.4;0.0;15292.0;32756.906;6058.236;-7215.922;4.627;19;128;[1.0, 1.0, 1.0, 1.0, 1.0];[1.0, 1.0, 1.0]
2;19482.748;541.788;3648.96;77.855;249.445;2273.674;3206.4;0.0;15292.0;32756.906;6058.236;-7215.922;11.16;19;128;[1.0, 1.0, 1.0, 1.0, 1.0];[1.0, 1.0, 1.0]
3;19482.748;541.788;3648.96;77.855;249.445;2273.674;3206.4;0.0;15292.0;32756.906;6058.236;-7215.922;11.692;19;128;[1.0, 1.0, 1.0, 1.0, 1.0];[1.0, 1.0, 1.0]
4;19482.748;541.788;3648.96;77.855;249.445;2273.674;3206.4;0.0;15292.0;32756.906;6058.236;-7215.922;1.614;19;128;[1.0, 1.2, 1.0, 1.0, 1.0];[1.0, 1.0, 1.2]
5;19482.748;541.788;3648.96;77.855;249.445;2273.674;3206.4;0.0;15292.0;32756.906;6058.236;-7215.922;10.111;19;128;[1.0, 1.2, 1.0, 1.0, 1.0];[1.0, 1.0, 1.2]
6;19398.192;530.813;3612.378;76.417;243.356;2230.198;3564.0;0.0;15255.0;32756.906;6058.236;-7300.478;19.402;19;128;[1.0, 1.2, 1.3, 1.0, 1.0];[1.0, 1.3, 1.2]
7;19347.738;528.401;3604.337;72.42;240.815;2123.723;3517.2;0.0;15215.0;32756.906;6058.236;-7350.932;37.777;19;128;[1.0, 1.2, 1.3, 1.0, 1.3];[1.0, 1.57, 1.2]
8;19212.516;497.427;3501.089;63.806;223.091;1882.052;3398.4;0.0;15214.0;32756.906;6058.236;-7486.154;11.799;19;128;[1.3, 1.2, 1.3, 1.0, 1.3];[1.3, 1.57, 1.2]
9;19212.516;497.427;3501.089;63.806;223.091;1882.052;3398.4;0.0;15214.0;32756.906;6058.236;-7486.154;5.383;19;128;[1.3, 1.2, 1.3, 1.0, 1.27];[1.3, 1.57, 1.18]
10;19212.516;497.427;3501.089;63.806;223.091;1882.052;3398.4;0.0;15214.0;32756.906;6058.236;-7486.154;2.959;19;128;[1.3, 1.2, 1.27, 1.0, 1.27];[1.3, 1.57, 1.162]
11;19212.516;497.427;3501.089;63.806;223.091;1882.052;3398.4;0.0;15214.0;32756.906;6058.236;-7486.154;9.716;19;128;[1.27, 1.2, 1.27, 1.0, 1.27];[1.3, 1.513, 1.162]
12;19212.516;497.427;3501.089;63.806;223.091;1882.052;3398.4;0.0;15214.0;32756.906;6058.236;-7486.154;1.357;19;128;[1.27, 1.38, 1.27, 1.0, 1.27];[1.3, 1.662, 1.162]
13;19212.516;497.427;3501.089;63.806;223.091;1882.052;3398.4;0.0;15214.0;32756.906;6058.236;-7486.154;16.513;19;128;[1.27, 1.542, 1.27, 1.0, 1.27];[1.3, 1.796, 1.162]
14;19133.288;479.144;3440.145;55.76;210.899;1660.65;3398.4;0.0;15214.0;32756.906;6058.236;-7565.382;11.791;19;128;[1.27, 1.542, 1.543, 1.0, 1.27];[1.3, 2.016, 1.162]
15;19133.288;479.144;3440.145;55.76;210.899;1660.65;3398.4;0.0;15214.0;32756.906;6058.236;-7565.382;9.938;19;128;[1.27, 1.542, 1.489, 1.0, 1.27];[1.3, 1.914, 1.162]
16;19133.288;479.144;3440.145;55.76;210.899;1660.65;3398.4;0.0;15214.0;32756.906;6058.236;-7565.382;2.39;19;128;[1.243, 1.542, 1.489, 1.0, 1.27];[1.3, 1.914, 1.146]
17;19133.288;479.144;3440.145;55.76;210.899;1660.65;3398.4;0.0;15214.0;32756.906;6058.236;-7565.382;28.229;19;128;[1.243, 1.542, 1.489, 1.0, 1.243];[1.27, 1.914, 1.146]
18;19133.288;479.144;3440.145;55.76;210.899;1660.65;3398.4;0.0;15214.0;32756.906;6058.236;-7565.382;4.609;19;128;[1.243, 1.542, 1.489, 1.0, 1.219];[1.27, 1.914, 1.131]
19;19133.288;479.144;3440.145;55.76;210.899;1660.65;3398.4;0.0;15214.0;32756.906;6058.236;-7565.382;10.497;19;128;[1.243, 1.542, 1.64, 1.0, 1.219];[1.27, 2.023, 1.131]
20;19133.288;479.144;3440.145;55.76;210.899;1660.65;3398.4;0.0;15214.0;32756.906;6058.236;-7565.382;8.751;19;128;[1.419, 1.542, 1.64, 1.0, 1.219];[1.443, 2.023, 1.131]
21;19133.288;479.144;3440.145;55.76;210.899;1660.65;3398.4;0.0;15214.0;32756.906;6058.236;-7565.382;11.07;19;128;[1.419, 1.542, 1.776, 1.0, 1.219];[1.599, 2.023, 1.131]
22;19098.799;467.261;3400.538;50.031;196.25;1497.062;3374.4;178.0;15231.0;32756.906;6058.236;-7599.871;16.921;19;128;[1.419, 1.542, 1.776, 1.3, 1.219];[1.839, 2.023, 1.131]
23;19037.424;471.559;3414.864;50.031;198.56;1499.372;3279.6;178.0;15151.0;32756.906;6058.236;-7661.246;12.692;19;128;[1.419, 1.542, 1.776, 1.57, 1.219];[1.839, 2.221, 1.131]
24;19037.424;471.559;3414.864;50.031;198.56;1499.372;3279.6;178.0;15151.0;32756.906;6058.236;-7661.246;3.916;19;128;[1.419, 1.488, 1.776, 1.57, 1.219];[1.839, 2.221, 1.118]
25;19037.424;471.559;3414.864;50.031;198.56;1499.372;3279.6;178.0;15151.0;32756.906;6058.236;-7661.246;13.644;19;128;[1.577, 1.488, 1.776, 1.57, 1.219];[1.955, 2.221, 1.118]
26;19037.424;471.559;3414.864;50.031;198.56;1499.372;3279.6;178.0;15151.0;32756.906;6058.236;-7661.246;11.358;19;128;[1.577, 1.488, 1.898, 1.57, 1.219];[1.955, 2.299, 1.118]
27;19037.424;471.559;3414.864;50.031;198.56;1499.372;3279.6;178.0;15151.0;32756.906;6058.236;-7661.246;12.68;19;128;[1.577, 1.488, 1.898, 1.713, 1.219];[2.059, 2.299, 1.118]
28;19037.424;471.559;3414.864;50.031;198.56;1499.372;3279.6;178.0;15151.0;32756.906;6058.236;-7661.246;5.149;19;128;[1.577, 1.488, 1.898, 1.713, 1.197];[2.059, 2.299, 1.106]
29;19037.424;471.559;3414.864;50.031;198.56;1499.372;3279.6;178.0;15151.0;32756.906;6058.236;-7661.246;4.107;19;128;[1.577, 1.488, 1.898, 1.713, 1.377];[2.059, 2.299, 1.295]
30;19037.424;471.559;3414.864;50.031;198.56;1499.372;3279.6;178.0;15151.0;32756.906;6058.236;-7661.246;9.388;19;128;[1.719, 1.488, 1.898, 1.713, 1.377];[2.059, 2.369, 1.295]
31;19037.424;471.559;3414.864;50.031;198.56;1499.372;3279.6;178.0;15151.0;32756.906;6058.236;-7661.246;25.991;19;128;[1.719, 1.488, 1.898, 1.713, 1.339];[2.059, 2.232, 1.295]
32;19037.424;471.559;3414.864;50.031;198.56;1499.372;3279.6;178.0;15151.0;32756.906;6058.236;-7661.246;9.27;19;128;[1.647, 1.488, 1.898, 1.713, 1.339];[2.059, 2.109, 1.295]
33;18948.466;478.261;3437.204;61.227;208.792;1800.691;3754.8;158.0;15033.0;32756.906;6058.236;-7750.204;11.798;19;128;[1.882, 1.488, 1.898, 1.713, 1.339];[2.253, 2.109, 1.295]
34;18880.99;467.305;3400.684;65.198;208.414;1903.572;3754.8;139.0;15013.0;32756.906;6058.236;-7817.68;13.639;19;128;[1.882, 1.488, 2.108, 1.713, 1.339];[2.253, 2.298, 1.295]
35;18872.417;465.558;3394.859;59.498;206.105;1753.048;3660.0;139.0;15012.0;32756.906;6058.236;-7826.253;11.975;19;128;[1.882, 1.488, 2.297, 1.713, 1.339];[2.253, 2.468, 1.295]
36;18703.277;454.218;3357.059;54.792;198.486;1623.075;3684.0;139.0;14892.0;32756.906;6058.236;-7995.393;14.784;19;128;[2.094, 1.488, 2.297, 1.713, 1.339];[2.428, 2.468, 1.295]
37;18703.277;454.218;3357.059;54.792;198.486;1623.075;3684.0;139.0;14892.0;32756.906;6058.236;-7995.393;12.744;19;128;[2.094, 1.488, 2.297, 1.642, 1.339];[2.428, 2.321, 1.295]
38;18664.593;445.522;3328.072;56.273;193.95;1657.039;3684.0;139.0;14891.0;32756.906;6058.236;-8034.077;11.342;19;128;[2.094, 1.488, 2.467, 1.642, 1.339];[2.428, 2.489, 1.295]
39;18664.593;445.522;3328.072;56.273;193.95;1657.039;3684.0;139.0;14891.0;32756.906;6058.236;-8034.077;1.792;19;128;[2.094, 1.439, 2.467, 1.642, 1.339];[2.428, 2.489, 1.266]
40;18664.593;445.522;3328.072;56.273;193.95;1657.039;3684.0;139.0;14891.0;32756.906;6058.236;-8034.077;1.517;19;128;[2.094, 1.595, 2.467, 1.642, 1.339];[2.428, 2.54, 1.266]
41;18664.593;445.522;3328.072;56.273;193.95;1657.039;3684.0;139.0;14891.0;32756.906;6058.236;-8034.077;15.703;19;128;[2.094, 1.595, 2.32, 1.642, 1.339];[2.428, 2.386, 1.266]
42;18664.593;445.522;3328.072;56.273;193.95;1657.039;3684.0;139.0;14891.0;32756.906;6058.236;-8034.077;14.032;19;128;[2.185, 1.595, 2.32, 1.642, 1.339];[2.428, 2.447, 1.266]
43;18664.593;445.522;3328.072;56.273;193.95;1657.039;3684.0;139.0;14891.0;32756.906;6058.236;-8034.077;3.657;19;128;[2.185, 1.595, 2.188, 1.642, 1.339];[2.428, 2.447, 1.239]
44;18664.593;445.522;3328.072;56.273;193.95;1657.039;3684.0;139.0;14891.0;32756.906;6058.236;-8034.077;34.989;19;128;[2.185, 1.595, 2.188, 1.642, 1.505];[2.428, 2.502, 1.239]
45;18664.593;445.522;3328.072;56.273;193.95;1657.039;3684.0;139.0;14891.0;32756.906;6058.236;-8034.077;3.282;19;128;[2.067, 1.595, 2.188, 1.642, 1.505];[2.428, 2.502, 1.215]
46;18664.593;445.522;3328.072;56.273;193.95;1657.039;3684.0;139.0;14891.0;32756.906;6058.236;-8034.077;3.227;19;128;[1.96, 1.595, 2.188, 1.642, 1.505];[2.428, 2.502, 1.194]
47;18664.593;445.522;3328.072;56.273;193.95;1657.039;3684.0;139.0;14891.0;32756.906;6058.236;-8034.077;15.221;19;128;[1.96, 1.595, 2.269, 1.642, 1.505];[2.428, 2.552, 1.194]
48;18664.593;445.522;3328.072;56.273;193.95;1657.039;3684.0;139.0;14891.0;32756.906;6058.236;-8034.077;3.374;19;128;[1.96, 1.595, 2.342, 1.642, 1.505];[2.428, 2.552, 1.375]
49;18664.593;445.522;3328.072;56.273;193.95;1657.039;3684.0;139.0;14891.0;32756.906;6058.236;-8034.077;11.402;19;128;[1.96, 1.595, 2.408, 1.642, 1.505];[2.485, 2.552, 1.375]
615constructshop:True depot:True weather:False;20017.2;538.277;3681.923;88.474;252.519;2552.846;4230.0;0.0;15797.0;32933.266;5881.876;-7034.19;32.474;19;128;[1.0, 1.0, 1.0, 1.0, 1.0];[1.0, 1.0, 1.0]
0;19826.158;533.113;3635.044;72.391;248.126;2130.299;4158.0;0.0;15658.0;33032.402;5782.74;-7423.504;4.276;18;128;[1.0, 1.0, 1.3, 1.0, 1.0];[1.0, 1.0, 1.3]
1;19826.158;533.113;3635.044;72.391;248.126;2130.299;4158.0;0.0;15658.0;33032.402;5782.74;-7423.504;15.192;18;128;[1.0, 1.0, 1.27, 1.0, 1.0];[1.0, 1.0, 1.3]
2;19826.158;533.113;3635.044;72.391;248.126;2130.299;4158.0;0.0;15658.0;33032.402;5782.74;-7423.504;12.928;18;128;[1.0, 1.0, 1.243, 1.0, 1.0];[1.0, 1.0, 1.3]
3;19826.158;533.113;3635.044;72.391;248.126;2130.299;4158.0;0.0;15658.0;33032.402;5782.74;-7423.504;3.627;18;128;[1.0, 1.0, 1.243, 1.0, 1.0];[1.0, 1.0, 1.27]
4;19826.158;533.113;3635.044;72.391;248.126;2130.299;4158.0;0.0;15658.0;33032.402;5782.74;-7423.504;15.061;18;128;[1.0, 1.0, 1.219, 1.0, 1.0];[1.0, 1.0, 1.27]
5;19826.158;533.113;3635.044;72.391;248.126;2130.299;4158.0;0.0;15658.0;33032.402;5782.74;-7423.504;1.618;18;128;[1.0, 1.2, 1.219, 1.0, 1.0];[1.2, 1.0, 1.27]
6;19826.158;533.113;3635.044;72.391;248.126;2130.299;4158.0;0.0;15658.0;33032.402;5782.74;-7423.504;5.016;18;128;[1.0, 1.2, 1.219, 1.0, 1.0];[1.2, 1.0, 1.243]
7;19826.158;533.113;3635.044;72.391;248.126;2130.299;4158.0;0.0;15658.0;33032.402;5782.74;-7423.504;4.115;18;128;[1.0, 1.2, 1.397, 1.0, 1.0];[1.2, 1.0, 1.419]
8;19826.158;533.113;3635.044;72.391;248.126;2130.299;4158.0;0.0;15658.0;33032.402;5782.74;-7423.504;31.387;18;128;[1.0, 1.2, 1.397, 1.0, 1.0];[1.2, 1.0, 1.419]
9;19826.158;533.113;3635.044;72.391;248.126;2130.299;4158.0;0.0;15658.0;33032.402;5782.74;-7423.504;12.603;18;128;[1.0, 1.2, 1.397, 1.2, 1.0];[1.2, 1.2, 1.419]
10;20270.684;541.62;3659.065;81.388;248.343;2364.434;3847.2;0.0;16070.0;33291.086;5524.056;-7496.346;12.92;18;128;[1.3, 1.2, 1.397, 1.2, 1.0];[1.2, 1.48, 1.419]
11;20270.684;541.62;3659.065;81.388;248.343;2364.434;3847.2;0.0;16070.0;33291.086;5524.056;-7496.346;2.426;18;128;[1.3, 1.18, 1.397, 1.2, 1.0];[1.2, 1.48, 1.377]
12;20270.684;541.62;3659.065;81.388;248.343;2364.434;3847.2;0.0;16070.0;33291.086;5524.056;-7496.346;3.409;18;128;[1.3, 1.18, 1.397, 1.18, 1.0];[1.2, 1.48, 1.339]
13;20270.684;541.62;3659.065;81.388;248.343;2364.434;3847.2;0.0;16070.0;33291.086;5524.056;-7496.346;1.952;18;128;[1.3, 1.362, 1.397, 1.18, 1.0];[1.2, 1.48, 1.505]
14;20136.598;528.907;3616.691;62.043;232.84;1845.957;4015.2;0.0;15991.0;33291.086;5524.056;-7630.432;11.4;18;128;[1.57, 1.362, 1.397, 1.18, 1.0];[1.2, 1.732, 1.505]
15;19652.693;513.237;3566.456;61.618;226.231;1828.308;3706.8;0.0;15573.0;33147.002;5668.14;-7826.169;11.181;18;128;[1.57, 1.626, 1.397, 1.18, 1.0];[1.2, 1.959, 1.505]
16;19652.693;513.237;3566.456;61.618;226.231;1828.308;3706.8;0.0;15573.0;33147.002;5668.14;-7826.169;2.3;18;128;[1.57, 1.763, 1.397, 1.18, 1.0];[1.38, 1.959, 1.505]
17;19454.159;518.652;3584.507;67.114;230.951;1975.919;3255.6;0.0;15351.0;33147.002;5668.14;-8024.703;16.55;18;128;[1.57, 1.763, 1.397, 1.462, 1.0];[1.38, 2.163, 1.505]
18;19454.159;518.652;3584.507;67.114;230.951;1975.919;3255.6;0.0;15351.0;33147.002;5668.14;-8024.703;3.606;18;128;[1.513, 1.763, 1.397, 1.462, 1.0];[1.38, 2.163, 1.455]
19;19454.159;518.652;3584.507;67.114;230.951;1975.919;3255.6;0.0;15351.0;33147.002;5668.14;-8024.703;16.934;18;128;[1.513, 1.887, 1.397, 1.462, 1.0];[1.38, 2.247, 1.455]
20;19454.159;518.652;3584.507;67.114;230.951;1975.919;3255.6;0.0;15351.0;33147.002;5668.14;-8024.703;4.125;18;128;[1.513, 1.887, 1.397, 1.416, 1.0];[1.38, 2.247, 1.41]
21;19454.159;518.652;3584.507;67.114;230.951;1975.919;3255.6;0.0;15351.0;33147.002;5668.14;-8024.703;6.352;18;128;[1.513, 1.798, 1.397, 1.416, 1.0];[1.38, 2.122, 1.41]
22;19193.96;541.221;3659.738;82.268;247.75;2386.728;3112.8;0.0;14993.0;33052.202;5762.94;-8095.302;2.407;18;128;[1.513, 1.798, 1.657, 1.416, 1.0];[1.38, 2.122, 1.669]
23;19193.96;541.221;3659.738;82.268;247.75;2386.728;3112.8;0.0;14993.0;33052.202;5762.94;-8095.302;1.705;18;128;[1.513, 1.718, 1.657, 1.416, 1.0];[1.38, 2.122, 1.602]
24;19064.682;529.85;3621.832;79.999;243.22;2323.201;3016.8;0.0;14913.0;33052.202;5762.94;-8224.58;2.839;18;128;[1.513, 1.718, 1.891, 1.416, 1.0];[1.38, 2.122, 1.842]
25;19064.682;529.85;3621.832;79.999;243.22;2323.201;3016.8;0.0;14913.0;33052.202;5762.94;-8224.58;3.135;18;128;[1.513, 1.646, 1.891, 1.416, 1.0];[1.38, 2.122, 1.758]
26;19007.348;526.08;3609.268;83.429;247.653;2416.813;2970.0;0.0;14872.0;33052.202;5762.94;-8281.914;32.075;18;128;[1.513, 1.646, 1.891, 1.416, 1.3];[1.642, 2.122, 1.758]
27;18985.957;521.144;3592.813;79.737;240.959;2314.123;2970.0;0.0;14872.0;33052.202;5762.94;-8303.305;16.234;18;128;[1.513, 1.646, 1.891, 1.674, 1.3];[1.642, 2.31, 1.758]
28;18985.957;521.144;3592.813;79.737;240.959;2314.123;2970.0;0.0;14872.0;33052.202;5762.94;-8303.305;8.434;18;128;[1.513, 1.646, 1.802, 1.674, 1.3];[1.642, 2.179, 1.758]
29;18974.832;518.577;3584.256;79.737;239.414;2312.579;2970.0;0.0;14872.0;33052.202;5762.94;-8314.43;16.16;18;128;[1.513, 1.646, 1.802, 1.907, 1.3];[1.878, 2.179, 1.758]
30;18974.832;518.577;3584.256;79.737;239.414;2312.579;2970.0;0.0;14872.0;33052.202;5762.94;-8314.43;15.58;18;128;[1.513, 1.646, 1.802, 2.016, 1.3];[1.99, 2.179, 1.758]
31;18974.832;518.577;3584.256;79.737;239.414;2312.579;2970.0;0.0;14872.0;33052.202;5762.94;-8314.43;3.634;18;128;[1.513, 1.646, 1.802, 1.914, 1.3];[1.99, 2.179, 1.682]
32;18974.832;518.577;3584.256;79.737;239.414;2312.579;2970.0;0.0;14872.0;33052.202;5762.94;-8314.43;35.482;18;128;[1.513, 1.646, 1.802, 1.914, 1.47];[2.091, 2.179, 1.682]
33;18974.832;518.577;3584.256;79.737;239.414;2312.579;2970.0;0.0;14872.0;33052.202;5762.94;-8314.43;15.479;18;128;[1.513, 1.646, 1.802, 2.023, 1.47];[2.182, 2.179, 1.682]
34;18974.832;518.577;3584.256;79.737;239.414;2312.579;2970.0;0.0;14872.0;33052.202;5762.94;-8314.43;4.247;18;128;[1.513, 1.646, 1.802, 2.023, 1.423];[2.182, 2.179, 1.614]
35;18974.832;518.577;3584.256;79.737;239.414;2312.579;2970.0;0.0;14872.0;33052.202;5762.94;-8314.43;2.808;18;128;[1.513, 1.646, 1.722, 2.023, 1.423];[2.182, 2.179, 1.553]
36;18974.832;518.577;3584.256;79.737;239.414;2312.579;2970.0;0.0;14872.0;33052.202;5762.94;-8314.43;1.59;18;128;[1.513, 1.781, 1.722, 2.023, 1.423];[2.182, 2.179, 1.698]
37;18974.832;518.577;3584.256;79.737;239.414;2312.579;2970.0;0.0;14872.0;33052.202;5762.94;-8314.43;1.275;18;128;[1.513, 1.703, 1.722, 2.023, 1.423];[2.182, 2.179, 1.628]
38;18974.832;518.577;3584.256;79.737;239.414;2312.579;2970.0;0.0;14872.0;33052.202;5762.94;-8314.43;2.741;18;128;[1.513, 1.703, 1.65, 2.023, 1.423];[2.182, 2.179, 1.565]
39;18974.832;518.577;3584.256;79.737;239.414;2312.579;2970.0;0.0;14872.0;33052.202;5762.94;-8314.43;14.134;18;128;[1.462, 1.703, 1.65, 2.023, 1.423];[2.064, 2.179, 1.565]
40;18974.832;518.577;3584.256;79.737;239.414;2312.579;2970.0;0.0;14872.0;33052.202;5762.94;-8314.43;2.287;18;128;[1.462, 1.703, 1.585, 2.023, 1.423];[2.064, 2.179, 1.509]
41;18974.832;518.577;3584.256;79.737;239.414;2312.579;2970.0;0.0;14872.0;33052.202;5762.94;-8314.43;8.825;18;128;[1.462, 1.703, 1.727, 2.023, 1.423];[2.064, 2.261, 1.509]
42;18661.203;482.893;3465.31;87.238;230.315;2498.494;3708.0;0.0;14713.0;33052.202;5762.94;-8628.059;9.523;18;128;[1.462, 1.933, 1.727, 2.023, 1.423];[2.258, 2.261, 1.509]
43;18632.909;476.364;3443.546;79.688;223.161;2295.048;3708.0;0.0;14713.0;33052.202;5762.94;-8656.353;7.082;18;128;[1.462, 1.933, 1.954, 2.023, 1.423];[2.432, 2.261, 1.509]
44;18632.909;476.364;3443.546;79.688;223.161;2295.048;3708.0;0.0;14713.0;33052.202;5762.94;-8656.353;28.213;18;128;[1.462, 1.933, 1.954, 2.023, 1.381];[2.432, 2.135, 1.509]
45;18632.909;476.364;3443.546;79.688;223.161;2295.048;3708.0;0.0;14713.0;33052.202;5762.94;-8656.353;11.552;18;128;[1.462, 2.04, 1.954, 2.023, 1.381];[2.489, 2.135, 1.509]
46;18632.909;476.364;3443.546;79.688;223.161;2295.048;3708.0;0.0;14713.0;33052.202;5762.94;-8656.353;6.101;18;128;[1.462, 2.04, 1.859, 2.023, 1.381];[2.34, 2.135, 1.509]
47;18632.909;476.364;3443.546;79.688;223.161;2295.048;3708.0;0.0;14713.0;33052.202;5762.94;-8656.353;7.551;18;128;[1.462, 2.04, 1.859, 2.121, 1.381];[2.406, 2.135, 1.509]
48;18632.909;476.364;3443.546;79.688;223.161;2295.048;3708.0;0.0;14713.0;33052.202;5762.94;-8656.353;29.451;18;128;[1.462, 2.04, 1.859, 2.121, 1.343];[2.406, 2.021, 1.509]
49;18632.909;476.364;3443.546;79.688;223.161;2295.048;3708.0;0.0;14713.0;33052.202;5762.94;-8656.353;8.242;18;128;[1.462, 2.04, 1.859, 2.209, 1.343];[2.465, 2.021, 1.509]
616constructshop:True depot:True weather:False;19803.896;535.668;3673.228;64.878;235.729;1922.554;3847.2;0.0;15595.0;32952.266;5862.876;-7285.494;28.341;19;128;[1.0, 1.0, 1.0, 1.0, 1.0];[1.0, 1.0, 1.0]
0;19625.346;531.849;3660.497;68.689;236.229;2022.149;3610.8;0.0;15433.0;32952.266;5862.876;-7464.044;13.347;18;128;[1.3, 1.0, 1.0, 1.0, 1.0];[1.0, 1.3, 1.0]
1;19409.867;528.508;3649.359;67.163;233.577;1979.805;3278.4;0.0;15232.0;32952.266;5862.876;-7679.523;12.204;18;128;[1.57, 1.0, 1.0, 1.0, 1.0];[1.0, 1.57, 1.0]
2;19220.536;521.739;3626.797;70.886;233.552;2076.591;3562.8;0.0;15072.0;32952.266;5862.876;-7868.854;3.403;18;128;[1.57, 1.3, 1.0, 1.0, 1.0];[1.0, 1.57, 1.3]
3;19299.258;523.675;3603.583;54.137;226.939;1634.505;3634.8;0.0;15172.0;33032.402;5782.74;-7950.404;4.459;18;128;[1.57, 1.3, 1.0, 1.0, 1.3];[1.0, 1.57, 1.57]
4;19285.033;525.008;3608.026;61.165;230.504;1820.789;3610.8;0.0;15152.0;33032.402;5782.74;-7964.629;15.207;18;128;[1.57, 1.3, 1.0, 1.3, 1.3];[1.3, 1.57, 1.57]
5;19265.829;520.576;3593.253;62.452;229.937;1853.698;3610.8;0.0;15152.0;33032.402;5782.74;-7983.833;31.379;18;128;[1.57, 1.3, 1.0, 1.3, 1.57];[1.3, 1.813, 1.57]
6;19374.825;539.498;3684.327;71.409;245.243;2101.876;3538.8;0.0;15151.0;33354.098;5461.044;-8518.229;4.312;17;128;[1.57, 1.3, 1.0, 1.57, 1.57];[1.3, 1.813, 1.813]
7;19374.825;539.498;3684.327;71.409;245.243;2101.876;3538.8;0.0;15151.0;33354.098;5461.044;-8518.229;3.222;17;128;[1.57, 1.3, 1.0, 1.513, 1.57];[1.3, 1.813, 1.732]
8;19219.497;531.346;3657.152;64.61;236.103;1915.954;3394.8;0.0;15031.0;33354.098;5461.044;-8673.557;11.143;17;128;[1.57, 1.3, 1.3, 1.513, 1.57];[1.3, 2.032, 1.732]
9;19153.064;520.861;3622.203;63.442;230.932;1880.42;3252.0;0.0;15010.0;33354.098;5461.044;-8739.99;30.342;17;128;[1.57, 1.3, 1.3, 1.513, 1.813];[1.3, 2.229, 1.732]
10;19200.621;517.143;3594.478;56.822;225.873;1703.25;3205.2;0.0;15089.0;33422.498;5392.644;-8829.233;13.774;17;128;[1.57, 1.3, 1.3, 1.762, 1.813];[1.57, 2.229, 1.732]
11;19182.542;531.433;3642.109;56.027;232.759;1689.448;3110.4;0.0;15009.0;33422.498;5392.644;-8847.312;26.321;17;128;[1.57, 1.3, 1.3, 1.762, 2.032];[1.57, 2.406, 1.732]
12;19130.672;533.309;3648.363;60.306;236.012;1803.956;3110.4;0.0;14949.0;33422.498;5392.644;-8899.182;24.376;17;128;[1.57, 1.3, 1.3, 1.762, 2.229];[1.57, 2.565, 1.732]
13;18969.204;523.74;3616.465;61.545;232.653;1832.81;3110.4;0.0;14829.0;33422.498;5392.644;-9060.649;13.331;17;128;[1.813, 1.3, 1.3, 1.762, 2.229];[1.813, 2.565, 1.732]
14;18911.777;510.948;3573.828;61.545;227.299;1827.456;2968.8;0.0;14827.0;33422.498;5392.644;-9118.077;2.379;17;128;[1.813, 1.57, 1.3, 1.762, 2.229];[1.813, 2.708, 1.732]
15;18911.777;510.948;3573.828;61.545;227.299;1827.456;2968.8;0.0;14827.0;33422.498;5392.644;-9118.077;20.849;17;128;[1.813, 1.57, 1.3, 1.762, 2.106];[1.813, 2.537, 1.732]
16;18911.777;510.948;3573.828;61.545;227.299;1827.456;2968.8;0.0;14827.0;33422.498;5392.644;-9118.077;19.326;17;128;[1.813, 1.57, 1.3, 1.762, 1.995];[1.813, 2.383, 1.732]
17;18911.777;510.948;3573.828;61.545;227.299;1827.456;2968.8;0.0;14827.0;33422.498;5392.644;-9118.077;5.461;17;128;[1.813, 1.57, 1.27, 1.762, 1.995];[1.732, 2.383, 1.732]
18;18911.777;510.948;3573.828;61.545;227.299;1827.456;2968.8;0.0;14827.0;33422.498;5392.644;-9118.077;3.341;17;128;[1.732, 1.57, 1.27, 1.762, 1.995];[1.732, 2.383, 1.659]
19;18911.777;510.948;3573.828;61.545;227.299;1827.456;2968.8;0.0;14827.0;33422.498;5392.644;-9118.077;10.89;17;128;[1.732, 1.57, 1.27, 1.886, 1.995];[1.859, 2.383, 1.659]
20;18911.777;510.948;3573.828;61.545;227.299;1827.456;2968.8;0.0;14827.0;33422.498;5392.644;-9118.077;10.061;17;128;[1.732, 1.57, 1.27, 1.997, 1.995];[1.859, 2.445, 1.659]
21;18911.777;510.948;3573.828;61.545;227.299;1827.456;2968.8;0.0;14827.0;33422.498;5392.644;-9118.077;8.726;17;128;[1.732, 1.713, 1.27, 1.997, 1.995];[1.973, 2.445, 1.659]
22;18911.777;510.948;3573.828;61.545;227.299;1827.456;2968.8;0.0;14827.0;33422.498;5392.644;-9118.077;9.794;17;128;[1.732, 1.713, 1.27, 2.097, 1.995];[1.973, 2.5, 1.659]
23;18911.777;510.948;3573.828;61.545;227.299;1827.456;2968.8;0.0;14827.0;33422.498;5392.644;-9118.077;6.295;17;128;[1.732, 1.842, 1.27, 2.097, 1.995];[2.076, 2.5, 1.659]
24;18879.296;512.684;3579.612;70.467;228.568;2060.697;2613.6;0.0;14787.0;33422.498;5392.644;-9150.558;14.241;17;128;[1.959, 1.842, 1.27, 2.097, 1.995];[2.076, 2.65, 1.659]
25;18717.255;502.982;3547.273;68.167;225.77;1998.114;2613.6;0.0;14667.0;33422.498;5392.644;-9312.599;13.126;17;128;[2.163, 1.842, 1.27, 2.097, 1.995];[2.268, 2.65, 1.659]
26;18626.481;495.88;3523.601;55.172;215.449;1649.911;2613.6;0.0;14607.0;33422.498;5392.644;-9403.373;24.507;17;128;[2.163, 1.842, 1.27, 2.097, 2.196];[2.268, 2.785, 1.659]
27;18626.481;495.88;3523.601;55.172;215.449;1649.911;2613.6;0.0;14607.0;33422.498;5392.644;-9403.373;12.91;17;128;[2.163, 1.842, 1.27, 1.987, 2.196];[2.141, 2.785, 1.659]
28;18477.612;479.988;3470.625;71.38;215.89;2071.775;2518.8;0.0;14527.0;33422.498;5392.644;-9552.242;8.546;17;128;[2.163, 1.842, 1.543, 1.987, 2.196];[2.327, 2.785, 1.659]
29;18477.612;479.988;3470.625;71.38;215.89;2071.775;2518.8;0.0;14527.0;33422.498;5392.644;-9552.242;7.52;17;128;[2.163, 1.842, 1.489, 1.987, 2.196];[2.194, 2.785, 1.659]
30;18477.612;479.988;3470.625;71.38;215.89;2071.775;2518.8;0.0;14527.0;33422.498;5392.644;-9552.242;6.324;17;128;[2.163, 1.842, 1.64, 1.987, 2.196];[2.275, 2.785, 1.659]
31;18477.612;479.988;3470.625;71.38;215.89;2071.775;2518.8;0.0;14527.0;33422.498;5392.644;-9552.242;12.79;17;128;[2.047, 1.842, 1.64, 1.987, 2.196];[2.147, 2.785, 1.659]
32;18477.612;479.988;3470.625;71.38;215.89;2071.775;2518.8;0.0;14527.0;33422.498;5392.644;-9552.242;12.469;17;128;[2.047, 1.842, 1.64, 1.888, 2.196];[2.032, 2.785, 1.659]
33;18477.612;479.988;3470.625;71.38;215.89;2071.775;2518.8;0.0;14527.0;33422.498;5392.644;-9552.242;25.632;17;128;[2.047, 1.842, 1.64, 1.888, 2.076];[1.929, 2.785, 1.659]
34;18454.198;474.584;3452.614;83.643;222.826;2397.534;2518.8;0.0;14527.0;33422.498;5392.644;-9575.656;25.245;17;128;[2.047, 1.842, 1.64, 1.888, 2.268];[2.136, 2.785, 1.659]
35;18424.781;472.411;3445.37;83.643;221.457;2396.165;2518.8;0.0;14507.0;33422.498;5392.644;-9605.073;3.478;17;128;[2.047, 2.058, 1.64, 1.888, 2.268];[2.322, 2.785, 1.659]
36;18424.781;472.411;3445.37;83.643;221.457;2396.165;2518.8;0.0;14507.0;33422.498;5392.644;-9605.073;10.433;17;128;[1.942, 2.058, 1.64, 1.888, 2.268];[2.322, 2.607, 1.659]
37;18424.781;472.411;3445.37;83.643;221.457;2396.165;2518.8;0.0;14507.0;33422.498;5392.644;-9605.073;2.908;17;128;[1.848, 2.058, 1.64, 1.888, 2.268];[2.322, 2.607, 1.593]
38;18424.781;472.411;3445.37;83.643;221.457;2396.165;2518.8;0.0;14507.0;33422.498;5392.644;-9605.073;3.609;17;128;[1.763, 2.058, 1.64, 1.888, 2.268];[2.322, 2.607, 1.534]
39;18424.781;472.411;3445.37;83.643;221.457;2396.165;2518.8;0.0;14507.0;33422.498;5392.644;-9605.073;3.715;17;128;[1.763, 2.058, 1.64, 1.799, 2.268];[2.322, 2.607, 1.481]
40;18424.781;472.411;3445.37;83.643;221.457;2396.165;2518.8;0.0;14507.0;33422.498;5392.644;-9605.073;9.783;17;128;[1.887, 2.058, 1.64, 1.799, 2.268];[2.322, 2.646, 1.481]
41;18397.718;447.473;3362.244;75.086;208.201;2160.448;2589.6;0.0;14588.0;33422.498;5392.644;-9632.136;8.85;17;128;[1.887, 2.252, 1.64, 1.799, 2.268];[2.322, 2.781, 1.481]
42;18373.943;442.218;3344.726;76.078;206.727;2184.76;2470.8;0.0;14587.0;33422.498;5392.644;-9655.911;5.377;17;128;[1.887, 2.427, 1.64, 1.799, 2.268];[2.322, 2.903, 1.481]
43;18373.943;442.218;3344.726;76.078;206.727;2184.76;2470.8;0.0;14587.0;33422.498;5392.644;-9655.911;8.512;17;128;[1.887, 2.427, 1.576, 1.799, 2.268];[2.322, 2.713, 1.481]
44;18373.943;442.218;3344.726;76.078;206.727;2184.76;2470.8;0.0;14587.0;33422.498;5392.644;-9655.911;24.306;17;128;[1.887, 2.427, 1.576, 1.799, 2.341];[2.39, 2.713, 1.481]
45;18359.284;438.835;3333.449;78.316;205.205;2241.417;2470.8;0.0;14587.0;33422.498;5392.644;-9670.57;29.967;17;128;[1.887, 2.427, 1.576, 1.799, 2.507];[2.39, 2.842, 1.481]
46;18359.284;438.835;3333.449;78.316;205.205;2241.417;2470.8;0.0;14587.0;33422.498;5392.644;-9670.57;4.141;17;128;[1.887, 2.427, 1.576, 1.799, 2.356];[2.39, 2.842, 1.433]
47;18359.284;438.835;3333.449;78.316;205.205;2241.417;2470.8;0.0;14587.0;33422.498;5392.644;-9670.57;9.178;17;128;[1.887, 2.427, 1.518, 1.799, 2.356];[2.39, 2.658, 1.433]
48;18344.347;440.003;3337.344;78.566;205.637;2248.345;2446.8;0.0;14567.0;33422.498;5392.644;-9685.507;14.949;17;128;[1.887, 2.427, 1.518, 2.019, 2.356];[2.551, 2.658, 1.433]
49;18336.004;438.078;3330.926;78.566;204.948;2247.655;2446.8;0.0;14567.0;33422.498;5392.644;-9693.85;3.13;17;128;[1.887, 2.584, 1.518, 2.019, 2.356];[2.551, 2.792, 1.433]
617constructshop:True depot:True weather:False;19707.543;570.125;3743.418;79.977;264.852;2344.247;3538.8;0.0;15394.0;32756.906;6058.236;-6991.127;32.524;19;128;[1.0, 1.0, 1.0, 1.0, 1.0];[1.0, 1.0, 1.0]
0;19666.511;550.964;3679.547;74.929;251.866;2200.007;3776.4;0.0;15436.0;32756.906;6058.236;-7032.159;12.87;19;128;[1.3, 1.0, 1.0, 1.0, 1.0];[1.0, 1.3, 1.0]
1;19603.112;531.718;3615.394;76.087;243.912;2222.169;3800.4;0.0;15456.0;32756.906;6058.236;-7095.558;22.529;19;128;[1.3, 1.3, 1.0, 1.0, 1.0];[1.3, 1.3, 1.0]
2;19442.029;531.699;3615.33;66.066;237.041;1954.76;3540.0;0.0;15295.0;32756.906;6058.236;-7256.641;35.841;19;128;[1.3, 1.3, 1.0, 1.0, 1.3];[1.3, 1.57, 1.0]
3;19442.029;531.699;3615.33;66.066;237.041;1954.76;3540.0;0.0;15295.0;32756.906;6058.236;-7256.641;32.482;19;128;[1.3, 1.3, 1.0, 1.0, 1.27];[1.3, 1.513, 1.0]
4;19435.615;521.219;3580.396;80.51;241.37;2334.63;3586.8;0.0;15334.0;32756.906;6058.236;-7263.055;12.696;19;128;[1.57, 1.3, 1.0, 1.0, 1.27];[1.57, 1.513, 1.0]
5;19416.521;516.812;3565.708;80.161;239.058;2323.238;3586.8;0.0;15334.0;32756.906;6058.236;-7282.149;12.317;19;128;[1.813, 1.3, 1.0, 1.0, 1.27];[1.813, 1.513, 1.0]
6;19351.24;515.594;3561.646;91.346;246.061;2621.055;3658.8;0.0;15274.0;32756.906;6058.236;-7347.43;34.734;19;128;[1.813, 1.3, 1.0, 1.0, 1.543];[1.813, 1.762, 1.0]
7;18991.191;515.813;3562.378;78.192;237.321;2270.311;3303.6;0.0;14913.0;32756.906;6058.236;-7707.479;37.755;19;128;[1.813, 1.3, 1.0, 1.0, 1.789];[1.813, 1.986, 1.0]
8;18961.649;508.996;3539.653;77.243;234.544;2242.858;3303.6;0.0;14913.0;32756.906;6058.236;-7737.021;13.174;19;128;[2.032, 1.3, 1.0, 1.0, 1.789];[2.032, 1.986, 1.0]
9;18843.709;500.24;3510.468;77.243;231.264;2239.577;3208.8;0.0;14833.0;32756.906;6058.236;-7854.961;18.611;19;128;[2.032, 1.57, 1.0, 1.0, 1.789];[2.032, 2.187, 1.0]
10;18786.826;487.114;3466.712;81.333;228.491;2343.158;3208.8;0.0;14833.0;32756.906;6058.236;-7911.844;15.662;19;128;[2.032, 1.57, 1.0, 1.3, 1.789];[2.032, 2.368, 1.0]
11;18786.826;487.114;3466.712;81.333;228.491;2343.158;3208.8;0.0;14833.0;32756.906;6058.236;-7911.844;13.194;19;128;[2.032, 1.57, 1.0, 1.47, 1.789];[2.032, 2.431, 1.0]
12;18786.826;487.114;3466.712;81.333;228.491;2343.158;3208.8;0.0;14833.0;32756.906;6058.236;-7911.844;16.137;19;128;[2.032, 1.57, 1.0, 1.47, 1.789];[1.929, 2.431, 1.0]
13;18679.96;471.221;3413.738;76.312;217.178;2201.298;3374.4;0.0;14795.0;32756.906;6058.236;-8018.71;13.325;19;128;[2.032, 1.57, 1.3, 1.47, 1.789];[1.929, 2.588, 1.0]
14;18679.96;471.221;3413.738;76.312;217.178;2201.298;3374.4;0.0;14795.0;32756.906;6058.236;-8018.71;4.86;19;128;[2.032, 1.57, 1.3, 1.47, 1.71];[1.929, 2.588, 1.0]
15;18679.96;471.221;3413.738;76.312;217.178;2201.298;3374.4;0.0;14795.0;32756.906;6058.236;-8018.71;13.045;19;128;[2.129, 1.57, 1.3, 1.47, 1.71];[1.929, 2.629, 1.0]
16;18679.96;471.221;3413.738;76.312;217.178;2201.298;3374.4;0.0;14795.0;32756.906;6058.236;-8018.71;11.176;19;128;[2.216, 1.57, 1.3, 1.47, 1.71];[1.929, 2.666, 1.0]
17;18594.383;488.396;3470.987;84.886;232.084;2439.109;3374.4;0.0;14635.0;32756.906;6058.236;-8104.287;35.582;19;128;[2.216, 1.57, 1.3, 1.47, 1.939];[2.136, 2.666, 1.0]
18;18445.734;482.246;3450.488;78.829;225.465;2275.024;3042.0;0.0;14513.0;32756.906;6058.236;-8252.936;14.638;19;128;[2.394, 1.57, 1.3, 1.47, 1.939];[2.322, 2.666, 1.0]
19;18441.683;481.542;3448.141;78.829;225.233;2274.792;2923.2;0.0;14512.0;32756.906;6058.236;-8256.987;12.425;19;128;[2.394, 1.57, 1.3, 1.723, 1.939];[2.49, 2.666, 1.0]
20;18360.256;467.367;3400.889;79.453;221.596;2287.371;2900.4;0.0;14492.0;32756.906;6058.236;-8338.414;16.097;19;128;[2.394, 1.57, 1.57, 1.723, 1.939];[2.641, 2.666, 1.0]
21;18360.256;467.367;3400.889;79.453;221.596;2287.371;2900.4;0.0;14492.0;32756.906;6058.236;-8338.414;11.934;19;128;[2.394, 1.57, 1.57, 1.851, 1.939];[2.641, 2.699, 1.0]
22;18350.725;465.167;3393.558;79.453;220.91;2286.685;2900.4;0.0;14492.0;32756.906;6058.236;-8347.945;15.416;19;128;[2.394, 1.57, 1.813, 1.851, 1.939];[2.777, 2.699, 1.0]
23;18350.725;465.167;3393.558;79.453;220.91;2286.685;2900.4;0.0;14492.0;32756.906;6058.236;-8347.945;2.417;19;128;[2.394, 1.57, 1.813, 1.766, 1.939];[2.777, 2.699, 1.0]
24;18350.725;465.167;3393.558;79.453;220.91;2286.685;2900.4;0.0;14492.0;32756.906;6058.236;-8347.945;33.167;19;128;[2.394, 1.57, 1.813, 1.766, 1.845];[2.599, 2.699, 1.0]
25;18350.725;465.167;3393.558;79.453;220.91;2286.685;2900.4;0.0;14492.0;32756.906;6058.236;-8347.945;35.896;19;128;[2.394, 1.57, 1.813, 1.766, 1.761];[2.439, 2.699, 1.0]
26;18350.725;465.167;3393.558;79.453;220.91;2286.685;2900.4;0.0;14492.0;32756.906;6058.236;-8347.945;11.668;19;128;[2.394, 1.57, 1.813, 1.689, 1.761];[2.439, 2.529, 1.0]
27;18350.725;465.167;3393.558;79.453;220.91;2286.685;2900.4;0.0;14492.0;32756.906;6058.236;-8347.945;2.587;19;128;[2.394, 1.713, 1.813, 1.689, 1.761];[2.439, 2.529, 1.2]
28;18350.725;465.167;3393.558;79.453;220.91;2286.685;2900.4;0.0;14492.0;32756.906;6058.236;-8347.945;3.423;19;128;[2.255, 1.713, 1.813, 1.689, 1.761];[2.439, 2.529, 1.18]
29;18350.725;465.167;3393.558;79.453;220.91;2286.685;2900.4;0.0;14492.0;32756.906;6058.236;-8347.945;12.498;19;128;[2.13, 1.713, 1.813, 1.689, 1.761];[2.439, 2.376, 1.18]
30;18350.725;465.167;3393.558;79.453;220.91;2286.685;2900.4;0.0;14492.0;32756.906;6058.236;-8347.945;33.119;19;128;[2.13, 1.713, 1.813, 1.689, 1.885];[2.495, 2.376, 1.18]
31;18350.725;465.167;3393.558;79.453;220.91;2286.685;2900.4;0.0;14492.0;32756.906;6058.236;-8347.945;2.849;19;128;[2.13, 1.842, 1.813, 1.689, 1.885];[2.495, 2.376, 1.362]
32;18350.725;465.167;3393.558;79.453;220.91;2286.685;2900.4;0.0;14492.0;32756.906;6058.236;-8347.945;11.489;19;128;[2.13, 1.842, 1.813, 1.62, 1.885];[2.495, 2.238, 1.362]
33;18350.725;465.167;3393.558;79.453;220.91;2286.685;2900.4;0.0;14492.0;32756.906;6058.236;-8347.945;13.195;19;128;[2.13, 1.842, 1.732, 1.62, 1.885];[2.346, 2.238, 1.362]
34;18350.725;465.167;3393.558;79.453;220.91;2286.685;2900.4;0.0;14492.0;32756.906;6058.236;-8347.945;14.105;19;128;[2.13, 1.758, 1.732, 1.62, 1.885];[2.346, 2.114, 1.362]
35;18350.725;465.167;3393.558;79.453;220.91;2286.685;2900.4;0.0;14492.0;32756.906;6058.236;-8347.945;7.938;19;128;[2.13, 1.882, 1.732, 1.62, 1.885];[2.346, 2.203, 1.362]
36;18312.399;464.63;3391.768;73.908;214.642;2136.242;3278.4;0.0;14456.0;32756.906;6058.236;-8386.271;1.377;19;128;[2.13, 2.094, 1.732, 1.62, 1.885];[2.346, 2.203, 1.626]
37;18312.399;464.63;3391.768;73.908;214.642;2136.242;3278.4;0.0;14456.0;32756.906;6058.236;-8386.271;3.283;19;128;[2.017, 2.094, 1.732, 1.62, 1.885];[2.346, 2.203, 1.563]
38;18312.399;464.63;3391.768;73.908;214.642;2136.242;3278.4;0.0;14456.0;32756.906;6058.236;-8386.271;31.969;19;128;[2.017, 2.094, 1.732, 1.62, 1.997];[2.346, 2.283, 1.563]
39;18312.399;464.63;3391.768;73.908;214.642;2136.242;3278.4;0.0;14456.0;32756.906;6058.236;-8386.271;14.166;19;128;[2.017, 2.094, 1.732, 1.558, 1.997];[2.346, 2.155, 1.563]
40;18312.399;464.63;3391.768;73.908;214.642;2136.242;3278.4;0.0;14456.0;32756.906;6058.236;-8386.271;4.089;19;128;[2.017, 2.185, 1.732, 1.558, 1.997];[2.411, 2.155, 1.563]
41;18312.399;464.63;3391.768;73.908;214.642;2136.242;3278.4;0.0;14456.0;32756.906;6058.236;-8386.271;2.518;19;128;[2.017, 2.267, 1.732, 1.558, 1.997];[2.411, 2.155, 1.707]
42;18312.399;464.63;3391.768;73.908;214.642;2136.242;3278.4;0.0;14456.0;32756.906;6058.236;-8386.271;0.867;19;128;[2.017, 2.34, 1.732, 1.558, 1.997];[2.411, 2.239, 1.707]
43;18312.399;464.63;3391.768;73.908;214.642;2136.242;3278.4;0.0;14456.0;32756.906;6058.236;-8386.271;3.092;19;128;[2.017, 2.406, 1.732, 1.558, 1.997];[2.411, 2.239, 1.836]
44;18312.399;464.63;3391.768;73.908;214.642;2136.242;3278.4;0.0;14456.0;32756.906;6058.236;-8386.271;26.759;19;128;[2.017, 2.406, 1.732, 1.558, 2.097];[2.47, 2.239, 1.836]
45;18312.399;464.63;3391.768;73.908;214.642;2136.242;3278.4;0.0;14456.0;32756.906;6058.236;-8386.271;4.096;19;128;[2.017, 2.406, 1.732, 1.558, 1.987];[2.47, 2.239, 1.752]
46;18312.399;464.63;3391.768;73.908;214.642;2136.242;3278.4;0.0;14456.0;32756.906;6058.236;-8386.271;2.831;19;128;[2.017, 2.406, 1.659, 1.558, 1.987];[2.47, 2.239, 1.677]
47;18312.399;464.63;3391.768;73.908;214.642;2136.242;3278.4;0.0;14456.0;32756.906;6058.236;-8386.271;13.706;19;128;[2.017, 2.406, 1.793, 1.558, 1.987];[2.523, 2.239, 1.677]
48;18312.399;464.63;3391.768;73.908;214.642;2136.242;3278.4;0.0;14456.0;32756.906;6058.236;-8386.271;13.928;19;128;[2.017, 2.265, 1.793, 1.558, 1.987];[2.371, 2.239, 1.677]
49;18312.399;464.63;3391.768;73.908;214.642;2136.242;3278.4;0.0;14456.0;32756.906;6058.236;-8386.271;30.468;19;128;[2.017, 2.265, 1.793, 1.558, 1.888];[2.371, 2.115, 1.677]
618constructshop:True depot:True weather:False;19759.682;538.157;3649.524;74.899;240.81;2188.187;3445.2;0.0;15572.0;33123.002;5692.14;-7671.18;33.304;19;128;[1.0, 1.0, 1.0, 1.0, 1.0];[1.0, 1.0, 1.0]
0;19540.48;542.264;3663.215;66.958;241.33;1982.229;3420.0;0.0;15335.0;33123.002;5692.14;-7890.382;4.536;18;128;[1.0, 1.0, 1.0, 1.0, 1.3];[1.0, 1.0, 1.3]
1;19472.931;545.369;3673.562;65.436;239.647;1940.983;3279.6;0.0;15254.0;33123.002;5692.14;-7957.931;4.831;18;128;[1.0, 1.0, 1.3, 1.0, 1.3];[1.0, 1.0, 1.57]
2;19456.905;527.593;3614.312;62.48;229.193;1853.672;3373.2;0.0;15315.0;33123.002;5692.14;-7973.957;3.341;18;128;[1.3, 1.0, 1.3, 1.0, 1.3];[1.0, 1.0, 1.813]
3;19447.552;525.666;3607.886;63.327;231.812;1878.312;3350.4;0.0;15314.0;33123.002;5692.14;-7983.31;4.336;18;128;[1.3, 1.0, 1.3, 1.3, 1.3];[1.0, 1.0, 2.032]
4;19447.552;525.666;3607.886;63.327;231.812;1878.312;3350.4;0.0;15314.0;33123.002;5692.14;-7983.31;19.463;18;128;[1.3, 1.0, 1.3, 1.27, 1.3];[1.0, 1.0, 2.032]
5;19447.552;525.666;3607.886;63.327;231.812;1878.312;3350.4;0.0;15314.0;33123.002;5692.14;-7983.31;1.689;18;128;[1.3, 1.2, 1.3, 1.27, 1.3];[1.0, 1.0, 2.129]
6;19447.552;525.666;3607.886;63.327;231.812;1878.312;3350.4;0.0;15314.0;33123.002;5692.14;-7983.31;18.829;18;128;[1.3, 1.18, 1.3, 1.27, 1.3];[1.0, 1.0, 2.129]
7;19447.552;525.666;3607.886;63.327;231.812;1878.312;3350.4;0.0;15314.0;33123.002;5692.14;-7983.31;5.153;18;128;[1.3, 1.18, 1.3, 1.27, 1.27];[1.0, 1.0, 2.016]
8;19447.552;525.666;3607.886;63.327;231.812;1878.312;3350.4;0.0;15314.0;33123.002;5692.14;-7983.31;3.684;18;128;[1.3, 1.18, 1.27, 1.27, 1.27];[1.0, 1.0, 1.914]
9;19447.552;525.666;3607.886;63.327;231.812;1878.312;3350.4;0.0;15314.0;33123.002;5692.14;-7983.31;4.185;18;128;[1.3, 1.162, 1.27, 1.27, 1.27];[1.0, 1.0, 1.823]
10;19447.552;525.666;3607.886;63.327;231.812;1878.312;3350.4;0.0;15314.0;33123.002;5692.14;-7983.31;3.302;18;128;[1.3, 1.162, 1.243, 1.27, 1.27];[1.0, 1.0, 1.741]
11;19447.552;525.666;3607.886;63.327;231.812;1878.312;3350.4;0.0;15314.0;33123.002;5692.14;-7983.31;2.638;18;128;[1.3, 1.162, 1.219, 1.27, 1.27];[1.0, 1.0, 1.667]
12;19447.552;525.666;3607.886;63.327;231.812;1878.312;3350.4;0.0;15314.0;33123.002;5692.14;-7983.31;17.724;18;128;[1.3, 1.162, 1.219, 1.443, 1.27];[1.2, 1.0, 1.667]
13;19447.552;525.666;3607.886;63.327;231.812;1878.312;3350.4;0.0;15314.0;33123.002;5692.14;-7983.31;12.411;18;128;[1.3, 1.162, 1.219, 1.399, 1.27];[1.2, 1.0, 1.667]
14;19447.552;525.666;3607.886;63.327;231.812;1878.312;3350.4;0.0;15314.0;33123.002;5692.14;-7983.31;16.18;18;128;[1.3, 1.162, 1.219, 1.359, 1.27];[1.18, 1.0, 1.667]
15;19447.552;525.666;3607.886;63.327;231.812;1878.312;3350.4;0.0;15314.0;33123.002;5692.14;-7983.31;4.192;18;128;[1.3, 1.162, 1.397, 1.359, 1.27];[1.18, 1.0, 1.8]
16;19447.552;525.666;3607.886;63.327;231.812;1878.312;3350.4;0.0;15314.0;33123.002;5692.14;-7983.31;3.758;18;128;[1.47, 1.162, 1.397, 1.359, 1.27];[1.18, 1.0, 1.92]
17;19447.552;525.666;3607.886;63.327;231.812;1878.312;3350.4;0.0;15314.0;33123.002;5692.14;-7983.31;2.659;18;128;[1.47, 1.162, 1.397, 1.323, 1.27];[1.18, 1.0, 1.828]
18;19447.552;525.666;3607.886;63.327;231.812;1878.312;3350.4;0.0;15314.0;33123.002;5692.14;-7983.31;1.403;18;128;[1.47, 1.146, 1.397, 1.323, 1.27];[1.162, 1.0, 1.828]
19;19447.552;525.666;3607.886;63.327;231.812;1878.312;3350.4;0.0;15314.0;33123.002;5692.14;-7983.31;4.522;18;128;[1.47, 1.146, 1.397, 1.323, 1.443];[1.162, 1.0, 1.945]
20;19447.552;525.666;3607.886;63.327;231.812;1878.312;3350.4;0.0;15314.0;33123.002;5692.14;-7983.31;3.494;18;128;[1.423, 1.146, 1.397, 1.323, 1.443];[1.162, 1.0, 1.851]
21;19447.552;525.666;3607.886;63.327;231.812;1878.312;3350.4;0.0;15314.0;33123.002;5692.14;-7983.31;2.947;18;128;[1.423, 1.146, 1.357, 1.323, 1.443];[1.162, 1.0, 1.766]
22;19447.552;525.666;3607.886;63.327;231.812;1878.312;3350.4;0.0;15314.0;33123.002;5692.14;-7983.31;7.995;18;128;[1.423, 1.331, 1.357, 1.323, 1.443];[1.162, 1.2, 1.766]
23;19447.552;525.666;3607.886;63.327;231.812;1878.312;3350.4;0.0;15314.0;33123.002;5692.14;-7983.31;4.89;18;128;[1.423, 1.498, 1.357, 1.323, 1.443];[1.162, 1.38, 1.766]
24;19213.939;531.986;3628.953;80.094;248.562;2331.018;3373.2;0.0;15053.0;33123.002;5692.14;-8216.923;8.508;18;128;[1.423, 1.748, 1.357, 1.323, 1.443];[1.162, 1.642, 1.766]
25;19156.717;518.55;3584.167;69.858;239.368;2055.68;3134.4;0.0;15054.0;33123.002;5692.14;-8274.145;2.617;18;128;[1.423, 1.973, 1.357, 1.323, 1.443];[1.162, 1.642, 1.989]
26;19132.486;526.574;3610.912;77.732;245.039;2266.064;3229.2;0.0;14995.0;33123.002;5692.14;-8298.376;14.808;18;128;[1.681, 1.973, 1.357, 1.323, 1.443];[1.446, 1.642, 1.989]
27;18899.292;505.067;3539.224;78.931;236.146;2288.358;3062.4;0.0;14855.0;33123.002;5692.14;-8531.57;13.858;18;128;[1.681, 1.973, 1.621, 1.323, 1.443];[1.446, 1.878, 1.989]
28;18899.292;505.067;3539.224;78.931;236.146;2288.358;3062.4;0.0;14855.0;33123.002;5692.14;-8531.57;3.06;18;128;[1.681, 1.973, 1.559, 1.323, 1.443];[1.446, 1.878, 1.89]
29;18721.841;492.04;3495.801;69.114;222.457;2019.409;2992.8;0.0;14734.0;33123.002;5692.14;-8709.021;28.038;18;128;[1.681, 1.973, 1.559, 1.323, 1.699];[1.446, 2.09, 1.89]
30;18691.346;485.003;3472.343;71.221;220.731;2072.469;3016.8;0.0;14734.0;33123.002;5692.14;-8739.516;12.246;18;128;[1.681, 1.973, 1.803, 1.323, 1.699];[1.446, 2.281, 1.89]
31;18670.484;480.419;3457.064;70.149;215.708;2039.579;3016.8;0.0;14733.0;33123.002;5692.14;-8760.378;13.971;18;128;[1.681, 1.973, 1.803, 1.591, 1.699];[1.446, 2.453, 1.89]
32;18670.484;480.419;3457.064;70.149;215.708;2039.579;3016.8;0.0;14733.0;33123.002;5692.14;-8760.378;3.411;18;128;[1.681, 1.973, 1.803, 1.591, 1.629];[1.446, 2.453, 1.801]
33;18670.484;480.419;3457.064;70.149;215.708;2039.579;3016.8;0.0;14733.0;33123.002;5692.14;-8760.378;11.029;18;128;[1.681, 1.973, 1.803, 1.732, 1.629];[1.446, 2.508, 1.801]
34;18665.748;474.711;3438.037;60.714;207.772;1786.344;3039.6;0.0;14753.0;33123.002;5692.14;-8765.114;26.954;18;128;[1.681, 1.973, 1.803, 1.732, 1.866];[1.446, 2.657, 1.801]
35;18665.748;474.711;3438.037;60.714;207.772;1786.344;3039.6;0.0;14753.0;33123.002;5692.14;-8765.114;26.356;18;128;[1.681, 1.973, 1.803, 1.732, 1.779];[1.446, 2.491, 1.801]
36;18609.726;462.475;3397.251;63.387;209.428;1857.493;3206.4;0.0;14750.0;33123.002;5692.14;-8821.136;25.008;18;128;[1.681, 1.973, 1.803, 1.732, 2.001];[1.701, 2.491, 1.801]
37;18609.726;462.475;3397.251;63.387;209.428;1857.493;3206.4;0.0;14750.0;33123.002;5692.14;-8821.136;5.153;18;128;[1.681, 1.876, 1.803, 1.732, 2.001];[1.701, 2.342, 1.801]
38;18609.726;462.475;3397.251;63.387;209.428;1857.493;3206.4;0.0;14750.0;33123.002;5692.14;-8821.136;24.108;18;128;[1.681, 1.876, 1.803, 1.732, 1.901];[1.701, 2.208, 1.801]
39;18609.726;462.475;3397.251;63.387;209.428;1857.493;3206.4;0.0;14750.0;33123.002;5692.14;-8821.136;3.332;18;128;[1.813, 1.876, 1.803, 1.732, 1.901];[1.701, 2.208, 1.921]
40;18605.884;493.435;3500.449;64.227;219.341;1889.236;2943.6;0.0;14612.0;33123.002;5692.14;-8824.978;1.069;18;128;[1.813, 2.088, 1.803, 1.732, 1.901];[1.701, 2.208, 2.129]
41;18601.687;492.466;3497.221;67.828;223.997;1987.531;2943.6;0.0;14612.0;33123.002;5692.14;-8829.175;27.203;18;128;[1.813, 2.088, 1.803, 1.732, 2.111];[1.931, 2.208, 2.129]
42;18588.532;507.892;3548.64;63.668;226.583;1881.944;2848.8;0.0;14532.0;33123.002;5692.14;-8842.33;2.418;18;128;[2.032, 2.088, 1.803, 1.732, 2.111];[1.931, 2.208, 2.316]
43;18567.452;503.028;3532.425;62.616;224.088;1852.102;2826.0;0.0;14532.0;33123.002;5692.14;-8863.41;29.92;18;128;[2.032, 2.088, 1.803, 1.732, 2.3];[1.931, 2.387, 2.316]
44;18567.452;503.028;3532.425;62.616;224.088;1852.102;2826.0;0.0;14532.0;33123.002;5692.14;-8863.41;28.374;18;128;[2.032, 2.088, 1.803, 1.732, 2.17];[1.931, 2.248, 2.316]
45;18567.452;503.028;3532.425;62.616;224.088;1852.102;2826.0;0.0;14532.0;33123.002;5692.14;-8863.41;2.814;18;128;[2.032, 1.979, 1.803, 1.732, 2.17];[1.931, 2.248, 2.184]
46;18567.452;503.028;3532.425;62.616;224.088;1852.102;2826.0;0.0;14532.0;33123.002;5692.14;-8863.41;5.437;18;128;[2.032, 2.081, 1.803, 1.732, 2.17];[1.931, 2.323, 2.184]
47;18567.452;503.028;3532.425;62.616;224.088;1852.102;2826.0;0.0;14532.0;33123.002;5692.14;-8863.41;3.242;18;128;[1.929, 2.081, 1.803, 1.732, 2.17];[1.931, 2.323, 2.066]
48;18567.452;503.028;3532.425;62.616;224.088;1852.102;2826.0;0.0;14532.0;33123.002;5692.14;-8863.41;27.246;18;128;[1.929, 2.081, 1.803, 1.732, 2.253];[2.038, 2.323, 2.066]
49;18567.452;503.028;3532.425;62.616;224.088;1852.102;2826.0;0.0;14532.0;33123.002;5692.14;-8863.41;10.779;18;128;[1.836, 2.081, 1.803, 1.732, 2.253];[1.934, 2.323, 2.066]
619constructshop:True depot:True weather:False;19995.932;558.753;3725.178;62.638;243.615;1872.214;3349.2;296.0;15712.0;33093.686;5721.456;-7376.298;31.837;19;128;[1.0, 1.0, 1.0, 1.0, 1.0];[1.0, 1.0, 1.0]
0;19675.75;549.481;3694.269;80.003;251.332;2331.421;3373.2;296.0;15432.0;33093.686;5721.456;-7696.48;26.051;18;128;[1.0, 1.0, 1.0, 1.0, 1.3];[1.0, 1.3, 1.0]
1;19358.961;531.76;3635.201;75.845;241.539;2213.515;3231.6;296.0;15192.0;33093.686;5721.456;-8013.269;18.727;18;128;[1.0, 1.0, 1.0, 1.0, 1.57];[1.3, 1.3, 1.0]
2;19358.961;531.76;3635.201;75.845;241.539;2213.515;3231.6;296.0;15192.0;33093.686;5721.456;-8013.269;24.845;18;128;[1.0, 1.0, 1.0, 1.0, 1.513];[1.3, 1.27, 1.0]
3;19204.418;532.789;3638.629;66.963;235.068;1976.112;3254.4;296.0;15033.0;33093.686;5721.456;-8167.812;17.75;18;128;[1.0, 1.0, 1.0, 1.0, 1.762];[1.57, 1.27, 1.0]
4;19204.418;532.789;3638.629;66.963;235.068;1976.112;3254.4;296.0;15033.0;33093.686;5721.456;-8167.812;19.679;18;128;[1.0, 1.0, 1.0, 1.0, 1.686];[1.57, 1.243, 1.0]
5;19204.418;532.789;3638.629;66.963;235.068;1976.112;3254.4;296.0;15033.0;33093.686;5721.456;-8167.812;20.165;18;128;[1.0, 1.0, 1.0, 1.0, 1.817];[1.57, 1.419, 1.0]
6;19204.418;532.789;3638.629;66.963;235.068;1976.112;3254.4;296.0;15033.0;33093.686;5721.456;-8167.812;5.136;18;128;[1.0, 1.2, 1.0, 1.0, 1.817];[1.57, 1.577, 1.0]
7;19204.418;532.789;3638.629;66.963;235.068;1976.112;3254.4;296.0;15033.0;33093.686;5721.456;-8167.812;5.175;18;128;[1.0, 1.2, 1.0, 1.0, 1.935];[1.57, 1.577, 1.2]
8;19204.418;532.789;3638.629;66.963;235.068;1976.112;3254.4;296.0;15033.0;33093.686;5721.456;-8167.812;12.415;18;128;[1.2, 1.2, 1.0, 1.0, 1.935];[1.713, 1.577, 1.2]
9;19204.418;532.789;3638.629;66.963;235.068;1976.112;3254.4;296.0;15033.0;33093.686;5721.456;-8167.812;4.374;18;128;[1.2, 1.2, 1.0, 1.0, 1.935];[1.713, 1.577, 1.18]
10;19204.418;532.789;3638.629;66.963;235.068;1976.112;3254.4;296.0;15033.0;33093.686;5721.456;-8167.812;2.503;18;128;[1.2, 1.38, 1.0, 1.0, 1.935];[1.713, 1.577, 1.362]
11;19204.418;532.789;3638.629;66.963;235.068;1976.112;3254.4;296.0;15033.0;33093.686;5721.456;-8167.812;28.573;18;128;[1.2, 1.38, 1.0, 1.0, 2.042];[1.713, 1.719, 1.362]
12;18737.177;511.964;3594.213;65.534;227.801;1931.689;2876.4;296.0;14631.0;32933.266;5881.876;-8314.213;13.553;18;128;[1.48, 1.38, 1.0, 1.0, 2.042];[1.713, 1.947, 1.362]
13;18639.505;492.424;3497.081;64.882;218.877;1905.796;2829.6;296.0;14650.0;33052.202;5762.94;-8649.757;14.444;18;128;[1.48, 1.38, 1.3, 1.0, 2.042];[1.942, 1.947, 1.362]
14;18639.505;492.424;3497.081;64.882;218.877;1905.796;2829.6;296.0;14650.0;33052.202;5762.94;-8649.757;9.303;18;128;[1.48, 1.38, 1.27, 1.0, 2.042];[1.942, 1.852, 1.362]
15;18639.505;492.424;3497.081;64.882;218.877;1905.796;2829.6;296.0;14650.0;33052.202;5762.94;-8649.757;11.422;18;128;[1.632, 1.38, 1.27, 1.0, 2.042];[1.942, 1.967, 1.362]
16;18639.505;492.424;3497.081;64.882;218.877;1905.796;2829.6;296.0;14650.0;33052.202;5762.94;-8649.757;4.642;18;128;[1.632, 1.38, 1.27, 1.0, 1.938];[1.942, 1.967, 1.326]
17;18591.509;481.348;3460.161;53.078;207.943;1587.969;2829.6;296.0;14650.0;33052.202;5762.94;-8697.753;13.832;18;128;[1.632, 1.38, 1.27, 1.3, 1.938];[1.942, 2.17, 1.326]
18;18591.509;481.348;3460.161;53.078;207.943;1587.969;2829.6;296.0;14650.0;33052.202;5762.94;-8697.753;12.101;18;128;[1.632, 1.38, 1.27, 1.27, 1.938];[1.848, 2.17, 1.326]
19;18587.763;480.484;3457.279;53.078;207.281;1587.308;2829.6;296.0;14650.0;33052.202;5762.94;-8701.499;10.243;18;128;[1.632, 1.38, 1.543, 1.27, 1.938];[1.848, 2.353, 1.326]
20;18583.81;479.571;3454.238;61.608;214.393;1816.189;2829.6;296.0;14650.0;33052.202;5762.94;-8705.452;2.935;18;128;[1.869, 1.38, 1.543, 1.27, 1.938];[1.848, 2.353, 1.593]
21;18583.81;479.571;3454.238;61.608;214.393;1816.189;2829.6;296.0;14650.0;33052.202;5762.94;-8705.452;3.757;18;128;[1.782, 1.38, 1.543, 1.27, 1.938];[1.848, 2.353, 1.534]
22;18583.81;479.571;3454.238;61.608;214.393;1816.189;2829.6;296.0;14650.0;33052.202;5762.94;-8705.452;5.522;18;128;[1.782, 1.342, 1.543, 1.27, 1.938];[1.763, 2.353, 1.534]
23;18583.81;479.571;3454.238;61.608;214.393;1816.189;2829.6;296.0;14650.0;33052.202;5762.94;-8705.452;12.782;18;128;[1.904, 1.342, 1.543, 1.27, 1.938];[1.763, 2.418, 1.534]
24;18583.81;479.571;3454.238;61.608;214.393;1816.189;2829.6;296.0;14650.0;33052.202;5762.94;-8705.452;29.432;18;128;[1.904, 1.342, 1.543, 1.27, 1.844];[1.763, 2.276, 1.534]
25;18583.81;479.571;3454.238;61.608;214.393;1816.189;2829.6;296.0;14650.0;33052.202;5762.94;-8705.452;5.874;18;128;[1.904, 1.308, 1.543, 1.27, 1.844];[1.687, 2.276, 1.534]
26;18583.81;479.571;3454.238;61.608;214.393;1816.189;2829.6;296.0;14650.0;33052.202;5762.94;-8705.452;29.221;18;128;[1.904, 1.308, 1.543, 1.27, 1.96];[1.818, 2.276, 1.534]
27;18435.293;482.452;3463.841;59.393;215.036;1759.265;3043.2;296.0;14489.0;33052.202;5762.94;-8853.969;10.132;18;128;[2.114, 1.308, 1.543, 1.27, 1.96];[1.818, 2.448, 1.534]
28;18435.293;482.452;3463.841;59.393;215.036;1759.265;3043.2;296.0;14489.0;33052.202;5762.94;-8853.969;3.205;18;128;[2.003, 1.308, 1.543, 1.27, 1.96];[1.818, 2.448, 1.481]
29;18435.293;482.452;3463.841;59.393;215.036;1759.265;3043.2;296.0;14489.0;33052.202;5762.94;-8853.969;11.957;18;128;[1.903, 1.308, 1.543, 1.27, 1.96];[1.736, 2.448, 1.481]
30;18435.293;482.452;3463.841;59.393;215.036;1759.265;3043.2;296.0;14489.0;33052.202;5762.94;-8853.969;1.875;18;128;[1.903, 1.277, 1.543, 1.27, 1.96];[1.736, 2.448, 1.433]
31;18435.293;482.452;3463.841;59.393;215.036;1759.265;3043.2;296.0;14489.0;33052.202;5762.94;-8853.969;11.653;18;128;[1.813, 1.277, 1.543, 1.27, 1.96];[1.736, 2.303, 1.433]
32;18435.293;482.452;3463.841;59.393;215.036;1759.265;3043.2;296.0;14489.0;33052.202;5762.94;-8853.969;12.747;18;128;[1.813, 1.277, 1.543, 1.443, 1.96];[1.736, 2.373, 1.433]
33;18435.293;482.452;3463.841;59.393;215.036;1759.265;3043.2;296.0;14489.0;33052.202;5762.94;-8853.969;10.65;18;128;[1.813, 1.277, 1.543, 1.599, 1.96];[1.736, 2.436, 1.433]
34;18435.293;482.452;3463.841;59.393;215.036;1759.265;3043.2;296.0;14489.0;33052.202;5762.94;-8853.969;12.702;18;128;[1.932, 1.277, 1.543, 1.599, 1.96];[1.736, 2.492, 1.433]
35;18671.208;501.125;3541.083;74.372;230.17;2163.836;2971.2;296.0;14629.0;33327.698;5487.444;-9169.046;13.091;17;128;[1.932, 1.277, 1.543, 1.839, 1.96];[1.736, 2.643, 1.433]
36;18651.784;496.642;3526.142;77.814;231.807;2254.981;2971.2;296.0;14629.0;33327.698;5487.444;-9188.47;8.627;17;128;[2.139, 1.277, 1.543, 1.839, 1.96];[1.962, 2.643, 1.433]
37;18651.784;496.642;3526.142;77.814;231.807;2254.981;2971.2;296.0;14629.0;33327.698;5487.444;-9188.47;11.61;17;128;[2.025, 1.277, 1.543, 1.839, 1.96];[1.866, 2.643, 1.433]
38;18651.784;496.642;3526.142;77.814;231.807;2254.981;2971.2;296.0;14629.0;33327.698;5487.444;-9188.47;2.638;17;128;[2.025, 1.277, 1.689, 1.839, 1.96];[1.866, 2.643, 1.59]
39;18515.223;487.974;3497.248;79.337;228.209;2290.983;2685.6;296.0;14530.0;33327.698;5487.444;-9325.031;9.445;17;128;[2.025, 1.277, 1.92, 1.839, 1.96];[1.866, 2.779, 1.59]
40;18515.223;487.974;3497.248;79.337;228.209;2290.983;2685.6;296.0;14530.0;33327.698;5487.444;-9325.031;9.674;17;128;[2.025, 1.277, 1.92, 1.755, 1.96];[1.779, 2.779, 1.59]
41;18515.223;487.974;3497.248;79.337;228.209;2290.983;2685.6;296.0;14530.0;33327.698;5487.444;-9325.031;4.551;17;128;[2.025, 1.449, 1.92, 1.755, 1.96];[1.779, 2.801, 1.59]
42;18515.223;487.974;3497.248;79.337;228.209;2290.983;2685.6;296.0;14530.0;33327.698;5487.444;-9325.031;3.2;17;128;[1.923, 1.449, 1.92, 1.755, 1.96];[1.779, 2.801, 1.531]
43;18515.223;487.974;3497.248;79.337;228.209;2290.983;2685.6;296.0;14530.0;33327.698;5487.444;-9325.031;10.551;17;128;[2.031, 1.449, 1.92, 1.755, 1.96];[1.779, 2.821, 1.531]
44;18515.223;487.974;3497.248;79.337;228.209;2290.983;2685.6;296.0;14530.0;33327.698;5487.444;-9325.031;11.031;17;128;[1.928, 1.449, 1.92, 1.755, 1.96];[1.779, 2.639, 1.531]
45;18515.223;487.974;3497.248;79.337;228.209;2290.983;2685.6;296.0;14530.0;33327.698;5487.444;-9325.031;10.294;17;128;[1.928, 1.449, 1.92, 1.679, 1.96];[1.779, 2.475, 1.531]
46;18515.223;487.974;3497.248;79.337;228.209;2290.983;2685.6;296.0;14530.0;33327.698;5487.444;-9325.031;8.71;17;128;[1.928, 1.449, 1.92, 1.611, 1.96];[1.701, 2.475, 1.531]
47;18515.223;487.974;3497.248;79.337;228.209;2290.983;2685.6;296.0;14530.0;33327.698;5487.444;-9325.031;9.492;17;128;[1.928, 1.449, 1.92, 1.75, 1.96];[1.701, 2.527, 1.531]
48;18515.223;487.974;3497.248;79.337;228.209;2290.983;2685.6;296.0;14530.0;33327.698;5487.444;-9325.031;10.442;17;128;[1.835, 1.449, 1.92, 1.75, 1.96];[1.631, 2.527, 1.531]
49;18515.223;487.974;3497.248;79.337;228.209;2290.983;2685.6;296.0;14530.0;33327.698;5487.444;-9325.031;2.039;17;128;[1.835, 1.449, 1.92, 1.675, 1.96];[1.631, 2.527, 1.478]
620constructshop:True depot:True weather:False;19212.252;543.981;3650.271;78.396;248.58;2286.885;3394.8;0.0;15018.0;32566.478;6248.664;-7105.562;31.217;19;128;[1.0, 1.0, 1.0, 1.0, 1.0];[1.0, 1.0, 1.0]
0;18975.695;512.93;3546.766;78.071;237.86;2267.714;3062.4;0.0;14916.0;32566.478;6248.664;-7342.119;16.819;20;128;[1.0, 1.0, 1.3, 1.0, 1.0];[1.3, 1.0, 1.0]
1;18873.037;497.316;3500.721;83.336;230.18;2396.927;2920.8;0.0;14875.0;32756.906;6058.236;-7825.633;18.256;19;128;[1.0, 1.0, 1.57, 1.0, 1.0];[1.57, 1.0, 1.0]
2;18836.999;493.846;3489.153;74.56;224.879;2163.443;2874.0;0.0;14854.0;32756.906;6058.236;-7861.671;18.13;19;128;[1.0, 1.0, 1.813, 1.0, 1.0];[1.57, 1.3, 1.0]
3;18836.999;493.846;3489.153;74.56;224.879;2163.443;2874.0;0.0;14854.0;32756.906;6058.236;-7861.671;4.334;19;128;[1.0, 1.0, 1.732, 1.0, 1.0];[1.57, 1.3, 1.0]
4;18836.999;493.846;3489.153;74.56;224.879;2163.443;2874.0;0.0;14854.0;32756.906;6058.236;-7861.671;3.644;19;128;[1.0, 1.0, 1.732, 1.0, 1.0];[1.57, 1.3, 1.0]
5;18836.999;493.846;3489.153;74.56;224.879;2163.443;2874.0;0.0;14854.0;32756.906;6058.236;-7861.671;4.199;19;128;[1.0, 1.0, 1.732, 1.0, 1.0];[1.57, 1.3, 1.0]
6;18818.806;489.878;3475.928;82.105;229.713;2364.449;2779.2;0.0;14853.0;32756.906;6058.236;-7879.864;2.997;19;128;[1.0, 1.0, 1.732, 1.3, 1.0];[1.57, 1.3, 1.3]
7;18818.806;489.878;3475.928;82.105;229.713;2364.449;2779.2;0.0;14853.0;32756.906;6058.236;-7879.864;4.582;19;128;[1.0, 1.0, 1.732, 1.3, 1.0];[1.57, 1.3, 1.27]
8;18818.806;489.878;3475.928;82.105;229.713;2364.449;2779.2;0.0;14853.0;32756.906;6058.236;-7879.864;13.293;19;128;[1.0, 1.0, 1.732, 1.3, 1.0];[1.57, 1.27, 1.27]
9;18818.806;489.878;3475.928;82.105;229.713;2364.449;2779.2;0.0;14853.0;32756.906;6058.236;-7879.864;13.54;19;128;[1.0, 1.0, 1.659, 1.3, 1.0];[1.513, 1.27, 1.27]
10;18818.806;489.878;3475.928;82.105;229.713;2364.449;2779.2;0.0;14853.0;32756.906;6058.236;-7879.864;12.812;19;128;[1.2, 1.0, 1.659, 1.3, 1.0];[1.513, 1.443, 1.27]
11;18818.806;489.878;3475.928;82.105;229.713;2364.449;2779.2;0.0;14853.0;32756.906;6058.236;-7879.864;3.108;19;128;[1.2, 1.0, 1.593, 1.3, 1.0];[1.513, 1.443, 1.243]
12;18818.806;489.878;3475.928;82.105;229.713;2364.449;2779.2;0.0;14853.0;32756.906;6058.236;-7879.864;4.2;19;128;[1.2, 1.0, 1.593, 1.3, 1.2];[1.513, 1.443, 1.419]
13;18773.394;464.629;3391.764;70.008;213.936;2034.137;3300.0;0.0;14917.0;32756.906;6058.236;-7925.276;13.74;19;128;[1.2, 1.0, 1.834, 1.3, 1.2];[1.762, 1.443, 1.419]
14;18580.768;443.946;3322.822;75.429;208.915;2170.075;3182.4;0.0;14814.0;32756.906;6058.236;-8117.902;35.149;19;128;[1.2, 1.0, 1.834, 1.3, 1.48];[1.986, 1.443, 1.419]
15;18469.933;464.523;3391.41;77.442;218.011;2231.494;2659.2;0.0;14614.0;32756.906;6058.236;-8228.737;3.353;19;128;[1.2, 1.0, 2.051, 1.3, 1.48];[1.986, 1.443, 1.677]
16;18469.933;464.523;3391.41;77.442;218.011;2231.494;2659.2;0.0;14614.0;32756.906;6058.236;-8228.737;3.364;19;128;[1.18, 1.0, 2.051, 1.3, 1.48];[1.986, 1.443, 1.609]
17;18469.933;464.523;3391.41;77.442;218.011;2231.494;2659.2;0.0;14614.0;32756.906;6058.236;-8228.737;16.19;19;128;[1.18, 1.0, 2.146, 1.3, 1.48];[2.087, 1.443, 1.609]
18;18469.933;464.523;3391.41;77.442;218.011;2231.494;2659.2;0.0;14614.0;32756.906;6058.236;-8228.737;2.963;19;128;[1.362, 1.0, 2.146, 1.3, 1.48];[2.087, 1.443, 1.748]
19;18469.933;464.523;3391.41;77.442;218.011;2231.494;2659.2;0.0;14614.0;32756.906;6058.236;-8228.737;16.066;19;128;[1.362, 1.0, 2.231, 1.3, 1.48];[2.178, 1.443, 1.748]
20;18469.933;464.523;3391.41;77.442;218.011;2231.494;2659.2;0.0;14614.0;32756.906;6058.236;-8228.737;1.443;19;128;[1.362, 1.2, 2.231, 1.3, 1.48];[2.26, 1.443, 1.748]
21;18469.933;464.523;3391.41;77.442;218.011;2231.494;2659.2;0.0;14614.0;32756.906;6058.236;-8228.737;3.545;19;128;[1.362, 1.2, 2.108, 1.3, 1.48];[2.26, 1.443, 1.673]
22;18469.933;464.523;3391.41;77.442;218.011;2231.494;2659.2;0.0;14614.0;32756.906;6058.236;-8228.737;3.652;19;128;[1.526, 1.2, 2.108, 1.3, 1.48];[2.26, 1.443, 1.806]
23;18469.933;464.523;3391.41;77.442;218.011;2231.494;2659.2;0.0;14614.0;32756.906;6058.236;-8228.737;1.522;19;128;[1.526, 1.38, 2.108, 1.3, 1.48];[2.26, 1.443, 1.925]
24;18469.933;464.523;3391.41;77.442;218.011;2231.494;2659.2;0.0;14614.0;32756.906;6058.236;-8228.737;9.98;19;128;[1.473, 1.38, 2.108, 1.3, 1.48];[2.26, 1.399, 1.925]
25;18469.933;464.523;3391.41;77.442;218.011;2231.494;2659.2;0.0;14614.0;32756.906;6058.236;-8228.737;1.4;19;128;[1.473, 1.542, 2.108, 1.3, 1.48];[2.334, 1.399, 1.925]
26;18391.0;460.154;3376.846;70.974;212.703;2058.016;2611.2;0.0;14554.0;32756.906;6058.236;-8307.67;27.49;19;128;[1.473, 1.542, 2.108, 1.3, 1.732];[2.501, 1.399, 1.925]
27;18391.0;460.154;3376.846;70.974;212.703;2058.016;2611.2;0.0;14554.0;32756.906;6058.236;-8307.67;2.936;19;128;[1.426, 1.542, 2.108, 1.3, 1.732];[2.501, 1.399, 1.833]
28;18324.669;444.616;3325.053;65.056;201.507;1892.967;2634.0;0.0;14555.0;32756.906;6058.236;-8374.001;8.924;19;128;[1.426, 1.542, 2.108, 1.57, 1.732];[2.651, 1.399, 1.833]
29;18324.669;444.616;3325.053;65.056;201.507;1892.967;2634.0;0.0;14555.0;32756.906;6058.236;-8374.001;29.216;19;128;[1.426, 1.542, 2.108, 1.57, 1.659];[2.486, 1.399, 1.833]
30;18249.455;431.874;3282.581;64.46;195.261;1871.223;2611.2;0.0;14535.0;32756.906;6058.236;-8449.215;2.326;19;128;[1.426, 1.788, 2.108, 1.57, 1.659];[2.486, 1.399, 2.05]
31;18249.455;431.874;3282.581;64.46;195.261;1871.223;2611.2;0.0;14535.0;32756.906;6058.236;-8449.215;3.67;19;128;[1.426, 1.788, 2.108, 1.57, 1.593];[2.486, 1.399, 1.945]
32;18249.455;431.874;3282.581;64.46;195.261;1871.223;2611.2;0.0;14535.0;32756.906;6058.236;-8449.215;2.931;19;128;[1.426, 1.788, 1.997, 1.57, 1.593];[2.486, 1.399, 1.851]
33;18249.455;431.874;3282.581;64.46;195.261;1871.223;2611.2;0.0;14535.0;32756.906;6058.236;-8449.215;2.455;19;128;[1.426, 1.788, 1.997, 1.513, 1.593];[2.486, 1.399, 1.766]
34;18249.455;431.874;3282.581;64.46;195.261;1871.223;2611.2;0.0;14535.0;32756.906;6058.236;-8449.215;27.324;19;128;[1.426, 1.788, 1.997, 1.513, 1.734];[2.537, 1.399, 1.766]
35;18249.455;431.874;3282.581;64.46;195.261;1871.223;2611.2;0.0;14535.0;32756.906;6058.236;-8449.215;29.634;19;128;[1.426, 1.788, 1.997, 1.513, 1.661];[2.537, 1.359, 1.766]
36;18249.455;431.874;3282.581;64.46;195.261;1871.223;2611.2;0.0;14535.0;32756.906;6058.236;-8449.215;11.121;19;128;[1.426, 1.788, 2.097, 1.513, 1.661];[2.583, 1.359, 1.766]
37;18249.455;431.874;3282.581;64.46;195.261;1871.223;2611.2;0.0;14535.0;32756.906;6058.236;-8449.215;12.516;19;128;[1.426, 1.788, 1.987, 1.513, 1.661];[2.583, 1.323, 1.766]
38;18249.455;431.874;3282.581;64.46;195.261;1871.223;2611.2;0.0;14535.0;32756.906;6058.236;-8449.215;2.016;19;128;[1.426, 1.709, 1.987, 1.513, 1.661];[2.583, 1.323, 1.689]
39;18249.455;431.874;3282.581;64.46;195.261;1871.223;2611.2;0.0;14535.0;32756.906;6058.236;-8449.215;7.204;19;128;[1.383, 1.709, 1.987, 1.513, 1.661];[2.583, 1.291, 1.689]
40;18249.455;431.874;3282.581;64.46;195.261;1871.223;2611.2;0.0;14535.0;32756.906;6058.236;-8449.215;2.346;19;128;[1.383, 1.638, 1.987, 1.513, 1.661];[2.583, 1.291, 1.62]
41;18249.455;431.874;3282.581;64.46;195.261;1871.223;2611.2;0.0;14535.0;32756.906;6058.236;-8449.215;10.341;19;128;[1.383, 1.638, 2.088, 1.513, 1.661];[2.625, 1.291, 1.62]
42;18249.455;431.874;3282.581;64.46;195.261;1871.223;2611.2;0.0;14535.0;32756.906;6058.236;-8449.215;11.941;19;128;[1.383, 1.638, 2.179, 1.513, 1.661];[2.663, 1.291, 1.62]
43;18249.455;431.874;3282.581;64.46;195.261;1871.223;2611.2;0.0;14535.0;32756.906;6058.236;-8449.215;3.571;19;128;[1.383, 1.638, 2.179, 1.513, 1.595];[2.663, 1.291, 1.558]
44;18249.455;431.874;3282.581;64.46;195.261;1871.223;2611.2;0.0;14535.0;32756.906;6058.236;-8449.215;27.819;19;128;[1.383, 1.638, 2.179, 1.513, 1.736];[2.697, 1.291, 1.558]
45;18249.455;431.874;3282.581;64.46;195.261;1871.223;2611.2;0.0;14535.0;32756.906;6058.236;-8449.215;7.538;19;128;[1.383, 1.774, 2.179, 1.513, 1.736];[2.727, 1.291, 1.558]
46;18249.455;431.874;3282.581;64.46;195.261;1871.223;2611.2;0.0;14535.0;32756.906;6058.236;-8449.215;9.726;19;128;[1.545, 1.774, 2.179, 1.513, 1.736];[2.754, 1.291, 1.558]
47;18249.455;431.874;3282.581;64.46;195.261;1871.223;2611.2;0.0;14535.0;32756.906;6058.236;-8449.215;6.689;19;128;[1.545, 1.897, 2.179, 1.513, 1.736];[2.779, 1.291, 1.558]
48;18249.455;431.874;3282.581;64.46;195.261;1871.223;2611.2;0.0;14535.0;32756.906;6058.236;-8449.215;2.502;19;128;[1.491, 1.897, 2.179, 1.513, 1.736];[2.779, 1.291, 1.502]
49;18249.455;431.874;3282.581;64.46;195.261;1871.223;2611.2;0.0;14535.0;32756.906;6058.236;-8449.215;12.521;19;128;[1.491, 2.007, 2.179, 1.513, 1.736];[2.801, 1.291, 1.502]
621constructshop:True depot:True weather:False;19962.252;526.904;3623.348;75.245;234.164;2190.528;3774.0;0.0;15812.0;33190.202;5624.94;-7603.01;27.558;19;128;[1.0, 1.0, 1.0, 1.0, 1.0];[1.0, 1.0, 1.0]
0;19917.82;539.728;3666.092;80.935;244.056;2348.375;3774.0;0.0;15712.0;33190.202;5624.94;-7647.442;15.786;18;128;[1.0, 1.0, 1.0, 1.3, 1.0];[1.0, 1.3, 1.0]
1;19769.458;528.798;3629.66;70.97;236.409;2081.622;3656.4;0.0;15611.0;33190.202;5624.94;-7795.804;33.803;18;128;[1.0, 1.0, 1.0, 1.3, 1.3];[1.0, 1.57, 1.0]
2;19769.458;528.798;3629.66;70.97;236.409;2081.622;3656.4;0.0;15611.0;33190.202;5624.94;-7795.804;5.47;18;128;[1.0, 1.0, 1.0, 1.3, 1.27];[1.0, 1.57, 1.0]
3;19742.073;522.479;3608.595;71.198;232.476;2083.626;3656.4;0.0;15611.0;33190.202;5624.94;-7823.188;17.937;18;128;[1.0, 1.0, 1.0, 1.57, 1.27];[1.0, 1.813, 1.0]
4;19566.083;495.942;3520.141;58.452;213.969;1733.727;3656.4;0.0;15550.0;33190.202;5624.94;-7999.179;24.829;18;128;[1.0, 1.0, 1.0, 1.57, 1.543];[1.0, 2.032, 1.0]
5;19566.083;495.942;3520.141;58.452;213.969;1733.727;3656.4;0.0;15550.0;33190.202;5624.94;-7999.179;3.475;18;128;[1.0, 1.0, 1.0, 1.513, 1.543];[1.0, 2.032, 1.0]
6;19566.083;495.942;3520.141;58.452;213.969;1733.727;3656.4;0.0;15550.0;33190.202;5624.94;-7999.179;10.237;18;128;[1.2, 1.0, 1.0, 1.513, 1.543];[1.0, 2.129, 1.0]
7;19566.083;495.942;3520.141;58.452;213.969;1733.727;3656.4;0.0;15550.0;33190.202;5624.94;-7999.179;3.363;18;128;[1.2, 1.0, 1.0, 1.462, 1.543];[1.0, 2.129, 1.0]
8;19566.083;495.942;3520.141;58.452;213.969;1733.727;3656.4;0.0;15550.0;33190.202;5624.94;-7999.179;0.941;18;128;[1.2, 1.2, 1.0, 1.462, 1.543];[1.2, 2.129, 1.0]
9;19435.852;507.427;3558.424;55.748;218.047;1667.491;3513.6;0.0;15370.0;33190.202;5624.94;-8129.41;4.472;18;128;[1.2, 1.2, 1.0, 1.462, 1.789];[1.2, 2.129, 1.3]
10;19435.852;507.427;3558.424;55.748;218.047;1667.491;3513.6;0.0;15370.0;33190.202;5624.94;-8129.41;1.816;18;128;[1.2, 1.38, 1.0, 1.462, 1.789];[1.38, 2.129, 1.3]
11;19308.114;510.026;3567.088;57.915;220.406;1726.202;3465.6;0.0;15231.0;33190.202;5624.94;-8257.148;11.039;18;128;[1.48, 1.38, 1.0, 1.462, 1.789];[1.38, 2.316, 1.3]
12;19308.114;510.026;3567.088;57.915;220.406;1726.202;3465.6;0.0;15231.0;33190.202;5624.94;-8257.148;4.822;18;128;[1.432, 1.38, 1.0, 1.462, 1.789];[1.38, 2.316, 1.27]
13;19308.114;510.026;3567.088;57.915;220.406;1726.202;3465.6;0.0;15231.0;33190.202;5624.94;-8257.148;4.112;18;128;[1.432, 1.38, 1.0, 1.416, 1.789];[1.38, 2.316, 1.243]
14;19308.114;510.026;3567.088;57.915;220.406;1726.202;3465.6;0.0;15231.0;33190.202;5624.94;-8257.148;31.512;18;128;[1.432, 1.38, 1.0, 1.416, 1.71];[1.38, 2.184, 1.243]
15;19308.114;510.026;3567.088;57.915;220.406;1726.202;3465.6;0.0;15231.0;33190.202;5624.94;-8257.148;2.354;18;128;[1.432, 1.38, 1.0, 1.574, 1.71];[1.38, 2.184, 1.419]
16;19308.114;510.026;3567.088;57.915;220.406;1726.202;3465.6;0.0;15231.0;33190.202;5624.94;-8257.148;5.185;18;128;[1.432, 1.38, 1.0, 1.574, 1.639];[1.38, 2.184, 1.377]
17;19238.103;507.024;3557.079;66.503;230.969;1960.038;3535.2;0.0;15174.0;33190.202;5624.94;-8327.159;9.418;18;128;[1.432, 1.642, 1.0, 1.574, 1.639];[1.38, 2.366, 1.377]
18;19135.062;501.707;3539.356;74.209;233.425;2162.855;3440.4;0.0;15094.0;33190.202;5624.94;-8430.2;12.542;18;128;[1.689, 1.642, 1.0, 1.574, 1.639];[1.642, 2.366, 1.377]
19;19065.813;494.957;3516.856;72.193;227.511;2104.518;3511.2;0.0;15054.0;33190.202;5624.94;-8499.449;1.651;18;128;[1.689, 1.878, 1.0, 1.574, 1.639];[1.642, 2.366, 1.639]
20;18856.797;497.722;3526.074;74.321;228.59;2160.924;3180.0;0.0;14833.0;33190.202;5624.94;-8708.465;13.745;18;128;[1.92, 1.878, 1.0, 1.574, 1.639];[1.642, 2.529, 1.639]
21;18756.843;475.348;3451.494;71.526;217.024;2076.701;3109.2;0.0;14830.0;33190.202;5624.94;-8808.419;41.595;18;128;[1.92, 1.878, 1.0, 1.574, 1.875];[1.878, 2.529, 1.639]
22;18664.347;467.849;3426.498;70.836;213.533;2055.278;3109.2;0.0;14770.0;33190.202;5624.94;-8900.915;6.73;18;128;[1.92, 2.09, 1.0, 1.574, 1.875];[1.878, 2.676, 1.639]
23;18664.347;467.849;3426.498;70.836;213.533;2055.278;3109.2;0.0;14770.0;33190.202;5624.94;-8900.915;15.234;18;128;[1.92, 2.09, 1.0, 1.517, 1.875];[1.878, 2.508, 1.639]
24;18664.347;467.849;3426.498;70.836;213.533;2055.278;3109.2;0.0;14770.0;33190.202;5624.94;-8900.915;13.666;18;128;[1.92, 2.09, 1.0, 1.665, 1.875];[1.878, 2.557, 1.639]
25;18664.347;467.849;3426.498;70.836;213.533;2055.278;3109.2;0.0;14770.0;33190.202;5624.94;-8900.915;2.869;18;128;[1.92, 2.181, 1.0, 1.665, 1.875];[1.99, 2.557, 1.639]
26;18640.425;466.944;3423.481;58.883;207.013;1737.978;3015.6;0.0;14750.0;33190.202;5624.94;-8924.837;35.417;18;128;[1.92, 2.181, 1.0, 1.665, 2.087];[2.191, 2.557, 1.639]
27;18640.425;466.944;3423.481;58.883;207.013;1737.978;3015.6;0.0;14750.0;33190.202;5624.94;-8924.837;31.324;18;128;[1.92, 2.181, 1.0, 1.665, 1.978];[2.072, 2.557, 1.639]
28;18640.425;466.944;3423.481;58.883;207.013;1737.978;3015.6;0.0;14750.0;33190.202;5624.94;-8924.837;12.084;18;128;[1.828, 2.181, 1.0, 1.665, 1.978];[1.965, 2.557, 1.639]
29;18548.356;450.313;3368.043;68.423;205.536;1984.54;2922.0;0.0;14730.0;33190.202;5624.94;-9016.906;14.137;18;128;[2.045, 2.181, 1.0, 1.665, 1.978];[1.965, 2.701, 1.639]
30;18548.356;450.313;3368.043;68.423;205.536;1984.54;2922.0;0.0;14730.0;33190.202;5624.94;-9016.906;12.788;18;128;[2.045, 2.181, 1.0, 1.665, 1.978];[1.965, 2.531, 1.639]
31;18548.356;450.313;3368.043;68.423;205.536;1984.54;2922.0;0.0;14730.0;33190.202;5624.94;-9016.906;3.267;18;128;[2.045, 2.063, 1.0, 1.665, 1.978];[1.965, 2.531, 1.575]
32;18548.356;450.313;3368.043;68.423;205.536;1984.54;2922.0;0.0;14730.0;33190.202;5624.94;-9016.906;2.974;18;128;[2.045, 1.957, 1.0, 1.665, 1.978];[1.965, 2.531, 1.518]
33;18548.356;450.313;3368.043;68.423;205.536;1984.54;2922.0;0.0;14730.0;33190.202;5624.94;-9016.906;4.334;18;128;[2.045, 1.957, 1.0, 1.665, 1.88];[1.965, 2.531, 1.466]
34;18548.356;450.313;3368.043;68.423;205.536;1984.54;2922.0;0.0;14730.0;33190.202;5624.94;-9016.906;15.235;18;128;[2.045, 1.957, 1.2, 1.665, 1.88];[2.069, 2.531, 1.466]
35;18548.356;450.313;3368.043;68.423;205.536;1984.54;2922.0;0.0;14730.0;33190.202;5624.94;-9016.906;4.348;18;128;[2.045, 1.957, 1.2, 1.665, 1.792];[2.069, 2.531, 1.419]
36;18548.356;450.313;3368.043;68.423;205.536;1984.54;2922.0;0.0;14730.0;33190.202;5624.94;-9016.906;3.111;18;128;[1.941, 1.957, 1.2, 1.665, 1.792];[2.069, 2.531, 1.377]
37;18548.356;450.313;3368.043;68.423;205.536;1984.54;2922.0;0.0;14730.0;33190.202;5624.94;-9016.906;34.106;18;128;[1.941, 1.957, 1.2, 1.665, 1.913];[2.069, 2.578, 1.377]
38;18548.356;450.313;3368.043;68.423;205.536;1984.54;2922.0;0.0;14730.0;33190.202;5624.94;-9016.906;37.065;18;128;[1.941, 1.957, 1.2, 1.665, 1.822];[1.962, 2.578, 1.377]
39;18548.356;450.313;3368.043;68.423;205.536;1984.54;2922.0;0.0;14730.0;33190.202;5624.94;-9016.906;2.797;18;128;[1.941, 1.957, 1.2, 1.599, 1.822];[1.962, 2.578, 1.339]
40;18548.356;450.313;3368.043;68.423;205.536;1984.54;2922.0;0.0;14730.0;33190.202;5624.94;-9016.906;10.143;18;128;[1.941, 1.861, 1.2, 1.599, 1.822];[1.866, 2.578, 1.339]
41;18548.356;450.313;3368.043;68.423;205.536;1984.54;2922.0;0.0;14730.0;33190.202;5624.94;-9016.906;6.468;18;128;[1.941, 1.975, 1.2, 1.599, 1.822];[1.979, 2.578, 1.339]
42;18548.356;450.313;3368.043;68.423;205.536;1984.54;2922.0;0.0;14730.0;33190.202;5624.94;-9016.906;16.704;18;128;[1.941, 1.975, 1.2, 1.539, 1.822];[1.979, 2.42, 1.339]
43;18548.356;450.313;3368.043;68.423;205.536;1984.54;2922.0;0.0;14730.0;33190.202;5624.94;-9016.906;14.543;18;128;[1.941, 1.975, 1.38, 1.539, 1.822];[2.081, 2.42, 1.339]
44;18548.356;450.313;3368.043;68.423;205.536;1984.54;2922.0;0.0;14730.0;33190.202;5624.94;-9016.906;4.302;18;128;[1.941, 1.975, 1.38, 1.539, 1.94];[2.081, 2.42, 1.505]
45;18548.356;450.313;3368.043;68.423;205.536;1984.54;2922.0;0.0;14730.0;33190.202;5624.94;-9016.906;3.917;18;128;[1.941, 1.975, 1.38, 1.539, 1.846];[2.081, 2.42, 1.455]
46;18543.021;430.851;3303.17;62.502;187.625;1812.672;3328.8;0.0;14809.0;33190.202;5624.94;-9022.241;17.652;18;128;[1.941, 1.975, 1.642, 1.539, 1.846];[2.273, 2.42, 1.455]
47;18543.021;430.851;3303.17;62.502;187.625;1812.672;3328.8;0.0;14809.0;33190.202;5624.94;-9022.241;15.695;18;128;[1.941, 1.975, 1.642, 1.485, 1.846];[2.146, 2.42, 1.455]
48;18543.021;430.851;3303.17;62.502;187.625;1812.672;3328.8;0.0;14809.0;33190.202;5624.94;-9022.241;15.219;18;128;[1.847, 1.975, 1.642, 1.485, 1.846];[2.146, 2.278, 1.455]
49;18543.021;430.851;3303.17;62.502;187.625;1812.672;3328.8;0.0;14809.0;33190.202;5624.94;-9022.241;34.561;18;128;[1.847, 1.975, 1.642, 1.485, 1.761];[2.031, 2.278, 1.455]
622constructshop:True depot:True weather:False;19747.575;573.363;3754.212;84.463;270.89;2466.93;3963.6;0.0;15420.0;32756.906;6058.236;-6951.095;31.909;19;128;[1.0, 1.0, 1.0, 1.0, 1.0];[1.0, 1.0, 1.0]
0;19650.997;560.538;3711.459;84.807;265.249;2470.235;3724.8;0.0;15379.0;32756.906;6058.236;-7047.673;11.905;19;128;[1.3, 1.0, 1.0, 1.0, 1.0];[1.3, 1.0, 1.0]
1;19589.138;560.339;3710.798;79.477;261.003;2327.403;3606.0;0.0;15318.0;32756.906;6058.236;-7109.532;13.328;19;128;[1.57, 1.0, 1.0, 1.0, 1.0];[1.57, 1.0, 1.0]
2;19266.247;545.826;3662.421;72.466;248.959;2133.07;3369.6;0.0;15058.0;32756.906;6058.236;-7432.423;36.83;19;128;[1.57, 1.0, 1.0, 1.0, 1.3];[1.57, 1.3, 1.0]
3;19169.754;523.789;3588.965;72.466;238.909;2123.019;3346.8;0.0;15057.0;32756.906;6058.236;-7528.916;14.122;19;128;[1.57, 1.0, 1.0, 1.3, 1.3];[1.57, 1.57, 1.0]
4;19169.058;523.398;3587.66;72.466;238.851;2122.962;3369.6;0.0;15058.0;32756.906;6058.236;-7529.612;13.018;19;128;[1.57, 1.0, 1.0, 1.57, 1.3];[1.813, 1.57, 1.0]
5;19000.43;512.407;3551.023;65.224;231.091;1926.909;3298.8;0.0;14937.0;32756.906;6058.236;-7698.24;13.145;19;128;[1.813, 1.0, 1.0, 1.57, 1.3];[2.032, 1.57, 1.0]
6;18986.776;509.025;3539.751;65.224;229.732;1925.549;3321.6;0.0;14938.0;32756.906;6058.236;-7711.894;12.199;19;128;[1.813, 1.0, 1.0, 1.813, 1.3];[2.229, 1.57, 1.0]
7;18986.776;509.025;3539.751;65.224;229.732;1925.549;3321.6;0.0;14938.0;32756.906;6058.236;-7711.894;3.733;19;128;[1.732, 1.0, 1.0, 1.813, 1.3];[2.229, 1.57, 1.0]
8;18986.776;509.025;3539.751;65.224;229.732;1925.549;3321.6;0.0;14938.0;32756.906;6058.236;-7711.894;12.747;19;128;[1.732, 1.0, 1.0, 1.732, 1.3];[2.229, 1.513, 1.0]
9;18986.776;509.025;3539.751;65.224;229.732;1925.549;3321.6;0.0;14938.0;32756.906;6058.236;-7711.894;13.105;19;128;[1.732, 1.0, 1.0, 1.859, 1.3];[2.306, 1.513, 1.0]
10;18986.776;509.025;3539.751;65.224;229.732;1925.549;3321.6;0.0;14938.0;32756.906;6058.236;-7711.894;11.608;19;128;[1.859, 1.0, 1.0, 1.859, 1.3];[2.375, 1.513, 1.0]
11;18986.776;509.025;3539.751;65.224;229.732;1925.549;3321.6;0.0;14938.0;32756.906;6058.236;-7711.894;5.106;19;128;[1.859, 1.2, 1.0, 1.859, 1.3];[2.375, 1.662, 1.0]
12;18986.776;509.025;3539.751;65.224;229.732;1925.549;3321.6;0.0;14938.0;32756.906;6058.236;-7711.894;4.433;19;128;[1.859, 1.2, 1.0, 1.859, 1.3];[2.375, 1.662, 1.0]
13;18986.776;509.025;3539.751;65.224;229.732;1925.549;3321.6;0.0;14938.0;32756.906;6058.236;-7711.894;12.044;19;128;[1.859, 1.2, 1.2, 1.859, 1.3];[2.375, 1.796, 1.0]
14;18986.776;509.025;3539.751;65.224;229.732;1925.549;3321.6;0.0;14938.0;32756.906;6058.236;-7711.894;12.593;19;128;[1.859, 1.2, 1.2, 1.973, 1.3];[2.375, 1.916, 1.0]
15;18986.776;509.025;3539.751;65.224;229.732;1925.549;3321.6;0.0;14938.0;32756.906;6058.236;-7711.894;11.995;19;128;[1.973, 1.2, 1.2, 1.973, 1.3];[2.438, 1.916, 1.0]
16;18979.546;517.511;3568.036;62.738;232.398;1863.576;3087.6;0.0;14894.0;32756.906;6058.236;-7719.124;13.369;19;128;[2.176, 1.2, 1.2, 1.973, 1.3];[2.594, 1.916, 1.0]
17;18979.546;517.511;3568.036;62.738;232.398;1863.576;3087.6;0.0;14894.0;32756.906;6058.236;-7719.124;3.969;19;128;[2.176, 1.2, 1.2, 1.876, 1.3];[2.594, 1.916, 1.0]
18;18719.842;499.117;3506.724;57.011;219.951;1702.229;2968.8;0.0;14714.0;32756.906;6058.236;-7978.828;36.034;19;128;[2.176, 1.2, 1.2, 1.876, 1.57];[2.594, 2.124, 1.0]
19;18719.842;499.117;3506.724;57.011;219.951;1702.229;2968.8;0.0;14714.0;32756.906;6058.236;-7978.828;15.352;19;128;[2.176, 1.2, 1.18, 1.876, 1.57];[2.435, 2.124, 1.0]
20;18703.166;495.269;3493.897;50.172;215.186;1519.655;3064.8;0.0;14714.0;32756.906;6058.236;-7995.504;12.318;19;128;[2.176, 1.2, 1.18, 2.088, 1.57];[2.591, 2.124, 1.0]
21;18703.166;495.269;3493.897;50.172;215.186;1519.655;3064.8;0.0;14714.0;32756.906;6058.236;-7995.504;3.81;19;128;[2.176, 1.2, 1.18, 1.979, 1.57];[2.591, 2.124, 1.0]
22;18703.166;495.269;3493.897;50.172;215.186;1519.655;3064.8;0.0;14714.0;32756.906;6058.236;-7995.504;4.956;19;128;[2.176, 1.38, 1.18, 1.979, 1.57];[2.591, 2.212, 1.0]
23;18703.166;495.269;3493.897;50.172;215.186;1519.655;3064.8;0.0;14714.0;32756.906;6058.236;-7995.504;4.184;19;128;[2.058, 1.38, 1.18, 1.979, 1.57];[2.591, 2.212, 1.0]
24;18600.907;503.055;3519.852;65.787;229.205;1939.661;3492.0;0.0;14578.0;32756.906;6058.236;-8097.763;13.878;19;128;[2.252, 1.38, 1.18, 1.979, 1.57];[2.732, 2.212, 1.0]
25;18537.401;488.862;3472.539;65.124;219.222;1912.452;3326.4;0.0;14576.0;32756.906;6058.236;-8161.269;13.223;19;128;[2.252, 1.38, 1.18, 2.181, 1.57];[2.859, 2.212, 1.0]
26;18507.909;482.056;3449.853;65.704;216.932;1925.224;3326.4;0.0;14576.0;32756.906;6058.236;-8190.761;15.086;19;128;[2.252, 1.38, 1.462, 2.181, 1.57];[2.859, 2.391, 1.0]
27;18507.909;482.056;3449.853;65.704;216.932;1925.224;3326.4;0.0;14576.0;32756.906;6058.236;-8190.761;28.542;19;128;[2.252, 1.38, 1.462, 2.181, 1.513];[2.859, 2.252, 1.0]
28;18507.909;482.056;3449.853;65.704;216.932;1925.224;3326.4;0.0;14576.0;32756.906;6058.236;-8190.761;3.588;19;128;[2.127, 1.38, 1.462, 2.181, 1.513];[2.859, 2.252, 1.0]
29;18507.909;482.056;3449.853;65.704;216.932;1925.224;3326.4;0.0;14576.0;32756.906;6058.236;-8190.761;15.504;19;128;[2.127, 1.38, 1.616, 2.181, 1.513];[2.873, 2.252, 1.0]
30;18507.909;482.056;3449.853;65.704;216.932;1925.224;3326.4;0.0;14576.0;32756.906;6058.236;-8190.761;3.633;19;128;[2.127, 1.542, 1.616, 2.181, 1.513];[2.886, 2.252, 1.0]
31;18507.909;482.056;3449.853;65.704;216.932;1925.224;3326.4;0.0;14576.0;32756.906;6058.236;-8190.761;2.906;19;128;[2.014, 1.542, 1.616, 2.181, 1.513];[2.886, 2.252, 1.0]
32;18507.909;482.056;3449.853;65.704;216.932;1925.224;3326.4;0.0;14576.0;32756.906;6058.236;-8190.761;3.675;19;128;[2.113, 1.542, 1.616, 2.181, 1.513];[2.886, 2.252, 1.2]
33;18507.909;482.056;3449.853;65.704;216.932;1925.224;3326.4;0.0;14576.0;32756.906;6058.236;-8190.761;11.892;19;128;[2.002, 1.542, 1.616, 2.181, 1.513];[2.697, 2.252, 1.2]
34;18507.909;482.056;3449.853;65.704;216.932;1925.224;3326.4;0.0;14576.0;32756.906;6058.236;-8190.761;3.377;19;128;[2.002, 1.542, 1.554, 2.181, 1.513];[2.697, 2.252, 1.18]
35;18507.909;482.056;3449.853;65.704;216.932;1925.224;3326.4;0.0;14576.0;32756.906;6058.236;-8190.761;10.612;19;128;[2.102, 1.542, 1.554, 2.181, 1.513];[2.727, 2.252, 1.18]
36;18507.909;482.056;3449.853;65.704;216.932;1925.224;3326.4;0.0;14576.0;32756.906;6058.236;-8190.761;2.942;19;128;[2.102, 1.542, 1.554, 2.063, 1.513];[2.727, 2.252, 1.162]
37;18507.909;482.056;3449.853;65.704;216.932;1925.224;3326.4;0.0;14576.0;32756.906;6058.236;-8190.761;10.821;19;128;[2.192, 1.542, 1.554, 2.063, 1.513];[2.727, 2.327, 1.162]
38;18507.909;482.056;3449.853;65.704;216.932;1925.224;3326.4;0.0;14576.0;32756.906;6058.236;-8190.761;9.375;19;128;[2.192, 1.688, 1.554, 2.063, 1.513];[2.754, 2.327, 1.162]
39;18507.909;482.056;3449.853;65.704;216.932;1925.224;3326.4;0.0;14576.0;32756.906;6058.236;-8190.761;10.166;19;128;[2.192, 1.619, 1.554, 2.063, 1.513];[2.754, 2.194, 1.162]
40;18507.909;482.056;3449.853;65.704;216.932;1925.224;3326.4;0.0;14576.0;32756.906;6058.236;-8190.761;6.857;19;128;[2.073, 1.619, 1.554, 2.063, 1.513];[2.579, 2.194, 1.162]
41;18507.909;482.056;3449.853;65.704;216.932;1925.224;3326.4;0.0;14576.0;32756.906;6058.236;-8190.761;2.862;19;128;[2.073, 1.619, 1.499, 2.063, 1.513];[2.579, 2.194, 1.146]
42;18507.909;482.056;3449.853;65.704;216.932;1925.224;3326.4;0.0;14576.0;32756.906;6058.236;-8190.761;9.42;19;128;[2.073, 1.619, 1.649, 2.063, 1.513];[2.579, 2.275, 1.146]
43;18326.29;440.375;3310.916;70.939;200.516;2044.927;3565.2;0.0;14575.0;32756.906;6058.236;-8372.38;9.687;19;128;[2.266, 1.619, 1.649, 2.063, 1.513];[2.721, 2.275, 1.146]
44;18273.811;446.726;3332.086;75.903;205.397;2178.865;3470.4;0.0;14495.0;32756.906;6058.236;-8424.859;8.497;19;128;[2.439, 1.619, 1.649, 2.063, 1.513];[2.721, 2.447, 1.146]
45;18273.811;446.726;3332.086;75.903;205.397;2178.865;3470.4;0.0;14495.0;32756.906;6058.236;-8424.859;4.167;19;128;[2.439, 1.557, 1.649, 2.063, 1.513];[2.721, 2.302, 1.146]
46;18219.706;434.24;3290.466;75.756;200.729;2170.378;3470.4;0.0;14495.0;32756.906;6058.236;-8478.964;9.758;19;128;[2.439, 1.557, 1.884, 2.063, 1.513];[2.849, 2.302, 1.146]
47;18219.706;434.24;3290.466;75.756;200.729;2170.378;3470.4;0.0;14495.0;32756.906;6058.236;-8478.964;8.23;19;128;[2.295, 1.557, 1.884, 2.063, 1.513];[2.664, 2.302, 1.146]
48;18219.706;434.24;3290.466;75.756;200.729;2170.378;3470.4;0.0;14495.0;32756.906;6058.236;-8478.964;8.691;19;128;[2.295, 1.557, 1.796, 2.063, 1.513];[2.498, 2.302, 1.146]
49;18219.706;434.24;3290.466;75.756;200.729;2170.378;3470.4;0.0;14495.0;32756.906;6058.236;-8478.964;9.62;19;128;[2.295, 1.557, 1.716, 2.063, 1.513];[2.498, 2.172, 1.146]
623constructshop:True depot:True weather:False;19547.446;505.257;3527.189;59.477;221.418;1767.807;3727.2;0.0;15515.0;32756.906;6058.236;-7151.224;31.054;19;128;[1.0, 1.0, 1.0, 1.0, 1.0];[1.0, 1.0, 1.0]
0;19682.407;514.094;3576.313;76.905;236.624;2236.164;3514.8;0.0;15592.0;33093.686;5721.456;-7689.823;52.601;18;128;[1.0, 1.0, 1.0, 1.0, 1.3];[1.3, 1.0, 1.0]
1;19682.407;514.094;3576.313;76.905;236.624;2236.164;3514.8;0.0;15592.0;33093.686;5721.456;-7689.823;3.485;18;128;[1.0, 1.0, 1.0, 1.0, 1.3];[1.3, 1.0, 1.0]
2;19529.981;501.765;3535.216;77.741;231.704;2252.965;3633.6;0.0;15493.0;33093.686;5721.456;-7842.249;5.644;18;128;[1.0, 1.3, 1.0, 1.0, 1.3];[1.3, 1.3, 1.0]
3;19529.981;501.765;3535.216;77.741;231.704;2252.965;3633.6;0.0;15493.0;33093.686;5721.456;-7842.249;11.686;18;128;[1.0, 1.27, 1.0, 1.0, 1.3];[1.3, 1.27, 1.0]
4;19282.935;504.754;3545.181;66.495;226.819;1955.701;3325.2;0.0;15233.0;33093.686;5721.456;-8089.295;11.769;18;128;[1.3, 1.27, 1.0, 1.0, 1.3];[1.57, 1.27, 1.0]
5;19282.935;504.754;3545.181;66.495;226.819;1955.701;3325.2;0.0;15233.0;33093.686;5721.456;-8089.295;11.866;18;128;[1.27, 1.27, 1.0, 1.0, 1.3];[1.513, 1.27, 1.0]
6;19282.935;504.754;3545.181;66.495;226.819;1955.701;3325.2;0.0;15233.0;33093.686;5721.456;-8089.295;11.51;18;128;[1.27, 1.27, 1.0, 1.0, 1.3];[1.513, 1.243, 1.0]
7;19282.935;504.754;3545.181;66.495;226.819;1955.701;3325.2;0.0;15233.0;33093.686;5721.456;-8089.295;11.472;18;128;[1.243, 1.27, 1.0, 1.0, 1.3];[1.513, 1.219, 1.0]
8;19162.064;514.015;3576.049;57.99;225.421;1733.156;3015.6;0.0;15072.0;33093.686;5721.456;-8210.166;13.607;18;128;[1.243, 1.27, 1.0, 1.3, 1.3];[1.513, 1.497, 1.0]
9;19032.487;511.805;3568.682;63.094;227.871;1868.315;2872.8;0.0;14952.0;33093.686;5721.456;-8339.743;24.613;18;128;[1.243, 1.27, 1.0, 1.3, 1.57];[1.513, 1.747, 1.0]
10;19032.487;511.805;3568.682;63.094;227.871;1868.315;2872.8;0.0;14952.0;33093.686;5721.456;-8339.743;10.845;18;128;[1.243, 1.27, 1.0, 1.3, 1.57];[1.513, 1.672, 1.0]
11;19004.702;505.393;3547.309;63.094;225.681;1866.125;2872.8;0.0;14952.0;33093.686;5721.456;-8367.528;10.332;18;128;[1.243, 1.27, 1.0, 1.57, 1.57];[1.762, 1.672, 1.0]
12;19004.702;505.393;3547.309;63.094;225.681;1866.125;2872.8;0.0;14952.0;33093.686;5721.456;-8367.528;1.69;18;128;[1.243, 1.443, 1.0, 1.57, 1.57];[1.886, 1.672, 1.0]
13;19004.702;505.393;3547.309;63.094;225.681;1866.125;2872.8;0.0;14952.0;33093.686;5721.456;-8367.528;2.752;18;128;[1.243, 1.443, 1.0, 1.513, 1.57];[1.886, 1.672, 1.0]
14;19004.702;505.393;3547.309;63.094;225.681;1866.125;2872.8;0.0;14952.0;33093.686;5721.456;-8367.528;25.522;18;128;[1.243, 1.443, 1.0, 1.513, 1.713];[1.886, 1.805, 1.0]
15;19004.702;505.393;3547.309;63.094;225.681;1866.125;2872.8;0.0;14952.0;33093.686;5721.456;-8367.528;3.761;18;128;[1.243, 1.399, 1.0, 1.513, 1.713];[1.886, 1.805, 1.0]
16;18886.884;482.819;3472.064;67.617;218.413;1976.446;2895.6;0.0;14932.0;33093.686;5721.456;-8485.346;10.728;18;128;[1.243, 1.399, 1.3, 1.513, 1.713];[2.097, 1.805, 1.0]
17;18881.832;491.115;3499.717;65.647;220.038;1926.853;2824.8;0.0;14891.0;33093.686;5721.456;-8490.398;3.264;18;128;[1.243, 1.399, 1.57, 1.513, 1.713];[2.097, 1.805, 1.3]
18;18881.832;491.115;3499.717;65.647;220.038;1926.853;2824.8;0.0;14891.0;33093.686;5721.456;-8490.398;12.244;18;128;[1.243, 1.399, 1.513, 1.513, 1.713];[1.987, 1.805, 1.3]
19;18881.602;491.062;3499.54;65.647;219.741;1926.556;2824.8;0.0;14891.0;33093.686;5721.456;-8490.628;2.963;18;128;[1.243, 1.659, 1.513, 1.513, 1.713];[2.188, 1.805, 1.3]
20;18865.236;487.285;3486.951;66.488;218.021;1946.721;2824.8;0.0;14891.0;33093.686;5721.456;-8506.994;2.471;18;128;[1.243, 1.893, 1.513, 1.513, 1.713];[2.369, 1.805, 1.3]
21;18790.228;497.437;3520.791;66.913;223.336;1963.074;2704.8;0.0;14772.0;33093.686;5721.456;-8582.002;12.755;18;128;[1.243, 1.893, 1.513, 1.762, 1.713];[2.532, 1.805, 1.3]
22;18790.075;497.402;3520.673;66.913;223.156;1962.893;2704.8;0.0;14772.0;33093.686;5721.456;-8582.155;11.313;18;128;[1.243, 1.893, 1.513, 1.986, 1.713];[2.679, 1.805, 1.3]
23;18790.075;497.402;3520.673;66.913;223.156;1962.893;2704.8;0.0;14772.0;33093.686;5721.456;-8582.155;11.279;18;128;[1.243, 1.893, 1.513, 2.087, 1.713];[2.711, 1.805, 1.3]
24;18790.075;497.402;3520.673;66.913;223.156;1962.893;2704.8;0.0;14772.0;33093.686;5721.456;-8582.155;3.877;18;128;[1.243, 2.004, 1.513, 2.087, 1.713];[2.711, 1.925, 1.3]
25;18790.075;497.402;3520.673;66.913;223.156;1962.893;2704.8;0.0;14772.0;33093.686;5721.456;-8582.155;1.974;18;128;[1.243, 1.904, 1.513, 2.087, 1.713];[2.711, 1.925, 1.27]
26;18790.075;497.402;3520.673;66.913;223.156;1962.893;2704.8;0.0;14772.0;33093.686;5721.456;-8582.155;3.212;18;128;[1.243, 1.904, 1.513, 2.087, 1.642];[2.711, 1.925, 1.243]
27;18790.075;497.402;3520.673;66.913;223.156;1962.893;2704.8;0.0;14772.0;33093.686;5721.456;-8582.155;11.828;18;128;[1.243, 1.904, 1.513, 2.178, 1.642];[2.74, 1.925, 1.243]
28;18790.075;497.402;3520.673;66.913;223.156;1962.893;2704.8;0.0;14772.0;33093.686;5721.456;-8582.155;34.4;18;128;[1.243, 1.904, 1.513, 2.178, 1.578];[2.566, 1.925, 1.243]
29;18790.075;497.402;3520.673;66.913;223.156;1962.893;2704.8;0.0;14772.0;33093.686;5721.456;-8582.155;11.824;18;128;[1.243, 1.904, 1.462, 2.178, 1.578];[2.566, 1.833, 1.243]
30;18790.075;497.402;3520.673;66.913;223.156;1962.893;2704.8;0.0;14772.0;33093.686;5721.456;-8582.155;11.843;18;128;[1.243, 1.904, 1.462, 2.26, 1.578];[2.609, 1.833, 1.243]
31;18770.319;487.766;3488.553;65.669;215.775;1923.172;2919.6;0.0;14794.0;33093.686;5721.456;-8601.911;3.725;18;128;[1.519, 1.904, 1.462, 2.26, 1.578];[2.609, 1.833, 1.519]
32;18770.319;487.766;3488.553;65.669;215.775;1923.172;2919.6;0.0;14794.0;33093.686;5721.456;-8601.911;14.806;18;128;[1.467, 1.904, 1.462, 2.26, 1.578];[2.448, 1.833, 1.519]
33;18770.319;487.766;3488.553;65.669;215.775;1923.172;2919.6;0.0;14794.0;33093.686;5721.456;-8601.911;18.675;18;128;[1.467, 1.814, 1.462, 2.26, 1.578];[2.448, 1.75, 1.519]
34;18709.627;492.452;3504.174;64.874;219.293;1906.015;2706.0;0.0;14713.0;33093.686;5721.456;-8662.603;13.501;18;128;[1.467, 1.814, 1.462, 2.434, 1.578];[2.448, 1.975, 1.519]
35;18674.999;484.461;3477.538;66.047;216.562;1933.784;2706.0;0.0;14713.0;33093.686;5721.456;-8697.231;10.317;18;128;[1.467, 1.814, 1.462, 2.591, 1.578];[2.603, 1.975, 1.519]
36;18674.999;484.461;3477.538;66.047;216.562;1933.784;2706.0;0.0;14713.0;33093.686;5721.456;-8697.231;14.546;18;128;[1.467, 1.814, 1.416, 2.591, 1.578];[2.443, 1.975, 1.519]
37;18674.999;484.461;3477.538;66.047;216.562;1933.784;2706.0;0.0;14713.0;33093.686;5721.456;-8697.231;2.104;18;128;[1.467, 1.933, 1.416, 2.591, 1.578];[2.499, 1.975, 1.519]
38;18674.999;484.461;3477.538;66.047;216.562;1933.784;2706.0;0.0;14713.0;33093.686;5721.456;-8697.231;14.018;18;128;[1.467, 1.933, 1.416, 2.432, 1.578];[2.499, 1.878, 1.519]
39;18674.999;484.461;3477.538;66.047;216.562;1933.784;2706.0;0.0;14713.0;33093.686;5721.456;-8697.231;2.895;18;128;[1.467, 1.84, 1.416, 2.432, 1.578];[2.499, 1.878, 1.467]
40;18674.999;484.461;3477.538;66.047;216.562;1933.784;2706.0;0.0;14713.0;33093.686;5721.456;-8697.231;2.128;18;128;[1.467, 1.756, 1.416, 2.432, 1.578];[2.499, 1.878, 1.42]
41;18674.999;484.461;3477.538;66.047;216.562;1933.784;2706.0;0.0;14713.0;33093.686;5721.456;-8697.231;37.679;18;128;[1.467, 1.756, 1.416, 2.432, 1.52];[2.349, 1.878, 1.42]
42;18674.999;484.461;3477.538;66.047;216.562;1933.784;2706.0;0.0;14713.0;33093.686;5721.456;-8697.231;16.691;18;128;[1.467, 1.756, 1.416, 2.289, 1.52];[2.349, 1.79, 1.42]
43;18674.999;484.461;3477.538;66.047;216.562;1933.784;2706.0;0.0;14713.0;33093.686;5721.456;-8697.231;2.455;18;128;[1.467, 1.88, 1.416, 2.289, 1.52];[2.349, 1.911, 1.42]
44;18674.999;484.461;3477.538;66.047;216.562;1933.784;2706.0;0.0;14713.0;33093.686;5721.456;-8697.231;38.53;18;128;[1.467, 1.88, 1.416, 2.289, 1.468];[2.349, 1.82, 1.42]
45;18674.999;484.461;3477.538;66.047;216.562;1933.784;2706.0;0.0;14713.0;33093.686;5721.456;-8697.231;4.255;18;128;[1.467, 1.88, 1.416, 2.16, 1.468];[2.349, 1.82, 1.378]
46;18674.999;484.461;3477.538;66.047;216.562;1933.784;2706.0;0.0;14713.0;33093.686;5721.456;-8697.231;17.796;18;128;[1.467, 1.88, 1.416, 2.244, 1.468];[2.414, 1.82, 1.378]
47;18674.999;484.461;3477.538;66.047;216.562;1933.784;2706.0;0.0;14713.0;33093.686;5721.456;-8697.231;3.372;18;128;[1.42, 1.88, 1.416, 2.244, 1.468];[2.414, 1.82, 1.34]
48;18674.999;484.461;3477.538;66.047;216.562;1933.784;2706.0;0.0;14713.0;33093.686;5721.456;-8697.231;15.533;18;128;[1.42, 1.88, 1.374, 2.244, 1.468];[2.273, 1.82, 1.34]
49;18674.999;484.461;3477.538;66.047;216.562;1933.784;2706.0;0.0;14713.0;33093.686;5721.456;-8697.231;2.904;18;128;[1.378, 1.88, 1.374, 2.244, 1.468];[2.273, 1.82, 1.306]
624constructshop:True depot:True weather:False;19662.995;536.768;3632.227;68.228;241.689;2015.626;3488.4;0.0;15494.0;32756.906;6058.236;-7035.675;32.172;19;128;[1.0, 1.0, 1.0, 1.0, 1.0];[1.0, 1.0, 1.0]
0;19322.627;518.452;3571.174;65.328;228.973;1927.492;3370.8;0.0;15233.0;32756.906;6058.236;-7376.043;42.864;19;128;[1.0, 1.0, 1.0, 1.0, 1.3];[1.0, 1.3, 1.0]
1;19322.627;518.452;3571.174;65.328;228.973;1927.492;3370.8;0.0;15233.0;32756.906;6058.236;-7376.043;4.648;19;128;[1.0, 1.0, 1.0, 1.0, 1.3];[1.0, 1.3, 1.0]
2;19322.627;518.452;3571.174;65.328;228.973;1927.492;3370.8;0.0;15233.0;32756.906;6058.236;-7376.043;5.732;19;128;[1.0, 1.0, 1.0, 1.0, 1.27];[1.0, 1.3, 1.0]
3;19321.724;517.782;3568.942;67.188;231.629;1978.53;3205.2;0.0;15235.0;32756.906;6058.236;-7376.946;16.499;19;128;[1.0, 1.3, 1.0, 1.0, 1.27];[1.0, 1.57, 1.0]
4;19220.943;508.371;3537.572;69.167;224.955;2023.288;3277.2;0.0;15175.0;32756.906;6058.236;-7477.727;16.444;19;128;[1.0, 1.3, 1.0, 1.3, 1.27];[1.3, 1.57, 1.0]
5;19220.943;508.371;3537.572;69.167;224.955;2023.288;3277.2;0.0;15175.0;32756.906;6058.236;-7477.727;3.291;19;128;[1.0, 1.3, 1.0, 1.27, 1.27];[1.3, 1.57, 1.0]
6;19220.943;508.371;3537.572;69.167;224.955;2023.288;3277.2;0.0;15175.0;32756.906;6058.236;-7477.727;17.475;19;128;[1.0, 1.3, 1.0, 1.27, 1.27];[1.3, 1.513, 1.0]
7;19220.943;508.371;3537.572;69.167;224.955;2023.288;3277.2;0.0;15175.0;32756.906;6058.236;-7477.727;14.78;19;128;[1.0, 1.3, 1.0, 1.27, 1.27];[1.3, 1.462, 1.0]
8;19214.793;506.952;3532.841;71.754;227.077;2092.692;3277.2;0.0;15175.0;32756.906;6058.236;-7483.877;14.32;19;128;[1.0, 1.3, 1.0, 1.543, 1.27];[1.3, 1.716, 1.0]
9;19214.793;506.952;3532.841;71.754;227.077;2092.692;3277.2;0.0;15175.0;32756.906;6058.236;-7483.877;2.752;19;128;[1.0, 1.3, 1.0, 1.489, 1.27];[1.3, 1.716, 1.0]
10;19214.793;506.952;3532.841;71.754;227.077;2092.692;3277.2;0.0;15175.0;32756.906;6058.236;-7483.877;15.19;19;128;[1.0, 1.3, 1.0, 1.44, 1.27];[1.27, 1.716, 1.0]
11;19032.193;515.352;3560.841;88.575;239.384;2542.334;3110.4;0.0;14956.0;32756.906;6058.236;-7666.477;46.586;19;128;[1.0, 1.3, 1.0, 1.44, 1.543];[1.543, 1.716, 1.0]
12;18993.457;506.413;3531.044;80.535;230.789;2324.696;3420.0;0.0;14956.0;32756.906;6058.236;-7705.213;15.708;19;128;[1.0, 1.57, 1.0, 1.44, 1.543];[1.789, 1.716, 1.0]
13;18904.592;499.752;3508.84;76.606;227.415;2219.182;3348.0;0.0;14896.0;32756.906;6058.236;-7794.078;42.527;19;128;[1.0, 1.57, 1.0, 1.44, 1.789];[2.01, 1.716, 1.0]
14;18904.592;499.752;3508.84;76.606;227.415;2219.182;3348.0;0.0;14896.0;32756.906;6058.236;-7794.078;2.745;19;128;[1.0, 1.57, 1.0, 1.396, 1.789];[2.01, 1.716, 1.0]
15;18904.592;499.752;3508.84;76.606;227.415;2219.182;3348.0;0.0;14896.0;32756.906;6058.236;-7794.078;12.466;19;128;[1.2, 1.57, 1.0, 1.396, 1.789];[2.109, 1.716, 1.0]
16;18850.929;487.83;3469.099;80.019;224.709;2305.199;3158.4;0.0;14894.0;32756.906;6058.236;-7847.741;12.519;19;128;[1.2, 1.57, 1.0, 1.656, 1.789];[2.109, 1.944, 1.0]
17;18733.304;488.608;3471.695;80.019;225.899;2306.389;3158.4;0.0;14773.0;32756.906;6058.236;-7965.366;5.638;19;128;[1.2, 1.813, 1.0, 1.656, 1.789];[2.109, 2.15, 1.0]
18;18733.304;488.608;3471.695;80.019;225.899;2306.389;3158.4;0.0;14773.0;32756.906;6058.236;-7965.366;15.631;19;128;[1.2, 1.813, 1.0, 1.656, 1.789];[2.109, 2.035, 1.0]
19;18537.963;471.914;3416.048;84.841;222.268;2428.127;2827.2;0.0;14650.0;32756.906;6058.236;-8160.707;12.615;19;128;[1.48, 1.813, 1.0, 1.656, 1.789];[2.109, 2.232, 1.0]
20;18426.274;469.217;3407.057;79.745;216.572;2289.932;2874.0;0.0;14550.0;32756.906;6058.236;-8272.396;39.554;19;128;[1.48, 1.813, 1.0, 1.656, 2.01];[2.109, 2.409, 1.0]
21;18364.268;454.908;3359.36;85.435;214.062;2435.384;2874.0;0.0;14550.0;32756.906;6058.236;-8334.402;40.864;19;128;[1.48, 1.813, 1.0, 1.656, 2.209];[2.298, 2.409, 1.0]
22;18362.621;454.528;3358.093;85.435;213.83;2435.152;2874.0;0.0;14550.0;32756.906;6058.236;-8336.049;5.745;19;128;[1.48, 2.032, 1.0, 1.656, 2.209];[2.298, 2.568, 1.0]
23;18362.621;454.528;3358.093;85.435;213.83;2435.152;2874.0;0.0;14550.0;32756.906;6058.236;-8336.049;2.845;19;128;[1.48, 2.032, 1.0, 1.656, 2.209];[2.298, 2.568, 1.0]
24;18362.621;454.528;3358.093;85.435;213.83;2435.152;2874.0;0.0;14550.0;32756.906;6058.236;-8336.049;42.349;19;128;[1.48, 2.032, 1.0, 1.656, 2.288];[2.298, 2.611, 1.0]
25;18362.621;454.528;3358.093;85.435;213.83;2435.152;2874.0;0.0;14550.0;32756.906;6058.236;-8336.049;36.188;19;128;[1.48, 2.032, 1.0, 1.656, 2.159];[2.168, 2.611, 1.0]
26;18362.621;454.528;3358.093;85.435;213.83;2435.152;2874.0;0.0;14550.0;32756.906;6058.236;-8336.049;30.373;19;128;[1.48, 2.032, 1.0, 1.656, 2.243];[2.168, 2.65, 1.0]
27;18362.621;454.528;3358.093;85.435;213.83;2435.152;2874.0;0.0;14550.0;32756.906;6058.236;-8336.049;10.139;19;128;[1.632, 2.032, 1.0, 1.656, 2.243];[2.168, 2.685, 1.0]
28;18362.621;454.528;3358.093;85.435;213.83;2435.152;2874.0;0.0;14550.0;32756.906;6058.236;-8336.049;30.821;19;128;[1.632, 2.032, 1.0, 1.656, 2.319];[2.168, 2.716, 1.0]
29;18362.621;454.528;3358.093;85.435;213.83;2435.152;2874.0;0.0;14550.0;32756.906;6058.236;-8336.049;12.854;19;128;[1.632, 2.032, 1.0, 1.59, 2.319];[2.051, 2.716, 1.0]
30;18362.621;454.528;3358.093;85.435;213.83;2435.152;2874.0;0.0;14550.0;32756.906;6058.236;-8336.049;2.585;19;128;[1.632, 1.929, 1.0, 1.59, 2.319];[2.051, 2.716, 1.0]
31;18362.621;454.528;3358.093;85.435;213.83;2435.152;2874.0;0.0;14550.0;32756.906;6058.236;-8336.049;2.261;19;128;[1.632, 2.036, 1.0, 1.59, 2.319];[2.051, 2.716, 1.2]
32;18362.621;454.528;3358.093;85.435;213.83;2435.152;2874.0;0.0;14550.0;32756.906;6058.236;-8336.049;14.337;19;128;[1.632, 2.036, 1.0, 1.59, 2.319];[2.051, 2.544, 1.2]
33;18362.621;454.528;3358.093;85.435;213.83;2435.152;2874.0;0.0;14550.0;32756.906;6058.236;-8336.049;39.969;19;128;[1.632, 2.036, 1.0, 1.59, 2.187];[1.946, 2.544, 1.2]
34;18362.621;454.528;3358.093;85.435;213.83;2435.152;2874.0;0.0;14550.0;32756.906;6058.236;-8336.049;3.157;19;128;[1.769, 2.036, 1.0, 1.59, 2.187];[1.946, 2.544, 1.38]
35;18362.621;454.528;3358.093;85.435;213.83;2435.152;2874.0;0.0;14550.0;32756.906;6058.236;-8336.049;16.433;19;128;[1.769, 2.036, 1.0, 1.731, 2.187];[2.051, 2.544, 1.38]
36;18362.621;454.528;3358.093;85.435;213.83;2435.152;2874.0;0.0;14550.0;32756.906;6058.236;-8336.049;21.495;19;128;[1.769, 2.132, 1.0, 1.731, 2.187];[2.146, 2.544, 1.38]
37;18362.621;454.528;3358.093;85.435;213.83;2435.152;2874.0;0.0;14550.0;32756.906;6058.236;-8336.049;13.457;19;128;[1.769, 2.132, 1.0, 1.858, 2.187];[2.146, 2.59, 1.38]
38;18362.621;454.528;3358.093;85.435;213.83;2435.152;2874.0;0.0;14550.0;32756.906;6058.236;-8336.049;2.513;19;128;[1.769, 2.019, 1.0, 1.858, 2.187];[2.146, 2.59, 1.342]
39;18362.621;454.528;3358.093;85.435;213.83;2435.152;2874.0;0.0;14550.0;32756.906;6058.236;-8336.049;3.585;19;128;[1.769, 2.019, 1.0, 1.858, 2.187];[2.146, 2.59, 1.308]
40;18362.621;454.528;3358.093;85.435;213.83;2435.152;2874.0;0.0;14550.0;32756.906;6058.236;-8336.049;2.997;19;128;[1.769, 2.019, 1.0, 1.772, 2.187];[2.146, 2.59, 1.277]
41;18362.621;454.528;3358.093;85.435;213.83;2435.152;2874.0;0.0;14550.0;32756.906;6058.236;-8336.049;2.51;19;128;[1.769, 2.019, 1.0, 1.695, 2.187];[2.146, 2.59, 1.249]
42;18362.621;454.528;3358.093;85.435;213.83;2435.152;2874.0;0.0;14550.0;32756.906;6058.236;-8336.049;1.891;19;128;[1.769, 2.019, 1.0, 1.626, 2.187];[2.146, 2.59, 1.224]
43;18362.621;454.528;3358.093;85.435;213.83;2435.152;2874.0;0.0;14550.0;32756.906;6058.236;-8336.049;13.423;19;128;[1.769, 2.117, 1.0, 1.626, 2.187];[2.231, 2.59, 1.224]
44;18362.621;454.528;3358.093;85.435;213.83;2435.152;2874.0;0.0;14550.0;32756.906;6058.236;-8336.049;13.873;19;128;[1.769, 2.117, 1.2, 1.626, 2.187];[2.231, 2.631, 1.224]
45;18362.621;454.528;3358.093;85.435;213.83;2435.152;2874.0;0.0;14550.0;32756.906;6058.236;-8336.049;34.451;19;128;[1.769, 2.117, 1.2, 1.626, 2.268];[2.231, 2.668, 1.224]
46;18317.313;430.226;3277.087;74.438;198.253;2133.647;3470.4;0.0;14610.0;32756.906;6058.236;-8381.357;10.395;19;128;[1.769, 2.117, 1.2, 1.863, 2.268];[2.231, 2.801, 1.224]
47;18315.635;429.839;3275.796;76.599;199.513;2191.091;3470.4;0.0;14610.0;32756.906;6058.236;-8383.035;36.825;19;128;[1.769, 2.117, 1.2, 1.863, 2.441];[2.408, 2.801, 1.224]
48;18315.635;429.839;3275.796;76.599;199.513;2191.091;3470.4;0.0;14610.0;32756.906;6058.236;-8383.035;2.72;19;128;[1.769, 2.117, 1.18, 1.863, 2.441];[2.408, 2.801, 1.202]
49;18315.635;429.839;3275.796;76.599;199.513;2191.091;3470.4;0.0;14610.0;32756.906;6058.236;-8383.035;14.337;19;128;[1.769, 2.005, 1.18, 1.863, 2.441];[2.408, 2.621, 1.202]
625constructshop:True depot:True weather:False;19881.728;546.707;3677.022;73.283;243.701;2149.067;4033.2;0.0;15658.0;32936.486;5878.656;-7176.102;31.563;19;128;[1.0, 1.0, 1.0, 1.0, 1.0];[1.0, 1.0, 1.0]
0;19642.279;542.449;3662.83;71.589;248.439;2109.756;4152.0;0.0;15437.0;32936.486;5878.656;-7415.551;5.183;18;128;[1.0, 1.0, 1.0, 1.0, 1.3];[1.0, 1.0, 1.3]
1;19619.322;537.151;3645.171;64.999;243.182;1933.161;4152.0;0.0;15437.0;32936.486;5878.656;-7438.508;6.236;18;128;[1.0, 1.3, 1.0, 1.0, 1.3];[1.0, 1.3, 1.3]
2;19619.322;537.151;3645.171;64.999;243.182;1933.161;4152.0;0.0;15437.0;32936.486;5878.656;-7438.508;1.353;18;128;[1.0, 1.27, 1.0, 1.0, 1.3];[1.0, 1.3, 1.27]
3;19619.322;537.151;3645.171;64.999;243.182;1933.161;4152.0;0.0;15437.0;32936.486;5878.656;-7438.508;13.578;18;128;[1.2, 1.27, 1.0, 1.0, 1.3];[1.0, 1.47, 1.27]
4;19442.38;491.934;3494.446;56.374;217.499;1683.233;4437.6;0.0;15456.0;32936.486;5878.656;-7615.45;38.021;18;128;[1.2, 1.27, 1.0, 1.0, 1.57];[1.0, 1.723, 1.27]
5;19332.227;494.514;3522.713;66.842;222.224;1960.12;3890.4;0.0;15315.0;33249.266;5565.876;-8351.163;3.436;17;128;[1.2, 1.27, 1.3, 1.0, 1.57];[1.0, 1.723, 1.543]
6;19332.227;494.514;3522.713;66.842;222.224;1960.12;3890.4;0.0;15315.0;33249.266;5565.876;-8351.163;30.003;17;128;[1.2, 1.27, 1.3, 1.0, 1.513];[1.0, 1.723, 1.543]
7;19332.227;494.514;3522.713;66.842;222.224;1960.12;3890.4;0.0;15315.0;33249.266;5565.876;-8351.163;32.143;17;128;[1.2, 1.27, 1.3, 1.0, 1.462];[1.0, 1.651, 1.543]
8;19332.227;494.514;3522.713;66.842;222.224;1960.12;3890.4;0.0;15315.0;33249.266;5565.876;-8351.163;4.467;17;128;[1.2, 1.27, 1.3, 1.0, 1.416];[1.0, 1.651, 1.489]
9;19332.227;494.514;3522.713;66.842;222.224;1960.12;3890.4;0.0;15315.0;33249.266;5565.876;-8351.163;3.946;17;128;[1.2, 1.27, 1.3, 1.0, 1.416];[1.0, 1.651, 1.44]
10;19332.227;494.514;3522.713;66.842;222.224;1960.12;3890.4;0.0;15315.0;33249.266;5565.876;-8351.163;2.665;17;128;[1.2, 1.27, 1.3, 1.0, 1.416];[1.0, 1.651, 1.396]
11;19332.227;494.514;3522.713;66.842;222.224;1960.12;3890.4;0.0;15315.0;33249.266;5565.876;-8351.163;15.241;17;128;[1.2, 1.27, 1.47, 1.0, 1.416];[1.0, 1.786, 1.396]
12;19332.227;494.514;3522.713;66.842;222.224;1960.12;3890.4;0.0;15315.0;33249.266;5565.876;-8351.163;2.737;17;128;[1.2, 1.243, 1.47, 1.0, 1.416];[1.0, 1.786, 1.356]
13;19332.227;494.514;3522.713;66.842;222.224;1960.12;3890.4;0.0;15315.0;33249.266;5565.876;-8351.163;13.833;17;128;[1.2, 1.243, 1.423, 1.0, 1.416];[1.0, 1.707, 1.356]
14;19332.227;494.514;3522.713;66.842;222.224;1960.12;3890.4;0.0;15315.0;33249.266;5565.876;-8351.163;4.537;17;128;[1.2, 1.419, 1.423, 1.0, 1.416];[1.0, 1.836, 1.356]
15;19332.227;494.514;3522.713;66.842;222.224;1960.12;3890.4;0.0;15315.0;33249.266;5565.876;-8351.163;16.63;17;128;[1.2, 1.419, 1.581, 1.0, 1.416];[1.0, 1.952, 1.356]
16;19332.227;494.514;3522.713;66.842;222.224;1960.12;3890.4;0.0;15315.0;33249.266;5565.876;-8351.163;4.019;17;128;[1.2, 1.419, 1.581, 1.0, 1.374];[1.0, 1.952, 1.32]
17;19332.227;494.514;3522.713;66.842;222.224;1960.12;3890.4;0.0;15315.0;33249.266;5565.876;-8351.163;14.404;17;128;[1.2, 1.419, 1.723, 1.0, 1.374];[1.0, 2.057, 1.32]
18;19332.227;494.514;3522.713;66.842;222.224;1960.12;3890.4;0.0;15315.0;33249.266;5565.876;-8351.163;4.043;17;128;[1.2, 1.419, 1.651, 1.0, 1.374];[1.0, 2.057, 1.288]
19;19332.227;494.514;3522.713;66.842;222.224;1960.12;3890.4;0.0;15315.0;33249.266;5565.876;-8351.163;4.397;17;128;[1.2, 1.577, 1.651, 1.0, 1.374];[1.2, 2.057, 1.288]
20;19332.227;494.514;3522.713;66.842;222.224;1960.12;3890.4;0.0;15315.0;33249.266;5565.876;-8351.163;3.225;17;128;[1.2, 1.577, 1.586, 1.0, 1.374];[1.2, 2.057, 1.259]
21;19332.227;494.514;3522.713;66.842;222.224;1960.12;3890.4;0.0;15315.0;33249.266;5565.876;-8351.163;15.763;17;128;[1.2, 1.577, 1.586, 1.2, 1.374];[1.2, 2.151, 1.259]
22;19332.227;494.514;3522.713;66.842;222.224;1960.12;3890.4;0.0;15315.0;33249.266;5565.876;-8351.163;32.637;17;128;[1.2, 1.577, 1.586, 1.2, 1.337];[1.2, 2.036, 1.259]
23;19257.195;496.122;3528.073;83.676;228.989;2404.555;3369.6;0.0;15233.0;33249.266;5565.876;-8426.195;4.86;17;128;[1.2, 1.819, 1.586, 1.2, 1.337];[1.2, 2.232, 1.259]
24;19257.195;496.122;3528.073;83.676;228.989;2404.555;3369.6;0.0;15233.0;33249.266;5565.876;-8426.195;29.895;17;128;[1.2, 1.819, 1.586, 1.2, 1.303];[1.2, 2.109, 1.259]
25;19204.721;483.782;3486.939;91.123;228.79;2597.992;3440.4;0.0;15234.0;33249.266;5565.876;-8478.669;1.937;17;128;[1.2, 2.037, 1.586, 1.2, 1.303];[1.2, 2.109, 1.533]
26;19322.675;508.002;3600.673;115.475;256.358;3258.712;3560.4;0.0;15214.0;33327.782;5487.36;-8517.747;14.453;17;128;[1.48, 2.037, 1.586, 1.2, 1.303];[1.2, 2.298, 1.533]
27;19310.053;505.089;3590.964;91.668;242.526;2625.888;3560.4;0.0;15214.0;33327.782;5487.36;-8530.369;26.022;17;128;[1.48, 2.037, 1.586, 1.2, 1.573];[1.2, 2.468, 1.533]
28;19302.982;503.457;3585.524;86.033;239.258;2476.126;3560.4;0.0;15214.0;33327.782;5487.36;-8537.44;4.484;17;128;[1.48, 2.233, 1.586, 1.2, 1.573];[1.2, 2.621, 1.533]
29;19302.982;503.457;3585.524;86.033;239.258;2476.126;3560.4;0.0;15214.0;33327.782;5487.36;-8537.44;25.941;17;128;[1.48, 2.233, 1.586, 1.2, 1.516];[1.2, 2.459, 1.533]
30;19302.982;503.457;3585.524;86.033;239.258;2476.126;3560.4;0.0;15214.0;33327.782;5487.36;-8537.44;14.925;17;128;[1.48, 2.233, 1.586, 1.18, 1.516];[1.2, 2.313, 1.533]
31;19262.785;494.181;3554.604;73.966;223.976;2147.097;3560.4;0.0;15214.0;33327.782;5487.36;-8577.637;24.398;17;128;[1.48, 2.233, 1.586, 1.18, 1.764];[1.48, 2.313, 1.533]
32;19262.785;494.181;3554.604;73.966;223.976;2147.097;3560.4;0.0;15214.0;33327.782;5487.36;-8577.637;24.493;17;128;[1.48, 2.233, 1.586, 1.18, 1.688];[1.432, 2.313, 1.533]
33;19253.929;492.137;3547.792;73.649;222.776;2137.651;3560.4;0.0;15214.0;33327.782;5487.36;-8586.493;13.235;17;128;[1.48, 2.233, 1.586, 1.462, 1.688];[1.432, 2.482, 1.533]
34;19253.929;492.137;3547.792;73.649;222.776;2137.651;3560.4;0.0;15214.0;33327.782;5487.36;-8586.493;34.964;17;128;[1.48, 2.233, 1.527, 1.462, 1.688];[1.389, 2.482, 1.533]
35;19253.929;492.137;3547.792;73.649;222.776;2137.651;3560.4;0.0;15214.0;33327.782;5487.36;-8586.493;31.681;17;128;[1.48, 2.233, 1.527, 1.462, 1.819];[1.55, 2.482, 1.533]
36;19253.929;492.137;3547.792;73.649;222.776;2137.651;3560.4;0.0;15214.0;33327.782;5487.36;-8586.493;28.003;17;128;[1.48, 2.233, 1.527, 1.462, 1.737];[1.55, 2.334, 1.533]
37;18876.715;504.934;3538.781;71.708;232.293;2096.689;3038.4;0.0;14833.0;33147.002;5668.14;-8602.147;10.038;18;128;[1.732, 2.233, 1.527, 1.462, 1.737];[1.55, 2.501, 1.533]
38;18876.715;504.934;3538.781;71.708;232.293;2096.689;3038.4;0.0;14833.0;33147.002;5668.14;-8602.147;1.962;18;128;[1.732, 2.11, 1.527, 1.462, 1.737];[1.55, 2.501, 1.48]
39;18780.995;492.306;3496.688;74.102;228.348;2154.987;2920.8;0.0;14792.0;33147.002;5668.14;-8697.867;8.461;18;128;[1.732, 2.299, 1.527, 1.462, 1.737];[1.55, 2.651, 1.48]
40;18759.576;487.364;3480.212;74.102;227.134;2153.773;3086.4;0.0;14792.0;33147.002;5668.14;-8719.286;10.596;18;128;[1.959, 2.299, 1.527, 1.462, 1.737];[1.55, 2.786, 1.48]
41;18732.714;481.165;3459.549;74.102;224.268;2150.907;3086.4;0.0;14792.0;33147.002;5668.14;-8746.148;2.65;18;128;[1.959, 2.469, 1.527, 1.462, 1.737];[1.55, 2.907, 1.48]
42;18650.921;471.52;3427.401;56.0;210.198;1666.2;3039.6;0.0;14752.0;33147.002;5668.14;-8827.941;10.147;18;128;[2.163, 2.469, 1.527, 1.462, 1.737];[1.795, 2.907, 1.48]
43;18650.921;471.52;3427.401;56.0;210.198;1666.2;3039.6;0.0;14752.0;33147.002;5668.14;-8827.941;19.245;18;128;[2.163, 2.469, 1.527, 1.462, 1.663];[1.795, 2.716, 1.48]
44;18650.921;471.52;3427.401;56.0;210.198;1666.2;3039.6;0.0;14752.0;33147.002;5668.14;-8827.941;11.522;18;128;[2.163, 2.469, 1.527, 1.416, 1.663];[1.795, 2.544, 1.48]
45;18650.921;471.52;3427.401;56.0;210.198;1666.2;3039.6;0.0;14752.0;33147.002;5668.14;-8827.941;2.767;18;128;[2.163, 2.469, 1.527, 1.374, 1.663];[1.795, 2.544, 1.432]
46;18650.921;471.52;3427.401;56.0;210.198;1666.2;3039.6;0.0;14752.0;33147.002;5668.14;-8827.941;1.754;18;128;[2.163, 2.469, 1.527, 1.337, 1.663];[1.795, 2.544, 1.389]
47;18650.921;471.52;3427.401;56.0;210.198;1666.2;3039.6;0.0;14752.0;33147.002;5668.14;-8827.941;1.707;18;128;[2.163, 2.469, 1.527, 1.303, 1.663];[1.795, 2.544, 1.35]
48;18650.921;471.52;3427.401;56.0;210.198;1666.2;3039.6;0.0;14752.0;33147.002;5668.14;-8827.941;9.721;18;128;[2.163, 2.469, 1.527, 1.473, 1.663];[1.795, 2.59, 1.35]
49;18650.921;471.52;3427.401;56.0;210.198;1666.2;3039.6;0.0;14752.0;33147.002;5668.14;-8827.941;18.863;18;128;[2.163, 2.469, 1.527, 1.473, 1.597];[1.795, 2.431, 1.35]
626constructshop:True depot:True weather:False;19885.49;549.805;3683.684;69.74;246.584;2059.836;3634.8;0.0;15652.0;32781.158;6033.984;-6861.684;28.858;19;128;[1.0, 1.0, 1.0, 1.0, 1.0];[1.0, 1.0, 1.0]
0;20060.914;565.98;3743.934;67.954;254.134;2020.933;3682.8;0.0;15751.0;33082.886;5732.256;-7289.716;3.938;18;128;[1.0, 1.0, 1.0, 1.3, 1.0];[1.0, 1.0, 1.3]
1;20004.861;553.045;3700.816;71.479;251.745;2110.197;3682.8;0.0;15751.0;33082.886;5732.256;-7345.769;10.919;18;128;[1.0, 1.3, 1.0, 1.3, 1.0];[1.3, 1.0, 1.3]
2;19853.026;568.775;3753.251;66.189;251.916;1972.825;3564.0;0.0;15531.0;33082.886;5732.256;-7497.604;4.657;18;128;[1.0, 1.3, 1.0, 1.3, 1.3];[1.3, 1.0, 1.57]
3;19744.008;543.848;3670.16;67.13;238.648;1984.022;3445.2;0.0;15530.0;33082.886;5732.256;-7606.622;12.503;18;128;[1.0, 1.3, 1.0, 1.57, 1.3];[1.57, 1.0, 1.57]
4;19744.008;543.848;3670.16;67.13;238.648;1984.022;3445.2;0.0;15530.0;33082.886;5732.256;-7606.622;1.64;18;128;[1.0, 1.47, 1.0, 1.57, 1.3];[1.57, 1.2, 1.57]
5;19744.008;543.848;3670.16;67.13;238.648;1984.022;3445.2;0.0;15530.0;33082.886;5732.256;-7606.622;9.597;18;128;[1.0, 1.47, 1.0, 1.713, 1.3];[1.713, 1.2, 1.57]
6;19702.153;547.574;3682.579;81.282;249.113;2362.446;3516.0;0.0;15472.0;33082.886;5732.256;-7648.477;4.066;18;128;[1.0, 1.47, 1.0, 1.713, 1.57];[1.713, 1.2, 1.813]
7;19632.8;541.031;3660.769;79.129;244.71;2302.053;3398.4;0.0;15431.0;33082.886;5732.256;-7717.83;12.859;18;128;[1.0, 1.723, 1.0, 1.713, 1.57];[1.713, 1.48, 1.813]
8;19545.984;539.689;3656.296;76.3;243.965;2227.773;3232.8;0.0;15350.0;33082.886;5732.256;-7804.646;12.393;18;128;[1.0, 1.723, 1.0, 1.942, 1.57];[1.713, 1.732, 1.813]
9;19545.984;539.689;3656.296;76.3;243.965;2227.773;3232.8;0.0;15350.0;33082.886;5732.256;-7804.646;11.548;18;128;[1.0, 1.723, 1.0, 2.048, 1.57];[1.713, 1.859, 1.813]
10;19545.984;539.689;3656.296;76.3;243.965;2227.773;3232.8;0.0;15350.0;33082.886;5732.256;-7804.646;2.545;18;128;[1.0, 1.723, 1.0, 2.048, 1.57];[1.713, 1.859, 1.732]
11;19545.984;539.689;3656.296;76.3;243.965;2227.773;3232.8;0.0;15350.0;33082.886;5732.256;-7804.646;2.72;18;128;[1.0, 1.723, 1.0, 2.048, 1.57];[1.713, 1.859, 1.659]
12;19175.48;537.495;3648.984;70.812;242.601;2083.713;2733.6;0.0;14989.0;33082.886;5732.256;-8175.15;26.14;18;128;[1.0, 1.723, 1.0, 2.048, 1.813];[1.942, 1.859, 1.659]
13;19175.48;537.495;3648.984;70.812;242.601;2083.713;2733.6;0.0;14989.0;33082.886;5732.256;-8175.15;12.505;18;128;[1.0, 1.723, 1.0, 1.943, 1.813];[1.942, 1.773, 1.659]
14;19120.462;524.799;3606.663;74.23;238.926;2168.898;2733.6;0.0;14989.0;33082.886;5732.256;-8230.168;13.307;18;128;[1.0, 1.723, 1.3, 1.943, 1.813];[2.148, 1.773, 1.659]
15;19120.462;524.799;3606.663;74.23;238.926;2168.898;2733.6;0.0;14989.0;33082.886;5732.256;-8230.168;4.82;18;128;[1.0, 1.723, 1.3, 1.943, 1.732];[2.148, 1.773, 1.593]
16;19027.718;503.397;3535.322;77.836;232.234;2255.98;2876.4;0.0;14989.0;33082.886;5732.256;-8322.912;1.287;18;128;[1.0, 1.951, 1.3, 1.943, 1.732];[2.148, 1.773, 1.834]
17;18969.692;513.083;3567.609;74.333;235.002;2167.667;2876.4;0.0;14889.0;33082.886;5732.256;-8380.938;1.334;18;128;[1.0, 2.156, 1.3, 1.943, 1.732];[2.333, 1.773, 1.834]
18;18969.692;513.083;3567.609;74.333;235.002;2167.667;2876.4;0.0;14889.0;33082.886;5732.256;-8380.938;24.271;18;128;[1.0, 2.156, 1.3, 1.943, 1.659];[2.2, 1.773, 1.834]
19;18969.692;513.083;3567.609;74.333;235.002;2167.667;2876.4;0.0;14889.0;33082.886;5732.256;-8380.938;3.412;18;128;[1.0, 2.156, 1.3, 1.943, 1.659];[2.2, 1.773, 1.751]
20;18902.119;515.951;3577.168;74.333;236.567;2169.231;2781.6;0.0;14809.0;33082.886;5732.256;-8448.511;15.379;18;128;[1.0, 2.156, 1.3, 2.149, 1.659];[2.2, 1.996, 1.751]
21;18902.119;515.951;3577.168;74.333;236.567;2169.231;2781.6;0.0;14809.0;33082.886;5732.256;-8448.511;13.2;18;128;[1.0, 2.156, 1.3, 2.234, 1.659];[2.2, 2.096, 1.751]
22;18902.119;515.951;3577.168;74.333;236.567;2169.231;2781.6;0.0;14809.0;33082.886;5732.256;-8448.511;3.109;18;128;[1.0, 2.156, 1.3, 2.111, 1.659];[2.2, 2.096, 1.676]
23;18902.119;515.951;3577.168;74.333;236.567;2169.231;2781.6;0.0;14809.0;33082.886;5732.256;-8448.511;26.53;18;128;[1.0, 2.156, 1.3, 2.111, 1.593];[2.2, 1.986, 1.676]
24;18902.119;515.951;3577.168;74.333;236.567;2169.231;2781.6;0.0;14809.0;33082.886;5732.256;-8448.511;8.878;18;128;[1.0, 2.156, 1.3, 2.2, 1.593];[2.2, 2.087, 1.676]
25;18902.119;515.951;3577.168;74.333;236.567;2169.231;2781.6;0.0;14809.0;33082.886;5732.256;-8448.511;2.772;18;128;[1.0, 2.04, 1.3, 2.2, 1.593];[2.2, 2.087, 1.608]
26;18902.119;515.951;3577.168;74.333;236.567;2169.231;2781.6;0.0;14809.0;33082.886;5732.256;-8448.511;10.851;18;128;[1.0, 2.04, 1.3, 2.2, 1.593];[2.2, 1.978, 1.608]
27;18902.119;515.951;3577.168;74.333;236.567;2169.231;2781.6;0.0;14809.0;33082.886;5732.256;-8448.511;4.337;18;128;[1.0, 2.04, 1.3, 2.2, 1.734];[2.2, 1.978, 1.747]
28;18902.119;515.951;3577.168;74.333;236.567;2169.231;2781.6;0.0;14809.0;33082.886;5732.256;-8448.511;14.583;18;128;[1.0, 2.136, 1.3, 2.2, 1.734];[2.2, 2.08, 1.747]
29;18902.119;515.951;3577.168;74.333;236.567;2169.231;2781.6;0.0;14809.0;33082.886;5732.256;-8448.511;9.261;18;128;[1.0, 2.136, 1.3, 2.08, 1.734];[2.08, 2.08, 1.747]
30;18902.119;515.951;3577.168;74.333;236.567;2169.231;2781.6;0.0;14809.0;33082.886;5732.256;-8448.511;3.672;18;128;[1.0, 2.136, 1.3, 2.08, 1.734];[2.08, 2.08, 1.672]
31;18902.119;515.951;3577.168;74.333;236.567;2169.231;2781.6;0.0;14809.0;33082.886;5732.256;-8448.511;34.012;18;128;[1.0, 2.136, 1.3, 2.08, 1.861];[2.08, 2.172, 1.672]
32;18902.119;515.951;3577.168;74.333;236.567;2169.231;2781.6;0.0;14809.0;33082.886;5732.256;-8448.511;11.154;18;128;[1.0, 2.136, 1.3, 1.972, 1.861];[2.08, 2.055, 1.672]
33;18902.119;515.951;3577.168;74.333;236.567;2169.231;2781.6;0.0;14809.0;33082.886;5732.256;-8448.511;12.006;18;128;[1.0, 2.136, 1.3, 2.075, 1.861];[2.172, 2.055, 1.672]
34;18902.119;515.951;3577.168;74.333;236.567;2169.231;2781.6;0.0;14809.0;33082.886;5732.256;-8448.511;35.936;18;128;[1.0, 2.136, 1.3, 2.075, 1.975];[2.255, 2.055, 1.672]
35;18902.119;515.951;3577.168;74.333;236.567;2169.231;2781.6;0.0;14809.0;33082.886;5732.256;-8448.511;32.174;18;128;[1.0, 2.136, 1.3, 2.075, 2.078];[2.255, 2.15, 1.672]
36;18585.221;513.128;3598.093;77.421;236.586;2249.541;2614.8;0.0;14474.0;32933.266;5881.876;-8466.169;2.89;18;128;[1.3, 2.136, 1.3, 2.075, 2.078];[2.255, 2.15, 1.905]
37;18576.958;511.221;3591.737;77.615;236.058;2254.048;2614.8;0.0;14474.0;32933.266;5881.876;-8474.432;36.302;18;128;[1.3, 2.136, 1.3, 2.075, 2.27];[2.429, 2.15, 1.905]
38;18576.958;511.221;3591.737;77.615;236.058;2254.048;2614.8;0.0;14474.0;32933.266;5881.876;-8474.432;5.696;18;128;[1.3, 2.136, 1.3, 2.075, 2.143];[2.429, 2.15, 1.815]
39;18576.958;511.221;3591.737;77.615;236.058;2254.048;2614.8;0.0;14474.0;32933.266;5881.876;-8474.432;6.513;18;128;[1.3, 2.022, 1.3, 2.075, 2.143];[2.429, 2.035, 1.815]
40;18576.958;511.221;3591.737;77.615;236.058;2254.048;2614.8;0.0;14474.0;32933.266;5881.876;-8474.432;3.476;18;128;[1.3, 2.12, 1.3, 2.075, 2.143];[2.486, 2.035, 1.815]
41;18576.958;511.221;3591.737;77.615;236.058;2254.048;2614.8;0.0;14474.0;32933.266;5881.876;-8474.432;4.702;18;128;[1.3, 2.12, 1.3, 2.075, 2.229];[2.486, 2.035, 1.933]
42;18576.958;511.221;3591.737;77.615;236.058;2254.048;2614.8;0.0;14474.0;32933.266;5881.876;-8474.432;38.82;18;128;[1.3, 2.12, 1.3, 2.075, 2.306];[2.537, 2.035, 1.933]
43;18576.958;511.221;3591.737;77.615;236.058;2254.048;2614.8;0.0;14474.0;32933.266;5881.876;-8474.432;40.615;18;128;[1.3, 2.12, 1.3, 2.075, 2.175];[2.537, 1.932, 1.933]
44;18773.54;513.817;3570.723;63.945;229.351;1891.911;2709.6;139.0;14689.0;33032.402;5782.74;-8476.122;15.174;18;128;[1.3, 2.12, 1.57, 2.075, 2.175];[2.537, 2.139, 1.933]
45;18735.193;504.968;3541.226;64.703;223.767;1906.032;2709.6;139.0;14689.0;33032.402;5782.74;-8514.469;17.678;18;128;[1.57, 2.12, 1.57, 2.075, 2.175];[2.537, 2.325, 1.933]
46;18637.641;482.456;3466.185;71.863;217.264;2085.691;2590.8;139.0;14689.0;33032.402;5782.74;-8612.021;15.391;18;128;[1.57, 2.12, 1.813, 2.075, 2.175];[2.683, 2.325, 1.933]
47;18616.324;477.306;3449.018;70.509;214.412;2047.645;2661.6;139.0;14690.0;33032.402;5782.74;-8633.338;2.358;18;128;[1.57, 2.308, 1.813, 2.075, 2.175];[2.683, 2.325, 2.14]
48;18562.483;474.342;3439.141;69.56;213.088;2021.645;2544.0;139.0;14649.0;33032.402;5782.74;-8687.179;15.404;18;128;[1.813, 2.308, 1.813, 2.075, 2.175];[2.683, 2.493, 2.14]
49;18562.371;474.316;3439.054;72.879;215.417;2110.269;2544.0;139.0;14649.0;33032.402;5782.74;-8687.291;4.806;18;128;[1.813, 2.477, 1.813, 2.075, 2.175];[2.815, 2.493, 2.14]
627constructshop:True depot:True weather:False;19685.271;546.293;3663.978;73.762;248.364;2166.187;3585.6;0.0;15475.0;32756.906;6058.236;-7013.399;31.268;19;128;[1.0, 1.0, 1.0, 1.0, 1.0];[1.0, 1.0, 1.0]
0;19426.635;514.531;3558.104;62.041;230.74;1843.806;3538.8;0.0;15354.0;32756.906;6058.236;-7272.035;11.976;19;128;[1.3, 1.0, 1.0, 1.0, 1.0];[1.3, 1.0, 1.0]
1;19339.027;513.006;3553.021;65.095;231.029;1923.502;3538.8;0.0;15273.0;32756.906;6058.236;-7359.643;9.586;19;128;[1.3, 1.3, 1.0, 1.0, 1.0];[1.57, 1.0, 1.0]
2;19246.601;505.754;3528.847;65.917;226.479;1940.326;3444.0;0.0;15212.0;32756.906;6058.236;-7452.069;12.473;19;128;[1.3, 1.3, 1.0, 1.3, 1.0];[1.57, 1.3, 1.0]
3;19246.601;505.754;3528.847;65.917;226.479;1940.326;3444.0;0.0;15212.0;32756.906;6058.236;-7452.069;10.224;19;128;[1.3, 1.3, 1.0, 1.47, 1.0];[1.57, 1.47, 1.0]
4;19241.327;504.306;3524.021;58.748;222.799;1750.242;3514.8;0.0;15213.0;32756.906;6058.236;-7457.343;3.535;19;128;[1.57, 1.3, 1.0, 1.47, 1.0];[1.57, 1.47, 1.3]
5;19241.327;504.306;3524.021;58.748;222.799;1750.242;3514.8;0.0;15213.0;32756.906;6058.236;-7457.343;2.965;19;128;[1.57, 1.3, 1.0, 1.423, 1.0];[1.57, 1.47, 1.27]
6;19241.327;504.306;3524.021;58.748;222.799;1750.242;3514.8;0.0;15213.0;32756.906;6058.236;-7457.343;2.602;19;128;[1.57, 1.3, 1.0, 1.581, 1.0];[1.57, 1.47, 1.443]
7;19183.465;490.954;3479.512;62.6;220.735;1848.33;3514.8;0.0;15213.0;32756.906;6058.236;-7515.205;11.946;19;128;[1.57, 1.3, 1.0, 1.823, 1.0];[1.813, 1.47, 1.443]
8;19183.465;490.954;3479.512;62.6;220.735;1848.33;3514.8;0.0;15213.0;32756.906;6058.236;-7515.205;9.443;19;128;[1.57, 1.3, 1.0, 1.941, 1.0];[1.813, 1.623, 1.443]
9;19183.465;490.954;3479.512;62.6;220.735;1848.33;3514.8;0.0;15213.0;32756.906;6058.236;-7515.205;2.152;19;128;[1.57, 1.3, 1.0, 1.847, 1.0];[1.813, 1.623, 1.399]
10;19183.465;490.954;3479.512;62.6;220.735;1848.33;3514.8;0.0;15213.0;32756.906;6058.236;-7515.205;27.02;19;128;[1.57, 1.3, 1.0, 1.847, 1.2];[1.813, 1.761, 1.399]
11;19183.465;490.954;3479.512;62.6;220.735;1848.33;3514.8;0.0;15213.0;32756.906;6058.236;-7515.205;3.396;19;128;[1.513, 1.3, 1.0, 1.847, 1.2];[1.813, 1.761, 1.359]
12;19183.465;490.954;3479.512;62.6;220.735;1848.33;3514.8;0.0;15213.0;32756.906;6058.236;-7515.205;6.912;19;128;[1.513, 1.3, 1.0, 1.962, 1.2];[1.932, 1.761, 1.359]
13;19183.465;490.954;3479.512;62.6;220.735;1848.33;3514.8;0.0;15213.0;32756.906;6058.236;-7515.205;1.396;19;128;[1.513, 1.3, 1.0, 1.866, 1.2];[1.932, 1.761, 1.323]
14;19183.465;490.954;3479.512;62.6;220.735;1848.33;3514.8;0.0;15213.0;32756.906;6058.236;-7515.205;7.951;19;128;[1.462, 1.3, 1.0, 1.866, 1.2];[1.839, 1.761, 1.323]
15;19126.436;523.947;3589.489;67.397;234.664;1986.983;3489.6;0.0;15013.0;32756.906;6058.236;-7572.234;19.899;19;128;[1.462, 1.3, 1.0, 1.866, 1.48];[1.839, 1.985, 1.323]
16;18934.05;503.089;3519.962;60.738;224.03;1803.205;3277.2;0.0;14911.0;32756.906;6058.236;-7764.62;21.021;19;128;[1.462, 1.3, 1.0, 1.866, 1.732];[1.839, 2.187, 1.323]
17;18826.044;496.395;3497.649;77.972;229.733;2256.999;3229.2;0.0;14832.0;32756.906;6058.236;-7872.626;11.786;19;128;[1.462, 1.3, 1.3, 1.866, 1.732];[1.839, 2.368, 1.323]
18;18826.044;496.395;3497.649;77.972;229.733;2256.999;3229.2;0.0;14832.0;32756.906;6058.236;-7872.626;7.296;19;128;[1.462, 1.3, 1.3, 1.779, 1.732];[1.839, 2.231, 1.323]
19;18826.044;496.395;3497.649;77.972;229.733;2256.999;3229.2;0.0;14832.0;32756.906;6058.236;-7872.626;10.402;19;128;[1.616, 1.3, 1.3, 1.779, 1.732];[1.839, 2.308, 1.323]
20;18702.399;472.246;3417.153;71.803;217.778;2084.656;3466.8;0.0;14813.0;32756.906;6058.236;-7996.271;11.038;19;128;[1.616, 1.3, 1.57, 1.779, 1.732];[1.839, 2.477, 1.323]
21;18702.399;472.246;3417.153;71.803;217.778;2084.656;3466.8;0.0;14813.0;32756.906;6058.236;-7996.271;10.698;19;128;[1.616, 1.3, 1.513, 1.779, 1.732];[1.839, 2.329, 1.323]
22;18702.399;472.246;3417.153;71.803;217.778;2084.656;3466.8;0.0;14813.0;32756.906;6058.236;-7996.271;2.038;19;128;[1.616, 1.47, 1.513, 1.779, 1.732];[1.955, 2.329, 1.323]
23;18702.399;472.246;3417.153;71.803;217.778;2084.656;3466.8;0.0;14813.0;32756.906;6058.236;-7996.271;4.157;19;128;[1.616, 1.47, 1.513, 1.779, 1.659];[1.955, 2.329, 1.291]
24;18630.127;455.568;3361.559;59.585;201.748;1750.946;3466.8;0.0;14813.0;32756.906;6058.236;-8068.543;10.205;19;128;[1.616, 1.47, 1.762, 1.779, 1.659];[2.159, 2.329, 1.291]
25;19044.783;466.642;3409.141;61.506;210.498;1809.651;3324.0;0.0;15169.0;33291.086;5524.056;-8722.247;2.007;18;128;[1.616, 1.723, 1.762, 1.779, 1.659];[2.159, 2.329, 1.562]
26;19044.783;466.642;3409.141;61.506;210.498;1809.651;3324.0;0.0;15169.0;33291.086;5524.056;-8722.247;2.562;18;128;[1.616, 1.723, 1.686, 1.779, 1.659];[2.159, 2.329, 1.506]
27;18941.507;461.04;3390.467;54.946;204.659;1633.251;3252.0;0.0;15090.0;33291.086;5524.056;-8825.523;25.088;18;128;[1.616, 1.723, 1.686, 1.779, 1.893];[2.343, 2.329, 1.506]
28;18941.507;461.04;3390.467;54.946;204.659;1633.251;3252.0;0.0;15090.0;33291.086;5524.056;-8825.523;22.537;18;128;[1.616, 1.723, 1.686, 1.779, 1.804];[2.343, 2.196, 1.506]
29;18941.507;461.04;3390.467;54.946;204.659;1633.251;3252.0;0.0;15090.0;33291.086;5524.056;-8825.523;3.047;18;128;[1.616, 1.723, 1.617, 1.779, 1.804];[2.343, 2.196, 1.455]
30;18941.507;461.04;3390.467;54.946;204.659;1633.251;3252.0;0.0;15090.0;33291.086;5524.056;-8825.523;9.267;18;128;[1.616, 1.723, 1.755, 1.779, 1.804];[2.343, 2.276, 1.455]
31;18941.507;461.04;3390.467;54.946;204.659;1633.251;3252.0;0.0;15090.0;33291.086;5524.056;-8825.523;2.204;18;128;[1.616, 1.651, 1.755, 1.779, 1.804];[2.209, 2.276, 1.455]
32;18941.507;461.04;3390.467;54.946;204.659;1633.251;3252.0;0.0;15090.0;33291.086;5524.056;-8825.523;4.737;18;128;[1.616, 1.786, 1.755, 1.779, 1.804];[2.288, 2.276, 1.455]
33;18941.507;461.04;3390.467;54.946;204.659;1633.251;3252.0;0.0;15090.0;33291.086;5524.056;-8825.523;15.857;18;128;[1.616, 1.786, 1.755, 1.901, 1.804];[2.288, 2.348, 1.455]
34;18941.507;461.04;3390.467;54.946;204.659;1633.251;3252.0;0.0;15090.0;33291.086;5524.056;-8825.523;7.456;18;128;[1.616, 1.907, 1.755, 1.901, 1.804];[2.288, 2.413, 1.455]
35;18941.507;461.04;3390.467;54.946;204.659;1633.251;3252.0;0.0;15090.0;33291.086;5524.056;-8825.523;4.156;18;128;[1.616, 2.016, 1.755, 1.901, 1.804];[2.288, 2.472, 1.455]
36;18941.507;461.04;3390.467;54.946;204.659;1633.251;3252.0;0.0;15090.0;33291.086;5524.056;-8825.523;10.63;18;128;[1.616, 2.016, 1.879, 1.901, 1.804];[2.359, 2.472, 1.455]
37;18941.507;461.04;3390.467;54.946;204.659;1633.251;3252.0;0.0;15090.0;33291.086;5524.056;-8825.523;9.231;18;128;[1.616, 1.914, 1.879, 1.901, 1.804];[2.223, 2.472, 1.455]
38;18941.507;461.04;3390.467;54.946;204.659;1633.251;3252.0;0.0;15090.0;33291.086;5524.056;-8825.523;10.564;18;128;[1.616, 1.914, 1.791, 1.901, 1.804];[2.101, 2.472, 1.455]
39;18941.507;461.04;3390.467;54.946;204.659;1633.251;3252.0;0.0;15090.0;33291.086;5524.056;-8825.523;11.655;18;128;[1.616, 1.914, 1.791, 2.011, 1.804];[2.191, 2.472, 1.455]
40;18941.507;461.04;3390.467;54.946;204.659;1633.251;3252.0;0.0;15090.0;33291.086;5524.056;-8825.523;19.408;18;128;[1.616, 1.914, 1.791, 2.011, 1.924];[2.191, 2.525, 1.455]
41;18941.507;461.04;3390.467;54.946;204.659;1633.251;3252.0;0.0;15090.0;33291.086;5524.056;-8825.523;4.121;18;128;[1.616, 1.914, 1.791, 2.011, 1.832];[2.191, 2.525, 1.41]
42;18941.507;461.04;3390.467;54.946;204.659;1633.251;3252.0;0.0;15090.0;33291.086;5524.056;-8825.523;10.968;18;128;[1.754, 1.914, 1.791, 2.011, 1.832];[2.191, 2.572, 1.41]
43;18941.507;461.04;3390.467;54.946;204.659;1633.251;3252.0;0.0;15090.0;33291.086;5524.056;-8825.523;12.969;18;128;[1.679, 1.914, 1.791, 2.011, 1.832];[2.072, 2.572, 1.41]
44;18941.507;461.04;3390.467;54.946;204.659;1633.251;3252.0;0.0;15090.0;33291.086;5524.056;-8825.523;5.23;18;128;[1.679, 1.823, 1.791, 2.011, 1.832];[1.965, 2.572, 1.41]
45;18941.507;461.04;3390.467;54.946;204.659;1633.251;3252.0;0.0;15090.0;33291.086;5524.056;-8825.523;12.054;18;128;[1.679, 1.823, 1.791, 1.91, 1.832];[1.965, 2.415, 1.41]
46;18941.507;461.04;3390.467;54.946;204.659;1633.251;3252.0;0.0;15090.0;33291.086;5524.056;-8825.523;2.163;18;128;[1.679, 1.941, 1.791, 1.91, 1.832];[1.965, 2.415, 1.569]
47;18941.507;461.04;3390.467;54.946;204.659;1633.251;3252.0;0.0;15090.0;33291.086;5524.056;-8825.523;3.131;18;128;[1.679, 1.941, 1.712, 1.91, 1.832];[1.965, 2.415, 1.512]
48;18941.507;461.04;3390.467;54.946;204.659;1633.251;3252.0;0.0;15090.0;33291.086;5524.056;-8825.523;3.668;18;128;[1.679, 1.941, 1.712, 1.91, 1.749];[1.965, 2.415, 1.461]
49;18941.507;461.04;3390.467;54.946;204.659;1633.251;3252.0;0.0;15090.0;33291.086;5524.056;-8825.523;24.169;18;128;[1.679, 1.941, 1.712, 1.91, 1.874];[1.965, 2.474, 1.461]
628constructshop:True depot:True weather:False;19308.157;519.959;3576.198;73.253;238.11;2142.683;3114.0;0.0;15212.0;32756.906;6058.236;-7390.513;26.945;19;128;[1.0, 1.0, 1.0, 1.0, 1.0];[1.0, 1.0, 1.0]
0;19308.157;519.959;3576.198;73.253;238.11;2142.683;3114.0;0.0;15212.0;32756.906;6058.236;-7390.513;15.274;19;128;[1.0, 1.0, 1.0, 1.0, 1.0];[1.0, 1.0, 1.0]
1;19151.201;515.816;3562.386;81.408;241.829;2358.448;3232.8;0.0;15073.0;32756.906;6058.236;-7547.469;15.55;19;128;[1.0, 1.0, 1.3, 1.0, 1.0];[1.3, 1.0, 1.0]
2;19077.366;512.623;3551.743;83.303;241.054;2406.927;3162.0;0.0;15013.0;32756.906;6058.236;-7621.304;6.987;19;128;[1.0, 1.3, 1.3, 1.0, 1.0];[1.3, 1.3, 1.0]
3;19037.817;503.496;3521.321;78.969;232.857;2286.041;3162.0;0.0;15013.0;32756.906;6058.236;-7660.853;11.127;19;128;[1.3, 1.3, 1.3, 1.0, 1.0];[1.3, 1.57, 1.0]
4;18680.22;481.205;3447.016;57.376;209.671;1701.451;3091.2;0.0;14752.0;32756.906;6058.236;-8018.45;33.941;19;128;[1.3, 1.3, 1.3, 1.0, 1.3];[1.57, 1.57, 1.0]
5;18680.22;481.205;3447.016;57.376;209.671;1701.451;3091.2;0.0;14752.0;32756.906;6058.236;-8018.45;5.669;19;128;[1.3, 1.47, 1.3, 1.0, 1.3];[1.57, 1.713, 1.0]
6;18516.797;475.799;3428.998;61.631;210.499;1812.895;3091.2;0.0;14612.0;32756.906;6058.236;-8181.873;14.397;19;128;[1.3, 1.723, 1.3, 1.0, 1.3];[1.57, 1.942, 1.0]
7;18516.797;475.799;3428.998;61.631;210.499;1812.895;3091.2;0.0;14612.0;32756.906;6058.236;-8181.873;31.173;19;128;[1.3, 1.723, 1.3, 1.0, 1.27];[1.513, 1.942, 1.0]
8;18516.797;475.799;3428.998;61.631;210.499;1812.895;3091.2;0.0;14612.0;32756.906;6058.236;-8181.873;13.105;19;128;[1.3, 1.723, 1.27, 1.0, 1.27];[1.513, 1.848, 1.0]
9;18516.797;475.799;3428.998;61.631;210.499;1812.895;3091.2;0.0;14612.0;32756.906;6058.236;-8181.873;7.466;19;128;[1.3, 1.851, 1.27, 1.0, 1.27];[1.513, 1.963, 1.0]
10;18516.797;475.799;3428.998;61.631;210.499;1812.895;3091.2;0.0;14612.0;32756.906;6058.236;-8181.873;4.122;19;128;[1.3, 1.851, 1.27, 1.0, 1.27];[1.513, 1.963, 1.0]
11;18516.797;475.799;3428.998;61.631;210.499;1812.895;3091.2;0.0;14612.0;32756.906;6058.236;-8181.873;8.51;19;128;[1.3, 1.766, 1.27, 1.0, 1.27];[1.513, 1.867, 1.0]
12;18459.959;462.913;3386.045;52.166;200.362;1556.669;3091.2;0.0;14611.0;32756.906;6058.236;-8238.712;10.412;19;128;[1.3, 1.766, 1.27, 1.3, 1.27];[1.762, 1.867, 1.0]
13;18459.959;462.913;3386.045;52.166;200.362;1556.669;3091.2;0.0;14611.0;32756.906;6058.236;-8238.712;9.125;19;128;[1.3, 1.766, 1.27, 1.47, 1.27];[1.886, 1.867, 1.0]
14;18293.479;461.418;3381.061;60.488;206.646;1779.321;3091.2;0.0;14451.0;32756.906;6058.236;-8405.191;26.618;19;128;[1.3, 1.766, 1.27, 1.47, 1.543];[1.886, 2.08, 1.0]
15;18293.479;461.418;3381.061;60.488;206.646;1779.321;3091.2;0.0;14451.0;32756.906;6058.236;-8405.191;9.774;19;128;[1.3, 1.766, 1.27, 1.423, 1.543];[1.797, 2.08, 1.0]
16;18293.479;461.418;3381.061;60.488;206.646;1779.321;3091.2;0.0;14451.0;32756.906;6058.236;-8405.191;4.115;19;128;[1.3, 1.766, 1.243, 1.423, 1.543];[1.797, 2.08, 1.0]
17;18293.479;461.418;3381.061;60.488;206.646;1779.321;3091.2;0.0;14451.0;32756.906;6058.236;-8405.191;2.53;19;128;[1.3, 1.889, 1.243, 1.423, 1.543];[1.797, 2.172, 1.0]
18;18293.479;461.418;3381.061;60.488;206.646;1779.321;3091.2;0.0;14451.0;32756.906;6058.236;-8405.191;5.729;19;128;[1.3, 1.889, 1.243, 1.423, 1.489];[1.797, 2.172, 1.0]
19;18293.479;461.418;3381.061;60.488;206.646;1779.321;3091.2;0.0;14451.0;32756.906;6058.236;-8405.191;13.308;19;128;[1.3, 1.889, 1.419, 1.423, 1.489];[1.797, 2.255, 1.0]
20;18293.479;461.418;3381.061;60.488;206.646;1779.321;3091.2;0.0;14451.0;32756.906;6058.236;-8405.191;13.341;19;128;[1.47, 1.889, 1.419, 1.423, 1.489];[1.917, 2.255, 1.0]
21;18184.259;459.06;3373.199;68.085;208.949;1979.149;2662.8;0.0;14352.0;32756.906;6058.236;-8514.411;14.06;19;128;[1.723, 1.889, 1.419, 1.423, 1.489];[2.125, 2.255, 1.0]
22;18184.259;459.06;3373.199;68.085;208.949;1979.149;2662.8;0.0;14352.0;32756.906;6058.236;-8514.411;10.92;19;128;[1.723, 1.889, 1.419, 1.381, 1.489];[2.125, 2.13, 1.0]
23;18184.259;459.06;3373.199;68.085;208.949;1979.149;2662.8;0.0;14352.0;32756.906;6058.236;-8514.411;9.849;19;128;[1.723, 1.889, 1.419, 1.543, 1.489];[2.125, 2.217, 1.0]
24;18184.259;459.06;3373.199;68.085;208.949;1979.149;2662.8;0.0;14352.0;32756.906;6058.236;-8514.411;9.123;19;128;[1.723, 1.8, 1.419, 1.543, 1.489];[2.125, 2.095, 1.0]
25;18141.68;449.234;3340.446;70.207;205.44;2030.826;2662.8;0.0;14352.0;32756.906;6058.236;-8556.99;12.618;19;128;[1.951, 1.8, 1.419, 1.543, 1.489];[2.125, 2.286, 1.0]
26;18141.68;449.234;3340.446;70.207;205.44;2030.826;2662.8;0.0;14352.0;32756.906;6058.236;-8556.99;10.963;19;128;[1.951, 1.72, 1.419, 1.543, 1.489];[2.125, 2.157, 1.0]
27;18141.68;449.234;3340.446;70.207;205.44;2030.826;2662.8;0.0;14352.0;32756.906;6058.236;-8556.99;5.204;19;128;[1.951, 1.848, 1.419, 1.543, 1.489];[2.125, 2.241, 1.0]
28;18062.47;449.647;3341.823;62.069;202.397;1816.2;2662.8;0.0;14271.0;32756.906;6058.236;-8636.2;4.896;19;128;[1.951, 2.063, 1.419, 1.543, 1.489];[2.125, 2.417, 1.0]
29;18062.47;449.647;3341.823;62.069;202.397;1816.2;2662.8;0.0;14271.0;32756.906;6058.236;-8636.2;14.624;19;128;[1.951, 1.957, 1.419, 1.543, 1.489];[2.125, 2.275, 1.0]
30;18062.47;449.647;3341.823;62.069;202.397;1816.2;2662.8;0.0;14271.0;32756.906;6058.236;-8636.2;10.129;19;128;[1.951, 2.061, 1.419, 1.543, 1.489];[2.125, 2.348, 1.0]
31;18062.47;449.647;3341.823;62.069;202.397;1816.2;2662.8;0.0;14271.0;32756.906;6058.236;-8636.2;10.752;19;128;[1.951, 1.955, 1.419, 1.543, 1.489];[2.125, 2.213, 1.0]
32;18062.47;449.647;3341.823;62.069;202.397;1816.2;2662.8;0.0;14271.0;32756.906;6058.236;-8636.2;5.153;19;128;[1.951, 2.059, 1.419, 1.543, 1.489];[2.213, 2.213, 1.0]
33;18062.47;449.647;3341.823;62.069;202.397;1816.2;2662.8;0.0;14271.0;32756.906;6058.236;-8636.2;9.287;19;128;[2.056, 2.059, 1.419, 1.543, 1.489];[2.213, 2.292, 1.0]
34;18282.223;456.359;3376.864;64.555;203.043;1881.462;2662.8;0.0;14449.0;33147.002;5668.14;-9196.639;20.051;18;128;[2.25, 2.059, 1.419, 1.543, 1.489];[2.392, 2.292, 1.0]
35;18282.223;456.359;3376.864;64.555;203.043;1881.462;2662.8;0.0;14449.0;33147.002;5668.14;-9196.639;15.368;18;128;[2.25, 2.059, 1.419, 1.489, 1.489];[2.253, 2.292, 1.0]
36;18282.223;456.359;3376.864;64.555;203.043;1881.462;2662.8;0.0;14449.0;33147.002;5668.14;-9196.639;37.426;18;128;[2.25, 2.059, 1.419, 1.489, 1.44];[2.253, 2.163, 1.0]
37;18282.223;456.359;3376.864;64.555;203.043;1881.462;2662.8;0.0;14449.0;33147.002;5668.14;-9196.639;18.804;18;128;[2.25, 2.059, 1.419, 1.44, 1.44];[2.253, 2.047, 1.0]
38;18282.223;456.359;3376.864;64.555;203.043;1881.462;2662.8;0.0;14449.0;33147.002;5668.14;-9196.639;8.784;18;128;[2.25, 2.153, 1.419, 1.44, 1.44];[2.253, 2.142, 1.0]
39;18282.223;456.359;3376.864;64.555;203.043;1881.462;2662.8;0.0;14449.0;33147.002;5668.14;-9196.639;15.104;18;128;[2.25, 2.153, 1.577, 1.44, 1.44];[2.253, 2.228, 1.0]
40;18282.223;456.359;3376.864;64.555;203.043;1881.462;2662.8;0.0;14449.0;33147.002;5668.14;-9196.639;3.915;18;128;[2.25, 2.038, 1.577, 1.44, 1.44];[2.253, 2.228, 1.0]
41;18282.223;456.359;3376.864;64.555;203.043;1881.462;2662.8;0.0;14449.0;33147.002;5668.14;-9196.639;3.653;18;128;[2.25, 2.038, 1.577, 1.396, 1.44];[2.253, 2.228, 1.0]
42;18282.223;456.359;3376.864;64.555;203.043;1881.462;2662.8;0.0;14449.0;33147.002;5668.14;-9196.639;4.97;18;128;[2.25, 2.038, 1.577, 1.396, 1.396];[2.253, 2.228, 1.0]
43;18282.223;456.359;3376.864;64.555;203.043;1881.462;2662.8;0.0;14449.0;33147.002;5668.14;-9196.639;2.878;18;128;[2.25, 2.134, 1.577, 1.396, 1.396];[2.328, 2.228, 1.0]
44;18282.223;456.359;3376.864;64.555;203.043;1881.462;2662.8;0.0;14449.0;33147.002;5668.14;-9196.639;3.312;18;128;[2.125, 2.134, 1.577, 1.396, 1.396];[2.328, 2.228, 1.0]
45;18282.223;456.359;3376.864;64.555;203.043;1881.462;2662.8;0.0;14449.0;33147.002;5668.14;-9196.639;3.517;18;128;[2.125, 2.221, 1.577, 1.396, 1.396];[2.395, 2.228, 1.0]
46;18282.223;456.359;3376.864;64.555;203.043;1881.462;2662.8;0.0;14449.0;33147.002;5668.14;-9196.639;14.924;18;128;[2.013, 2.221, 1.577, 1.396, 1.396];[2.395, 2.105, 1.0]
47;18282.223;456.359;3376.864;64.555;203.043;1881.462;2662.8;0.0;14449.0;33147.002;5668.14;-9196.639;16.969;18;128;[2.013, 2.221, 1.577, 1.556, 1.396];[2.395, 2.195, 1.0]
48;18282.223;456.359;3376.864;64.555;203.043;1881.462;2662.8;0.0;14449.0;33147.002;5668.14;-9196.639;4.374;18;128;[2.013, 2.221, 1.577, 1.556, 1.356];[2.395, 2.195, 1.0]
49;18282.223;456.359;3376.864;64.555;203.043;1881.462;2662.8;0.0;14449.0;33147.002;5668.14;-9196.639;9.095;18;128;[2.112, 2.221, 1.577, 1.556, 1.356];[2.455, 2.195, 1.0]
629constructshop:True depot:True weather:False;19309.62;521.374;3595.246;91.519;246.68;2626.178;3134.4;118.0;15193.0;33082.886;5732.256;-8041.01;32.297;19;128;[1.0, 1.0, 1.0, 1.0, 1.0];[1.0, 1.0, 1.0]
0;19069.207;512.279;3564.928;70.021;232.345;2052.897;2778.0;118.0;14992.0;33082.886;5732.256;-8281.423;28.111;18;128;[1.0, 1.0, 1.0, 1.0, 1.3];[1.0, 1.3, 1.0]
1;19069.207;512.279;3564.928;70.021;232.345;2052.897;2778.0;118.0;14992.0;33082.886;5732.256;-8281.423;16.448;18;128;[1.0, 1.0, 1.0, 1.0, 1.3];[1.0, 1.27, 1.0]
2;19056.273;509.755;3556.518;73.68;228.69;2144.371;2588.4;118.0;14990.0;33082.886;5732.256;-8294.357;12.802;18;128;[1.0, 1.0, 1.3, 1.0, 1.3];[1.3, 1.27, 1.0]
3;19056.273;509.755;3556.518;73.68;228.69;2144.371;2588.4;118.0;14990.0;33082.886;5732.256;-8294.357;4.426;18;128;[1.0, 1.0, 1.3, 1.0, 1.3];[1.3, 1.27, 1.0]
4;19056.273;509.755;3556.518;73.68;228.69;2144.371;2588.4;118.0;14990.0;33082.886;5732.256;-8294.357;5.168;18;128;[1.0, 1.0, 1.3, 1.0, 1.27];[1.3, 1.27, 1.0]
5;19056.273;509.755;3556.518;73.68;228.69;2144.371;2588.4;118.0;14990.0;33082.886;5732.256;-8294.357;23.91;18;128;[1.0, 1.0, 1.3, 1.0, 1.243];[1.27, 1.27, 1.0]
6;19056.273;509.755;3556.518;73.68;228.69;2144.371;2588.4;118.0;14990.0;33082.886;5732.256;-8294.357;4.278;18;128;[1.0, 1.0, 1.27, 1.0, 1.243];[1.27, 1.27, 1.0]
7;19056.273;509.755;3556.518;73.68;228.69;2144.371;2588.4;118.0;14990.0;33082.886;5732.256;-8294.357;3.747;18;128;[1.0, 1.0, 1.27, 1.0, 1.243];[1.27, 1.27, 1.0]
8;19045.612;525.987;3610.625;65.57;233.916;1938.733;2896.8;118.0;14909.0;33082.886;5732.256;-8305.017;4.452;18;128;[1.0, 1.3, 1.27, 1.0, 1.243];[1.543, 1.27, 1.0]
9;19003.104;516.178;3577.926;66.144;229.113;1948.862;2896.8;118.0;14909.0;33082.886;5732.256;-8347.526;15.278;18;128;[1.0, 1.3, 1.27, 1.3, 1.243];[1.789, 1.27, 1.0]
10;18901.867;497.431;3515.436;60.512;218.851;1792.154;2874.0;118.0;14889.0;33082.886;5732.256;-8448.763;10.83;18;128;[1.3, 1.3, 1.27, 1.3, 1.243];[1.789, 1.543, 1.0]
11;18901.867;497.431;3515.436;60.512;218.851;1792.154;2874.0;118.0;14889.0;33082.886;5732.256;-8448.763;3.32;18;128;[1.3, 1.3, 1.243, 1.3, 1.243];[1.789, 1.543, 1.0]
12;18897.154;496.343;3511.811;63.128;219.599;1860.919;2874.0;118.0;14889.0;33082.886;5732.256;-8453.476;3.999;18;128;[1.3, 1.57, 1.243, 1.3, 1.243];[1.789, 1.789, 1.0]
13;18897.154;496.343;3511.811;63.128;219.599;1860.919;2874.0;118.0;14889.0;33082.886;5732.256;-8453.476;10.334;18;128;[1.27, 1.57, 1.243, 1.3, 1.243];[1.789, 1.71, 1.0]
14;18897.154;496.343;3511.811;63.128;219.599;1860.919;2874.0;118.0;14889.0;33082.886;5732.256;-8453.476;17.553;18;128;[1.27, 1.57, 1.243, 1.3, 1.419];[1.789, 1.839, 1.0]
15;18897.154;496.343;3511.811;63.128;219.599;1860.919;2874.0;118.0;14889.0;33082.886;5732.256;-8453.476;3.511;18;128;[1.27, 1.57, 1.243, 1.3, 1.377];[1.789, 1.839, 1.0]
16;18897.154;496.343;3511.811;63.128;219.599;1860.919;2874.0;118.0;14889.0;33082.886;5732.256;-8453.476;3.654;18;128;[1.27, 1.57, 1.243, 1.27, 1.377];[1.789, 1.839, 1.0]
17;18897.154;496.343;3511.811;63.128;219.599;1860.919;2874.0;118.0;14889.0;33082.886;5732.256;-8453.476;2.149;18;128;[1.27, 1.513, 1.243, 1.27, 1.377];[1.789, 1.839, 1.0]
18;18897.154;496.343;3511.811;63.128;219.599;1860.919;2874.0;118.0;14889.0;33082.886;5732.256;-8453.476;2.37;18;128;[1.27, 1.662, 1.243, 1.27, 1.377];[1.789, 1.839, 1.2]
19;18897.154;496.343;3511.811;63.128;219.599;1860.919;2874.0;118.0;14889.0;33082.886;5732.256;-8453.476;3.392;18;128;[1.27, 1.662, 1.419, 1.27, 1.377];[1.789, 1.839, 1.38]
20;18897.154;496.343;3511.811;63.128;219.599;1860.919;2874.0;118.0;14889.0;33082.886;5732.256;-8453.476;1.012;18;128;[1.27, 1.596, 1.419, 1.27, 1.377];[1.789, 1.839, 1.342]
21;18871.567;489.977;3490.59;67.822;222.905;1986.274;3133.2;118.0;14891.0;33082.886;5732.256;-8479.063;13.05;18;128;[1.543, 1.596, 1.419, 1.27, 1.377];[2.01, 1.839, 1.342]
22;18855.085;486.404;3478.681;68.661;219.186;2004.368;3062.4;118.0;14890.0;33082.886;5732.256;-8495.545;29.584;18;128;[1.543, 1.596, 1.419, 1.27, 1.639];[2.01, 2.055, 1.342]
23;18855.085;486.404;3478.681;68.661;219.186;2004.368;3062.4;118.0;14890.0;33082.886;5732.256;-8495.545;28.725;18;128;[1.543, 1.596, 1.419, 1.27, 1.575];[1.909, 2.055, 1.342]
24;18825.952;456.835;3380.117;67.114;206.529;1951.501;3110.4;118.0;14989.0;33082.886;5732.256;-8524.678;11.631;18;128;[1.789, 1.596, 1.419, 1.27, 1.575];[2.118, 2.055, 1.342]
25;18825.952;456.835;3380.117;67.114;206.529;1951.501;3110.4;118.0;14989.0;33082.886;5732.256;-8524.678;3.089;18;128;[1.789, 1.596, 1.377, 1.27, 1.575];[2.118, 2.055, 1.308]
26;18825.952;456.835;3380.117;67.114;206.529;1951.501;3110.4;118.0;14989.0;33082.886;5732.256;-8524.678;11.446;18;128;[1.91, 1.596, 1.377, 1.27, 1.575];[2.206, 2.055, 1.308]
27;18825.952;456.835;3380.117;67.114;206.529;1951.501;3110.4;118.0;14989.0;33082.886;5732.256;-8524.678;14.131;18;128;[2.019, 1.596, 1.377, 1.27, 1.575];[2.285, 2.055, 1.308]
28;18825.952;456.835;3380.117;67.114;206.529;1951.501;3110.4;118.0;14989.0;33082.886;5732.256;-8524.678;1.846;18;128;[2.019, 1.736, 1.377, 1.27, 1.575];[2.285, 2.15, 1.308]
29;18825.952;456.835;3380.117;67.114;206.529;1951.501;3110.4;118.0;14989.0;33082.886;5732.256;-8524.678;4.41;18;128;[2.019, 1.736, 1.377, 1.27, 1.518];[2.285, 2.15, 1.277]
30;18825.952;456.835;3380.117;67.114;206.529;1951.501;3110.4;118.0;14989.0;33082.886;5732.256;-8524.678;10.564;18;128;[2.117, 1.736, 1.377, 1.27, 1.518];[2.357, 2.15, 1.277]
31;18825.952;456.835;3380.117;67.114;206.529;1951.501;3110.4;118.0;14989.0;33082.886;5732.256;-8524.678;10.79;18;128;[2.117, 1.736, 1.377, 1.243, 1.518];[2.357, 2.035, 1.277]
32;18825.952;456.835;3380.117;67.114;206.529;1951.501;3110.4;118.0;14989.0;33082.886;5732.256;-8524.678;9.404;18;128;[2.117, 1.736, 1.377, 1.419, 1.518];[2.421, 2.035, 1.277]
33;18820.886;460.051;3390.836;61.651;206.501;1809.419;3159.6;118.0;14970.0;33082.886;5732.256;-8529.744;9.613;18;128;[2.305, 1.736, 1.377, 1.419, 1.518];[2.421, 2.232, 1.277]
34;18820.886;460.051;3390.836;61.651;206.501;1809.419;3159.6;118.0;14970.0;33082.886;5732.256;-8529.744;9.578;18;128;[2.175, 1.736, 1.377, 1.419, 1.518];[2.421, 2.109, 1.277]
35;18820.886;460.051;3390.836;61.651;206.501;1809.419;3159.6;118.0;14970.0;33082.886;5732.256;-8529.744;22.885;18;128;[2.175, 1.736, 1.377, 1.419, 1.466];[2.279, 2.109, 1.277]
36;18820.886;460.051;3390.836;61.651;206.501;1809.419;3159.6;118.0;14970.0;33082.886;5732.256;-8529.744;7.357;18;128;[2.175, 1.736, 1.377, 1.377, 1.466];[2.279, 1.998, 1.277]
37;18820.886;460.051;3390.836;61.651;206.501;1809.419;3159.6;118.0;14970.0;33082.886;5732.256;-8529.744;21.972;18;128;[2.175, 1.736, 1.377, 1.377, 1.419];[2.151, 1.998, 1.277]
38;18820.886;460.051;3390.836;61.651;206.501;1809.419;3159.6;118.0;14970.0;33082.886;5732.256;-8529.744;8.262;18;128;[2.175, 1.736, 1.377, 1.539, 1.419];[2.151, 2.098, 1.277]
39;18707.887;461.666;3396.221;66.801;209.799;1946.638;3016.8;118.0;14850.0;33082.886;5732.256;-8642.743;10.517;18;128;[2.175, 1.736, 1.639, 1.539, 1.419];[2.336, 2.098, 1.277]
40;18707.887;461.666;3396.221;66.801;209.799;1946.638;3016.8;118.0;14850.0;33082.886;5732.256;-8642.743;18.486;18;128;[2.175, 1.736, 1.639, 1.539, 1.377];[2.202, 2.098, 1.277]
41;18588.723;434.167;3304.556;70.419;200.47;2031.355;3016.8;118.0;14850.0;33082.886;5732.256;-8761.907;7.894;18;128;[2.175, 1.736, 1.875, 1.539, 1.377];[2.382, 2.098, 1.277]
42;18588.723;434.167;3304.556;70.419;200.47;2031.355;3016.8;118.0;14850.0;33082.886;5732.256;-8761.907;6.861;18;128;[2.175, 1.862, 1.875, 1.539, 1.377];[2.382, 2.188, 1.277]
43;18579.15;431.958;3297.192;62.437;194.676;1818.025;3016.8;118.0;14850.0;33082.886;5732.256;-8771.48;9.373;18;128;[2.175, 1.862, 1.875, 1.785, 1.377];[2.382, 2.369, 1.277]
44;18474.465;435.492;3308.973;67.75;198.096;1959.59;2874.0;118.0;14730.0;33082.886;5732.256;-8876.165;2.919;18;128;[2.175, 2.076, 1.875, 1.785, 1.377];[2.382, 2.532, 1.277]
45;18474.465;435.492;3308.973;67.75;198.096;1959.59;2874.0;118.0;14730.0;33082.886;5732.256;-8876.165;5.581;18;128;[2.175, 1.968, 1.875, 1.785, 1.377];[2.382, 2.379, 1.277]
46;18474.465;435.492;3308.973;67.75;198.096;1959.59;2874.0;118.0;14730.0;33082.886;5732.256;-8876.165;2.884;18;128;[2.175, 1.871, 1.875, 1.785, 1.377];[2.244, 2.379, 1.277]
47;18474.465;435.492;3308.973;67.75;198.096;1959.59;2874.0;118.0;14730.0;33082.886;5732.256;-8876.165;3.267;18;128;[2.175, 1.784, 1.875, 1.785, 1.377];[2.244, 2.241, 1.277]
48;18474.465;435.492;3308.973;67.75;198.096;1959.59;2874.0;118.0;14730.0;33082.886;5732.256;-8876.165;1.998;18;128;[2.175, 1.706, 1.875, 1.785, 1.377];[2.244, 2.241, 1.249]
49;18474.465;435.492;3308.973;67.75;198.096;1959.59;2874.0;118.0;14730.0;33082.886;5732.256;-8876.165;2.638;18;128;[2.175, 1.635, 1.875, 1.785, 1.377];[2.244, 2.241, 1.224]
630constructshop:True depot:True weather:False;19864.487;534.112;3617.375;65.336;235.526;1934.265;3703.2;0.0;15713.0;32566.478;6248.664;-6453.326;27.808;19;128;[1.0, 1.0, 1.0, 1.0, 1.0];[1.0, 1.0, 1.0]
0;19782.601;529.062;3600.539;71.148;237.042;2086.889;3846.0;0.0;15653.0;32566.478;6248.664;-6535.213;5.749;20;128;[1.0, 1.3, 1.0, 1.0, 1.0];[1.0, 1.3, 1.0]
1;19243.174;513.963;3556.211;61.167;228.13;1818.474;3560.4;0.0;15173.0;32756.906;6058.236;-7455.496;30.966;19;128;[1.0, 1.3, 1.0, 1.0, 1.3];[1.0, 1.57, 1.0]
2;18999.475;508.494;3537.981;57.65;224.27;1723.169;3300.0;0.0;14953.0;32756.906;6058.236;-7699.195;12.457;19;128;[1.0, 1.3, 1.3, 1.0, 1.3];[1.3, 1.57, 1.0]
3;18732.939;493.14;3486.799;57.65;217.91;1716.809;3300.0;0.0;14753.0;32756.906;6058.236;-7965.731;1.827;19;128;[1.0, 1.57, 1.3, 1.0, 1.3];[1.57, 1.57, 1.0]
4;18521.121;471.951;3416.17;57.65;209.872;1708.77;3300.0;0.0;14633.0;32756.906;6058.236;-8177.549;3.836;19;128;[1.0, 1.813, 1.3, 1.0, 1.3];[1.813, 1.57, 1.0]
5;18503.269;467.6;3401.668;55.281;205.273;1642.571;3537.6;0.0;14634.0;32756.906;6058.236;-8195.401;0.898;19;128;[1.0, 2.032, 1.3, 1.0, 1.3];[1.813, 1.57, 1.3]
6;18503.269;467.6;3401.668;55.281;205.273;1642.571;3537.6;0.0;14634.0;32756.906;6058.236;-8195.401;14.643;19;128;[1.0, 1.929, 1.3, 1.0, 1.3];[1.732, 1.57, 1.3]
7;18503.269;467.6;3401.668;55.281;205.273;1642.571;3537.6;0.0;14634.0;32756.906;6058.236;-8195.401;12.731;19;128;[1.0, 1.929, 1.3, 1.0, 1.3];[1.732, 1.513, 1.3]
8;18503.269;467.6;3401.668;55.281;205.273;1642.571;3537.6;0.0;14634.0;32756.906;6058.236;-8195.401;35.192;19;128;[1.0, 1.929, 1.3, 1.0, 1.47];[1.732, 1.662, 1.3]
9;18503.269;467.6;3401.668;55.281;205.273;1642.571;3537.6;0.0;14634.0;32756.906;6058.236;-8195.401;4.465;19;128;[1.0, 1.929, 1.3, 1.0, 1.47];[1.732, 1.662, 1.27]
10;18503.269;467.6;3401.668;55.281;205.273;1642.571;3537.6;0.0;14634.0;32756.906;6058.236;-8195.401;4.07;19;128;[1.0, 1.929, 1.3, 1.2, 1.47];[1.732, 1.662, 1.443]
11;18503.269;467.6;3401.668;55.281;205.273;1642.571;3537.6;0.0;14634.0;32756.906;6058.236;-8195.401;12.226;19;128;[1.2, 1.929, 1.3, 1.2, 1.47];[1.859, 1.662, 1.443]
12;18503.269;467.6;3401.668;55.281;205.273;1642.571;3537.6;0.0;14634.0;32756.906;6058.236;-8195.401;2.362;19;128;[1.2, 1.836, 1.3, 1.2, 1.47];[1.859, 1.596, 1.443]
13;18442.776;504.641;3525.136;84.035;238.093;2423.003;3109.2;0.0;14413.0;32756.906;6058.236;-8255.894;15.377;19;128;[1.48, 1.836, 1.3, 1.2, 1.47];[2.073, 1.596, 1.443]
14;18431.732;502.092;3516.64;80.59;234.791;2330.136;3109.2;0.0;14413.0;32756.906;6058.236;-8266.938;2.046;19;128;[1.48, 1.836, 1.57, 1.2, 1.47];[2.073, 1.596, 1.699]
15;18409.405;496.939;3499.465;78.521;230.871;2272.404;3109.2;0.0;14413.0;32756.906;6058.236;-8289.266;9.459;19;128;[1.48, 1.836, 1.813, 1.2, 1.47];[2.266, 1.596, 1.699]
16;18355.327;498.306;3504.021;76.827;228.961;2226.451;3109.2;0.0;14353.0;32756.906;6058.236;-8343.343;11.951;19;128;[1.732, 1.836, 1.813, 1.2, 1.47];[2.439, 1.596, 1.699]
17;18355.327;498.306;3504.021;76.827;228.961;2226.451;3109.2;0.0;14353.0;32756.906;6058.236;-8343.343;3.028;19;128;[1.659, 1.836, 1.813, 1.2, 1.47];[2.439, 1.596, 1.629]
18;18355.327;498.306;3504.021;76.827;228.961;2226.451;3109.2;0.0;14353.0;32756.906;6058.236;-8343.343;5.793;19;128;[1.659, 1.836, 1.813, 1.2, 1.423];[2.439, 1.596, 1.566]
19;18355.327;498.306;3504.021;76.827;228.961;2226.451;3109.2;0.0;14353.0;32756.906;6058.236;-8343.343;11.822;19;128;[1.659, 1.836, 1.813, 1.18, 1.423];[2.439, 1.536, 1.566]
20;18355.327;498.306;3504.021;76.827;228.961;2226.451;3109.2;0.0;14353.0;32756.906;6058.236;-8343.343;3.458;19;128;[1.659, 1.836, 1.732, 1.18, 1.423];[2.439, 1.536, 1.509]
21;18355.327;498.306;3504.021;76.827;228.961;2226.451;3109.2;0.0;14353.0;32756.906;6058.236;-8343.343;2.936;19;128;[1.793, 1.836, 1.732, 1.18, 1.423];[2.439, 1.536, 1.658]
22;18355.327;498.306;3504.021;76.827;228.961;2226.451;3109.2;0.0;14353.0;32756.906;6058.236;-8343.343;18.638;19;128;[1.793, 1.836, 1.859, 1.18, 1.423];[2.439, 1.682, 1.658]
23;18355.327;498.306;3504.021;76.827;228.961;2226.451;3109.2;0.0;14353.0;32756.906;6058.236;-8343.343;12.961;19;128;[1.914, 1.836, 1.859, 1.18, 1.423];[2.495, 1.682, 1.658]
24;18355.327;498.306;3504.021;76.827;228.961;2226.451;3109.2;0.0;14353.0;32756.906;6058.236;-8343.343;11.159;19;128;[1.914, 1.836, 1.859, 1.162, 1.423];[2.346, 1.682, 1.658]
25;18355.327;498.306;3504.021;76.827;228.961;2226.451;3109.2;0.0;14353.0;32756.906;6058.236;-8343.343;12.828;19;128;[1.823, 1.836, 1.859, 1.162, 1.423];[2.211, 1.682, 1.658]
26;18355.327;498.306;3504.021;76.827;228.961;2226.451;3109.2;0.0;14353.0;32756.906;6058.236;-8343.343;16.218;19;128;[1.823, 1.836, 1.973, 1.162, 1.423];[2.29, 1.682, 1.658]
27;18355.327;498.306;3504.021;76.827;228.961;2226.451;3109.2;0.0;14353.0;32756.906;6058.236;-8343.343;9.648;19;128;[1.741, 1.836, 1.973, 1.162, 1.423];[2.161, 1.682, 1.658]
28;18355.327;498.306;3504.021;76.827;228.961;2226.451;3109.2;0.0;14353.0;32756.906;6058.236;-8343.343;9.948;19;128;[1.741, 1.836, 1.973, 1.346, 1.423];[2.245, 1.682, 1.658]
29;18355.327;498.306;3504.021;76.827;228.961;2226.451;3109.2;0.0;14353.0;32756.906;6058.236;-8343.343;8.778;19;128;[1.741, 1.836, 1.973, 1.511, 1.423];[2.321, 1.682, 1.658]
30;18355.327;498.306;3504.021;76.827;228.961;2226.451;3109.2;0.0;14353.0;32756.906;6058.236;-8343.343;1.92;19;128;[1.741, 1.752, 1.973, 1.511, 1.423];[2.321, 1.682, 1.592]
31;18355.327;498.306;3504.021;76.827;228.961;2226.451;3109.2;0.0;14353.0;32756.906;6058.236;-8343.343;8.192;19;128;[1.741, 1.752, 1.973, 1.46, 1.423];[2.189, 1.682, 1.592]
32;18355.327;498.306;3504.021;76.827;228.961;2226.451;3109.2;0.0;14353.0;32756.906;6058.236;-8343.343;26.418;19;128;[1.741, 1.752, 1.973, 1.46, 1.581];[2.189, 1.814, 1.592]
33;18355.327;498.306;3504.021;76.827;228.961;2226.451;3109.2;0.0;14353.0;32756.906;6058.236;-8343.343;2.674;19;128;[1.741, 1.752, 1.876, 1.46, 1.581];[2.189, 1.814, 1.533]
34;18355.327;498.306;3504.021;76.827;228.961;2226.451;3109.2;0.0;14353.0;32756.906;6058.236;-8343.343;9.267;19;128;[1.741, 1.752, 1.876, 1.414, 1.581];[2.189, 1.733, 1.533]
35;18355.327;498.306;3504.021;76.827;228.961;2226.451;3109.2;0.0;14353.0;32756.906;6058.236;-8343.343;25.216;19;128;[1.741, 1.752, 1.876, 1.414, 1.523];[2.189, 1.66, 1.533]
36;18355.327;498.306;3504.021;76.827;228.961;2226.451;3109.2;0.0;14353.0;32756.906;6058.236;-8343.343;25.156;19;128;[1.741, 1.752, 1.876, 1.414, 1.671];[2.27, 1.66, 1.533]
37;18355.327;498.306;3504.021;76.827;228.961;2226.451;3109.2;0.0;14353.0;32756.906;6058.236;-8343.343;7.774;19;128;[1.741, 1.752, 1.876, 1.573, 1.671];[2.343, 1.66, 1.533]
38;18355.327;498.306;3504.021;76.827;228.961;2226.451;3109.2;0.0;14353.0;32756.906;6058.236;-8343.343;7.14;19;128;[1.741, 1.752, 1.876, 1.716, 1.671];[2.409, 1.66, 1.533]
39;18355.327;498.306;3504.021;76.827;228.961;2226.451;3109.2;0.0;14353.0;32756.906;6058.236;-8343.343;2.679;19;128;[1.741, 1.752, 1.788, 1.716, 1.671];[2.409, 1.66, 1.48]
40;18355.327;498.306;3504.021;76.827;228.961;2226.451;3109.2;0.0;14353.0;32756.906;6058.236;-8343.343;5.589;19;128;[1.741, 1.752, 1.788, 1.716, 1.604];[2.409, 1.66, 1.432]
41;18355.327;498.306;3504.021;76.827;228.961;2226.451;3109.2;0.0;14353.0;32756.906;6058.236;-8343.343;7.276;19;128;[1.741, 1.752, 1.788, 1.844, 1.604];[2.468, 1.66, 1.432]
42;18355.327;498.306;3504.021;76.827;228.961;2226.451;3109.2;0.0;14353.0;32756.906;6058.236;-8343.343;9.059;19;128;[1.741, 1.752, 1.709, 1.844, 1.604];[2.321, 1.66, 1.432]
43;18355.327;498.306;3504.021;76.827;228.961;2226.451;3109.2;0.0;14353.0;32756.906;6058.236;-8343.343;10.089;19;128;[1.741, 1.752, 1.638, 1.844, 1.604];[2.321, 1.594, 1.432]
44;18355.327;498.306;3504.021;76.827;228.961;2226.451;3109.2;0.0;14353.0;32756.906;6058.236;-8343.343;23.431;19;128;[1.741, 1.752, 1.638, 1.844, 1.744];[2.389, 1.594, 1.432]
45;18355.327;498.306;3504.021;76.827;228.961;2226.451;3109.2;0.0;14353.0;32756.906;6058.236;-8343.343;22.088;19;128;[1.741, 1.752, 1.638, 1.844, 1.87];[2.45, 1.594, 1.432]
46;18355.327;498.306;3504.021;76.827;228.961;2226.451;3109.2;0.0;14353.0;32756.906;6058.236;-8343.343;2.816;19;128;[1.667, 1.752, 1.638, 1.844, 1.87];[2.45, 1.594, 1.389]
47;18355.327;498.306;3504.021;76.827;228.961;2226.451;3109.2;0.0;14353.0;32756.906;6058.236;-8343.343;11.48;19;128;[1.667, 1.752, 1.774, 1.844, 1.87];[2.505, 1.594, 1.389]
48;18355.327;498.306;3504.021;76.827;228.961;2226.451;3109.2;0.0;14353.0;32756.906;6058.236;-8343.343;8.174;19;128;[1.667, 1.752, 1.774, 1.96, 1.87];[2.554, 1.594, 1.389]
49;18355.327;498.306;3504.021;76.827;228.961;2226.451;3109.2;0.0;14353.0;32756.906;6058.236;-8343.343;2.166;19;128;[1.667, 1.677, 1.774, 1.96, 1.87];[2.554, 1.594, 1.35]
